metric_ik14,n_inchikey14,inchikey14s,example_smiles
TUEWQXNXQFRUTK,6,FYDOORKXBWEKQM;IWVCMVBTMGNXQD;JLGOGFIHBRJQHY;KTUXFHGUHYRDNF;OWFJMIVZYSDULZ;TUEWQXNXQFRUTK,CN(C)C1C(O)=C(C(=N)O)C(=O)C2(O)C(O)=C3C(=O)c4c(O)cccc4C(C)(O)C3C(O)C12;CN(C)C1C(O)=C(C(N)=O)C(=O)C2(O)C(O)=C3C(=O)c4c(O)cccc4C(C)(O)C3C(O)C12;CN(C)C1C(=O)C(C(N)=O)=C(O)C2(O)C(O)=C3C(=O)c4c(O)cccc4C(C)(O)C3C(O)C12
MUHBBHLZPHKTTR,5,HKVWCHCBKOJRHE;JYHCQVWYCGHXGP;MUHBBHLZPHKTTR;NWXMGUDVXFXRIG;OFVLGDICTFRJMM,CN(C)C1C(O)=C(C(N)=O)C(=O)C2(O)C(O)=C3C(=O)c4c(O)cccc4C(C)(O)C3CC12;CN(C)C1C(=O)C(C(N)=O)=C(O)C2(O)C(O)=C3C(=O)c4c(O)cccc4C(C)(O)C3CC12;CN(C)C1C(=O)C(=C(N)O)C(=O)C2(O)C(=O)C3=C(O)c4c(O)cccc4C(C)(O)C3CC12
HQDOJFNRUDBOGF,5,HQDOJFNRUDBOGF;KESXJPXRCQREDU;KIWTVJVARRPBPR;QDYQTXMOZIGCQB;XCWGCTNGDUDAMO,COC(=O)C12Oc3cc4c(c(O)c3C(=O)C1=C(O)CCC2O)C1C=CC2(C4)C(=O)c3cc(C)cc(O)c3C(O)=C2C1=O;COC(=O)C12Oc3cc4c(c(O)c3C(O)=C1C(=O)CCC2O)C1C=CC2(C4)C(=O)c3cc(C)cc(O)c3C(O)=C2C1=O;COC(=O)C12Oc3cc4c(c(O)c3C(O)=C1C(=O)CCC2O)C1C=CC2(C4)C(=O)c3cc(C)cc(O)c3C(=O)C2=C1O
MOFOKBGNNZPMIF,4,JLAHJKGDLZKPQY;KMPAOJFBQSXEAI;MOFOKBGNNZPMIF;XXKJBDTZZBQBCP,COc1c(O)c2c3c(c4c(c(O)c3c1O)C(C)(C)C(C)O4)C(C)=CC2=O;COc1c(O)c2c3c(c(C)cc(O)c3c1O)C1=C(C2=O)C(C)(C)C(C)O1;COC1=C(O)c2c(O)c3c(c4c(C)cc(O)c(c24)C1=O)OC(C)C3(C)C
RNPLSXLZRGPQCU,4,CYDMQBQPVICBEU;DHPRQBPJLMKORJ;RNPLSXLZRGPQCU;ZGIPMGGESRKDMZ,CN(C)C1C(O)=C(C(N)=O)C(=O)C2(O)C(O)=C3C(=O)c4c(O)ccc(Cl)c4C(C)(O)C3CC12;CN(C)C1C(O)=C(C(=N)O)C(=O)C2(O)C(O)=C3C(=O)c4c(O)ccc(Cl)c4C(C)(O)C3CC12;CN(C)C1C(=O)C(C(N)=O)=C(O)C2(O)C(=O)C3=C(O)c4c(O)ccc(Cl)c4C(C)(O)C3CC12
UZYFNQCWJLIAKE,4,GSXOAOHZAIYLCY;UZYFNQCWJLIAKE;VFRROHXSMXFLSN;ZKLLSNQJRLJIGT,O=C(CO)C(O)C(O)C(O)COP(=O)(O)O;O=CC(O)C(O)C(O)C(O)COP(=O)(O)O;O=C(COP(=O)(O)O)C(O)C(O)C(O)CO
VXVNYCRICCVPTD,4,JBIWCJUYHHGXTC;SGKRLCUYIXIAHR;VXVNYCRICCVPTD;YDUGFTMNXJLIFF,CC1c2cccc(O)c2C(=O)C2=C(O)C3(O)C(=O)C(C(N)=O)=C(O)C(N(C)C)C3C(O)C21;CC1c2cccc(O)c2C(O)=C2C(=O)C3(O)C(O)=C(C(N)=O)C(=O)C(N(C)C)C3C(O)C21;CC1c2cccc(O)c2C(=O)C2=C(O)C3(O)C(O)=C(C(N)=O)C(=O)C(N(C)C)C3C(O)C21
BEBLLQPTMVOKAX,3,BEBLLQPTMVOKAX;HLUCICHZHWJHLL;HNNSUZPWERIYIL,O=C1C=C2CC3(O)COc4c(ccc(O)c4O)C3=C2C=C1O;Oc1cc2c(cc1O)=C1c3ccc(O)c(O)c3OCC1(O)C=2;O=C1C=CC2=C3c4cc(O)c(O)cc4CC3(O)COC2=C1O
JQXXHWHPUNPDRT,3,FZYOVNIOYYPUPY;JQXXHWHPUNPDRT;QHOUDEZPFKDYIG,COC1C=COC2(C)Oc3c(C)c(O)c4c(O)c(c(C=NN5CCN(C)CC5)c(O)c4c3C2=O)NC(=O)C(C)=CC=CC(C)C(O)C(C)C(O)C(C)C(OC(C)=O)C1C;COC1C=COC2(C)Oc3c(C)c(O)c4c(c3C2=O)C(=O)C(=CNN2CCN(C)CC2)C(=C4O)NC(=O)C(C)=CC=CC(C)C(O)C(C)C(O)C(C)C(OC(C)=O)C1C;COC1C=COC2(C)Oc3c(C)c(O)c4c(O)c(c(C=NN5CCN(C)CC5)c(O)c4c3C2=O)N=C(O)C(C)=CC=CC(C)C(O)C(C)C(O)C(C)C(OC(C)=O)C1C
GUURBSNVCXUNKB,3,AVZATKWNGXCSDN;GUURBSNVCXUNKB;ZLIYAXUPOBJNFP,CC=C(C)C1C=CC2CC(C)CC(C)C2C1C(=O)C1=C(O)C(CC(C)(O)C(=O)O)NC1=O;CC=C(C)C1C=CC2CC(C)CC(C)C2C1C(O)=C1C(=O)NC(CC(C)(O)C(=O)O)C1=O;CC=C(C)C1C=CC2CC(C)CC(C)C2C1C(=O)c1c(O)[nH]c(CC(C)(O)C(=O)O)c1O
CNXVIBRFWKALQW,3,CNXVIBRFWKALQW;HMJIYCCIJYRONP;MSKAFRMBWXTPHY,COC(=O)C1=C(C)NC(C)=C(C(=O)OC(C)C)C1c1cccc2nonc12;COC(O)=C1C(C)=NC(C)=C(C(=O)OC(C)C)C1c1cccc2nonc12;COC(=O)C1=C(C)N=C(C)C(C(=O)OC(C)C)C1c1cccc2nonc12
JVUFNXGALGCEOG,3,JVUFNXGALGCEOG;KQCMLQJXSIBOTE;UNCDMWKTFLUPHZ,CC(C)=CCC1=C(O)C(CC=C(C)C)(CC=C(C)C)C(=O)C(C(=O)C(C)C)=C1O;CC(C)=CCC1C(=O)C(CC=C(C)C)(CC=C(C)C)C(=O)C(C(=O)C(C)C)=C1O;CC(C)=CCC1C(=O)C(C(=O)C(C)C)C(=O)C(CC=C(C)C)(CC=C(C)C)C1=O
JEEWYTNVHFSNBZ,3,IEQUDZMRAGKBCG;JEEWYTNVHFSNBZ;QZVNQOLPLYWLHQ,COC(=O)C1=C(C)NC(C)=C(C(=O)OC2CCCN(Cc3ccccc3)C2)C1c1cccc([N+](=O)[O-])c1;COC(O)=C1C(C)=NC(C)=C(C(=O)OC2CCCN(Cc3ccccc3)C2)C1c1cccc([N+](=O)[O-])c1;COC(=O)C1=C(C)N=C(C)C(C(=O)OC2CCCN(Cc3ccccc3)C2)C1c1cccc([N+](=O)[O-])c1
FIIAPJASQSDOKY,3,BTXNYTINYBABQR;FIIAPJASQSDOKY;YDOIFHVUBCIUHF,Cc1cc(O)c2c(=O)c3c(O)cc(O)c4c5c(O)cc(O)c6c(=O)c7c(O)cc(C)c8c1c2c(c34)c(c78)c65;Cc1cc(=O)c2c(O)c3c(O)cc(O)c4c5c(O)cc(O)c6c(O)c7c(=O)cc(C)c8c1c2c(c34)c(c65)c78;Cc1cc(=O)c2c(O)c3c(O)cc(O)c4c5c(O)cc(O)c6c(=O)c7c(O)cc(C)c8c1c2c(c34)c(c65)c78
BGLRSZBGFHMOKT,3,BGLRSZBGFHMOKT;JYWRCSAWBUAIFO;MYLOBISKHDRNEW,COC(=O)C12C(O)=C(C)C(=O)C1(C)C(C)=CC1C34CCC(OC(C)=O)C(C)(C)C3C(CC12C)OC4=O;COC(=O)C12C(=O)C(C)C(=O)C1(C)C(C)=CC1C34CCC(OC(C)=O)C(C)(C)C3C(CC12C)OC4=O;COC(=O)C12C(=O)C(C)=C(O)C1(C)C(C)=CC1C34CCC(OC(C)=O)C(C)(C)C3C(CC12C)OC4=O
BGYJFSXPRMOZJK,3,BGYJFSXPRMOZJK;GKQPCPXONLDCMU;HRWNZPORSDJVBT,CCOC(=O)C1=C(C)NC(C)=C(C(=O)OCC)C1c1ccccc1C=CC(=O)OC(C)(C)C;CCOC(=O)C1=C(C)N=C(C)C(=C(O)OCC)C1c1ccccc1C=CC(=O)OC(C)(C)C;CCOC(=O)C1=C(C)N=C(C)C(C(=O)OCC)C1c1ccccc1C=CC(=O)OC(C)(C)C
FPTYSBCRIPGIMB,3,FPTYSBCRIPGIMB;MSEOJWPNMYHKMI;QTTUBTNSWLIYPX,COC(=O)C12C(=O)C(C)C(=O)C1(C)C(C)=CC1C3(CO)CCC(O)C(C)(C)C3CCC12C;COC(=O)C12C(O)=C(C)C(=O)C1(C)C(C)=CC1C3(CO)CCC(O)C(C)(C)C3CCC12C;COC(=O)C12C(=O)C(C)=C(O)C1(C)C(C)=CC1C3(CO)CCC(O)C(C)(C)C3CCC12C
HLQRHTWAVXFDBJ,3,HLQRHTWAVXFDBJ;YTMCTWONBYRCCU;ZFLWDHHVRRZMEI,COC(O)=C1C(C)=NC(C)=C([N+](=O)[O-])C1c1ccccc1C(F)(F)F;COC(=O)C1=C(C)NC(C)=C([N+](=O)[O-])C1c1ccccc1C(F)(F)F;COC(=O)C1=C(C)N=C(C)C([N+](=O)[O-])C1c1ccccc1C(F)(F)F
DEUMZOVOWKWFNH,3,DEUMZOVOWKWFNH;FNZLKVNUWIIPSJ;PPQRONHOSHZGFQ,O=CC(O)C(O)C(O)COP(=O)(O)O;O=C(CO)C(O)C(O)COP(=O)(O)O;O=C(C(O)CO)C(O)COP(=O)(O)O
CHQOZXWUHOXAOF,3,CHQOZXWUHOXAOF;DOJFXAGOVCXVRI;WGGLOETUVNUGBC,CC(CCC(=O)OCC(=O)C(O)C(O)C(O)CO)C1CCC2C3CCC4CC(O)CCC4(C)C3CC(O)C12C;CC(CCC(=O)OCC(O)C(O)C(O)C(=O)CO)C1CCC2C3CCC4CC(O)CCC4(C)C3CC(O)C12C;CC(CCC(=O)OCC(O)C(O)C(O)C(O)C=O)C1CCC2C3CCC4CC(O)CCC4(C)C3CC(O)C12C
LHTJZXMWYGUVJS,3,IOYNQIMAUDJVEI;LHTJZXMWYGUVJS;PHXHZCIAPNNPTQ,CCC(=NOCC=CCl)C1=C(O)CC(C2CCOCC2)CC1=O;CCC(NOCC=CCl)=C1C(=O)CC(C2CCOCC2)CC1=O;CCC(=NOCC=CCl)C1C(=O)CC(C2CCOCC2)CC1=O
LAXGVLPLAROBNQ,3,CXIHBIKIPKUWBP;KCPUSSJDCHTZSH;LAXGVLPLAROBNQ,CC=CC=CC(=O)C1=C(O)C2(C)C(=O)C(C)(O)C1C(C1(C)OC(=O)C(C)=C1O)C2C(=O)CCC=CC;CC=CC=CC(O)=C1C(=O)C2(C)C(=O)C(C)(O)C1C(C1(C)OC(=O)C(C)=C1O)C2C(=O)CCC=CC;CC=CC=CC(=O)C1C(=O)C2(C)C(=O)C(C)(O)C1C(C1(C)OC(=O)C(C)C1=O)C2C(=O)CCC=CC
JAUORDHNHDCTAS,3,BSJMWHQBCZFXBR;JAUORDHNHDCTAS;KUCQYCKVKVOKAY,O=C1C(O)=C(C2CCC(c3ccc(Cl)cc3)CC2)C(=O)c2ccccc21;O=C1C(=O)c2ccccc2C(O)=C1C1CCC(c2ccc(Cl)cc2)CC1;Oc1c(C2=CCC(c3ccc(Cl)cc3)CC2)c(O)c2ccccc2c1O
CILKMDTVTDJQHW,3,CILKMDTVTDJQHW;GAPRVZKWPDRAJA;OMWCXCBGEFHCTN,CC1CC(C)CN(S(=O)(=O)c2ccc3c(c2)C(=NO)c2cc(S(=O)(=O)N4CC(C)CC(C)C4)ccc2C3=NO)C1;CC1CC(C)CN(S(=O)(=O)c2ccc3c(NO)c4ccc(S(=O)(=O)N5CC(C)CC(C)C5)cc4c(N=O)c3c2)C1;CC1CC(C)CN(S(=O)(=O)c2ccc3c(N=O)c4ccc(S(=O)(=O)N5CC(C)CC(C)C5)cc4c(NO)c3c2)C1
LPYXWGMUVRGUOY,3,CIWBSHSKHKDKBQ;LPYXWGMUVRGUOY;TYQCGQRIZGCHNB,O=C1OC(C(O)CO)C(O)=C1O;O=C1C(O)=C(O)OC1C(O)CO;OCC(O)c1oc(O)c(O)c1O
AZFBLLCNOQPJGJ,3,ATEBXHFBFRCZMA;AZFBLLCNOQPJGJ;ZWBTYMGEBZUQTK,COC1C=COC2(C)Oc3c(C)c(O)c4c(c3C2=O)C2=NC3(CCN(CC(C)C)CC3)NC2=C(NC(=O)C(C)=CC=CC(C)C(O)C(C)C(O)C(C)C(OC(C)=O)C1C)C4=O;COC1C=COC2(C)Oc3c(C)c(O)c4c(O)c(c5c(c4c3C2=O)=NC2(CCN(CC(C)C)CC2)N=5)NC(=O)C(C)=CC=CC(C)C(O)C(C)C(O)C(C)C(OC(C)=O)C1C;COC1C=COC2(C)Oc3c(C)c(O)c4c(O)c(c5c(c4c3C2=O)NC2(CCN(CC(C)C)CC2)N=5)=NC(=O)C(C)=CC=CC(C)C(O)C(C)C(O)C(C)C(OC(C)=O)C1C
KGVGDPTVFXSKIN,3,JFVNCAQMLBDFMZ;KBFVTVFLVGQODG;KGVGDPTVFXSKIN,CC(CCC(=O)OCC(O)C(O)C(O)C(=O)CO)C1CCC2C3CC(O)C4CC(O)CCC4(C)C3CCC12C;CC(CCC(=O)OCC(O)C(O)C(O)C(O)C=O)C1CCC2C3CC(O)C4CC(O)CCC4(C)C3CCC12C;CC(CCC(=O)OCC(=O)C(O)C(O)C(O)CO)C1CCC2C3CC(O)C4CC(O)CCC4(C)C3CCC12C
BNOIZWOXBSHRNX,3,BNOIZWOXBSHRNX;KANPTSQTXUUWJP;MLCMEHUPTMULKN,COc1cc(C)c(C(O)=NC2C(C)OC(OC3CCC(C)C4C3C=C(C)C3C(C)=CCCC(C)=CC5(C)C=C(C(=O)O)C(C)CC56OC(=O)C(=C6O)C(=O)C34C)C(O)C2(C)O)c(O)c1;COc1cc(C)c(C(=O)NC2C(C)OC(OC3CCC(C)C4C3C=C(C)C3C(C)=CCCC(C)=CC5(C)C=C(C(=O)O)C(C)CC56OC(=O)C(C(=O)C34C)C6=O)C(O)C2(C)O)c(O)c1;COc1cc(C)c(C(=O)NC2C(C)OC(OC3CCC(C)C4C3C=C(C)C3C(C)=CCCC(C)=CC5(C)C=C(C(=O)O)C(C)CC56OC(=O)C(=C6O)C(=O)C34C)C(O)C2(C)O)c(O)c1
HAQDEJPEAKWAAM,3,FFVFHTOPUHZSGD;HAQDEJPEAKWAAM;RZTAMFZIAATZDJ,CCOC(=O)C1=C(C)NC(C)=C(C(=O)OC)C1c1cccc(Cl)c1Cl;CCOC(O)=C1C(C)=NC(C)=C(C(=O)OC)C1c1cccc(Cl)c1Cl;CCOC(=O)C1=C(C)N=C(C)C(C(=O)OC)C1c1cccc(Cl)c1Cl
KKMSFCOCDJAGRO,3,CIEYTVIYYGTCCI;CWPGNVFCJOPXFB;KKMSFCOCDJAGRO,CC(C)=CCC1=C(O)C(=O)c2ccccc2C1=O;CC(C)=CCC1=C(O)c2ccccc2C(=O)C1=O;C=C(C)C=Cc1c(O)c(O)c2ccccc2c1O
FMCKLHPPSGUBEM,3,CYJPUZLKFAUFHF;FMCKLHPPSGUBEM;QAQJMLQRFWZOBN,CCCCCCCCCCCCCCCC(=O)OCC(O)C1OC(=O)C(=O)C1O;CCCCCCCCCCCCCCCC(=O)OCC(O)C1OC(=O)C(O)=C1O;CCCCCCCCCCCCCCCC(=O)OCC(O)c1oc(O)c(O)c1O
NNOIFKWIHULJGD,3,CPRXVUOMCYXPHA;NNOIFKWIHULJGD;PBKZJIMGHNPKBJ,COc1cc(C)cc(C(=O)O)c1C1=C(O)c2cccc(O)c2C(=O)C1=O;COc1cc(C)cc(C(=O)O)c1C1=C(O)C(=O)c2c(O)cccc2C1=O;COc1cc(C)cc(C(=O)O)c1C1C(=O)C(=O)c2c(O)cccc2C1=O
NNXWMWGIQHVLGW,3,ABLACSIRCKEUOB;MJKDGCARCYPVQG;NNXWMWGIQHVLGW,Cc1cc(=O)c2c(O)c3c(O)cc(=O)c4c3c3c(cc(O)c1c23)C(C)(C)C=4O;Cc1cc(O)c2c3c4c(cc(O)c13)C(C)(C)C(=O)c1c(O)cc(O)c(c1-4)C2=O;Cc1cc(=O)c2c(O)c3c(=O)cc(O)c4c3c3c(cc(O)c1c23)C(C)(C)C=4O
OEVCPKKGZOPKST,3,OEVCPKKGZOPKST;RMFGNMMNUZWCRZ;VMSLCPKYRPDHLN,CC(C)=CCC1=C(O)C(O)(CC=C(C)C)C(=O)C(C(=O)CC(C)C)=C1O;CC(C)=CCC1=C(O)C(O)(CC=C(C)C)C(O)=C(C(=O)CC(C)C)C1=O;CC(C)=CCC1C(=O)C(C(=O)CC(C)C)C(=O)C(O)(CC=C(C)C)C1=O
OLHLJBVALXTBSQ,3,LSDULPZJLTZEFD;OLHLJBVALXTBSQ;WPVSVIXDXMNGGN,CC(C)=CCC1=C(O)C(CC=C(C)C)(CC=C(C)C)C(=O)C(C(=O)CC(C)C)=C1O;CC(C)=CCC1=C(O)C(C(=O)CC(C)C)=C(O)C(CC=C(C)C)(CC=C(C)C)C1=O;CC(C)=CCC1C(=O)C(C(=O)CC(C)C)C(=O)C(CC=C(C)C)(CC=C(C)C)C1=O
OSUCQKNXQBPLDG,3,HYIMSNHJOBLJNT;HZAYOBLZTKMKJT;OSUCQKNXQBPLDG,COC(=O)C1=C(C)NC(C)=C(C(=O)OC)C1c1ccccc1[N+](=O)[O-];COC(=O)C1=C(C)N=C(C)C(=C(O)OC)C1c1ccccc1[N+](=O)[O-];COC(=O)C1=C(C)N=C(C)C(C(=O)OC)C1c1ccccc1[N+](=O)[O-]
OTGJPAOGHQFBMI,3,LZNWYQJJBLGYLT;OTGJPAOGHQFBMI;WZWYJBNHTWCXIM,CN1C(C(=O)Nc2ccccn2)=C(O)c2sccc2S1(=O)=O;CN1C(=C(O)Nc2ccccn2)C(=O)c2sccc2S1(=O)=O;CN1C(C(=O)Nc2ccccn2)C(=O)c2sccc2S1(=O)=O
PJTCHTICLZAQNK,3,JACNBJFTXZEQNC;PJTCHTICLZAQNK;WVVJWXDENDJFEC,CC=CC=CC(=O)C1C(=O)C(C)C(=O)C2(C)OC(=O)C(C)(NC(=O)C=CC(=O)O)C12;CC=CC=CC(O)=C1C(=O)C(C)=C(O)C2(C)OC(=O)C(C)(NC(=O)C=CC(=O)O)C12;CC=CC=CC(O)=C1C(O)=C(C)C(=O)C2(C)OC(=O)C(C)(NC(=O)C=CC(=O)O)C12
PSTABKZVTHLQRD,3,LGIBRQVYYFOBSF;LISLGICORSJAKO;PSTABKZVTHLQRD,COC(=O)C12C(=O)C(C)=C(O)C1(C)C(C)=CC1C34CCC(OC3=O)C(C)(C)C4CCC12C;COC(=O)C12C(O)=C(C)C(=O)C1(C)C(C)=CC1C34CCC(OC3=O)C(C)(C)C4CCC12C;COC(=O)C12C(=O)C(C)C(=O)C1(C)C(C)=CC1C34CCC(OC3=O)C(C)(C)C4CCC12C
PTQUTJMIUSUPLW,3,HCSONWDCGXFSJK;PTQUTJMIUSUPLW;WWSUFZCWOJULTK,COC12CC(=O)C(C(C)=O)=C(O)C1(C)c1c(O)c(C)c(O)c(C(C)=O)c1O2;COC12CC(O)=C(C(C)=O)C(=O)C1(C)c1c(O)c(C)c(O)c(C(C)=O)c1O2;COC12CC(=O)C(C(C)=O)C(=O)C1(C)c1c(O)c(C)c(O)c(C(C)=O)c1O2
PYSNTTJECDTNFV,3,DRYDKQOPVBDZMQ;NFZJAYYORNVZNI;PYSNTTJECDTNFV,COC(=O)C12Oc3ccc(-c4ccc5c(c4O)C(O)=C4C(=O)CC(C)C(O)C4(C(=O)OC)O5)c(O)c3C(O)=C1C(=O)CC(C)C2O;COC(=O)C12Oc3ccc(-c4ccc5c(c4O)C(=O)C4C(=O)CC(C)C(O)C4(C(=O)OC)O5)c(O)c3C(=O)C1C(=O)CC(C)C2O;COC(=O)C12Oc3ccc(-c4ccc5c(c4O)C(=O)C4=C(O)CC(C)C(O)C4(C(=O)OC)O5)c(O)c3C(=O)C1=C(O)CC(C)C2O
QGQUHXSBTSDAML,3,ICTXHFFSOAJUMG;QGQUHXSBTSDAML;VIKNJXKGJWUCNN,C#CC1(O)CCC2C3CCC4=CC(=O)CCC4C3CCC21C;C#CC1(O)CCC2C3CCC4=C(CCC(=O)C4)C3CCC21C;C#CC1(O)CCC2C3CC=C4CC(=O)CCC4C3CCC21C
QMBUCWVILCOIEG,3,CNZIQHGDUXRUJS;QMBUCWVILCOIEG;SZINUGQCTHLQAZ,CC(O)=C1C(=O)C2C3c4c[nH]c5cccc(c45)CC3C(C)(C)N2C1=O;CC(=O)C1=C(O)C2C3c4c[nH]c5cccc(c45)CC3C(C)(C)N2C1=O;CC(=O)c1c(O)c2n(c1O)C(C)(C)C1Cc3cccc4[nH]cc(c34)C21
QNJKSUYWBCNWFI,3,MHIGBKBJSQVXNH;QNJKSUYWBCNWFI;XIYOPDCBBDCGOE,C=C1c2cccc(O)c2C(=O)C2=C(O)C3(O)C(=O)C(C(N)=O)=C(O)C(N(C)C)C3C(O)C12;C=C1c2cccc(O)c2C(=O)C2C(=O)C3(O)C(=O)C(C(N)=O)C(=O)C(N(C)C)C3C(O)C12;C=C1c2cccc(O)c2C(O)=C2C(=O)C3(O)C(O)=C(C(N)=O)C(=O)C(N(C)C)C3C(O)C12
QOXWWFVQIKDLAU,3,DKXNBNKWCZZMJT;PFCRQPBOOFTZGQ;QOXWWFVQIKDLAU,O=CC(O)C(O)C(OC1OC(CO)C(O)C(O)C1O)C(O)CO;O=C(CO)C(O)C(OC1OC(CO)C(O)C(O)C1O)C(O)CO;O=C(C(O)CO)C(OC1OC(CO)C(O)C(O)C1O)C(O)CO
RCOCGNVIADBIBD,3,PPRFIMGXDRYLGD;RCOCGNVIADBIBD;XRWVZSPWRNDJNS,CCCC(=O)c1c(O)c(C)c(O)c(CC2=C(O)C(C)(C)C(=O)C(C(C)=O)=C2O)c1O;CCCC(=O)c1c(O)c(C)c(O)c(CC2C(=O)C(C(C)=O)C(=O)C(C)(C)C2=O)c1O;CCCC(=O)c1c(O)c(C)c(O)c(CC2=C(O)C(C)(C)C(O)=C(C(C)=O)C2=O)c1O
MSUDDHFTWMZEIJ,3,MSUDDHFTWMZEIJ;QNQBPPQLRODXET;YHKYFYCSTJGMID,CC=CC1C=CC2CC(C)CCC2C1(C)C(O)=C1C(=O)C(CO)N(C)C1=O;CC=CC1C=CC2CC(C)CCC2C1(C)C(=O)C1=C(O)C(CO)N(C)C1=O;CC=CC1C=CC2CC(C)CCC2C1(C)C(=O)c1c(O)c(CO)n(C)c1O
RREVZUPQWHUKAR,3,AWAWQVBWAWCQSJ;RREVZUPQWHUKAR;VXNANBMCYPZBSM,CC=CC=CC(=O)C1=C(O)C2(C)C3C(C(=O)CCC=CC)=C(O)C4(C)C1C1(C)OC4(O)C3(C)OC12O;CC=CC=CC(=O)C1C(=O)C2(C)C3C(C(=O)CCC=CC)C(=O)C4(C)C1C1(C)OC4(O)C3(C)OC12O;CC=CC=CC(O)=C1C(=O)C2(C)C3C(C(=O)CCC=CC)=C(O)C4(C)C1C1(C)OC4(O)C3(C)OC12O
SAQUSDSPQYQNBG,3,DDLZLOKCJHBUHD;JBFAMTBDRIBCKO;SAQUSDSPQYQNBG,O=C1Nc2cc(Br)ccc2C1=C1Nc2ccccc2C1=NO;ON=C1C(c2c(O)[nH]c3cc(Br)ccc23)=Nc2ccccc21;O=Nc1c(-c2c(O)[nH]c3cc(Br)ccc23)[nH]c2ccccc12
SVMHYHIZWOJKDL,3,FXLASALIDJKUIQ;SVMHYHIZWOJKDL;UIAGMCDKSXEBJQ,COCCOC(=O)C1=C(C)NC(C)=C(C(=O)OC(C)C)C1c1cccc([N+](=O)[O-])c1;COCCOC(O)=C1C(C)=NC(C)=C(C(=O)OC(C)C)C1c1cccc([N+](=O)[O-])c1;COCCOC(=O)C1=C(C)N=C(C)C(C(=O)OC(C)C)C1c1cccc([N+](=O)[O-])c1
BDLCXFQHISCSTQ,3,BDLCXFQHISCSTQ;GACFDZLPFMYBKT;SFIHBSXWWHQOQQ,C=C1C(OC(C)=O)C(=O)C2C(C)(C)C(O)CCC2(C)C1CC(OC(C)=O)C(C)=CCOC(C)=O;CC(=O)OCC=C(C)C(CC1C(C)=C(OC(C)=O)C(=O)C2C(C)(C)C(O)CCC12C)OC(C)=O;CC(=O)OCC=C(C)C(CC1=C(C)C(OC(C)=O)C(=O)C2C1(C)CCC(O)C2(C)C)OC(C)=O
UBKQWOVGKHAQPP,3,BXGLWTGIQGFBBV;GOMGANBHXVPZLC;UBKQWOVGKHAQPP,COc1cc(C)c(C(=O)OC2C(C)OC(OC3CCC(C)C4C3C=C(C)C3C(C)=CCCC(C)=CC5(C)C=C(C(=O)O)C(C)CC56OC(=O)C(=C6O)C(=O)C34C)C(O)C2O)c(OC)c1;COc1cc(C)c(C(=O)OC2C(C)OC(OC3CCC(C)C4C3C=C(C)C3C(C)=CCCC(C)=CC5(C)C=C(C(=O)O)C(C)CC56OC(=O)C(=C(O)C34C)C6=O)C(O)C2O)c(OC)c1;COc1cc(C)c(C(=O)OC2C(C)OC(OC3CCC(C)C4C3C=C(C)C3C(C)=CCCC(C)=CC5(C)C=C(C(=O)O)C(C)CC56OC(=O)C(C(=O)C34C)C6=O)C(O)C2O)c(OC)c1
UGAJIDNAJIOOHX,3,FEDYMSUPMFCVOD;HGXFBVDWWKPUKZ;KSFOVUSSGSKXFI,C=CC1=C(C)c2cc3[nH]c(cc4nc(cc5[nH]c(cc1n2)c(C)c5CCC(=O)O)C(CCC(=O)O)=C4C)c(C)c3C=C;C=CC1=C(C)c2cc3[nH]c(cc4nc(cc5[nH]c(cc1n2)c(C)c5C=C)C(C)=C4CCC(=O)O)c(CCC(=O)O)c3C;C=CC1=C(C)c2cc3[nH]c(cc4[nH]c(cc5nc(cc1n2)C(C)=C5C=C)c(C)c4CCC(=O)O)c(CCC(=O)O)c3C
UQBHMWHKJIHQHK,3,KRQUFUKTQHISJB;NZYQPWCHQXECMD;UQBHMWHKJIHQHK,CCCC(NOCC(C)Oc1ccc(Cl)cc1)=C1C(=O)CC(C2CCCSC2)CC1=O;CCCC(=NOCC(C)Oc1ccc(Cl)cc1)C1=C(O)CC(C2CCCSC2)CC1=O;CCCC(=NOCC(C)Oc1ccc(Cl)cc1)C1C(=O)CC(C2CCCSC2)CC1=O
UXUYTCBNDKUTPN,3,OUMWCYMRLMEZJH;RIZAHVBYKWUPHQ;UXUYTCBNDKUTPN,CC1=CC(C)CC=CC2C3OC3(C)C(C)C3C(Cc4c[nH]c5ccccc45)NC(=O)C23C(=O)C=CC(=O)C1O;CC1=CC(C)CC=CC2C3OC3(C)C(C)C3C(Cc4c[nH]c5ccccc45)N=C(O)C23C(=O)C=CC(=O)C1O;CC1=CC(C)CC=CC2C3OC3(C)C(C)C3C(Cc4c[nH]c5ccccc45)NC(=O)C23C(=O)CCC(=O)C1=O
UXVSDVSUISWXKD,3,UXVSDVSUISWXKD;VYHIJYQMAJYKEO;ZBBHBTPTTSWHBA,COC(=O)C1=C(C)NC(C)=C(C(=O)OCCN(C)Cc2ccccc2)C1c1cccc([N+](=O)[O-])c1;COC(O)=C1C(C)=NC(C)=C(C(=O)OCCN(C)Cc2ccccc2)C1c1cccc([N+](=O)[O-])c1;COC(=O)C1=C(C)N=C(C)C(C(=O)OCCN(C)Cc2ccccc2)C1c1cccc([N+](=O)[O-])c1
CUCUKLJLRRAKFN,3,CUCUKLJLRRAKFN;ICTZCAHDGHPRQR;WEYVVCKOOFYHRW,CC(=O)c1c(O)c(C)c(O)c2c1OC1=CC(=O)C(C(C)=O)C(=O)C12C;CC(=O)C1=C(O)C2(C)C(=CC1=O)Oc1c(C(C)=O)c(O)c(C)c(O)c12;CC(=O)C1=C(O)C=C2Oc3c(C(C)=O)c(O)c(C)c(O)c3C2(C)C1=O
VANSZAOQCMTTPB,3,BQJKVFXDDMQLBE;URTOHKHBNYPGQJ;VANSZAOQCMTTPB,COc1c(O)c2c(=O)cc(OC)c3c4c(OC)cc(O)c5c(=O)c(OC)c6c(c(c1C(C(C)=O)C(C)(O)C6)c23)c54;COc1c(O)c2c(=O)cc(OC)c3c4c(OC)cc(=O)c5c(O)c(OC)c6c(c(c1CC(C)(O)C6C(C)=O)c23)c54;COc1c2c3c4c(c(OC)c(=O)c5c(O)cc(OC)c(c6c(OC)cc(O)c(c1=O)c63)c54)C(C(C)=O)C(C)(O)C2
VBUYCZFBVCCYFD,3,IAJILQKETJEXLJ;IZSRJDGCGRAUAR;VBUYCZFBVCCYFD,O=CC(O)C(O)C(O)C(O)C(=O)O;O=C(O)C(O)C(O)C(O)C(=O)CO;O=C(O)C(=O)C(O)C(O)C(O)CO
VNOPMKDXPIRFHP,3,POOKHYNGUAZJAE;VNOPMKDXPIRFHP;WHVXMJOXKCTZQN,CC=CC=CC(=O)C1C(C2(C)OC(=O)C(C)=C2O)C2C(=C(O)C=CC=CC)C(=O)C1(C)C(=O)C2(C)O;CC=CC=CC(=O)C1=C(O)C2(C)C(=O)C(C)(O)C1C(C1(C)OC(O)=C(C)C1=O)C2C(=O)C=CC=CC;CC=CC=CC(=O)C1C(=O)C2(C)C(=O)C(C)(O)C1C(C1(C)OC(=O)C(C)C1=O)C2C(=O)C=CC=CC
VNXWUDNUYPIHGV,3,SHLJIZCPRXXHHZ;VNXWUDNUYPIHGV;XAPNKXIRQFHCHN,O=C1N=c2ccccc2=C1c1cc(-c2c[nH]c3ccc(O)cc23)[nH]c1O;O=C1NC(c2c[nH]c3ccc(O)cc23)=CC1=C1C(=O)Nc2ccccc21;O=C1N=C(c2c[nH]c3ccc(O)cc23)C=C1c1c(O)[nH]c2ccccc12
VVTJQHCRBOHFTD,3,OYFHPBSUARUOQE;PVHUJELLJLJGLN;VVTJQHCRBOHFTD,CCOC(=O)C1=C(C)NC(C)=C(C(=O)OC)C1c1cccc([N+](=O)[O-])c1;CCOC(O)=C1C(C)=NC(C)=C(C(=O)OC)C1c1cccc([N+](=O)[O-])c1;CCOC(=O)C1=C(C)N=C(C)C(C(=O)OC)C1c1cccc([N+](=O)[O-])c1
DWJZKGYQNOQQEZ,3,BJHIKXHVCXFQLS;DWJZKGYQNOQQEZ;GZCGUPFRVQAUEE,O=C(CO)C(O)C(O)C(O)CO;O=CC(O)C(O)C(O)C(O)CO;O=C(C(O)CO)C(O)C(O)CO
WLOFIBIXBQJOGJ,3,PKFUMYGTWIWNDM;RGGWHHMRWRXUAT;WLOFIBIXBQJOGJ,CC(CCC(=O)OCC(O)C(O)C(O)C(O)C=O)C1CCC2C3C(O)CC4CC(O)CCC4(C)C3CC(=O)C12C;CC(CCC(=O)OCC(O)C(O)C(O)C(=O)CO)C1CCC2C3C(O)CC4CC(O)CCC4(C)C3CC(=O)C12C;CC(CCC(=O)OCC(=O)C(O)C(O)C(O)CO)C1CCC2C3C(O)CC4CC(O)CCC4(C)C3CC(=O)C12C
WXYXERHRDKEISL,3,PYMYPHUHKUWMLA;WXYXERHRDKEISL;ZAQJHHRNXZUBTE,O=CC(O)C(O)C(O)CO;O=C(CO)C(O)C(O)CO;O=C(C(O)CO)C(O)CO
XIMXJQOPHNZJDD,3,MGCKMLULAPEREW;XIMXJQOPHNZJDD;XLFLNLAIJULEFF,CC1=C2NC(=CC3=NC(=C(C)C4=NC(C)(C5N=C1C(C)(CCC(=O)NCC(C)OP(=O)(O)OC1C(CO)OC(n6cnc7cc(C)c(C)cc76)C1O)C5CC(N)=O)C(C)(CC(N)=O)C4CCC(N)=O)C(C)(CC(N)=O)C3CCC(N)=O)C(C)(C)C2CCC(N)=O;CC1=C2N=C(C=C3N=C(C(C)=C4NC(C(CC(N)=O)C4(C)CCC(=O)NCC(C)OP(=O)(O)OC4C(CO)OC(n5cnc6cc(C)c(C)cc65)C4O)C4(C)N=C1C(CCC(N)=O)C4(C)CC(N)=O)C(CCC(N)=O)C3(C)C)C(CCC(N)=O)C2(C)CC(N)=O;CC1=C2N=C(C=C3N=C(C(C)=C4NC(C)(C5N=C1C(C)(CCC(=O)NCC(C)OP(=O)(O)OC1C(CO)OC(n6cnc7cc(C)c(C)cc76)C1O)C5CC(N)=O)C(C)(CC(N)=O)C4CCC(N)=O)C(C)(CC(N)=O)C3CCC(N)=O)C(C)(C)C2CCC(N)=O
YEBAWWHAYLCCGQ,3,CBGDIJWINPWWJW;CQIUKKVOEOPUDV;YEBAWWHAYLCCGQ,CC1=C2C(=COC(C)C2C)C(=O)C(C(=O)O)=C1O;CC1=C2C(=COC(C)C2C)C(O)=C(C(=O)O)C1=O;CC1=c2c(C)c(O)c(C(=O)O)c(O)c2=COC1C
YHGMVZSARDHQSS,3,GBGJLYKBNDSRTC;TZSRWDAUMVMABP;YHGMVZSARDHQSS,CC(CCC(=O)OCC(O)C(O)C(O)C(=O)CO)C1CCC2C3C(=O)CC4CC(O)CCC4(C)C3CC(O)C12C;CC(CCC(=O)OCC(O)C(O)C(O)C(O)C=O)C1CCC2C3C(=O)CC4CC(O)CCC4(C)C3CC(O)C12C;CC(CCC(=O)OCC(=O)C(O)C(O)C(O)CO)C1CCC2C3C(=O)CC4CC(O)CCC4(C)C3CC(O)C12C
YKYBWGJKLYMCFI,3,GGQJXCQBBONZFX;RNIADBXQDMCFEN;YKYBWGJKLYMCFI,C=C1c2c(Cl)ccc(O)c2C(=O)C2=C(O)C3(O)C(=O)C(C(N)=O)=C(O)C(N(C)C)C3C(O)C12;C=C1c2c(Cl)ccc(O)c2C(O)=C2C(=O)C3(O)C(O)=C(C(N)=O)C(=O)C(N(C)C)C3C(O)C12;C=C1c2c(Cl)ccc(O)c2C(=O)C2C(=O)C3(O)C(=O)C(C(N)=O)C(=O)C(N(C)C)C3C(O)C12
YMDXSGBNCBQYGC,3,HTIQEAQVCYTUBX;VNTNQZVUQJROCO;YMDXSGBNCBQYGC,CCOC(=O)C1=C(COCCN)NC(C)=C(C(=O)OC)C1c1ccccc1Cl;CCOC(O)=C1C(COCCN)=NC(C)=C(C(=O)OC)C1c1ccccc1Cl;CCOC(=O)C1=C(COCCN)N=C(C)C(C(=O)OC)C1c1ccccc1Cl
YWTHVAKOGDVEOS,3,INNPZTGYZSAJFN;SILSDTWXNBZOGF;YWTHVAKOGDVEOS,CCSC(C)CC1CC(=O)C(=C(CC)NOCC=CCl)C(=O)C1;CCSC(C)CC1CC(=O)C(C(CC)=NOCC=CCl)=C(O)C1;CCSC(C)CC1CC(=O)C(C(CC)=NOCC=CCl)C(=O)C1
ZEYZULDGDOGHBW,3,INOCLZXAGNEECH;LWZQTIJQYFMOCA;ZEYZULDGDOGHBW,CC(CCC(=O)OCC(O)C(O)C(O)C(=O)CO)C1CCC2C3C(O)CC4CC(O)CCC4(C)C3CC(O)C12C;CC(CCC(=O)OCC(O)C(O)C(O)C(O)C=O)C1CCC2C3C(O)CC4CC(O)CCC4(C)C3CC(O)C12C;CC(CCC(=O)OCC(=O)C(O)C(O)C(O)CO)C1CCC2C3C(O)CC4CC(O)CCC4(C)C3CC(O)C12C
ZHDPLQKJJVUBDP,3,DQFPEYARZIQXRM;SOTLWPHEAQOHHC;ZHDPLQKJJVUBDP,CCON=C(CC)C1=C(O)CC(c2c(C)cc(C)cc2C)CC1=O;CCONC(CC)=C1C(=O)CC(c2c(C)cc(C)cc2C)CC1=O;CCON=C(CC)C1C(=O)CC(c2c(C)cc(C)cc2C)CC1=O
ZZZRUAITSXLWBH,3,DYKFCLLONBREIL;FFTVPQUHLQBXQZ;ZZZRUAITSXLWBH,CN(C)c1ccc(O)c2c1CC1CC3C(N(C)C)C(O)=C(C(N)=O)C(=O)C3(O)C(O)=C1C2=O;CN(C)c1ccc(O)c2c1CC1CC3C(N(C)C)C(O)=C(C(=N)O)C(=O)C3(O)C(O)=C1C2=O;CN(C)c1ccc(O)c2c1CC1CC3C(N(C)C)C(=O)C(C(N)=O)=C(O)C3(O)C(=O)C1=C2O
AUCWBKUOZKMQBE,2,AUCWBKUOZKMQBE;QSTFRCUXCBXJAW,CC1=CC2C(O)(CC(CO)=CC3C4C(C)(C)C4(OC(=O)C(C)C)CC(C)C32O)C1=O;CC(C)C(=O)OC12CC(C)C3(O)C4=CC(C)C(=O)C4(O)CC(CO)=CC3C1C2(C)C
AUMHDRMJJNZTPB,2,AUMHDRMJJNZTPB;MBGGBVCUIVRRBF,O=C1C(CC[S+]([O-])c2ccccc2)C(=O)N(c2ccccc2)N1c1ccccc1;O=c1c(CC[S+]([O-])c2ccccc2)c(O)n(-c2ccccc2)n1-c1ccccc1
AUOFTPXWUVYOOQ,2,AUOFTPXWUVYOOQ;WKWHYFHGTWZCLM,CC=C1CN2CCc3c([nH]c4ccccc34)C2CC1C(=CO)C(=O)OC;CC=C1CN2CCc3c([nH]c4ccccc34)C2CC1C(C=O)C(=O)OC
AUPXIAGHXUXMCR,2,AUPXIAGHXUXMCR;UVGDCLGJXMBOBD,CC(C)C=C1NC(=O)C(C(C)C)n2c1nc1c(O)cccc1c2=O;CC(C)Cc1[nH]c(O)c(C(C)C)n2c(=O)c3cccc(=O)c3nc12
AVPFQYZAGYJGCG,2,AVPFQYZAGYJGCG;LRTDHPDQLDCIJW,COc1cc(C2C(C(=O)OC3CCCCC3)=C(C)NC3=C2C(=O)CCC3)cc(Cl)c1O;COc1cc(C2C(C(=O)OC3CCCCC3)=C(C)N=C3CCCC(=O)C32)cc(Cl)c1O
AWMIXSPXRGVXCM,2,AWMIXSPXRGVXCM;OFNBSFMFHMXOJD,CC1=NN(c2nc3ccccc3s2)C(=O)C1Cc1cccc2ccccc12;Cc1[nH]n(-c2nc3ccccc3s2)c(=O)c1Cc1cccc2ccccc12
AWMNMVKFFWMAAM,2,AWMNMVKFFWMAAM;KJXSIXMJHKAJOD,O=C1c2c(O)cc(O)cc2OC(c2cc(O)c(O)c(O)c2)C1O;O=C1C(O)c2c(O)cc(O)cc2OC1c1cc(O)c(O)c(O)c1
AWSOOWXVUHIAKI,2,AWSOOWXVUHIAKI;GXKOZRMTQADUDO,CC1=C(C(=O)Nc2cccnc2)C(c2cccnc2)n2nc(SCc3ccccc3Cl)nc2N1;CC1=Nc2nc(SCc3ccccc3Cl)nn2C(c2cccnc2)C1C(=O)Nc1cccnc1
AXFSQNOERPOWQC,2,AXFSQNOERPOWQC;DAAUVFZUXIGOCK,CC(O)C1NC(=O)C(CCCN(O)C=O)NC(=O)C(NC(=O)C(CCCN(O)C=O)NC(=O)C(CO)NC(=O)C(CCCN=C(N)N)NC(=O)C(CO)NC(=O)C2CCNc3c(NC(=O)CCC(N)=O)cc4cc(O)c(=O)cc-4n32)CCCCNC(=O)C(C(C)O)NC1=O;CC(O)C1NC(=O)C(CCCN(O)C=O)NC(=O)C(NC(=O)C(CCCN(O)C=O)NC(=O)C(CO)NC(=O)C(CCCNC(=N)N)NC(=O)C(CO)NC(=O)C2CCN=C3C(NC(=O)CCC(N)=O)=Cc4cc(O)c(O)cc4N32)CCCCNC(=O)C(C(C)O)NC1=O
AXGRHHHDHKEESL,2,AXGRHHHDHKEESL;NCHVDWWMGYMNEG,CC=CC=CC=CC1=CC2=C(Cl)C(=O)C(C)(OC(=O)CC(O)CC(C)O)C(=O)C2=CN1;CC=CC=CC=Cc1cc2c(cn1)C(=O)C(C)(OC(=O)CC(O)CC(C)O)C(=O)C2Cl
AXSGJZFDQFXCKM,2,AXSGJZFDQFXCKM;UTRZMYUYKQTKPQ,O=C(NCC1CCCO1)c1cc2c3ccccc3nc-2c(-c2ccc(F)cc2)[nH]1;O=C(NCC1CCCO1)c1cc2c([nH]c3ccccc32)c(-c2ccc(F)cc2)n1
AYGRUKWONNZYSF,2,AYGRUKWONNZYSF;RVKCCVTVZORVGD,CCOC(=O)C1CC(=O)C(=C(O)C2CC2)C(=O)C1;CCOC(O)=c1cc(O)c(=C(O)C2CC2)c(O)c1
AYPLIOBOODCTDR,2,AYPLIOBOODCTDR;KQBCIGPPRFLKLS,CC(C)C(C)CC(O)C(C)(O)C1CCC2(O)C3=CC(=O)C4CC(O)C(O)CC4(C)C3CCC12C;CC(C)C(C)CC(O)C(C)(O)C1CCC2(O)C3=C(CCC12C)C1(C)CC(O)C(O)CC1C(=O)C3
AZVPBSGIOMRJKA,2,AZVPBSGIOMRJKA;SLUFFIKFMLYKDM,CCC1(O)CC2C3C(C(=O)OC)=C4Nc5ccccc5C45CCN(C31)C25;CCC1(O)CC2C3C(C(=O)OC)C4=Nc5ccccc5C45CCN(C31)C25
AZYZLJLXSUKDDV,2,AZYZLJLXSUKDDV;UHZKAJWBEKWXFW,COC(=O)C1=C(C)NC2=C(C(=O)CC(c3cccs3)C2)C1c1ccc(OC)c(OC)c1OC;COC(=O)C1=C(C)N=C2CC(c3cccs3)CC(=O)C2C1c1ccc(OC)c(OC)c1OC
BAZGVDKAIHZPOH,2,BAZGVDKAIHZPOH;NPAGDVCDWIYMMC,CC12CCC3C4CCC(=O)C=C4CCC3C1CCC2O;CC12CCC3C4=C(CCC3C1CCC2O)CC(=O)CC4
BBMQCUKAEIULOL,2,BBMQCUKAEIULOL;KCGJPQIGKYTZQW,COc1cc(C2NC(O)=NC(C)=C2C(=O)OCCOc2ccccc2)cc(Cl)c1O;COc1cc(C2NC(=O)N=C(C)C2C(=O)OCCOc2ccccc2)cc(Cl)c1O
BBSRHOHIYMGKJH,2,BBSRHOHIYMGKJH;CEIZFXOZIQNICU,CCC(C)C1NC(=O)C(C(C)=O)=C1O;CCC(C)C1N=C(O)C(C(C)=O)=C1O;CCC(C)c1[nH]c(O)c(C(C)=O)c1O
BCOOSBAZNPOHJV,2,BCOOSBAZNPOHJV;GQWICVGRFVFBSO,CCC(=O)C1=Nc2c([nH]c(=O)[nH]c2=O)NC1;CCC(O)c1cnc2[nH]c(=O)[nH]c(=O)c2n1
BCSNGCDMERUCFL,2,BCSNGCDMERUCFL;QZJJDOYZVRUEDY,CC(=O)OC(C)(C)CCC(=O)C(C)(O)C1C(O)CC2(C)C3CC=C4C(CC(=O)C(O)C4(C)C)C3(C)C(=O)CC12C;CC(=O)OC(C)(C)CCC(=O)C(C)(O)C1C(O)CC2(C)C3CC=C4C(CC(O)C(=O)C4(C)C)C3(C)C(=O)CC12C
BDSRXTKTBMBHSA,2,BDSRXTKTBMBHSA;WENIPMPCVBSESB,CCC(C)C=C(C)C=CC(=O)C1CCC(O)C(C)(O)C1=O;CCC(C)=CC(C)=CCC(=O)C1CCC(O)C(C)(O)C1=O
BDVANKRUMROXIY,2,BDVANKRUMROXIY;CDVMOSRXPDTXBF,CC1=CC(=O)C2C(C)(C)CCCC2(C)C1CO;CC1=C(CO)C2(C)CCCC(C)(C)C2C(=O)C1
BERONTYQJBPFKG,2,BERONTYQJBPFKG;SATGKQGFUDXGAX,CC(CCCC(C)C1CCC2C3C(O)CC4=CC(=O)CCC4(C)C3CCC12C)C(=O)O;CC(CCCC(C)C1CCC2C3C(O)C=C4CC(=O)CCC4(C)C3CCC12C)C(=O)O
BEXALXUVUGWKPB,2,BEXALXUVUGWKPB;DKHGMERMDICWDU,CC(C)=CCCC(C)=CCCC(C)=CCCC(C)=CCC1=C(C)C(=O)c2ccccc2C1=O;CC(C)=CCCC(C)=CCCC(C)=CCC=C(C)C=Cc1c(C)c(O)c2ccccc2c1O
BEYBCTCVSANTIM,2,BEYBCTCVSANTIM;JTZKILTYPNEPCS,COC(=O)C1=C(C)NC2=C(C(=O)CCC2)C1c1coc2ccc(Cl)cc2c1=O;COC(=O)C1=C(C)N=C2CCCC(=O)C2C1c1coc2ccc(Cl)cc2c1=O
BFDSCBNQKZOCJH,2,BFDSCBNQKZOCJH;RGHQRULWHKEQHE,CC(=O)OCC12CCC3C(CC=C4CC=CC(=O)C43C)C1(O)CCC2(O)C(C)(O)C1CC(C)=C(C)C(=O)O1;CC(=O)OCC12CCC3C(CC=C4C=CCC(=O)C43C)C1(O)CCC2(O)C(C)(O)C1CC(C)=C(C)C(=O)O1
BFSRIEFDUJQDFF,2,BFSRIEFDUJQDFF;YKAQENKKQWMYFZ,CC=C(C)CC(C=C(C)C(O)C(C)C=C(C)C(O)C(C)C=CC(O)CC=CC(O)C(O)C(=O)O)C(=O)O;CC=C(C)CC(C=C(C)C(O)C(C)C=C(C)C(O)C(C)C=CC(O)CCCC(=O)C(O)C(=O)O)C(=O)O
BFUDBGZBRYQTGN,2,BFUDBGZBRYQTGN;SYHDWWGHFGWVLV,N#CC1=C(N)Oc2c(c(O)nc3ccccc23)C1c1cccc(O)c1;N#CC1C(=N)Oc2c(c(=O)[nH]c3ccccc23)C1c1cccc(O)c1
BFVPKWPVPFEEGC,2,BFVPKWPVPFEEGC;UONYSWJBINPXCB,CC=C(NC(=O)NC(Cc1ccccc1)C(=O)O)C(=O)NC(C)C(=O)NC(CCCNC(=N)N)C(=O)N1CCCC1c1nc(C(=O)NC(CCC(N)=O)C(=O)O)cs1;CCC(=NC(=O)NC(Cc1ccccc1)C(=O)O)C(=O)NC(C)C(=O)NC(CCCN=C(N)N)C(=O)N1CCCC1c1nc(C(=O)NC(CCC(N)=O)C(=O)O)cs1
BHCBKBMXRNVVJF,2,BHCBKBMXRNVVJF;MFXSQHJTWWSILZ,COC(=O)C1C(=O)c2ccccc2N=C1SCc1ccccc1Cl;COC(=O)c1c(SCc2ccccc2Cl)[nH]c2ccccc2c1=O
BHMBVRSPMRCCGG,2,BHMBVRSPMRCCGG;OBTVQKDILGZFPY,CCCCCC(O)C=CC1C(=O)CC(O)C1CC=CCCCC(=O)O;CCCCCC(O)CC=C1C(=O)CC(O)C1CC=CCCCC(=O)O
BHXKFIQPVUMOPS,2,BHXKFIQPVUMOPS;KTFJSKIITFTJGW,CCOC(=O)C1=C(N)Oc2cc(O)ccc2C1c1ccc(F)cc1F;CCOC(=O)C1C(=N)Oc2cc(O)ccc2C1c1ccc(F)cc1F
BHZCGCMWEVHUBA,2,BHZCGCMWEVHUBA;VKHAHZOOUSRJNA,CC#CC1(O)CCC2C3CCC4=CC(=O)CCC4=C3C(c3ccc(N(C)C)cc3)CC21C;CC#CC1(O)CCC2C3=C(C4=C(CC3)CC(=O)CC4)C(c3ccc(N(C)C)cc3)CC21C
BIWJKYZTTFRUHB,2,BIWJKYZTTFRUHB;CBXGQKNSTJDJQF,O=C(O)C1CCN(C(=O)c2ccccc2N2C(=O)C3Cc4c([nH]c5ccccc45)C(c4cccc(Cl)c4)N3C2=O)CC1;O=C(O)C1CCN(C(=O)c2ccccc2-n2c(O)c3n(c2=O)C(c2cccc(Cl)c2)c2[nH]c4ccccc4c2C3)CC1
BJOHUNZQBNULNC,2,BJOHUNZQBNULNC;TZIZWYVVGLXXFV,CC(C)(C)CC(=O)OCC(=O)C12OC(C)(C)OC1CC1C3CCC4=CC(=O)C=CC4(C)C3(F)C(O)CC12C;CC(C)(C)CC(=O)OCC(=O)C12OC(C)(C)OC1CC1C3CC=C4CC(=O)C=CC4(C)C3(F)C(O)CC12C
BJWJSFCBOIUATF,2,BJWJSFCBOIUATF;GXPHKUHSUJUWKP,Cc1c(C)c2c(c(C)c1O)CCC(C)(COc1ccc(CC3SC(=O)NC3=O)cc1)O2;Cc1c(C)c2c(c(C)c1O)CCC(C)(COc1ccc(Cc3sc(=O)[nH]c3O)cc1)O2
BLWRISJFPSMOON,2,BLWRISJFPSMOON;IETKPTYAGKZLKY,Cn1c(COc2ccc(CC3SC(=O)NC3=O)cc2)nc2ccccc2c1=O;Cn1c(COc2ccc(Cc3sc(=O)[nH]c3O)cc2)nc2ccccc2c1=O
BMBZQHHHOKKDRI,2,BMBZQHHHOKKDRI;XYRSQOXRWJBEIG,COc1ccc(C2(O)c3c(ccc(C=CC(C)=O)c3O)NC(=O)C2OC)cc1;COc1ccc(C2(O)c3c(O)c(=CCC(C)=O)ccc3=NC(=O)C2OC)cc1
BMIVLQFYMLBLAI,2,BMIVLQFYMLBLAI;SMBAHXCBDFRXKJ,CCOc1cc(C2C(C(=O)OC)=C(C)NC3=C2C(=O)CC(c2ccccc2)C3)cc(Br)c1O;CCOc1cc(C2C(C(=O)OC)=C(C)N=C3CC(c4ccccc4)CC(=O)C32)cc(Br)c1O
BMUMTRMJEUUADQ,2,BMUMTRMJEUUADQ;NHLBOKNHQIEJIH,C=C(C)C(=O)C(CC(C)C)NC(=O)C(CC[S+](C)[O-])NC(=O)C(NC(=O)CCCCC)C(C)C;CCCCCC(=O)N=C(C(=O)NC(CC[S+](C)[O-])C(=O)NC(CC(C)C)C(=O)C(C)C)C(C)C
BOMGASAONSXQLE,2,AFDANKUHSLVEBJ;BOMGASAONSXQLE,O=C1c2c(O)cc(O)c(C3C(=O)c4c(O)cc(O)cc4OC3c3ccc(O)cc3)c2OC(c2ccc(O)cc2)C1O;O=C1C(O)c2c(O)cc(O)c(C3C(=O)c4c(O)cc(O)cc4OC3c3ccc(O)cc3)c2OC1c1ccc(O)cc1
BOZLVNNSUDBQBL,2,BOZLVNNSUDBQBL;PUZDIGQDECBVJT,CCCCC(C)C(OC(=O)CC(CC(=O)O)C(=O)O)C(CC(C)CCCCCCCCC(O)C(C)=O)OC(=O)CC(CC(=O)O)C(=O)O;CCCCC(C)C(OC(=O)CC(CC(=O)O)C(=O)O)C(CC(C)CCCCCCCCC(=O)C(C)O)OC(=O)CC(CC(=O)O)C(=O)O
BPLWYGULEISRGL,2,BPLWYGULEISRGL;TZDVTFYLQHHLND,CCCCCCCCCCCCCCCC(=O)c1c(O)c(C)n(C)c1O;CCCCCCCCCCCCCCCC(O)=C1C(=O)C(C)N(C)C1=O
BPPVUXSMLBXYGG,2,BPPVUXSMLBXYGG;IYMLUHWAJFXAQP,Cc1c(C(=O)c2cnn(C)c2O)ccc(S(C)(=O)=O)c1C1=NOCC1;Cc1c(C(=O)c2c[nH]n(C)c2=O)ccc(S(C)(=O)=O)c1C1=NOCC1
BPUNDQLKPUIGBR,2,BPUNDQLKPUIGBR;TXUWMXQFNYDOEZ,CN1C(=O)C(Cc2c[nH]c3ccccc23)NC1=S;Cn1c(O)c(Cc2c[nH]c3ccccc23)[nH]c1=S
BQCUHACWRRKGKG,2,BQCUHACWRRKGKG;RSXQBPOUDUEDHQ,CC1=C(C#N)C(=O)N(CCO)C(=O)C1=NNc1cccc(Cl)c1C;Cc1c(Cl)cccc1N=Nc1c(C)c(C#N)c(=O)n(CCO)c1O
BQIQIGVQGLPBNT,2,BQIQIGVQGLPBNT;NEMHIKRLROONTL,[N-]=[N+]=Nc1ccc(CC(N)C(=O)O)cc1;[N-]=[NH+]Nc1ccc(CC(=N)C(=O)O)cc1
BQIXSDAQKQKBFJ,2,BQIXSDAQKQKBFJ;YCBIKDFZWKJKOO,CC1(C)CC(=O)C2=C(C1)Nc1ccccc1NC2c1ccc(OCc2cccc(Cl)c2)cc1;CC1(C)CC(=O)C2C(=Nc3ccccc3NC2c2ccc(OCc3cccc(Cl)c3)cc2)C1
BQZQKSOJYNWBLR,2,BQZQKSOJYNWBLR;PVYJZLYGTZKPJE,COC1=C(N)C(=O)c2nc(-c3nc(C(=O)O)c(C)c(-c4ccc(OC)c(OC)c4O)c3N)ccc2C1=O;COc1ccc(-c2c(C)c(C(=O)O)nc(-c3ccc4c(n3)C(=O)C(=N)C(OC)C4=O)c2N)c(O)c1OC
BRDCNYSVPFEIOU,2,BRDCNYSVPFEIOU;SEWZRBLHMWLQDL,CCOc1cc(C2NC(O)=NC(C)=C2C(O)=NCc2ccccc2)ccc1O;CCOc1cc(C2NC(=O)N=C(C)C2C(=O)NCc2ccccc2)ccc1O
BRYNBZLFSSPVNW,2,BRYNBZLFSSPVNW;XGAYTJSGYYGBAT,CC(C=CC1=C(C)CCCC1(C)C)=CC=CC(C)C(=O)O;CC(=CC=CC(C)C=CC1=C(C)CCCC1(C)C)C(=O)O
BTGAMTAWDPVNNK,2,BTGAMTAWDPVNNK;YYTOWLHCHFHNNT,COC(=O)C1=C(N)Oc2c(c(=O)oc3ccccc23)C1c1ccc(C(F)(F)F)cc1;COC(=O)C1C(=N)Oc2c(c(=O)oc3ccccc23)C1c1ccc(C(F)(F)F)cc1
BTLHECDVDYCCFC,2,BTLHECDVDYCCFC;DGQLVPJVXFOQEV,Cc1c(C(=O)O)c(O)cc2c1C(=O)c1c(O)c(C3OC(CO)C(O)C(O)C3O)c(O)c(O)c1C2=O;Cc1c(C(=O)O)c(O)cc2c(O)c3c(c(O)c12)C(=O)C(C1OC(CO)C(O)C(O)C1O)C(=O)C3=O
BTXYOFGSUFEOLA,2,BTXYOFGSUFEOLA;DDRJAANPRJIHGJ,CN1CC(=O)N=C1N;CN1CC(=O)NC1=N;CN1CC(O)=NC1=N
BVFHNVKBHVCTBH,2,BVFHNVKBHVCTBH;MWIILMQQYYNLPO,C=C(CN(C)C)C(CC)c1cccc(O)c1;CCC(=C(C)CN(C)C)c1cccc(O)c1
BVICOAYCCBHXRP,2,BVICOAYCCBHXRP;CREVIXFSUWYGRJ,CC(CCC(=O)O)C1CCC2C3C=CC4=CC(=O)CCC4(C)C3CCC12C;CC(CCC(=O)O)C1CCC2C3=CC=C4CC(=O)CCC4(C)C3CCC21C
BVQDZSFUVFXFCD,2,BVQDZSFUVFXFCD;IYRVNICUQSSYTE,COc1ccc(-c2onc(C(F)(F)F)c2-c2ccc(Cl)cc2)c(O)c1;COC1=CC(=O)C(=C2ONC(C(F)(F)F)=C2c2ccc(Cl)cc2)C=C1
BWFSDSZELXIOPG,2,BWFSDSZELXIOPG;IGFATNASWLSOTD,O=C1NC(=O)C2C1Sc1c(sc(=O)n1Cc1ccccc1)C2c1c[nH]c2ccccc12;O=c1sc2c(n1Cc1ccccc1)Sc1c(O)[nH]c(O)c1C2c1c[nH]c2ccccc12
BWGNRRGTNFKGQK,2,BWGNRRGTNFKGQK;KKZJGLLVHKMTCM,O=C1c2c(O)ccc(O)c2C(=O)c2c(NCCNCCO)ccc(NCCNCCO)c21;O=C1C=CC(=O)c2c1c(O)c1c(NCCNCCO)ccc(NCCNCCO)c1c2O
BWKLBIFJDLIJAJ,2,BWKLBIFJDLIJAJ;QGHXKPGWSFZUCF,CC(C=CC1=C(C)CCCC1(C)C)=CC=CC(C)C(=O)OC1OC(C(=O)O)C(O)C(O)C1O;CC(=CC=CC(C)C=CC1=C(C)CCCC1(C)C)C(=O)OC1OC(C(=O)O)C(O)C(O)C1O
BYAAPSQQRDMOAQ,2,BYAAPSQQRDMOAQ;KJEBULYHNRNJTE,COCCOC(=O)C1=C(C)NC(C)=C(C(=O)OCC=Cc2ccccc2)C1c1cccc([N+](=O)[O-])c1;COCCOC(=O)C1=C(C)N=C(C)C(C(=O)OCC=Cc2ccccc2)C1c1cccc([N+](=O)[O-])c1
BYVWXQRJRYELNP,2,BYVWXQRJRYELNP;CXQWRCVTCMQVQX,O=C1c2c(O)cc(O)cc2OC(c2ccc(O)c(O)c2)C1O;O=C1C(O)c2c(O)cc(O)cc2OC1c1ccc(O)c(O)c1
CAEXCCKZXCNQQY,2,CAEXCCKZXCNQQY;MMXFXASJLSIIIG,CC1(C)CC(=O)C2=C(C1)Nc1ccccc1NC2c1cccc(OCc2cccc(F)c2)c1;CC1(C)CC(=O)C2C(=Nc3ccccc3NC2c2cccc(OCc3cccc(F)c3)c2)C1
CARRCRVKWDEWCD,2,CARRCRVKWDEWCD;MVWVFYHBGMAFLY,O=C1Cc2cc(CCN3CCN(c4nsc5ccccc45)CC3)c(Cl)cc2N1;Oc1cc2cc(CCN3CCN(c4nsc5ccccc45)CC3)c(Cl)cc2[nH]1
CBECDMSAFNHLHY,2,CBECDMSAFNHLHY;ILGMGHZPXRDCCS,O=C(O)CC1C(=O)Nc2ccccc21;O=C(O)CC1C(O)=Nc2ccccc21;O=C(O)Cc1c(O)[nH]c2ccccc12
CBTFGGMYMMACEL,2,CBTFGGMYMMACEL;OPPGAHUCKDKQJR,COc1cc(O)cc2c1-c1ccc(O)cc1CC2;COc1cc(O)cc2ccc3c(c12)CCC(=O)C3
CCAMYWUJCZOHEU,2,CCAMYWUJCZOHEU;ISCCMPZDUXGWLH,CC(=CCC(=CCl)Cc1ccccc1)C(=O)NC(C(=O)N1CCCC1c1nccs1)C(C)C;CC(C)C(=NC(=O)C(C)CCC(=CCl)Cc1ccccc1)C(=O)N1CCCC1c1nccs1
CCNNJYZCHDWEAB,2,CCNNJYZCHDWEAB;GCYWVCQBMLYQGZ,CCCCCC(=O)CCC1C(=O)C=CC1CC=CCCCC(=O)O;CCCCCC(=O)C=CC1=C(CCCCCCC(=O)O)CCC1=O
CCODWVCSZGGRIM,2,BVSLLGGUGCRTFA;CCODWVCSZGGRIM,COC(=O)C1(Cc2ccc(O)c(CC=C(C)C)c2)OC(=O)C(OC)=C1c1ccc(O)c(O)c1CC=C(C)C;COC(=O)C1(Cc2ccc(O)c(CC=C(C)C)c2)OC(=O)C(OC)=C1c1ccc(O)c(O)c1C=CC(C)C
CCTOEXCQYMSSED,2,CCTOEXCQYMSSED;JGMOKGBVKVMRFX,CC(=O)C1CCC2C3C=CC4=CC(=O)CCC4(C)C3CCC12C;CC(=O)C1CCC2C3=CC=C4CC(=O)CCC4(C)C3CCC12C
CDHNVTRRQNLWKA,2,CDHNVTRRQNLWKA;SEERZIQQUAZTOL,COCc1c(C(C)C)nc(C(C)C)c(C=CC(O)CC(O)CC(=O)O)c1-c1ccc(F)cc1;COCc1c(-c2ccc(F)cc2)c(=CCC(O)CC(O)CC(=O)O)c(C(C)C)nc1=C(C)C
CDPUKVNRXDMJBV,2,CDPUKVNRXDMJBV;FVJSEJNZNQVVDZ,N#CC(C(=O)Nc1ccc(C(F)(F)F)cc1)=C(O)c1cc(Cl)cc(Cl)c1;N#CC(C(=O)Nc1ccc(C(F)(F)F)cc1)C(=O)c1cc(Cl)cc(Cl)c1
CECBAKYZNGECLN,2,BTUOPULVRLMQFF;CECBAKYZNGECLN,O=C1CC(N2CCN(C(c3ccccc3)c3ccccc3)CC2)C(=O)N1c1ccccc1Cl;Oc1cc(N2CCN(C(c3ccccc3)c3ccccc3)CC2)c(O)n1-c1ccccc1Cl
CEHDRGBLVBQUPH,2,CEHDRGBLVBQUPH;RGLYKWWBQGJZGM,CCC(=C(CC)c1ccc(O)cc1)c1ccc(O)cc1;CC=C(c1ccc(O)cc1)C(CC)c1ccc(O)cc1
CEPQCDYCBXEVTI,2,CEPQCDYCBXEVTI;GPSVOIMROLVWKL,N#CC1=C(N)Oc2cc(O)ccc2C1c1cccc(C(F)(F)F)c1;N#CC1C(=N)Oc2cc(O)ccc2C1c1cccc(C(F)(F)F)c1
CEQFJBVHSIPOPQ,2,CEQFJBVHSIPOPQ;LTOOPESWVADEAE,COC(=O)C1=C2Nc3ccccc3C23CCN2CCC1C(C(C)OC)C23;COC(=O)C1C2=Nc3ccccc3C23CCN2CCC1C(C(C)OC)C23
CFRJFTPTDARZKT,2,CFRJFTPTDARZKT;DRRRARWGCRPATB,CCC(C)C(=O)C1=C(O)C(O)(CC=C(C)C)C(=O)C(CC=C(C)C)C1=O;CCC(C)C(=O)C1C(=O)C(CC=C(C)C)C(=O)C(O)(CC=C(C)C)C1=O
CGTHTMWWVWTFAG,2,CGTHTMWWVWTFAG;GBXDZUVMCXOEDD,CCN1C(=O)Cc2cc(NS(=O)(=O)c3c(C)nn(C)c3C)ccc21;CCn1c(O)cc2cc(NS(=O)(=O)c3c(C)nn(C)c3C)ccc21
CGZOGNUFXMNYEI,2,CGZOGNUFXMNYEI;SOVUOXKZCCAWOJ,CN(C)c1cc(NC(=O)CNC(C)(C)C)c(O)c2c1CC1CC3C(N(C)C)C(=O)C(C(N)=O)=C(O)C3(O)C(=O)C1=C2O;CN(C)c1cc(NC(=O)CNC(C)(C)C)c(O)c2c1CC1CC3C(N(C)C)C(=O)C(C(N)=O)C(=O)C3(O)C(=O)C1C2=O
CHEIWKRTMHHGDF,2,CHEIWKRTMHHGDF;SZOPSAFLRCYJCX,CC1=CC(=O)CC(C)(C)C1C=CC(C)OC1OC(CO)C(O)C(O)C1O;CC1=C(C=CC(C)OC2OC(CO)C(O)C(O)C2O)C(C)(C)CC(=O)C1
CHERCCPWQNZOOH,2,BBNQQADTFFCFGB;CHERCCPWQNZOOH,O=C1c2ccccc2C(=O)c2c(O)c(O)cc(O)c21;O=C1CC(=O)c2c(c(O)c3ccccc3c2O)C1=O
CHMTTZIWXMOGME,2,CHMTTZIWXMOGME;VEZXFTKZUMARDU,CC(C)=CCc1c(O)cc2oc3cc(O)c(O)c(CC=C(C)C)c3c(=O)c2c1O;CC(C)=CCc1c(O)cc2oc3cc(O)c(O)c(C=CC(C)C)c3c(=O)c2c1O
CHSYXJNUOMUPOG,2,CHSYXJNUOMUPOG;FBHSPRKOSMHSIF,CC(=O)OCC(=O)C12N=C(C)OC1CC1C3CCC4=CC(=O)C=CC4(C)C3C(O)CC12C;CC(=O)OCC(=O)C12N=C(C)OC1CC1C3CC=C4CC(=O)C=CC4(C)C3C(O)CC12C
CIGNZXWBHKAMIO,2,CIGNZXWBHKAMIO;SYWHXTATXSMDSB,CC(=O)OCC(=O)C1(O)CCC2C3CCC4=CC(=O)CCC4(C)C3(F)C(O)CC21C;CC(=O)OCC(=O)C1(O)CCC2C3CC=C4CC(=O)CCC4(C)C3(F)C(O)CC21C
CIKGKOXFNOXNHH,2,CIKGKOXFNOXNHH;HQPIKMNKCMXJQC,COC=CC(=O)c1cc2cnc3c(=N)cc(NC(C)=O)c([nH]1)c23;COC=CC(=O)c1cc2c3c(c(N)cc(NC(C)=O)c3n1)N=C2
CINQMOGVNGCOCR,2,CINQMOGVNGCOCR;FNEADFUPWHAVTA,CC1CC(C)C(=O)C2=C3OC4C(C)CC3(OC2=O)C(C=CC1=O)C4O;CC1CC(C)C(=O)C2=C3OC4C(C)CC3(OC2=O)C(=CCC1=O)C4O
CJSRCQWEVAXKBD,2,CJSRCQWEVAXKBD;DVLLGHPCJPEUHA,Cc1cc(O)c(Cc2c(O)cc(C)oc2=O)c(=O)o1;Cc1cc(=O)c(Cc2c(O)cc(C)oc2=O)c(O)o1
CJTHFJFLKJLZEF,2,CJTHFJFLKJLZEF;QUGBPWLPAUHDTI,CCCCCC=CC=C1C(=O)CC(O)C1CC=CCCCC(=O)O;CCCCC=CC=CC1C(=O)CC(O)C1CC=CCCCC(=O)O
CKHLPYREHNVALG,2,CKHLPYREHNVALG;DWQQWNRHLJPIDV,COC1CC(OC)C(C)(O)C(OC)CC2CC=CC(CC(O)CC=C(C)C=CC(=O)OC(C(C)C(O)C(C)CCC(=O)C(C)C(OC)C(C)C=CN(C)C=O)C1C)O2;COC1CC(OC)C(C)(O)C(OC)CC2CC=CC(CC(O)C=CC(C)=CCC(=O)OC(C(C)C(O)C(C)CCC(=O)C(C)C(OC)C(C)C=CN(C)C=O)C1C)O2
CKHSUZOTJQWRKZ,2,CKHSUZOTJQWRKZ;SNHRLVCMMWUAJD,CCCCC(=O)OC1(C(=O)CO)C(C)CC2C3CCC4=CC(=O)C=CC4(C)C3(F)C(O)CC21C;CCCCC(=O)OC1(C(=O)CO)C(C)CC2C3CC=C4CC(=O)C=CC4(C)C3(F)C(O)CC21C
CKVRABFJEHDDBH,2,CKVRABFJEHDDBH;SOXHRQURNPRMDQ,CCOC(=O)C1=C(N)Oc2c(oc(CO)cc2=O)C1c1ccc(Cl)cc1Cl;CCOC(=O)C1C(=N)Oc2c(oc(CO)cc2=O)C1c1ccc(Cl)cc1Cl
CLGGLFVMXGSKKJ,2,CLGGLFVMXGSKKJ;NBQYBZYBTNQEQG,O=C1c2c(O)cc(O)cc2OC(c2c(O)cccc2O)C1O;O=C1C(O)c2c(O)cc(O)cc2OC1c1c(O)cccc1O
CLHBVSNWROHYMH,2,CLHBVSNWROHYMH;GOENIMGKWNZVDA,CCOC1C(OC)C(C)OC(OC2CC3CCC4C5CC(=O)OC(CC)CCCC(OC6CCC(N(C)C)C(C)O6)C(C)C(=O)C5=CC4C3C2)C1OC;CCOC1C(OC)C(C)OC(OC2CC3CCC4C(=CC5C(=O)C(C)C(OC6CCC(N(C)C)C(C)O6)CCCC(CC)OC(=O)CC54)C3C2)C1OC
CLIAULXCUUGRQS,2,CLIAULXCUUGRQS;XHRZBKIFQAMKNF,CC(O)=NC(=Cc1ccccc1)C(O)=NCc1ccco1;CC(=O)N=C(Cc1ccccc1)C(=O)NCc1ccco1
CMEFCXKPGDWFEB,2,CMEFCXKPGDWFEB;FTBNYQWFSWKCKW,C=C1C(C)C2C(Cc3c[nH]c4ccccc34)NC(=O)C23C(=O)C=CC(=O)C(O)C(C)=CC(C)CC=CC3C1O;C=C1C(C)C2C(Cc3c[nH]c4ccccc34)NC(=O)C23C(=O)C=CC(=O)C(=O)C(C)CC(C)CC=CC3C1O
CMEMKCUNAGDFFG,2,CMEMKCUNAGDFFG;ZJBMQVPEJHVSQA,CCC1(O)CC(OC2CC(N(C)C)C(O)C(C)O2)c2c(cc3c(c2O)C(=O)c2c(O)ccc(O)c2C3=O)C1C(=O)OC;CCC1(O)CC(OC2CC(N(C)C)C(O)C(C)O2)c2c(cc3c(O)c4c(c(O)c3c2O)C(=O)C=CC4=O)C1C(=O)OC
CMRCDSKXHFHOPK,2,CMRCDSKXHFHOPK;ZQLPKRQGSUVDAY,O=C1C(Cl)=C(NC2CCN(Cc3ccccc3)CC2)C(=O)c2ccccc21;O=C1C(=NC2CCN(Cc3ccccc3)CC2)C(Cl)C(=O)c2ccccc21
CODHDWHFYQXQPV,2,CODHDWHFYQXQPV;DJTACERQBDYDTP,COc1cc(C2C(C#N)=C(N)Oc3n[nH]c(C)c32)ccc1O;COc1cc(C2c3c(C)n[nH]c3OC(=N)C2C#N)ccc1O
COILZJXFKUGWMF,2,AQUGTQBXJZHCNG;COILZJXFKUGWMF,COc1ccccc1CN1C(=O)NC(CCC(=O)NCCc2c[nH]c3ccc(F)cc23)C1=O;COc1ccccc1Cn1c(O)c(CCC(=O)NCCc2c[nH]c3ccc(F)cc23)[nH]c1=O
COVKTHPUUCQNQF,2,COVKTHPUUCQNQF;SGKBPTZDIUXCMW,C=CC(C)(O)CCC1C(C)=CC(=O)C2C(C)(C)CCCC12C;C=CC(C)(O)CCC1=C(C)CC(=O)C2C(C)(C)CCCC12C
CPKAYBMTLOUXGJ,2,CPKAYBMTLOUXGJ;UMYTWNNDLRIQMO,CCc1c(C(=O)NN2C(=O)C3C4CCC(O4)C3C2=O)csc1C;CCc1c(C(=O)Nn2c(O)c3c(c2O)C2CCC3O2)csc1C
CPMDPSXJELVGJG,2,CPMDPSXJELVGJG;XZXHXSATPCNXJR,COC(=O)c1ccc2c(c1)NC(=O)C2=C(Nc1ccc(N(C)C(=O)CN2CCN(C)CC2)cc1)c1ccccc1;COC(=O)c1ccc2c(C(=Nc3ccc(N(C)C(=O)CN4CCN(C)CC4)cc3)c3ccccc3)c(O)[nH]c2c1
CPZJCGGTUZVHQG,2,CDVAIHNNWWJFJW;CPZJCGGTUZVHQG,CCOC(=O)C1=C(C)NC(C)=C(C(=O)OCC)C1C;CCOC(=O)C1=C(C)N=C(C)C(C(=O)OCC)C1C
CQJVKYORMGSYFU,2,APTUSGMALOMQQL;SBMXTMAIKRQSQE,COc1c(O)c2c(=O)cc(OC)c3c4c(OC)cc(=O)c5c(O)c(OC)c6c(c(c1CC(C)=C6C(C)=O)c23)c54;COc1c2c3c4c(c(OC)c(=O)c5c(O)cc(OC)c(c6c(OC)cc(O)c(c1=O)c63)c54)C(C(C)=O)=C(C)C2
CQTALABXTZYIQY,2,CQTALABXTZYIQY;LEEDEKWKJVUWGA,O=C(C=Cc1ccc(O)cc1)NC(Cc1ccc(O)cc1)C(=O)O;O=C(O)C(Cc1ccc(O)cc1)N=C(O)C=Cc1ccc(O)cc1;O=C(CCc1ccc(O)cc1)N=C(Cc1ccc(O)cc1)C(=O)O
CRADQHJNYKKORV,2,CRADQHJNYKKORV;SQQWBSBBCSFQGC,COC1=C(OC)C(=O)C(CC=C(C)CCC=C(C)C)=C(C)C1=O;COc1c(O)c(C)c(C=CC(C)=CCC=C(C)C)c(O)c1OC
CRADRURZCJACGU,2,CRADRURZCJACGU;ZXKWIJYSLSNFLY,Cc1ccc(C2c3[nH]c4ccccc4c3CC3C(=O)N(c4ccccc4C(=O)N4CCCC4C(=O)O)C(=O)N32)cc1;Cc1ccc(C2c3[nH]c4ccccc4c3Cc3c(O)n(-c4ccccc4C(=O)N4CCCC4C(=O)O)c(=O)n32)cc1
CREFNIMWTPMWOS,2,AYUNIORJHRXIBJ;CREFNIMWTPMWOS,C=CCNC1=C2CC(C)CC(OC)C(O)C(C)C=C(C)C(OC(N)=O)C(OC)C=CC=C(C)C(=O)NC(=CC1=O)C2=O;C=CCNc1c(O)cc2c(O)c1C=C(C)CC(OC)C(O)C(C)C=C(C)C(OC(N)=O)C(OC)C=CC=C(C)C(=O)N2
CRFKATVVFGBZRE,2,AHTIKTYAZWVOGR;CRFKATVVFGBZRE,COc1ccc(OC)c(C2Nc3ccccc3NC3=C2C(=O)CC(C)(C)C3)c1Br;COc1ccc(OC)c(C2Nc3ccccc3N=C3CC(C)(C)CC(=O)C32)c1Br
CRKDAWKSTGFVHG,2,CRKDAWKSTGFVHG;YXPVYQIMXPYFSF,CC(C)C(C)(O)CC(O)C(C)(O)C1CCC2(O)C3=CC(=O)C4CC(O)C(O)CC4(C)C3CCC12C;CC(C)C(C)(O)CC(O)C(C)(O)C1CCC2(O)C3=C(CCC12C)C1(C)CC(O)C(O)CC1C(=O)C3
CSJPHDILIUKAKC,2,CSJPHDILIUKAKC;QXTBAOJTASJFAD,CC1=CC(=O)C2C(C)(C)CC(O)CC2(C)C1CO;CC1=C(CO)C2(C)CC(O)CC(C)(C)C2C(=O)C1
CSYRWZZMGWWSRR,2,CSYRWZZMGWWSRR;MOCCDYJPNJYYNS,O=C1N=C(O)C(=NNc2cc([N+](=O)[O-])ccc2O)C(O)=N1;O=c1[nH]c(O)c(N=Nc2cc([N+](=O)[O-])ccc2O)c(=O)[nH]1
CTHRKXORLDKCNP,2,CTHRKXORLDKCNP;LOGJQOUIVKBFGH,CN(C)S(=O)(=O)c1ccc2c(c1)C(=Cc1cc3c([nH]1)CCCC3)C(=O)N2;CN(C)S(=O)(=O)c1ccc2c(c1)=C(Cc1cc3c([nH]1)CCCC3)C(=O)N=2
CTIOKRMSRHYZSZ,2,CIFFBTOJCKSRJY;CTIOKRMSRHYZSZ,O=C1NC(=O)C2CC=CCC12;Oc1[nH]c(O)c2c1CC=CC2
CUCMIJQKFCWAPD,2,CUCMIJQKFCWAPD;OTBXOEAOVRKTNQ,O=C1CN2Cc3c(ccc(Cl)c3Cl)N=C2N1;O=C1CN2Cc3c(ccc(Cl)c3Cl)NC2=N1;OC1=NC2=Nc3ccc(Cl)c(Cl)c3CN2C1
CUMRWBNICXALGV,2,CUMRWBNICXALGV;RXYBIHOCQLKACU,Cc1cc(C)cc(N2C(=O)CC(N3CCN(C4CC(=O)N(c5cc(C)cc(C)c5)C4=O)CC3)C2=O)c1;Cc1cc(C)cc(-n2c(O)cc(N3CCN(c4cc(O)n(-c5cc(C)cc(C)c5)c4O)CC3)c2O)c1
CUPOUBRMIZFFHN,2,CUPOUBRMIZFFHN;WRUSVQOKJIDBLP,CC=C(C)C(=O)NCC(=O)O;CC=C(C)C(O)=NCC(=O)O;CCC(C)C(=O)N=CC(=O)O
CUSJOPFBBBVRFX,2,CUSJOPFBBBVRFX;VXMGWBBELIEFKJ,CC1(C)OC2=C(C(=O)c3cc(O)cc(O)c3C2=O)C2C=C(CO)C(O)C(O)C21;CC1(C)Oc2c(c(O)c3cc(O)cc(O)c3c2O)C2=C1C(O)C(O)C(CO)=C2
CVAJISIOVSVGHS,2,CVAJISIOVSVGHS;FHJGOSHIILEXPP,CC1=C(C(=O)OCc2ccccc2)C(c2coc3ccc(Cl)cc3c2=O)C2=C(CCCC2=O)N1;CC1=C(C(=O)OCc2ccccc2)C(c2coc3ccc(Cl)cc3c2=O)C2C(=O)CCCC2=N1
CVWCSBDFHDXDKL,2,CVWCSBDFHDXDKL;DRSITEVYZGOOQG,CC(C)=CCC1=C(O)C(O)(CC=C(C)C)C(=O)C(C(=O)C(C)C)=C1O;CC(C)=CCC1C(=O)C(C(=O)C(C)C)C(=O)C(O)(CC=C(C)C)C1=O
CVZOZPYAZUVIDT,2,CVZOZPYAZUVIDT;NBMKJKDGKREAPL,CC1CC2C3CCC4=CC(=O)C=CC4(C)C3(Cl)C(O)CC2(C)C1(O)C(=O)CO;CC1CC2C3CC=C4CC(=O)C=CC4(C)C3(Cl)C(O)CC2(C)C1(O)C(=O)CO
CWOLWNXVVKDKOK,2,CWOLWNXVVKDKOK;XTLHEUFWRQKNNG,O=C(NC(Cc1ccccc1)C(=O)O)C(=C1OC(=O)C(c2ccccc2)=C1O)c1ccccc1;O=C(O)C(Cc1ccccc1)=NC(=O)C(c1ccccc1)c1oc(O)c(-c2ccccc2)c1O
CWZVJZNMHIIAQR,2,CWZVJZNMHIIAQR;WBPPODSRZVXVJK,CCCCCCCCCCCCC(O)=C1C(=O)C(C)N(C)C1=O;CCCCCCCCCCCCC(=O)c1c(O)c(C)n(C)c1O
CXEOWDNLVOTNQB,2,CXEOWDNLVOTNQB;RYWFTNOOUZJXNY,COC(=O)c1ccc(C2C(C(C)=O)=C(O)C(=O)N2CCc2c[nH]c3ccccc23)cc1;COC(=O)c1ccc(C2C(C(C)=O)C(=O)C(=O)N2CCc2c[nH]c3ccccc23)cc1
CXFMWFWTGFKEIS,2,CXFMWFWTGFKEIS;SKHXRNHSZTXSLP,CNC(=C[N+](=O)[O-])NCC[S+]([O-])Cc1ccc(CN(C)C)o1;CN=C(C[N+](=O)[O-])NCC[S+]([O-])Cc1ccc(CN(C)C)o1
CXTUBZINZAZKRJ,2,CXTUBZINZAZKRJ;LIKKXXHSQQGZKK,CC=C(C)C(=O)OC1C(C)C2(O)C3C=C(C)C(=O)C3CC(CO)=CC2C2C(C)(C)C12OC(=O)C(C)C;CC=C(C)C(=O)OC1C(C)C2(O)C3=C(CC(CO)=CC2C2C(C)(C)C12OC(=O)C(C)C)C(=O)C(C)C3
CXZRAINPLQEXJC,2,CXZRAINPLQEXJC;NRTMSHOVWJHXSI,CCC(C)C(NC(=O)C1=CC(C)CC2C(=O)CCC12)C(=O)O;CCC(C)C(=NC(=O)C1CC(C)CC2C(=O)CCC21)C(=O)O
CYDHCKLHAIWXHT,2,CYDHCKLHAIWXHT;LZZGQZWYUIVYME,CC1=CC(=NNC(=O)C(C)Nc2c(C)cccc2C)CC(C)(C)C1;CC(=Nc1c(C)cccc1C)C(=O)NNC1=CC(C)CC(C)(C)C1
CYFXRGFESOFDNS,2,AFSDNFLWKVMVRB;CYFXRGFESOFDNS,O=c1oc2c(O)c(O)cc3c(=O)oc4c(O)c(O)cc1c4c23;O=c1c(O)cc2c(O)oc3c(=O)c(O)cc4c(O)oc1c2c43
CYUUEOAQIWCPBE,2,CYUUEOAQIWCPBE;UPEZCKBFRMILAV,CC(C(O)CCC(C)(C)O)C1CCC2(O)C3=CC(=O)C4CC(O)C(O)CC4(C)C3CCC12C;CC(C(O)CCC(C)(C)O)C1CCC2(O)C3=C(CCC12C)C1(C)CC(O)C(O)CC1C(=O)C3
CZGHNPAJNMFMQJ,2,CZGHNPAJNMFMQJ;SSANHLOZXYEHCY,COC1C(O)CC(=O)OC(C)CC=CC=CC(=O)C(C)CC(CC=O)C1OC1OC(C)C(OC2CC(C)(O)C(OC(=O)CC(C)C)C(C)O2)C(N(C)C)C1O;COC1C(O)CC(=O)OC(C)C=CC=CCC(=O)C(C)CC(CC=O)C1OC1OC(C)C(OC2CC(C)(O)C(OC(=O)CC(C)C)C(C)O2)C(N(C)C)C1O
CZTJJDMREPGCPD,2,CZTJJDMREPGCPD;GAFJDGLSFUKNRZ,Cc1cc(O)c2c3c1C(=O)C1c4c(c(O)c5c6c(c(O)cc(C)c46)C(=O)O5)C3(COC2=O)C1O;Cc1cc(O)c2c3c1C(=O)C1=c4c(c(O)c5oc(O)c6c(O)cc(C)c4c56)C3(COC2=O)C1O
CZVAYVPOBIDGLC,2,CZVAYVPOBIDGLC;QXPNJMHRUZCEAP,COc1cc(O)c2c(c1)CCCC(O)C(O)C(=O)C=CCC(C)OC2=O;COc1cc(O)c2c(c1)CCCC(=O)C(=O)C(O)CCCC(C)OC2=O
DABTVFGOWSGADG,2,DABTVFGOWSGADG;DXYBBQYHWQUFRY,CCCCc1[nH]nc2c1C(c1ccc(O)c(OC)c1)C(C#N)=C(N)O2;CCCCc1[nH]nc2c1C(c1ccc(O)c(OC)c1)C(C#N)C(=N)O2
DAIXANOXBPTONE,2,DAIXANOXBPTONE;JGPMMRGNQUBGND,COC1=C(OC)C(=O)C(CCCCCCCCCCO)=C(C)C1=O;COc1c(O)c(C)c(C=CCCCCCCCCO)c(O)c1OC
DASOJJNAMCELDO,2,DASOJJNAMCELDO;GQKAFRQIXWEJOJ,CC1CC2CCCC(=O)C2=C(O)O1;CC1CC2CCCC(=O)C2C(=O)O1
DAUDFKSHOYLOOB,2,DAUDFKSHOYLOOB;RHBOHEXDGUVIIY,CC1=CC(=O)C(=C(C)C)CC2C1CCC2(C)O;CC(C)=C1CC2C(=C(C)CC1=O)CCC2(C)O
DAUPIYRSFGCCKM,2,DAUPIYRSFGCCKM;VSXQZSYOBGBLLJ,COc1ccc(C2C(C(N)=O)=C(C)Nc3nc(CCCO)nn32)cc1;COc1ccc(C2C(C(N)=O)C(C)=Nc3nc(CCCO)nn32)cc1
DBFKVTIPGIMSCJ,2,DBFKVTIPGIMSCJ;ONLZHAOKMQJPIC,COc1c(O)cc(-c2coc3cc(O)cc(O)c3c2=O)cc1CC=C(C)C;COc1c(O)cc(-c2coc3cc(O)cc(O)c3c2=O)cc1C=CC(C)C
DBTJPIHCSQSGLY,2,DBTJPIHCSQSGLY;XAFJIIZCMNHLRS,C=C1C(=O)OC2CC3(C)C(O)C(=O)C=C(C)C3CC12;C=C1C(=O)OC2CC3(C)C(=O)C(=O)CC(C)C3CC12
DCCIFKZACWAKSD,2,DCCIFKZACWAKSD;WBFXQKNQVZMOSQ,CCOC(=O)C1=NN(c2ccccc2)C(=O)C1;CCOC(=O)c1cc(=O)n(-c2ccccc2)[nH]1
DCYMRLJUJDFLBK,2,DCYMRLJUJDFLBK;SQVRJYDIVLDZDD,Cc1ccc(C2c3[nH]c4ccccc4c3CC3C(=O)N(c4ccccc4C(=O)NCCN4CCOCC4)C(=O)N32)cc1;Cc1ccc(C2c3[nH]c4ccccc4c3Cc3c(O)n(-c4ccccc4C(=O)NCCN4CCOCC4)c(=O)n32)cc1
DDRIYWCBJUYHKJ,2,DDRIYWCBJUYHKJ;XSLDIFFYKBQCGW,CCCCCCCc1nc(C=CC(=O)NCC(=O)NC(CO)C(=O)O)cs1;CCCCCCCc1nc(C=CC(O)=NCC(O)=NC(CO)C(=O)O)cs1;CCCCCCCc1nc(CCC(=O)N=CC(=O)NC(CO)C(=O)O)cs1
DEAOYWWBDXWSOD,2,BEPGTHDUUROBHM;DEAOYWWBDXWSOD,CC(C)=CCn1cnc(N)c2ncnc1-2;CC(C)=CCn1cnc(=N)c2[nH]cnc21
DEEUSUJLZQQESV,2,DEEUSUJLZQQESV;TYOWQSLRVAUSMI,CCC1C(=O)NC(Cc2[nH]c(C=C3N=C(CC4NC(=O)C(C)C4CC)C(C)=C3CCC(=O)O)c(CCC(=O)O)c2C)C1C;CCC1C(=O)NC(CC2=NC(=Cc3[nH]c(CC4NC(=O)C(C)C4CC)c(C)c3CCC(=O)O)C(CCC(=O)O)=C2C)C1C
DFTBFFMKMACMIY,2,DFTBFFMKMACMIY;IGDMRORWPZKYBQ,O=C1C2C(C(=O)N1N=Cc1ccc(I)o1)C1C=CC2C12CC2;Oc1c2c(c(O)n1N=Cc1ccc(I)o1)C1C=CC2C12CC2
DFZHPZPWWKLCON,2,DFZHPZPWWKLCON;PCWWIOUZYOPZHT,CCCCCC=CCCCCCCC=CC=CC(O)=NCC(C)C;CCCCCC=CCCCCCCC=CC=CC(=O)NCC(C)C;CCCCCC=CCCCCCC=CC=CCC(=O)NCC(C)C
DGAZLNHJYDOWLG,2,DGAZLNHJYDOWLG;MXLWQNCWIIZUQT,COc1c(O)c2c(=O)cc3c4c5c(cc(=O)c6c(O)c(OC)c(CC(C)O)c(c(c1CC(C)O)c24)c65)OCO3;COc1c(CC(C)O)c2c3c(CC(C)O)c(OC)c(=O)c4c(O)cc5c(c6c(cc(O)c(c1=O)c62)OCO5)c43
DGFFKAWSLMYGIH,2,DGFFKAWSLMYGIH;IQVADJFHSOSTEW,O=C(O)C(Cc1ccccc1)N1C(=O)C(=C2C(O)=Nc3ccc(Br)cc32)SC1=S;O=C1N=c2ccc(Br)cc2=C1c1sc(=S)n(C(Cc2ccccc2)C(=O)O)c1O
DGFVZQGXKQCQGK,2,DGFVZQGXKQCQGK;PCVPVCFOFVFDQX,CCOc1ccc2[nH]cc(C(=O)NCc3ccccc3)c(=O)c2n1;CCOc1ccc2c(n1)C(=O)C(C(=O)NCc1ccccc1)C=N2
DGGDSHBHPBVJHU,2,DGGDSHBHPBVJHU;VEZRSCFWYNSNPR,COC12CC(O)=C(C(C)=O)C(=O)C1(C)c1c(O)c(C(C)=O)c(O)c(C)c1O2;COC12CC(=O)C(C(C)=O)C(=O)C1(C)c1c(O)c(C(C)=O)c(O)c(C)c1O2
DHDSCKPFZHKEJM,2,DHDSCKPFZHKEJM;GJSCVPZGPZIBMU,COc1c(O)c(=O)c2c(C)cc(=O)c3c(O)occ1c32;COC1=C(O)C(=O)c2c(C)cc(O)c3c(=O)occ1c23
DHEWPSFMSOVEAE,2,DHEWPSFMSOVEAE;JWYUAQRXXHLQRX,CC(=O)OC1CC(O)C23COC(O)C1(C)C2CC(O)C1(C)C3=C(O)C(=O)C2(C)C(c3ccoc3)CC3OC312;CC(=O)OC1CC(O)C23COC(O)C1(C)C2CC(O)C1(C)C3C(=O)C(=O)C2(C)C(c3ccoc3)CC3OC321
DHGIGJQSUXUNRM,2,DHGIGJQSUXUNRM;SOJLUKNFWGXUFS,CC=C(C)C(OC(C)=O)C(C)C1=C(OC)C(=O)C2=C(OC3(C)CCC4OC(C(C)(C)O)CC(OC(C)=O)C4(C)C3C2O)C1=O;C=C(c1c(O)c2c(c(O)c1OC)C(O)C1C(C)(CCC3OC(C(C)(C)O)CC(OC(C)=O)C31C)O2)C(OC(C)=O)C(C)=CC
DHPYEXFUFLFAEB,2,DHPYEXFUFLFAEB;XKJPVKHJPNQLKG,C=CC1(C)C=C2C(=O)C(O)=C3C(C)(C(=O)O)CCC4CC34C2(O)C(=O)C1;C=CC1(C)C=C2C(=O)C(=O)C3C(C)(C(=O)O)CCC4CC43C2(O)C(=O)C1
DHPYHGFDEFPFIZ,2,DHPYHGFDEFPFIZ;ZWQHZYLQZNZIFJ,O=C(NCC1CCCO1)c1cc2c3ccccc3nc-2c(-c2cccc(Br)c2)[nH]1;O=C(NCC1CCCO1)c1cc2c([nH]c3ccccc32)c(-c2cccc(Br)c2)n1
DHXKRMSKXLDZGY,2,DHXKRMSKXLDZGY;VGXRQCOVGLGFIM,CC(C)c1c(-c2ccccc2)nc2c(C#N)c[nH]n2c1=O;CC(C)c1c(-c2ccccc2)[nH]c2c(C#N)cnn2c1=O
DHZXZHJSQJRCPJ,2,DHZXZHJSQJRCPJ;IUOMATKBBPCLFR,O=C(NC1=CC(=O)C2OC2C1O)c1ccccc1O;O=C(N=C1CC(=O)C2OC2C1O)c1ccccc1O
DIEICMDDXPXOMR,2,DIEICMDDXPXOMR;WVJYEKGQSBGNRP,CC(C)=CCc1c(O)cc2oc3c(CC=C(C)C)c(O)c(O)c(CC=C(C)C)c3c(=O)c2c1O;CC(C)=CCc1c(O)cc2oc3c(CC=C(C)C)c(O)c(O)c(C=CC(C)C)c3c(=O)c2c1O
DKHHQUXEXCKMMT,2,DKHHQUXEXCKMMT;LRJOMUJRLNCICJ,CC(=O)OCC(=O)C1(O)CCC2C3CCC4=CC(=O)C=CC4(C)C3C(O)CC21C;CC(=O)OCC(=O)C1(O)CCC2C3CC=C4CC(=O)C=CC4(C)C3C(O)CC21C
DKVDEGSMMSBVGR,2,DKVDEGSMMSBVGR;GBEKAVKMYUMWQR,CCCc1c(C(=O)O)cc2c(c1O)C(=O)c1c(O)cccc1C2=O;CC=Cc1c(C(=O)O)cc2c(O)c3cccc(O)c3c(O)c2c1O
DLIKFETZDJAMPP,2,FOGKUGITTILYNP;OYTLQZDJDNYGER,O=C1C2=NC=C3CCN4C(=C32)C2=C1NCCC21C=C(Br)C(O)C4C1O;O=C1C2=NCCC34C=C(Br)C(O)C(C3O)N3CCc5c[nH]c1c5C3=C24
DLKJYDSQGKBADO,2,DLKJYDSQGKBADO;ZGICGDCGECBVTD,CCCCC(C)C=C(C)C(=O)NC1=CC(O)(C=CC=CC=CC(=O)NC2=C(O)CCC2=O)C2OC2C1=O;CCCCC(C)C=C(C)C(=O)NC1=CC(O)(C=CC=CCCC(=O)N=C2C(=O)CCC2=O)C2OC2C1=O
DLSOOTANJFAQHU,2,DLSOOTANJFAQHU;INCBRFFLYVOXNY,C=C1C(O)C2C(OC(=O)c3ccccc3)C(C)(O)CC2(O)C(=O)C(C)C=CC(C)(C)C(OC(C)=O)C(OC(C)=O)C1OC(=O)c1ccccc1;C=C1C(O)C2C(OC(=O)c3ccccc3)C(C)(O)CC2(O)C(=O)C(C)=CCC(C)(C)C(OC(C)=O)C(OC(C)=O)C1OC(=O)c1ccccc1
DMGPTSZPQKOCDM,2,GWEPPLJSSUQKEG;YHJXZSUXCDHYED,CC(CCC(=O)OC(C(O)CO)C(O)C(O)C=O)C1CCC2C3C(O)CC4CC(O)CCC4(C)C3CC(=O)C12C;CC(CCC(=O)OC(C(O)CO)C(O)C(=O)CO)C1CCC2C3C(O)CC4CC(O)CCC4(C)C3CC(=O)C12C
DMIWIJAIZZONNT,2,CTSPAMFJBXKSOY;DMIWIJAIZZONNT,Cc1c2ccncc2c(C)c2c1[nH]c1ccccc12;Cc1c2cc[nH]cc2c(C)c2c1nc1ccccc12
DMYSSGHGJCJXRJ,2,DMYSSGHGJCJXRJ;MOBVHKOGJXZESP,O=C(NCC1CCCO1)c1cc2c3ccccc3nc-2c(-c2cccc(Cl)c2)[nH]1;O=C(NCC1CCCO1)c1cc2c([nH]c3ccccc32)c(-c2cccc(Cl)c2)n1
DNBVAYODWUUHJN,2,DNBVAYODWUUHJN;FIPAQYYZFDCRDD,CC(C)=CCCC(C)=CCCC(C)=CCCC(C)=CCc1cc(O)ccc1O;CC(C)=CCCC(C)=CCCC(C)=CCC=C(C)CCc1cc(O)ccc1O
DNIWUCQFDHYLRY,2,DNIWUCQFDHYLRY;RSFFUWNYMOEBFP,CC1=CC2OC3CC(O)C(C)(C34CO4)C2(C)C(O)C1=O;CC1CC2OC3CC(O)C(C)(C34CO4)C2(C)C(=O)C1=O
DNJHFVGHMGSQNY,2,DNJHFVGHMGSQNY;MCMRXZPGLBSFTP,CCCCOC(=O)C1=C(C)N=C(O)NC1c1cc(Cl)c(O)c(OC)c1;CCCCOC(=O)C1C(C)=NC(=O)NC1c1cc(Cl)c(O)c(OC)c1
DPBUHVNPLVYKOM,2,DPBUHVNPLVYKOM;ZBEUUNSYABTFRU,OC(=NCCCCCCN=C(O)C(=Cc1ccccc1)N=C(O)c1ccccc1)C(=Cc1ccccc1)N=C(O)c1ccccc1;O=C(NCCCCCCNC(=O)C(Cc1ccccc1)=NC(=O)c1ccccc1)C(Cc1ccccc1)=NC(=O)c1ccccc1
DPCOYXQLLBXEGL,2,BJJXHLWLUDYTGC;DPCOYXQLLBXEGL,C#CC1(O)CCC2C3CCC4=CC(=O)CCC4=C3C=CC21CC;C#CC1(O)CCC2C3=C(C=CC21CC)C1=C(CC3)CC(=O)CC1
DQRGQQAJYRBDRP,2,DQRGQQAJYRBDRP;KSIRMUMXJFWKAC,CCC=CCC(O)C=CC1C=CC(=O)C1CC=CCCCC(=O)O;CCC=CCC(O)C=CC1=C(CC=CCCCC(=O)O)C(=O)CC1
DQSUXCNUUSUOGT,2,DQSUXCNUUSUOGT;NWQDNQOXIZHQAQ,CCOc1cc(C2C(C#N)=C(N)OC3=C2C(=O)CC(C)(C)C3)cc([N+](=O)[O-])c1O;CCOc1cc(C2C(C#N)C(=N)OC3=CC(C)(C)CC(=O)C32)cc([N+](=O)[O-])c1O
DQTQVEGUWIUSSO,2,DQTQVEGUWIUSSO;WOFMFGQZHJDGCX,CC1CC2C3CCC4=CC(=O)C=CC4(C)C3(Cl)C(O)CC2(C)C1(OC(=O)c1ccco1)C(=O)CCl;CC1CC2C3CC=C4CC(=O)C=CC4(C)C3(Cl)C(O)CC2(C)C1(OC(=O)c1ccco1)C(=O)CCl
DQTXWWZTPYDJTC,2,DQTXWWZTPYDJTC;SZQIFWWUIBRPBZ,CCN1C(=O)NC(c2ccccc2)C1=O;CCn1c(O)c(-c2ccccc2)[nH]c1=O
DQYKYCWHNJXTQA,2,DQYKYCWHNJXTQA;IQFFYNSHANWLIR,C=C1C(=O)OC2C1CCC(C)=C1C(=O)C3OC3(C)C12;C=C1C(=O)OC2C1CC=C(C)C1C(=O)C3OC3(C)C12
DRLXVNRHGMULCY,2,BPRHUIZQVSMCRT;DRLXVNRHGMULCY,CC(C)c1nc(N(C)S(C)(=O)=O)nc(-c2ccc(F)cc2)c1C=CC(O)CC(O)CC(=O)O;CC(C)=c1nc(N(C)S(C)(=O)=O)nc(-c2ccc(F)cc2)c1=CCC(O)CC(O)CC(=O)O
DRNCLLOPWVCWGB,2,AEIVRFFWQSJCAR;DRNCLLOPWVCWGB,O=c1oc2ccccc2c(O)c1Cc1ccccc1;O=c1c(Cc2ccccc2)c(O)oc2ccccc12
DRNRNRVRVCHSJP,2,DRNRNRVRVCHSJP;MPAKYMOQGZITTQ,COC(=O)C1c2c(oc3cc(CO)cc(O)c3c2=O)C=CC1O;COC(=O)C1=c2c(oc3cc(CO)cc(O)c3c2=O)=CCC1O
DRWHAZAPBMMMNQ,2,DRWHAZAPBMMMNQ;ZQLBONJLBKDOLE,CC(C)CC(NC(=O)C(=C1OC(=O)C(c2ccccc2)=C1O)c1ccccc1)C(=O)O;CC(C)CC(=NC(=O)C(c1ccccc1)c1oc(O)c(-c2ccccc2)c1O)C(=O)O
DSICZCHBBCAFDY,2,DSICZCHBBCAFDY;VSHCMWFKVGZKHC,COc1ccc(C2C(C(=O)OCCOc3ccccc3)=C(C)NC3=C2C(=O)CC(C)(C)C3)cc1Br;COc1ccc(C2C(C(=O)OCCOc3ccccc3)=C(C)N=C3CC(C)(C)CC(=O)C32)cc1Br
DSJMUFZNWAQEJH,2,CUFTURFAMUTMKG;DSJMUFZNWAQEJH,CCSCCOC(=O)C1=C(C)NC2=C(C(=O)CCC2)C1c1cc(Br)c(O)c(OC)c1;CCSCCOC(=O)C1=C(C)N=C2CCCC(=O)C2C1c1cc(Br)c(O)c(OC)c1
DSKHWRHVSHRZFU,2,LGZFJHSOBYVDLA;PKEGICXVZMKJPR,CC(CO)C1=C(O)c2ccc3c(c2C(=O)C1=O)CCCC3(C)C;CC(CO)C1=C(O)C(=O)c2c(ccc3c2CCCC3(C)C)C1=O
DSKVUOOECZNHMQ,2,BNZPDENCVXRJMM;DSKVUOOECZNHMQ,O=C(NCCCN1CCOCC1)c1ccccc1N1C(=O)C2Cc3c([nH]c4ccccc34)C(c3cccc(Cl)c3)N2C1=O;O=C(NCCCN1CCOCC1)c1ccccc1-n1c(O)c2n(c1=O)C(c1cccc(Cl)c1)c1[nH]c3ccccc3c1C2
DSTBWXWOGGHUNN,2,DKDGWAKCXBFTMM;DSTBWXWOGGHUNN,COC(=O)C(Cc1ccccc1)N=C(O)C(=C1OC(=O)C(c2ccccc2)=C1O)c1ccccc1;COC(=O)C(Cc1ccccc1)NC(=O)C(=C1OC(=O)C(c2ccccc2)=C1O)c1ccccc1;COC(=O)C(Cc1ccccc1)=NC(=O)C(c1ccccc1)c1oc(O)c(-c2ccccc2)c1O
DSXQBSPYHYXWDV,2,DSXQBSPYHYXWDV;HMZGZQPMJLEENU,COC(=O)C1=C(N)Oc2c(oc(CO)cc2=O)C1c1ccc(Cl)cc1Cl;COC(=O)C1C(=N)Oc2c(oc(CO)cc2=O)C1c1ccc(Cl)cc1Cl
DTEBTAQZYORYDS,2,DTEBTAQZYORYDS;HFYDDOQMBZTGBR,CC(CCC1C(C(=O)O)=CC(=O)CC1(C)C)OC1OC(CO)C(O)C(O)C1O;CC(CCC1=C(C(=O)O)CC(=O)CC1(C)C)OC1OC(CO)C(O)C(O)C1O
DTRNBPVOMBKUTK,2,DTRNBPVOMBKUTK;QNUKRWAIZMBVCU,COc1ccc2c(c1)C(=Cc1c[nH]cn1)C(=O)N2;COc1ccc2c(c1)C(=Cc1cnc[nH]1)C(=O)N2;COc1ccc2c(c1)=C(Cc1c[nH]cn1)C(=O)N=2
DTRQYDCJHLATMU,2,AHKPCKHDSIQVNI;DTRQYDCJHLATMU,O=C1OC(c2ccc(O)cc2)C(O)=C1Cc1ccccc1;Oc1ccc(-c2oc(O)c(Cc3ccccc3)c2O)cc1
DTZRNHXICQIDQQ,2,DTZRNHXICQIDQQ;PAJOMZBUVDHRHG,COc1cc(C2C(C(=O)OC(C)C)=C(C)NC3=C2C(=O)CC(C)(C)C3)cc(Br)c1O;COc1cc(C2C(C(=O)OC(C)C)=C(C)N=C3CC(C)(C)CC(=O)C32)cc(Br)c1O
DULVJNJLXNQMQY,2,CKNLEFJPJHNMTN;DULVJNJLXNQMQY,CCC12CC(C(=O)OC)=C3Nc4ccccc4C34CCN(C(c3ccc5c(c3)C3CCN6CC(O)C(O)C7(CC)CCC3(N5)C67)C3OC31)C42;CCC12CC(C(=O)OC)C3=Nc4ccccc4C34CCN(C(c3ccc5c(c3)C3CCN6CC(O)C(O)C7(CC)CCC3(N5)C67)C3OC31)C42
DVFUJWFVDJAVKO,2,DVFUJWFVDJAVKO;IDGRYIRJIFKTAN,CC(=O)OCC12C(C=C(C)C(=O)C1O)OC1C(O)CC2(C)C12CO2;CC(=O)OCC12C(=O)C(=O)C(C)CC1OC1C(O)CC2(C)C12CO2
DVILUKQFOMRXFW,2,DVILUKQFOMRXFW;MZTJYRCGYQKHIR,COC(=O)C1=C(C)NC2=C(C(=O)CC(c3ccc(Cl)cc3)C2)C1c1cc(OC)c(OC)c(OC)c1;COC(=O)C1=C(C)N=C2CC(c3ccc(Cl)cc3)CC(=O)C2C1c1cc(OC)c(OC)c(OC)c1
DVSZTYJRXBBIFA,2,DVSZTYJRXBBIFA;QFJCIRLUMZQUOT,COC1CC2CCC(C)C(O)(O2)C(=O)C(=O)N2CCCCC2C(=O)OC(C(C)CC2CCC(O)C(OC)C2)CC(=O)C(C)C=C(C)C(O)C(OC)C(=O)C(C)CC(C)C=CC=CC=C1C;COC1CC2CCC(C)C(O)(O2)C(=O)C(=O)N2CCCCC2C(=O)OC(C(C)CC2CCC(O)C(OC)C2)CC(=O)C(C)=CC(C)C(O)C(OC)C(=O)C(C)CC(C)C=CC=CC=C1C
DWHWGYILIWWFAI,2,DWHWGYILIWWFAI;FMKLAIBZMCURLI,CCCCCC(=O)CCC1C=CC(=O)C1CC=CCCCC(=O)O;CCCCCC(=O)C=CC1CCC(=O)C1CC=CCCCC(=O)O
DWVVQWLJYKGGQV,2,DDFHHBJHPJDSKX;DWVVQWLJYKGGQV,COc1cc(C2NC(O)=NC(C)=C2C(=O)OCCOC(C)C)cc(Br)c1O;COc1cc(C2NC(=O)N=C(C)C2C(=O)OCCOC(C)C)cc(Br)c1O
DWZDGMDDUHAIQA,2,DWZDGMDDUHAIQA;KFKRXESVMDBTNQ,CC1=C(CCC(=O)O)c2cc3nc(cc4[nH]c(cc5[nH]c(cc1n2)c(C)c5C(C)O)c(C)c4C(C)O)C(C)=C3CCC(=O)O;CC1=C(C(C)O)c2cc3nc(cc4[nH]c(cc5[nH]c(cc1n2)c(C)c5CCC(=O)O)c(CCC(=O)O)c4C)C(C(C)O)=C3C
DXBRHHPREJKXHJ,2,DUDMCOLAOVMIEZ;DXBRHHPREJKXHJ,COc1ccccc1C(=O)NN1C(=O)C2C3C=CC(O3)C2C1=O;COc1ccccc1C(=O)Nn1c(O)c2c(c1O)C1C=CC2O1
DYYIUCVAQGRACE,2,DYYIUCVAQGRACE;YJQPYGGHQPGBLI,COC1C(OC(N)=O)C(O)C(Oc2ccc3c(O)c(NC(=O)c4ccc(O)c(CC=C(C)C)c4)c(=O)oc3c2C)OC1(C)C;COC1C(OC(=N)O)C(O)C(Oc2ccc3c(O)c(NC(=O)c4ccc(O)c(CC=C(C)C)c4)c(=O)oc3c2C)OC1(C)C;COC1C(OC(N)=O)C(O)C(Oc2ccc3c(=O)c(NC(=O)c4ccc(O)c(CC=C(C)C)c4)c(O)oc3c2C)OC1(C)C
DZTHLHPUUBICGU,2,DZTHLHPUUBICGU;KXQKSBAGVQMQSN,COC(=O)C(=C1OC(=O)C(c2ccc(OC)cc2)=C1O)c1ccccc1;COC(=O)C(=C1OC(=O)C(c2ccc(OC)cc2)C1=O)c1ccccc1
FAAPEROFFXRYGG,2,FAAPEROFFXRYGG;MXMCPSADIJXXRC,CCCCCC=CC=CC(=O)OC1C(C)C2(O)C(C=C(CO)CC3(O)C(=O)C(C)=CC32)C2C(C)(C)C12OC(=O)C(C)CC;CCCCC=CC=CCC(=O)OC1C(C)C2(O)C(C=C(CO)CC3(O)C(=O)C(C)=CC32)C2C(C)(C)C12OC(=O)C(C)CC
FACRSCOHUPSUMI,2,FACRSCOHUPSUMI;OKBVVJOGVLARMR,C=CC1=C(C(=O)O)N2C(=O)C(NC(=O)C(=NOCC(=O)O)c3csc(N)n3)C2SC1;C=CC1=C(C(=O)O)N2C(=O)C(N=C(O)C(=NOCC(=O)O)c3csc(=N)[nH]3)C2SC1;C=CC1=C(C(=O)O)N2C(=O)C(=NC(=O)C(NOCC(=O)O)c3csc(N)n3)C2SC1
FANMRWOIBYPWGA,2,BOSPWDGVNSGRFD;FANMRWOIBYPWGA,C=C(C(=O)C(O)C(C)C1C(OC(C)=O)CC2(C)C3CCC4C(C)C(=O)C=CC45CC35CCC12C)C(C)C;CC(=O)OC1CC2(C)C3CCC4C(C)C(=O)C=CC45CC35CCC2(C)C1C(C)C(=O)C(=O)C(C)C(C)C
FBBYEJJQINKJNE,2,DMKSVUSAATWOCU;FBBYEJJQINKJNE,CCOC(=O)OC1(C(=O)OCCl)CCC2C3CCC4=CC(=O)C=CC4(C)C3C(O)CC21C;CCOC(=O)OC1(C(=O)OCCl)CCC2C3CC=C4CC(=O)C=CC4(C)C3C(O)CC21C
FBEJFMJZCFJIHE,2,FBEJFMJZCFJIHE;FIPJYCSLXSWRIM,COc1ccc2c(c1)N=C1C(CC(=O)N1CCN(C)C)S2;COc1ccc2c(c1)Nc1c(cc(O)n1CCN(C)C)S2
FBNBLNQGOCEWJT,2,FBNBLNQGOCEWJT;KMIOJWCYOHBUJS,Cc1[nH]c(C=C2C(=O)Nc3ccc(F)cc32)c(C)c1C(=O)NC1CCN(C(=O)N(C)C)C1;C=c1c(C(=O)NC2CCN(C(=O)N(C)C)C2)c(C)[nH]c1=Cc1c(O)[nH]c2ccc(F)cc12
FBYFJOVKHROJSY,2,FBYFJOVKHROJSY;UHSKFQJFRQCDBE,CCCN(CCC)CCc1cccc2c1CC(=O)N2;CCCN(CCC)CCc1cccc2[nH]c(O)cc12
FCYRUIVZYHKCPI,2,COWWBPRRBQOULA;FCYRUIVZYHKCPI,C=C(C)C(=O)OC1C2C(=C)C(=O)OC2CC(C)C=CC(=O)C(C)(O)C1OC(C)=O;C=C(C)C(=O)OC1C2C(=C)C(=O)OC2CC(C)=CCC(=O)C(C)(O)C1OC(C)=O
FDKXTQMXEQVLRF,2,FDKXTQMXEQVLRF;OMJKFYKNWZZKTK,CN(C)N=Nc1nc[nH]c1C(N)=O;CN(C)NN=C1N=CN=C1C(N)=O
FEBXPWGNMBVKHP,2,FEBXPWGNMBVKHP;KXUJXPZXILTXDA,CCC(C)C1C(=O)N2CCCC2C(=O)OC(C(C)(C)C)CC(C)CC(O)C(C)C2=NC(C=C(C)C(=O)NC(Cc3ccc(OC)cc3)C(=O)N(C)C(C)C(=O)N1C)CS2;CCC(C)C1C(=O)N2CCCC2C(=O)OC(C(C)(C)C)CC(C)CC(O)C(C)C2=NC(CS2)CC(C)C(=O)N=C(Cc2ccc(OC)cc2)C(=O)N(C)C(C)C(=O)N1C
FEFNEVAEYGVFAR,2,FEFNEVAEYGVFAR;GHCDJBVCFINEBQ,C=CC(C1=CC(=O)C=CC1=O)c1ccccc1;CC=C(C1=CC(=O)C=CC1=O)c1ccccc1
FETOMZZQYPFKRV,2,FETOMZZQYPFKRV;GIGFIWJRTMBSRP,CCC12CCCN3CCC4(C(=C(C(=O)OC)C1)Nc1ccccc14)C32;CCC12CCCN3CCC4(C(=Nc5ccccc54)C(C(=O)OC)C1)C32
FFMNTJUMRKZQHP,2,FFMNTJUMRKZQHP;OOGKJKAIYXOODY,CCC(C)C1NC(=O)C(C(C)C)NC(=O)C(C)=CC(C)CC(C)CC(C)CCC(C)OC1=O;CCC(C)C1=NC(=O)C(C(C)C)NC(=O)C(C)CC(C)CC(C)CC(C)CCC(C)OC1=O
FFUGEJHDVPUNLZ,2,FFUGEJHDVPUNLZ;JRGSONPJAHDIGK,C=C1C=CC(=O)N(C)CC(=O)OC(CCCCCCCCCCCCC)C(C)C(=O)C(C)(O)C(=O)NCC(=O)N1;C=C1C=CC(=O)N(C)CC(=O)OC(CCCCCCCCCCCCC)C(C)C(=O)C(C)(O)C(O)=NCC(O)=N1;CCCCCCCCCCCCCC1OC(=O)CN(C)C(=O)C=CC(C)=NC(=O)CNC(=O)C(C)(O)C(=O)C1C
FGDFBDMCHJUKLV,2,FGDFBDMCHJUKLV;JUKPWJGBANNWMW,COC(=O)C1CC2=CC(=O)CCC2(C)C23OC2CC2(C)C(CCC24CCC(=O)O4)C13;COC(=O)C1C=C2CC(=O)CCC2(C)C23OC2CC2(C)C(CCC24CCC(=O)O4)C13
FGIDWNWFOFFNFU,2,FGIDWNWFOFFNFU;VSVUYWHJSOBUDT,CC=C1C2CC[N+]3([O-])CCC4(C(=C2C(=O)OC)Nc2ccccc24)C13;CC=C1C2CC[N+]3([O-])CCC4(C(=Nc5ccccc54)C2C(=O)OC)C13
FHVFUSPXGKLDPN,2,FHVFUSPXGKLDPN;WKUOPGZYLRFCHJ,CC(C)C(=O)OC1C2C(CC(C)C3C=CC(=O)C31C)OC(=O)C2C;CC(C)C(=O)OC1C2C(CC(C)C3=CCC(=O)C31C)OC(=O)C2C
FHZBEDFTENYYLS,2,FHZBEDFTENYYLS;MLEYBVBRIZGXRW,COC(=O)C1(C2OC(=O)CC2C)CC(=O)c2c(ccc(-c3ccc4c(c3O)C(=O)C3C(=O)CC(C)C(O)C3(C(=O)OC)O4)c2O)O1;COC(=O)C1(C2OC(=O)CC2C)CC(=O)c2c(ccc(-c3ccc4c(c3O)C(=O)C3=C(O)CC(C)C(O)C3(C(=O)OC)O4)c2O)O1
FIGJCWRLGOCHPH,2,FIGJCWRLGOCHPH;ZQRSWRVAAABQEF,C=CCC1C=C(C)CC(C)CC(O)C2OC(O)(C(=O)C(=O)N3CCCCC3C(=O)OC(C(C)=CC3CCC(O)C(OC)C3)C(C)C(O)CC1=O)C(C)CC2OC;C=CCC1=CC(C)CC(C)CC(O)C2OC(O)(C(=O)C(=O)N3CCCCC3C(=O)OC(C(C)=CC3CCC(O)C(OC)C3)C(C)C(O)CC1=O)C(C)CC2OC
FIVPIQADCOIIHF,2,FIVPIQADCOIIHF;FNPXMHRZILFCKX,CCOC(=O)OC1(C(=O)COC(=O)CC)CCC2C3CCC4=CC(=O)C=CC4(C)C3C(O)CC21C;CCOC(=O)OC1(C(=O)COC(=O)CC)CCC2C3CC=C4CC(=O)C=CC4(C)C3C(O)CC21C
FJKNKUURUXGVND,2,FJKNKUURUXGVND;LEDBLXKSQNTAKZ,Cc1cc(O)cc(=O)n1CCCC(=O)N1CCCC1c1nc2ccccc2n1C(C)C;Cc1cc(=O)cc(O)n1CCCC(=O)N1CCCC1c1nc2ccccc2n1C(C)C
FJSBPLZRTNYNSX,2,FIVNBWKMIJROKK;FJSBPLZRTNYNSX,CCC=CC=CC1(C)OC(CC(CO)OC)=CC1=O;CCC=CC=CC1(C)OC(=CC(CO)OC)CC1=O
FJSUWTJAYNCXES,2,FJSUWTJAYNCXES;IHLWXZNPOVMUFQ,CC(O)=NCCc1ccc(O)c(-c2c(O)c(O)c3c(c2O)C(=O)c2c(cc(O)c(C(=O)O)c2C(=O)O)C3=O)c1;CC(=O)NCCc1ccc(O)c(-c2c(O)c(O)c3c(c2O)C(=O)c2c(cc(O)c(C(=O)O)c2C(=O)O)C3=O)c1;CC(=O)NCCc1ccc(O)c(C2C(=O)C(=O)c3c(c(O)c4c(C(=O)O)c(C(=O)O)c(O)cc4c3O)C2=O)c1
FKDBRHZVPVRACZ,2,CELZEZYUAVUZRU;FKDBRHZVPVRACZ,CCCCCCCCCCCC(O)=C1C(=O)C(C)N(C)C1=O;CCCCCCCCCCCC(=O)c1c(O)c(C)n(C)c1O
FKNLUSFWXHXGIN,2,FKNLUSFWXHXGIN;QNUUYJZICNRMSA,Cn1cc2c3c1C(=O)C(N)=C(Cl)C3=NCC2;Cn1cc2c3c1C(=O)C(=N)C(Cl)C3=NCC2
FKVCWKSZFUZOPJ,2,FKVCWKSZFUZOPJ;SDQGXNQDYJJFFE,CC=C(C)C(=O)OC1CC(C)=C2C(=O)C=C(C)C2C2OC(=O)C(C)(OC(=O)C=C(C)C)C12;CC=C(C)C(=O)OC1C=C(C)C2=C(C(C)CC2=O)C2OC(=O)C(C)(OC(=O)C=C(C)C)C12
FLDPBMANMDLQTH,2,FLDPBMANMDLQTH;YASAKCUCGLMORW,CN(CCOc1ccc(CC2SC(=O)NC2=O)cc1)c1ccccn1;CN(CCOc1ccc(CC2SC(=O)N=C2O)cc1)c1ccccn1;CN(CCOc1ccc(Cc2sc(=O)[nH]c2O)cc1)c1ccccn1
FLMIOANAVARRAD,2,FLMIOANAVARRAD;WZPBZJONDBGPKJ,CC1C(NC(=O)C(=NOC(C)(C)C(=O)O)c2csc(N)n2)C(=O)N1S(=O)(=O)O;CC1C(=NC(=O)C(NOC(C)(C)C(=O)O)c2csc(N)n2)C(=O)N1S(=O)(=O)O
FLRKHYUQMPGATP,2,FLRKHYUQMPGATP;WTURHHSEHGCTBS,CC(=O)OC1CC2C(C=C(C)C(=O)C3(O)CC(C)C(OC(=O)c4ccccc4)C3C=C1C)C2(C)C;CC(=O)OC1CC2C(=CC(C)C(=O)C3(O)CC(C)C(OC(=O)c4ccccc4)C3C=C1C)C2(C)C
FMHWJXXBEQKVHB,2,CJBZJZGULKATPY;FMHWJXXBEQKVHB,COc1c(O)cc2c(=O)c3c(O)cc(O)c(CC=C(C)C)c3oc2c1CC=C(C)C;COc1c(O)cc2c(=O)c3c(O)cc(O)c(CC=C(C)C)c3oc2c1C=CC(C)C
FMTRVMMVJVNHSF,2,FMTRVMMVJVNHSF;QQYQHZUMKAJTAA,CC1=CC(=O)C(O)C(C)=CC(CO)C(C)CC2C=C(C)C2CC1;CC1=CC(=O)C(=O)C(C)CC(CO)C(C)CC2C=C(C)C2CC1
FMWIGZBSYCRAKW,2,FMWIGZBSYCRAKW;MQHYCNRALPIGFM,CC1CCC2(OC1)OC1CC3C4C(O)C(=O)C5(O)C(O)C(O)C(O)C(O)C5(C)C4CCC3(C)C1C2C;CC1CCC2(OC1)OC1CC3C4C(=O)C(O)C5(O)C(O)C(O)C(O)C(O)C5(C)C4CCC3(C)C1C2C
FNBVPYHAXGLIBQ,2,FNBVPYHAXGLIBQ;HMUNAHGDBDCYKK,Cc1[nH]nc2c1C(c1ccc(O)cc1)C(C#N)=C(N)O2;Cc1[nH]nc2c1C(c1ccc(O)cc1)C(C#N)C(=N)O2
FOALFYDLPRPLMJ,2,FOALFYDLPRPLMJ;YZBAXVICWUUHGG,C[N+](C)([O-])CCNc1ccc(NCC[N+](C)(C)[O-])c2c1C(=O)c1c(O)ccc(O)c1C2=O;C[N+](C)([O-])CCNc1ccc(NCC[N+](C)(C)[O-])c2c(O)c3c(c(O)c12)C(=O)C=CC3=O
FOLRMBJDXPFMAO,2,AEFNHJDBIBMLSP;FOLRMBJDXPFMAO,COc1cccc(C2c3[nH]c4ccccc4c3CC3C(=O)N(c4ccccc4C(=O)N4CCCC4C(=O)O)C(=O)N32)c1;COc1cccc(C2c3[nH]c4ccccc4c3Cc3c(O)n(-c4ccccc4C(=O)N4CCCC4C(=O)O)c(=O)n32)c1
FPIGMGMXBTVUMN,2,FPIGMGMXBTVUMN;WJZFXCPBSLOUNH,CC(=O)OC12CC(C)C(O)C1C=C(COC1OC(CO)C(O)C(O)C1O)CCC1C(C=C(C)C2=O)C1(C)C;CC(=O)OC12CC(C)C(O)C1C=C(COC1OC(CO)C(O)C(O)C1O)CCC1C(=CC(C)C2=O)C1(C)C
FQCPPVRJPILDIK,2,FQCPPVRJPILDIK;HBDSHCUSXQATPO,O=C1Nc2ccccc2C1=C1Nc2ccccc2C1=NO;O=Nc1c(-c2c(O)[nH]c3ccccc23)[nH]c2ccccc12
FQHIMEKYPUAPEC,2,FQHIMEKYPUAPEC;YBXUUELSZBVEKX,COC(=O)C1=C2Nc3ccccc3C23CCN2CC=CC(C(C)OC(C)=O)(C1)C23;COC(=O)C1CC2(C(C)OC(C)=O)C=CCN3CCC4(C1=Nc1ccccc14)C32
FQJUYKKFXKKNHU,2,FQJUYKKFXKKNHU;QNLGNISMYMFVHP,CC(C)=CCc1cc(-c2coc3cc(O)c(CC=C(C)C)c(O)c3c2=O)cc(O)c1O;CC(C)=CCc1c(O)cc2occ(-c3cc(O)c(O)c(C=CC(C)C)c3)c(=O)c2c1O
FRAUFLZYRQFQFB,2,FRAUFLZYRQFQFB;HQFFZMGHAJTRBU,C=C1C=CC(=O)N(C)CC(=O)OC(CCCCCCCCCCCC(C)C)C(C)C(=O)C(C)(O)C(=O)NCC(=O)N1;CC1=CCC(=O)N(C)CC(=O)OC(CCCCCCCCCCCC(C)C)C(C)C(=O)C(C)(O)C(=O)N=CC(=O)N1
FRMQRDZATLVXNN,2,FRMQRDZATLVXNN;QJKBUSGUNXZSRG,CC(CCCO)C1CCC2C3CCC4=CC(=O)CCC4(C)C3CCC12C;CC(CCCO)C1CCC2C3CC=C4CC(=O)CCC4(C)C3CCC12C
FRNCTTUBAHKEBZ,2,FRNCTTUBAHKEBZ;JFTNFUWYCWYMKW,COC(=O)c1[nH]ccc2c3ccccc3nc1-2;COC(=O)c1nccc2c1[nH]c1ccccc12
FRNUOGXEGATBQO,2,FRNUOGXEGATBQO;LEWZYXRJQLNBGU,COc1ccc(C2Nc3ccccc3NC3=C2C(=O)CC(c2ccccc2Cl)C3)cc1O;COc1ccc(C2Nc3ccccc3N=C3CC(c4ccccc4Cl)CC(=O)C32)cc1O
FRPTXWGWXWMVEH,2,FRPTXWGWXWMVEH;VYXXYRCQTBQDRW,Cc1ccccc1C1c2[nH]c3ccccc3c2CC2C(=O)N(c3ccccc3C(=O)NCCN3CCOCC3)C(=O)N21;Cc1ccccc1C1c2[nH]c3ccccc3c2Cc2c(O)n(-c3ccccc3C(=O)NCCN3CCOCC3)c(=O)n21
FSNKKGLKLSVLOB,2,FSNKKGLKLSVLOB;ZGRSXMWWGUOTAO,CC=CC=CC=CC(=O)NC(Cc1ccccc1)C(=O)NC1COC(=O)C2CC(C)CN2C(=O)C(C)NC(=O)C(C)N(C)C(=O)C2CCCN2C1=O;CC=CC=CCCC(=O)N=C(Cc1ccccc1)C(=O)NC1COC(=O)C2CC(C)CN2C(=O)C(C)NC(=O)C(C)N(C)C(=O)C2CCCN2C1=O
FSSVWWXJLHNOMP,2,ASOSVCXGWPDUGN;FSSVWWXJLHNOMP,CC1=CC(=O)C(C)O1;Cc1cc(O)c(C)o1
FTIUMRBREVALKG,2,FTIUMRBREVALKG;MAGQQZHFHJDIRE,CCCCCC=CC=CC(=O)NCC(C)C;CCCCCC=CC=CC(O)=NCC(C)C;CCCCC=CC=CCC(=O)NCC(C)C
FWLUICIOLGDYDK,2,FWLUICIOLGDYDK;GRTQHWQVNIGNKX,COc1cccc(C2c3[nH]c4ccccc4c3CC3C(=O)N(c4ccccc4C(=O)NCCCN4CCOCC4)C(=O)N32)c1;COc1cccc(C2c3[nH]c4ccccc4c3Cc3c(O)n(-c4ccccc4C(=O)NCCCN4CCOCC4)c(=O)n32)c1
FWPOSECRGQPCGI,2,FWPOSECRGQPCGI;SXUGSBCTMDLZPH,COc1ccc(OC)c(-c2[nH]c(C(=O)NCCCN3CCOCC3)cc3c4ccccc4nc2-3)c1;COc1ccc(OC)c(-c2nc(C(=O)NCCCN3CCOCC3)cc3c2[nH]c2ccccc23)c1
FXGZEEVXGIULJD,2,FXGZEEVXGIULJD;KWNGCDRVFPCQSZ,COc1cc(C2C(C#N)=C(N)Oc3n[nH]c(C(C)(C)C)c32)ccc1O;COc1cc(C2c3c(C(C)(C)C)n[nH]c3OC(=N)C2C#N)ccc1O
FXLQTCWYUQYUQR,2,FXLQTCWYUQYUQR;QIUASFSNWYMDFS,C=CCN(C=C1C(=O)OC(COC)C2(C)C1=C(O)C(=O)C1=C2C(OC(C)=O)CC2(C)C(=O)CCC12)CC=C;C=CCN(C=C1C(=O)OC(COC)C2(C)C3=C(C(=O)C(=O)C12)C1CCC(=O)C1(C)CC3OC(C)=O)CC=C
FXOAFDWOBHHEGF,2,BBRMJCAPNGJKEM;FXOAFDWOBHHEGF,CCCCCCCC=CC=CC(O)=NCC(C)C;CCCCCCCC=CC=CC(=O)NCC(C)C;CCCCCCC=CC=CCC(=O)NCC(C)C
FYMVLOXRVLSINK,2,FYMVLOXRVLSINK;XETDAWMNFAQXQO,CC1OC2CC(=O)OC2c2c1c(O)c1c(O)c(-c3cc(=O)c4c(=O)c5c(c(=O)c=4c3=O)C(C)OC3CC(=O)OC53)cc(O)c1c2O;CC1OC2CC(=O)OC2C2=C1C(=O)c1c(O)c(-c3cc(O)c4c(c3O)C(=O)C3=C(C4=O)C4OC(=O)CC4OC3C)cc(O)c1C2=O
FZCRTHCFRLWRIF,2,FZCRTHCFRLWRIF;TZESVTWNFDGIAW,COc1c(O)cc(C2C(C#N)=C(N)Oc3c2c(=O)oc2ccccc32)cc1[N+](=O)[O-];COc1c(O)cc(C2c3c(c4ccccc4oc3=O)OC(=N)C2C#N)cc1[N+](=O)[O-]
FZRXMFALLOWOSG,2,FZRXMFALLOWOSG;GPNGWOBKONOKJA,O=C1C([S+]([O-])c2ccc(Cl)cc2)=C(O)c2cccc3cccc1c23;O=C1c2cccc3cccc(c23)C(=O)C1[S+]([O-])c1ccc(Cl)cc1
GADFHZPEJJBGDD,2,GADFHZPEJJBGDD;RGCKGOZRHPZPFP,O=C1c2ccccc2C(=O)c2c1ccc(O)c2O;O=C1C=Cc2c(c(O)c3ccccc3c2O)C1=O
GASUXVPITUFARI,2,GASUXVPITUFARI;RRCGNPRHZQPOOT,CC(O)(CO)CCC(O)C(C)(O)C1CCC2(O)C3=CC(=O)C4CC(O)C(O)CC4(C)C3CCC12C;CC(O)(CO)CCC(O)C(C)(O)C1CCC2(O)C3=C(CCC12C)C1(C)CC(O)C(O)CC1C(=O)C3
GAXHFWNTPJWCSK,2,GAXHFWNTPJWCSK;WKPLWDFQTVJLIX,COC(=O)C(CO)C(O)CCCCC(C)CC(C)=CC(C)=CC(=O)O;COC(=O)C(CO)C(O)CCCCC(C)C=C(C)C=C(C)CC(=O)O
GBFMXJIPEWEABS,2,GBFMXJIPEWEABS;QMBJSIBWORFWQT,CC(=O)OC1(C(C)=O)CCC2C3C=C(Cl)C4=CC(=O)CCC4(C)C3CCC21C;CC(=O)OC1(C(C)=O)CCC2C3=CC(Cl)=C4CC(=O)CCC4(C)C3CCC21C
GBXVQEOEUSYSAR,2,GBXVQEOEUSYSAR;VPQRNZFGZFCEOA,CCOC(=O)C1=C(C)NC2=C(C(=O)CCC2)C1c1cc(Br)c(O)c(OC)c1;CCOC(=O)C1=C(C)N=C2CCCC(=O)C2C1c1cc(Br)c(O)c(OC)c1
GCSRZDMXELYPSR,2,GCSRZDMXELYPSR;YFCWSBIPWQILAA,N#CC1=C(N)Oc2c(c(=O)oc3ccccc23)C1c1cccc(Br)c1;N#CC1C(=N)Oc2c(c(=O)oc3ccccc23)C1c1cccc(Br)c1
GDFYOFRUCOXZJX,2,GDFYOFRUCOXZJX;ODTVTKNTHDWUIX,CC1=C(C(=O)Nc2cccc(C)n2)C(c2ccsc2)C2=C(CCCC2=O)N1;CC1=C(C(=O)Nc2cccc(C)n2)C(c2ccsc2)C2C(=O)CCCC2=N1
GEDOJGOURGMPBA,2,FJCUPROCOFFUSR;GEDOJGOURGMPBA,O=CC(O)C(O)C(OC1OC(CO)C(OC2OC(CO)C(OC3OC(CO)C(OC4OC(CO)C(O)C(O)C4O)C(O)C3O)C(O)C2O)C(O)C1O)C(O)CO;O=C(C(O)CO)C(OC1OC(CO)C(OC2OC(CO)C(OC3OC(CO)C(OC4OC(CO)C(O)C(O)C4O)C(O)C3O)C(O)C2O)C(O)C1O)C(O)CO
GEPDGLAYVMSSHX,2,ACXYAIZBAYFXGU;GEPDGLAYVMSSHX,CCCC1=C(C(=O)OCC)C(c2cc(Br)c(O)c(OC)c2)NC(O)=N1;CCCC1=NC(=O)NC(c2cc(Br)c(O)c(OC)c2)C1C(=O)OCC
GEVGPWJNGZPSJJ,2,GEVGPWJNGZPSJJ;GVKKJJOMQCNPGB,CC1COC2=C1C(=O)C(=O)c1c2ccc2c1CCCC2(C)C;C=C1COc2c1c(O)c(O)c1c3c(ccc21)C(C)(C)CCC3
GFFUFJRDSXHUKJ,2,GFFUFJRDSXHUKJ;JDTUMPKOJBQPKX,O=C(CO)C(O)C(O)C(O)C(O)COP(=O)(O)O;O=C(C(O)C(O)CO)C(O)C(O)COP(=O)(O)O
GFMGHHYHOFNBHB,2,GFMGHHYHOFNBHB;HFHZKZSRXITVMK,CCCCC1C(=O)N(c2ccccc2)N(c2ccc(O)cc2)C1=O;CCCCc1c(O)n(-c2ccc(O)cc2)n(-c2ccccc2)c1=O
GGCLNOIGPMGLDB,2,GGCLNOIGPMGLDB;NYOXRYYXRWJDKP,CC(C)CCCC(C)C1CCC2C3CC=C4CC(=O)CCC4(C)C3CCC12C;CC(C)CCCC(C)C1CCC2C3CCC4=CC(=O)CCC4(C)C3CCC12C
GHNUGJFRLZOCLT,2,GHNUGJFRLZOCLT;QAUFEYITPFCZGA,O=C(NCCN1CCOCC1)c1ccccc1N1C(=O)C2Cc3c([nH]c4ccccc34)C(c3ccccc3)N2C1=O;O=C(NCCN1CCOCC1)c1ccccc1-n1c(O)c2n(c1=O)C(c1ccccc1)c1[nH]c3ccccc3c1C2
GIEGFYVKVGBXMQ,2,GIEGFYVKVGBXMQ;IQWYAQCHYZHJOS,CN1C(=O)CN=C(C2=CCCCC2)c2cc(Cl)ccc21;CN1C(=O)C=NC(=C2CCCCC2)c2cc(Cl)ccc21
GIPXGLUHCZGBNN,2,CPMFRQHRPWPNMP;GIPXGLUHCZGBNN,CCC(C)C(O)C(C)(O)C=CC1=CC2=C(Cl)C(=O)C(C)(O)C(O)C2CO1;CCC(C)C(O)C(C)(O)C=CC1=CC2=C(CO1)C(O)C(C)(O)C(=O)C2Cl
GIWZEELPLKPYBA,2,GIWZEELPLKPYBA;LQKQLKMTJOMCMJ,CCCc1c(-c2ccccc2)nn(-c2ccccn2)c1O;CCCc1c(-c2ccccc2)[nH]n(-c2ccccn2)c1=O
GJFCONYVAUNLKB,2,GJFCONYVAUNLKB;UREBDLICKHMUKA,CC1CC2C3CCC4=CC(=O)C=CC4(C)C3(F)C(O)CC2(C)C1(O)C(=O)CO;CC1CC2C3CC=C4CC(=O)C=CC4(C)C3(F)C(O)CC2(C)C1(O)C(=O)CO
GJQZAVZVMZAKQC,2,GJQZAVZVMZAKQC;RLAMCBCLGQPCIW,N=C(O)c1cc(C(O)C=O)ccc1OC1OC(C(=O)O)C(O)C(O)C1O;NC(=O)c1cc(C(=O)CO)ccc1OC1OC(C(=O)O)C(O)C(O)C1O
GKLMLTJRFZBYPA,2,GKLMLTJRFZBYPA;NIYXMGSLECQTQT,C=C1C(=O)OC2C1CCC(C)=C1C(=O)C=C(CO)C12;C=C1C(=O)OC2C1CC=C(C)C1C(=O)C=C(CO)C12
GLDDJXYFHWRGPI,2,GLDDJXYFHWRGPI;SUFXXEIVBZJOAP,O=C1CC(c2ccc(N3CCOCC3)cc2)(c2ccsc2)NC(=O)C1Sc1ccccc1Cl;O=C1NC(c2ccc(N3CCOCC3)cc2)(c2ccsc2)CC(O)=C1Sc1ccccc1Cl
GLRYEFNRKJNSFB,2,GLRYEFNRKJNSFB;NCKLQXXBRWCYMA,CCC1(c2ccccc2)C2=CNNC2=NC2=C1C(=O)CC(C)(C)C2;CCC1(c2ccccc2)C2=C(CC(C)(C)CC2=O)Nc2[nH]ncc21;CCC1(c2ccccc2)c2c[nH]nc2N=C2CC(C)(C)CC(=O)C21
GMQFVRBNDLKBSV,2,GMQFVRBNDLKBSV;NCNPHJFRWXRNSW,CCC(=O)C1=C(NCCc2c(C)[nH]c3ccc(OCc4ccccc4)cc23)CC(c2ccccc2)CC1=O;CCC(=O)C1C(=O)CC(c2ccccc2)CC1=NCCc1c(C)[nH]c2ccc(OCc3ccccc3)cc12
GMXUCWWKTHWJBA,2,GMXUCWWKTHWJBA;JOTBQNZRZAUSBB,COC(=O)C1=C(C)Nc2sc(C(N)=O)c(N)c2C1c1cc(OC)c(OC)c(OC)c1;COC(=O)C1C(C)=Nc2sc(C(N)=O)c(N)c2C1c1cc(OC)c(OC)c(OC)c1
GNGACRATGGDKBX,2,GNGACRATGGDKBX;LXJXRIRHZLFYRP,O=CC(O)COP(=O)(O)O;O=C(CO)COP(=O)(O)O
GNSHTSGCUGMNBL,2,GNSHTSGCUGMNBL;IYEHRWJNUWAXAD,CCC=CCC1C=CC(=O)C1CCCCCCCC(=O)O;CCC=CC=C1CCC(=O)C1CCCCCCCC(=O)O
GNSVLCDRVBSQFK,2,GNSVLCDRVBSQFK;SQTZIZRZYBUMMV,Cc1c(NN=C2C(O)=NC(=O)N=C2O)cccc1[N+](=O)[O-];Cc1c(N=Nc2c(O)[nH]c(=O)[nH]c2=O)cccc1[N+](=O)[O-]
GNTLBHXIXYCKMV,2,GNTLBHXIXYCKMV;XANZFICLJFFUKG,COc1ccc2c(O)c([N+](=O)[O-])c(=O)oc2c1;COc1ccc2c(=O)c([N+](=O)[O-])c(O)oc2c1
GNVOKCURJPYONL,2,GNVOKCURJPYONL;MMLDHJRGTZHNHV,O=C(NC1CC1)C(=O)C(Cc1ccccc1)NC(=O)C1CCC(=O)N1Cc1ccccc1;O=C(NC(Cc1ccccc1)C(O)C(=O)NC1CC1)c1ccc(O)n1Cc1ccccc1
GODJMHBXPZFJCV,2,GODJMHBXPZFJCV;PSXQJZDFWDKBIP,CC(CCCC(C)C1CCC2C3CCC4=CC(=O)CCC4(C)C3CCC12C)C(=O)O;CC(CCCC(C)C1CCC2C3CC=C4CC(=O)CCC4(C)C3CCC12C)C(=O)O
GOJRHLKLWMSXMB,2,GGWHBJGBERXSLL;GOJRHLKLWMSXMB,CCCC(=NOCC)C1=C(O)CC(C2CCCSC2)CC1=O;CCCC(=NOCC)C1C(=O)CC(C2CCCSC2)CC1=O
GQAFVLSFQHDGSV,2,GQAFVLSFQHDGSV;ZIVLQBGWHQHVTC,N#CC1=C(N)Oc2oc3cc(Cl)ccc3c(=O)c2C1c1ccccc1;N#CC1C(=N)Oc2oc3cc(Cl)ccc3c(=O)c2C1c1ccccc1
GRLPXIBTBJOEED,2,GRLPXIBTBJOEED;QPOMKOZJVOVZPQ,C=C1CCC2C(C)(CO)C(OC3OC(CO)C(O)C(O)C3O)CCC2(C)C1C(=O)CC1=CCOC1=O;CC1=C(C(=O)C=C2CCOC2=O)C2(C)CCC(OC3OC(CO)C(O)C(O)C3O)C(C)(CO)C2CC1
GRNFHFPTLWZQTQ,2,GRNFHFPTLWZQTQ;OSFCFXQMAHURHU,O=C1c2c(cc(O)c(C3OC(CO)C(O)C(O)C3O)c2O)OC(c2ccc(O)c(O)c2)C1O;O=C1C(O)c2c(cc(O)c(C3OC(CO)C(O)C(O)C3O)c2O)OC1c1ccc(O)c(O)c1
GRZAUXJKSWFZCU,2,FBVFZWUMDDXLLG;GRZAUXJKSWFZCU,O=C1C2CCCCC2C(=O)N1CCCCN1CCN(c2nsc3ccccc23)CC1;Oc1c2c(c(O)n1CCCCN1CCN(c3nsc4ccccc34)CC1)CCCC2
GSEWODUYOOBDMD,2,GSEWODUYOOBDMD;SWWVFYHSSOWZMF,CC1=C(C(=O)OC2CCCCC2)C(c2ccc([N+](=O)[O-])cc2)C2=C(CC(C)(C)CC2=O)N1;CC1=C(C(=O)OC2CCCCC2)C(c2ccc([N+](=O)[O-])cc2)C2C(=O)CC(C)(C)CC2=N1
GSRYMEGAFNORST,2,FLGGZSYODYRWKA;GSRYMEGAFNORST,C#CCOC(=O)C1(C)CCC2(C)CCC3(C)C(=CC(=O)C4C5(C)CCC(OC(C)=O)C(C)(C)C5CCC43C)C2C1;C#CCOC(=O)C1(C)CCC2(C)CCC3(C)C(=C2C1)CC(=O)C1C2(C)CCC(OC(C)=O)C(C)(C)C2CCC13C
GTEZGWRJBVMNTO,2,GFPAMSMSSWZPFE;GTEZGWRJBVMNTO,O=C(O)CNC(=O)CC1SC(=NN=Cc2c(-c3ccccc3)[nH]c3ccccc23)NC1=O;O=C(O)CNC(=O)Cc1sc(NN=Cc2c(-c3ccccc3)[nH]c3ccccc23)nc1O
GTXJPUZLSHYCHH,2,AEKPZNDJHWFONI;GTXJPUZLSHYCHH,COC(=O)C1(Cc2ccc(O)cc2)OC(=O)C(O)=C1c1ccc(O)cc1;COC(=O)C1(Cc2ccc(O)cc2)OC(=O)C(=O)C1c1ccc(O)cc1
GTXZTKMMFNOOMW,2,GTXZTKMMFNOOMW;MRPJBTFHICBFNE,COc1cc(O)c2c(c1)OC(c1ccc(O)c(O)c1)C(O)C2=O;COc1cc(O)c2c(c1)OC(c1ccc(O)c(O)c1)C(=O)C2O
GUMYCIPKCIJPNV,2,GUMYCIPKCIJPNV;OKXVTYXMGOFJFT,CC1(C)CC(=O)C2=C(C1)OC1=C(C(=O)CC(C)(C)C1)C2c1ccc(O)cc1O;CC1(C)C=C2OC3=C(C(=O)CC(C)(C)C3)C(c3ccc(O)cc3O)C2C(=O)C1
GUWANAIOLGNGNK,2,GUWANAIOLGNGNK;WSEYCFRTHRBUAY,CCOc1ccc(C(O)=Nc2c(C)nc3ncnn3c2O)cc1OCC;CCOc1ccc(C(=O)Nc2c(C)[nH]c3ncnn3c2=O)cc1OCC
GVODYIATQUUPAG,2,GVODYIATQUUPAG;KNDPLJZJPQWOMQ,CC=C(C)C1C(C)=CC2C(O)CCC(C)C2C1C=CC=CC(=O)O;CC=C(C)C1C(C)=CC2C(O)CCC(C)C2C1=CC=CCC(=O)O
GWWXUPZJMZQFHK,2,GWWXUPZJMZQFHK;ZMOXNUGOJSHBRR,CCC(C)C(O)C(C)(O)C=CC1=CC2=CC(=O)C(C)(O)C(O)C2CO1;CCC(C)C(O)C(C)(O)C=CC1=CC2=C(CO1)C(O)C(C)(O)C(=O)C2
GXAHUZMCACKPFI,2,DBXFAPJCZABTDR;GXAHUZMCACKPFI,CC=C(C)C(=O)NC(c1ccccc1)C(O)C(=O)OC1CC2(O)C(OC(=O)c3ccccc3)C3C4(OC(C)=O)COC4CC(O)C3(C)C(=O)C(OC(C)=O)C(=C1C)C2(C)C;CC=C(C)C(O)=NC(c1ccccc1)C(O)C(=O)OC1CC2(O)C(OC(=O)c3ccccc3)C3C4(OC(C)=O)COC4CC(O)C3(C)C(=O)C(OC(C)=O)C(=C1C)C2(C)C;CCC(C)C(=O)NC(C(=O)C(=O)OC1CC2(O)C(OC(=O)c3ccccc3)C3C4(OC(C)=O)COC4CC(O)C3(C)C(=O)C(OC(C)=O)=C(C1C)C2(C)C)c1ccccc1
GXLWPTUCVZRTBQ,2,GVQIFYBFFGQRGS;GXLWPTUCVZRTBQ,O=C(O)c1c2[nH]c3ccccc3nc-2ccc1=O;O=C(O)c1c(O)ccc2nc3ccccc3nc12
GXRPWZGDLHUYHF,2,GXRPWZGDLHUYHF;WFHOTQAGTMXRSX,CCOc1cc(C2C(C(=O)OC)=C(C)NC3=C2C(=O)CC(c2ccc(OC)cc2)C3)cc(Br)c1O;CCOc1cc(C2C(C(=O)OC)=C(C)N=C3CC(c4ccc(OC)cc4)CC(=O)C32)cc(Br)c1O
GZEJZYHQGMIMCZ,2,FQACVCUXLWECJC;GZEJZYHQGMIMCZ,CC(C)OC(=O)C1=C(N)Oc2c(oc(CO)cc2=O)C1c1c(Cl)cccc1Cl;CC(C)OC(=O)C1C(=N)Oc2c(oc(CO)cc2=O)C1c1c(Cl)cccc1Cl
GZQGQLZRQAZCQE,2,GYBNSBLUKWPBKZ;GZQGQLZRQAZCQE,Cc1cc(N2C(=O)C3CCC(c4ccccc4)CC3C2=O)no1;Cc1cc(-n2c(O)c3c(c2O)CC(c2ccccc2)CC3)no1
HABABBJHFQFUCQ,2,HABABBJHFQFUCQ;MRTYYJWDYPABSE,CC1=C(CCC(C)OC2OC(CO)C(O)C(O)C2O)C(C)(C)CCC1=O;CC(CC=C1C(C)C(=O)CCC1(C)C)OC1OC(CO)C(O)C(O)C1O
HADLBOQQDXNKKQ,2,HADLBOQQDXNKKQ;KKNXLCGOZLVUHL,CC(C)=CCC1(CC=C(C)C)C(=O)C(O)=C(O)C1=O;CC(C)=CCC1(CC=C(C)C)C(=O)C(=O)C(=O)C1O
HBDGRBJTTWMKEF,2,HBDGRBJTTWMKEF;KAXRAXSOOYOTKP,Cc1ccc(C(C)C)c(OCC(=O)NNC2=C(C(=O)C(F)(F)F)CCC2)c1;Cc1ccc(C(C)C)c(OCC(=O)NN=C2CCCC2C(=O)C(F)(F)F)c1
HBTLQMKVKXQBDG,2,HBTLQMKVKXQBDG;QVNXPWJNUKKMHP,COC(=O)C1=C2Nc3ccccc3C23CCN2CC4OC4C(C(C)O)(C1)C23;COC(=O)C1CC2(C(C)O)C3OC3CN3CCC4(C1=Nc1ccccc14)C32
HCDAFONQLVLJHP,2,DSRCZNGREFZFFL;HCDAFONQLVLJHP,CCOC(=O)C1=C(N)Oc2c(c(=O)oc3ccccc23)C1c1cccnc1;CCOC(=O)C1C(=N)Oc2c(c(=O)oc3ccccc23)C1c1cccnc1
HCYPCARBSOOLOX,2,HCYPCARBSOOLOX;YFPLUTJZUXLEEA,Cc1ccccc1C1c2[nH]c3ccccc3c2CC2C(=O)N(c3ccccc3C(=O)NCCCN3CCOCC3)C(=O)N21;Cc1ccccc1C1c2[nH]c3ccccc3c2Cc2c(O)n(-c3ccccc3C(=O)NCCCN3CCOCC3)c(=O)n21
HDOVLPFABNJQJO,2,HDOVLPFABNJQJO;NRNCYVBFPDDJNE,NC1=NC(=O)C(c2ccccc2)O1;N=C1N=C(O)C(c2ccccc2)O1;Nc1nc(O)c(-c2ccccc2)o1
HDUDJHXANSNDLI,2,HDUDJHXANSNDLI;URTDJWMAWZTAIX,CCCCC(=O)C1=C(NCCc2c(C)[nH]c3ccc(OCc4ccccc4)cc23)CC(c2ccccc2)CC1=O;CCCCC(=O)C1C(=O)CC(c2ccccc2)CC1=NCCc1c(C)[nH]c2ccc(OCc3ccccc3)cc12
HFLBXLIRUCSXJU,2,RBTNARRBWGUBEI;WJZHVBZSCOLDKV,O=c1[nH]c(O)c(C=C2C=Nc3ccccc32)[nH]1;OC1=NC(=Cc2c[nH]c3ccccc23)C(O)=N1
HFXNJJSIIJIEIS,2,HFXNJJSIIJIEIS;HVAVEUHAOCVIPN,CCCc1c(CC=C(C)CC=CC(C)C)[nH]c(=O)c(C)c1O;CCCc1c(C=CC(C)CC=CC(C)C)[nH]c(=O)c(C)c1O
HFZOGYBDYPJOJM,2,HFZOGYBDYPJOJM;XJQDQLROSDUFQM,CCCOc1ccc(C(O)=C2C(=O)C(=O)N(CCCn3ccnc3)C2c2ccc(C)o2)cc1;CCCOc1ccc(C(=O)C2C(=O)C(=O)N(CCCn3ccnc3)C2c2ccc(C)o2)cc1
HGOYXKUUBOUAGQ,2,FABHTQBBYDEWAK;HGOYXKUUBOUAGQ,CC(CCC(=O)OC(C(O)C=O)C(O)C(O)CO)C1CCC2C3C(O)CC4CC(O)CCC4(C)C3CCC12C;CC(CCC(=O)OC(C(=O)CO)C(O)C(O)CO)C1CCC2C3C(O)CC4CC(O)CCC4(C)C3CCC12C
HGWDINUQUBZCLU,2,FUQKGAWRINVOJB;HGWDINUQUBZCLU,COc1ccc(OC)c(C2NC(=S)NC(C)=C2C(=O)OC2CCC(C)C(C)C2)c1;COc1ccc(OC)c(C2NC(=S)N=C(C)C2C(=O)OC2CCC(C)C(C)C2)c1
HHAJYXVGFTWEON,2,HHAJYXVGFTWEON;JPSRTIPVKBXNMI,COc1ccc(C2CC(=O)C3=C(C2)Nc2ccccc2NC3c2ccncc2)cc1;COc1ccc(C2CC(=O)C3C(=Nc4ccccc4NC3c3ccncc3)C2)cc1
HHMJEEJFKSUMIQ,2,CAFFMLWUOKJJOO;HHMJEEJFKSUMIQ,COc1cc(C2NC(O)=NC(C)=C2C(=O)OC2CCC(C)CC2)ccc1O;COc1cc(C2NC(=O)N=C(C)C2C(=O)OC2CCC(C)CC2)ccc1O
HIJAIUAMGKFJNQ,2,HIJAIUAMGKFJNQ;NTCKKRUZZHJSGL,COc1cc(C2C(C#N)=C(N)Oc3n[nH]c(C(C)C)c32)cc2c1OCO2;COc1cc(C2c3c(C(C)C)n[nH]c3OC(=N)C2C#N)cc2c1OCO2
HIQYFEBMHDFUID,2,HIQYFEBMHDFUID;XLTANAWLDBYGFU,CCN1CC2(COC(=O)c3ccccc3N3C(=O)CC(C)C3=O)CCC(OC)C34C5CC6C(OC)CC(O)(C5C6OC)C(O)(C(OC)C23)C14;CCN1CC2(COC(=O)c3ccccc3-n3c(O)cc(C)c3O)CCC(OC)C34C5CC6C(OC)CC(O)(C5C6OC)C(O)(C(OC)C23)C14
HJARACQGFSZXII,2,FUOQAYXHADBSHX;HJARACQGFSZXII,CCOc1cc(C2C(C(=O)OCCOC(C)C)=C(C)NC3=C2C(=O)CC(c2ccc(OC)c(OC)c2)C3)ccc1O;CCOc1cc(C2C(C(=O)OCCOC(C)C)=C(C)N=C3CC(c4ccc(OC)c(OC)c4)CC(=O)C32)ccc1O
HJMATBDGCKEHQI,2,HJMATBDGCKEHQI;VPGRYOFKCNULNK,CC(=O)OCC(=O)C1CCC2C3CCC4=CC(=O)CCC4(C)C3CCC12C;CC(=O)OCC(=O)C1CCC2C3CC=C4CC(=O)CCC4(C)C3CCC12C
HJQMCDSPRPSRDC,2,HJQMCDSPRPSRDC;SIMYSVHBWCLMHU,O=C(Nn1cnnc1)c1ccc(N2C(=O)C3C4C=CC(C4)C3C2=O)cc1;O=C(Nn1cnnc1)c1ccc(-n2c(O)c3c(c2O)C2C=CC3C2)cc1
HJTVQHVGMGKONQ,2,HJTVQHVGMGKONQ;UEPVWRDHSPMIAZ,COc1cc(C=CC(=O)CC(=O)C=Cc2ccc(O)cc2)ccc1O;COc1cc(C=CC(O)=CC(=O)C=Cc2ccc(O)cc2)ccc1O
HJVIUZHNRJYUTG,2,HJVIUZHNRJYUTG;KMXKUZAFSGQYGL,C=Cc1[nH]cc(OC)c2c3ccccc3nc1-2;C=Cc1ncc(OC)c2c1[nH]c1ccccc12
HLIAQHIQUMETAS,2,DIIBOMKFBXNXFN;HLIAQHIQUMETAS,CCCCOc1ccccc1C1C(C(=O)OCc2ccccc2)=C(N)Oc2cc(C)oc(=O)c21;CCCCOc1ccccc1C1c2c(cc(C)oc2=O)OC(=N)C1C(=O)OCc1ccccc1
HLXHEGJDRGOBJU,2,HLXHEGJDRGOBJU;IWIISBMWNKBQQH,CC=CCC(C)CC(C)C(O)=C1C(=O)NC(C(O)c2ccc(O)cc2)C1=O;CC=CCC(C)CC(C)C(=O)c1c(O)[nH]c(C(O)c2ccc(O)cc2)c1O
HMJSBVCDPKODEX,2,HMJSBVCDPKODEX;ZMGUKFHHNQMKJI,COc1ccc(C=CC(=O)C=C(O)C=Cc2ccc(OC)c(OC)c2)cc1OC;COc1ccc(C=CC(=O)CC(=O)C=Cc2ccc(OC)c(OC)c2)cc1OC
HMVBKWJHWNRQGB,2,HMVBKWJHWNRQGB;QWSYKJZSJYRUSS,CC(C=CC=C(CO)C(N)=O)C(O)C(C)C(O)C(C)C1OC2(C)CCC(O2)C1C;CC(=CC=CC(CO)C(N)=O)C(O)C(C)C(O)C(C)C1OC2(C)CCC(O2)C1C
HMWBVXRIMOMPSB,2,HMWBVXRIMOMPSB;MNEODYFHQBZJNQ,CCOC(=O)c1c(Nc2ccccc2Cl)oc(C=C2C=Nc3ncccc32)c1O;CCOC(=O)C1C(=O)C(=Cc2c[nH]c3ncccc23)OC1=Nc1ccccc1Cl
HNBHFEHAJNMFKF,2,DXWHOKCXBGLTMQ;HNBHFEHAJNMFKF,CC1=C(C)C(=O)OC(C(C)(O)C2CCC3C4C5OC5C5(O)CC=CC(=O)C5(C)C4CCC32C)C1;CC1=C(C)C(=O)OC(C(C)(O)C2CCC3C4C5OC5C5(O)C=CCC(=O)C5(C)C4CCC32C)C1
HOPZWKBQZZDSHF,2,FXUFRJQCBVSCRZ;HOPZWKBQZZDSHF,CCC12C=CCN3CCC4(C(=C(C(=O)OC)C1)Nc1cc(O)ccc14)C32;CCC12C=CCN3CCC4(C(=Nc5cc(O)ccc54)C(C(=O)OC)C1)C32
HOSKZAVLPRXMPO,2,HOSKZAVLPRXMPO;WJMFXQBNYLYADA,O=C(O)C1=Cc2cc(O)c(O)cc2C(c2ccc(O)c(O)c2)C1C(=O)O;OC(O)=c1cc2cc(O)c(O)cc2c(-c2ccc(O)c(O)c2)c1=C(O)O
HPCYLKHVBKUWOD,2,HPCYLKHVBKUWOD;ZLLSJSCMMZBYRY,C=CC(C)(C)c1[nH]c2c3c(ccc2c1CC1NC(=O)C2=CCCN2C1=O)OC(C)(C)C=C3;C=CC(C)(C)c1[nH]c2c3c(ccc2c1Cc1nc(O)c2n(c1=O)CCC2)OC(C)(C)C=C3
HPFDVAWKKSVJQU,2,HPFDVAWKKSVJQU;QPRFPNXSPLHEGF,CC1=NN(c2ccccc2)C(=O)C1C(=NNC(=O)c1ccc(Cl)cc1)C(F)(F)F;Cc1[nH]n(-c2ccccc2)c(=O)c1C(=NNC(=O)c1ccc(Cl)cc1)C(F)(F)F
HPHUUJBAOOTVNM,2,HPHUUJBAOOTVNM;XIQAYEHIMANYLW,O=C1NC2=C(C(=O)N(CC3CCCO3)C2)C(c2ccccc2Cl)N1;O=C1N=C2CN(CC3CCCO3)C(=O)C2C(c2ccccc2Cl)N1
HPROWNGJLHZLKK,2,HPROWNGJLHZLKK;IPWPEUJWMOPJDG,CC(C)=CCc1c(O)cc(O)c2c1OC(c1ccc(O)cc1)C(O)C2=O;CC(C)=CCc1c(O)cc(O)c2c1OC(c1ccc(O)cc1)C(=O)C2O
HQEFXKCRJVEWNU,2,AJFWITSBVLLDCC;HQEFXKCRJVEWNU,CC(C)c1nc2c([nH]1)C(=O)C(=O)c1ccccc1-2;C=C(C)c1nc2c(O)c(O)c3ccccc3c2[nH]1
HQEYKJDKEHKCAO,2,HQEYKJDKEHKCAO;ZOTWMSRUNUERKM,CC1(C)CC(=O)C2=C(C1)NC1=C(C(=O)CC(C)(C)C1)C2c1ccccc1OCc1ccccc1Cl;CC1(C)C=C2N=C3CC(C)(C)CC(=O)C3C(c3ccccc3OCc3ccccc3Cl)C2C(=O)C1
HQGKUJZDEUTMLT,2,HQGKUJZDEUTMLT;YLIUZRWENFNXMA,CC(=O)c1cc(C)c(O)c(CC2=C(O)C(C)OC2=O)c1O;CC(=O)c1cc(C)c(O)c(Cc2c(O)oc(C)c2O)c1O
HRJQXKNZNXFXNI,2,HRJQXKNZNXFXNI;SIFLWUIQICACCC,CCn1cc(C2C(C(=O)Nc3cc(C)ccn3)=C(C)NC3=C2C(=O)CC(C)(C)C3)c(C)n1;CCn1cc(C2C(C(=O)Nc3cc(C)ccn3)=C(C)N=C3CC(C)(C)CC(=O)C32)c(C)n1
HRMRFDICIWSDDC,2,HRMRFDICIWSDDC;UTGBBPSEQPITLF,CC1=CCC2(C)C(=O)C(O)=C(C(C)CO)C2CC=C(C)C(O)CCC(C)=CCC1;CC1=CCC2(C)C(=O)C(=O)C(=C(C)CO)C2CCC(C)C(O)CCC(C)=CCC1
HSRJFQIALKITBQ,2,HSRJFQIALKITBQ;ZGUNMNCNGJXADK,CC(C)CC(C1=C(O)C(C)(C)C(=O)C(C)(C)C1=O)c1c(O)cc(O)c(C(=O)C(C)C)c1O;CC(C)CC(c1c(O)cc(O)c(C(=O)C(C)C)c1O)C1C(=O)C(C)(C)C(=O)C(C)(C)C1=O
HTLACEZDKVHAAD,2,HTLACEZDKVHAAD;ZAWXOCUFQSQDJS,CC1CC(=O)c2c(ccc3c2C(=O)c2cccc(O)c2C3=O)C1;Cc1cc(O)c2c(ccc3c(O)c4c(O)cccc4c(O)c32)c1
HTLAJHOBLXWCJO,2,HTLAJHOBLXWCJO;MLTDCNGICDWACF,COc1cc(C2Nc3ccc4ccccc4c3C3=C2C(=O)CC(C)(C)C3)ccc1OCc1ccccc1;COc1cc(C2N=c3ccc4ccccc4c3=C3CC(C)(C)CC(=O)C32)ccc1OCc1ccccc1
HUCNOYBFZPBCKM,2,HUCNOYBFZPBCKM;VRRHHTISESGZFN,CC(=O)C1=CCC2C3CCC4=CC(=O)CCC4(C)C3CCC12C;CC(=O)C1=CCC2C3CC=C4CC(=O)CCC4(C)C3CCC12C
HUIDWIYMNSZSIZ,2,HUIDWIYMNSZSIZ;SNXUWOKRCVICFV,COc1ccccc1-c1[nH]c(C(=O)NCC2CCCO2)cc2c3ccccc3nc1-2;COc1ccccc1-c1nc(C(=O)NCC2CCCO2)cc2c1[nH]c1ccccc12
HUIYQDPOQUVMPX,2,CMFBGFRHPQTELQ;HUIYQDPOQUVMPX,O=C(O)C(=C1OC(=O)C(c2ccccc2)=C1O)c1ccccc1;O=C(O)C(=C1OC(=O)C(c2ccccc2)C1=O)c1ccccc1
HULPONUAINYLQQ,2,HULPONUAINYLQQ;VDJHFHXMUKFKET,CC=C(C)C(=O)OC1C(C)=CC23C(=O)C(C=C(CO)C(O)C12O)C1C(CC3C)C1(C)C;CC=C(C)C(=O)OC1C(C)=CC23C(=O)C(=CC(CO)C(O)C12O)C1C(CC3C)C1(C)C
HUYVOKGTJJWNAG,2,FBRAWBYQGRLCEK;HUYVOKGTJJWNAG,CCCC(=O)OC1(C(=O)CCl)C(C)CC2C3CCC4=CC(=O)C=CC4(C)C3(F)C(=O)CC21C;CCCC(=O)OC1(C(=O)CCl)C(C)CC2C3CC=C4CC(=O)C=CC4(C)C3(F)C(=O)CC21C
HVFMPBVKLPHTAE,2,HVFMPBVKLPHTAE;MEHHPFQKXOUFFV,CC12C=CC3=C4CCC(=O)C=C4CCC3C1CCC2O;CC12C=CC3=C(CC=C4CC(=O)CCC43)C1CCC2O
HVFOSRLQFFYGMP,2,HVFOSRLQFFYGMP;XSMQKIDAEVUBHU,O=C(NCCCN1CCOCC1)c1cc2c3ccccc3nc-2c(-c2cccc(Br)c2)[nH]1;O=C(NCCCN1CCOCC1)c1cc2c([nH]c3ccccc32)c(-c2cccc(Br)c2)n1
HVLSFHWTAQKQMC,2,HVLSFHWTAQKQMC;OXZGFGFICRZIFY,C=C(C)C1CC2(C)C(=CC1=O)C1OC1C(O)C2C;CC(C)=C1CC2(C)C(=CC1=O)C1OC1C(O)C2C
HVQQWRLHZPHINH,2,HVQQWRLHZPHINH;ZIAXNZCTODBCKW,CC=CN=C(O)C1N=C(O)C(CC(=N)O)N=C(O)C(NC(=O)C(=O)C(C)CC)Cc2ccc(O)c(c2)-c2cccc3c2NC(=O)C3(O)C1O;CC=CNC(=O)C1NC(=O)C(CC(N)=O)NC(=O)C(NC(=O)C(=O)C(C)CC)Cc2ccc(O)c(c2)-c2cccc3c2NC(=O)C3(O)C1O;CCC=NC(=O)C1NC(=O)C(CC(N)=O)NC(=O)C(NC(=O)C(=O)C(C)CC)Cc2ccc(O)c(c2)-c2cccc3c2NC(=O)C3(O)C1O
HWEJNHCHMKSFET,2,HWEJNHCHMKSFET;JUXUXBIHGDQKND,CC(C)C(=O)c1c(O)cc(O)c(C(C2=C(O)C(C)(C)C(=O)C(C)(C)C2=O)C(C)C)c1O;CC(C)C(=O)c1c(O)cc(O)c(C(C(C)C)C2C(=O)C(C)(C)C(=O)C(C)(C)C2=O)c1O
HWOXPDXAZSXCLN,2,HWOXPDXAZSXCLN;XZIMIWQJQOVUFT,CCC1OC2(CC(=O)O)Cc3cc4c(c(O)c3C(O2)C1C)C(O)C(O)C(O)C4=O;CCC1OC2(CC(=O)O)CC3Cc4c(O)c(O)c(O)c(O)c4C(=O)C3C(O2)C1C
HWRHJPKHCDCMJV,2,HWRHJPKHCDCMJV;KAMJEJATROMPAT,C=C1CCC=C(CO)C(=O)CC2C1CC2(C)COC(C)=O;C=C1CC=CC(CO)C(=O)CC2C1CC2(C)COC(C)=O
HWXXYEUEWBGOCT,2,HWXXYEUEWBGOCT;QCQACYPNQZJHQN,CC(=O)OCC1=CC2C3C(C)(C)C3(OC(=O)C(C)C(C)C)CC(C)C2(O)C2C=C(C)C(=O)C2C1;CC(=O)OCC1=CC2C3C(C)(C)C3(OC(=O)C(C)C(C)C)CC(C)C2(O)C2=C(C1)C(=O)C(C)C2
HXAWZQYYOYWZSJ,2,HXAWZQYYOYWZSJ;UMVSOHBRAQTGQI,C=C1C(=O)OC2C3C(CO)=CC(=O)C3=C(C)CC(OC(=O)Cc3ccc(O)cc3)C12;C=C1C(=O)OC2C1C(OC(=O)Cc1ccc(O)cc1)C=C(C)C1C(=O)C=C(CO)C12
HXNKELFWWRCPJS,2,HXNKELFWWRCPJS;ZUBNLMZFJLOBGU,CCOc1cc(C2C(C(=O)OCCSCC)=C(C)NC3=C2C(=O)CC(c2ccc(Cl)cc2)C3)ccc1O;CCOc1cc(C2C(C(=O)OCCSCC)=C(C)N=C3CC(c4ccc(Cl)cc4)CC(=O)C32)ccc1O
HXQGCFPOLHEKIO,2,HXQGCFPOLHEKIO;NCLGVWTUJZAGRW,CCOC(=O)C1=C(c2ccccc2)N=C(S)NC1c1ccc(O)c(OC)c1;CCOC(=O)C1C(c2ccccc2)=NC(=S)NC1c1ccc(O)c(OC)c1
HXQQNYSFSLBXQJ,2,HXQQNYSFSLBXQJ;WXEQFJUHQIGKNG,COC1=C(NCC(=O)O)CC(O)(CO)CC1=NC(CO)C(=O)O;COC1=C(NC(CO)C(=O)O)CC(O)(CO)CC1=NCC(=O)O
HXTZONIAGNXAHB,2,HXTZONIAGNXAHB;LJEJBLOFFDLRIH,C=CC(C1=CC(=O)C(OC)=C(OC)C1=O)c1ccccc1;CC=C(C1=CC(=O)C(OC)=C(OC)C1=O)c1ccccc1
HYHIYZMIFPJROG,2,GLDSKRNGVVYJAB;HYHIYZMIFPJROG,CCS(=O)(=O)Nc1ccc2c(c1)C(=C(Nc1ccc(CN3CCCCC3)cc1)c1ccccc1)C(=O)N2;CCS(=O)(=O)Nc1ccc2[nH]c(O)c(C(=Nc3ccc(CN4CCCCC4)cc3)c3ccccc3)c2c1
HYRBSZJOBQEKFG,2,HYRBSZJOBQEKFG;UHMDDADXRUDLBO,COC(=O)C(CCCCN1C(=O)C2C3C=CC(C3)C2C1=O)N1C(=O)C2C3C=CC(C3)C2C1=O;COC(=O)C(CCCCn1c(O)c2c(c1O)C1C=CC2C1)n1c(O)c2c(c1O)C1C=CC2C1
HZBQVLNQTZCVMH,2,HZBQVLNQTZCVMH;NMILLNOAHAERHM,CC(C)c1noc(CCCN2CC(=O)C(c3nc4ccccc4[nH]3)=C2N)n1;CC(C)c1noc(CCCn2cc(O)c(-c3nc4ccccc4[nH]3)c2N)n1
IAKJEPBPAWPOGS,2,DUISFSOCQODZTR;IAKJEPBPAWPOGS,O=C1CNC(=O)N1C1CN(c2ncc(Br)cn2)C1;O=c1[nH]cc(O)n1C1CN(c2ncc(Br)cn2)C1
IARJZZVJIKYGEC,2,HQWHKELJHUFLGD;IARJZZVJIKYGEC,COc1c(O)cc2oc3cc4c(c(O)c3c(=O)c2c1CC=C(C)C)C=CC(C)(C)O4;COc1c(O)cc2oc3cc4c(c(O)c3c(=O)c2c1C=CC(C)C)C=CC(C)(C)O4
IBIIDGIPJPTFBZ,2,IBIIDGIPJPTFBZ;KUVIULQEHSCUHY,CCC(=O)OCC(=O)C1(OC(=O)CC)C(C)CC2C3CCC4=CC(=O)C=CC4(C)C3(Cl)C(O)CC21C;CCC(=O)OCC(=O)C1(OC(=O)CC)C(C)CC2C3CC=C4CC(=O)C=CC4(C)C3(Cl)C(O)CC21C
IBJXCTVGWKSQLZ,2,IBJXCTVGWKSQLZ;NETXGRNQKFELFY,C=C1CC2C3(C)C=CC(=O)C(C)(C)C3=C(O)C(=O)C2(C)C2(C(=O)OC)C(=O)C(C)OC(=O)C12C;C=C1CC2C3(C)C=CC(=O)C(C)(C)C3C(=O)C(=O)C2(C)C2(C(=O)OC)C(=O)C(C)OC(=O)C12C
IBNDUKONPAOIEU,2,BHFYKFSRXRQPCG;IBNDUKONPAOIEU,CCOC(=O)C1=C(N)Oc2c(oc(CO)cc2=O)C1c1cc([N+](=O)[O-])ccc1Cl;CCOC(=O)C1C(=N)Oc2c(oc(CO)cc2=O)C1c1cc([N+](=O)[O-])ccc1Cl
IBRNBCIGVDAWHZ,2,IBRNBCIGVDAWHZ;VSJCDPYIMBSOKN,O=C1c2ccc(O)cc2OC(c2cc(O)c(O)c(O)c2)C1O;O=C1C(O)c2ccc(O)cc2OC1c1cc(O)c(O)c(O)c1
ICEDBMJSTNTMIT,2,ICEDBMJSTNTMIT;PADQINQHPQKXNL,O=C1c2c(O)cc(O)cc2OC(c2ccc(O)cc2)C1O;O=C1C(O)c2c(O)cc(O)cc2OC1c1ccc(O)cc1
ICINPOQDSOYDDB,2,ICINPOQDSOYDDB;XLKIJHXPWYIGIM,C=C1OC(=O)c2c(O)cc(O)c(C=O)c2C1C;Cc1oc(=O)c2c(O)cc(O)c(C=O)c2c1C
ICMGLRUYEQNHPF,2,BGHFNLPNJHBAHX;ICMGLRUYEQNHPF,COc1ccccc1N1CCN(CCCNc2cc(=O)n(C)c(=O)n2C)CC1;COc1ccccc1N1CCN(CCCN=C2CC(=O)N(C)C(=O)N2C)CC1
ICMMAWUWEORYPK,2,ICMMAWUWEORYPK;JLNOFHWLFTYMMX,Cc1nnc2sc(=C(O)c3ccc(F)cc3)c(=O)n2c1=O;Cc1nnc2sc(C(=O)c3ccc(F)cc3)c(O)n2c1=O
ICUNBIKSWKQNQD,2,ICUNBIKSWKQNQD;RBESFJUVYJPCPY,CCCCOc1ccc(C(=O)NC(=Cc2ccc(Cl)cc2)C(O)=NCCc2c(C)[nH]c3ccccc23)cc1;CCCCOc1ccc(C(=O)N=C(Cc2ccc(Cl)cc2)C(=O)NCCc2c(C)[nH]c3ccccc23)cc1
IERBGNMOVQIRSJ,2,IERBGNMOVQIRSJ;MQZIGYBFDRPAKN,CC(C=CC=C(C)C=CC1=C(C)C(=O)C(O)CC1(C)C)=CC=CC=C(C)C=CC=C(C)C=CC1=C(C)C(=O)C(O)CC1(C)C;CC(C=CC=C(C)C=CC1C(C)C(=O)C(=O)CC1(C)C)=CC=CC=C(C)C=CC=C(C)C=CC1C(C)C(=O)C(=O)CC1(C)C
IEWQWLCKPZYDRA,2,IEWQWLCKPZYDRA;UCKCPSODOHUIHD,COc1cccc(N2C(=O)C3Cc4c([nH]c5ccccc45)C(c4ccccc4)N3C2=S)c1;COc1cccc(-n2c(O)c3n(c2=S)C(c2ccccc2)c2[nH]c4ccccc4c2C3)c1
IEZOWPWEAKPTAC,2,AZFAUORCPLFXHF;IEZOWPWEAKPTAC,COc1cc(C2C(C(=O)OC3CCCCC3)=C(C)NC3=C2C(=O)CC(c2ccccc2)C3)cc(Br)c1O;COc1cc(C2C(C(=O)OC3CCCCC3)=C(C)N=C3CC(c4ccccc4)CC(=O)C32)cc(Br)c1O
IFMPBGYDBIEGSQ,2,FQDMJZBDZWLYDU;IFMPBGYDBIEGSQ,CCC12CC34CC(C(=O)OC)=C5Nc6ccccc6C56CCN3C1C1CC3(CC)C5OC5CN5CCC7(c8ccccc8N(C64)C17O2)C53;CCC12CC34CC(C(=O)OC)C5=Nc6ccccc6C56CCN3C1C1CC3(CC)C5OC5CN5CCC7(c8ccccc8N(C64)C17O2)C53
IGCRLEDEQRIISS,2,IGCRLEDEQRIISS;YIICVSCAKJMMDJ,OC1CCN2Cc3ccccc3N=C12;O=C1CCN2Cc3ccccc3NC12
IGMLRLGLIXZKQZ,2,HKDLNTKNLJPAIY;IGMLRLGLIXZKQZ,CC(=O)C1(O)CCC2C3CCC4=CC(=O)CCC4=C3C(c3ccc(N(C)C)cc3)CC21C;CC(=O)C1(O)CCC2C3=C(C4=C(CC3)CC(=O)CC4)C(c3ccc(N(C)C)cc3)CC21C
IGRJGRZYXSKSMS,2,IGRJGRZYXSKSMS;LLCHTTWOCWRAQW,N#CC1=C(N)Oc2c(oc(CO)cc2=O)C1c1ccc2ccccc2c1;N#CC1C(=N)Oc2c(oc(CO)cc2=O)C1c1ccc2ccccc2c1
IGZFQTYIXILLMB,2,CYGIJEJDYJOUAN;IGZFQTYIXILLMB,COc1cc(C2C3C=C(C4Oc5cc(O)cc(O)c5C(=O)C4O)C4C2COC4(O)C3=O)ccc1O;COc1cc(C2C3CC(c4oc5cc(O)cc(O)c5c(=O)c4O)C4C2COC4(O)C3=O)ccc1O
IHGXBAMAHRLAOP,2,IHGXBAMAHRLAOP;ZIMGGGWCDYVHOY,N=c1cc(N2CCCCC2)nc(N)n1O;N=c1nc(N2CCCCC2)cc(N)n1O
IHHGTAPOKUAGHD,2,IHHGTAPOKUAGHD;KYCBIRYKYQCBFO,COC1=C(N)CC(O)(CO)CC1=NCC(=O)O;COC1C(=N)CC(O)(CO)CC1=NCC(=O)O
IHIJZPQALWVJER,2,IHIJZPQALWVJER;QDYYSPGKYXWGSL,CC(C)(C)c1cc(CC2SC(=O)NC2=O)cc(C(C)(C)C)c1O;CC(C)(C)c1cc(Cc2sc(=O)[nH]c2O)cc(C(C)(C)C)c1O
IHKVJZBKYJXZGU,2,IHKVJZBKYJXZGU;LNVWGAALAQOWHF,O=C(c1ccc(O)c(C2OC(CO)C(O)C(O)C2O)c1O)C(O)Cc1ccc(O)c(O)c1;O=C(Cc1ccc(O)c(O)c1)C(O)c1ccc(O)c(C2OC(CO)C(O)C(O)C2O)c1O
IHNSJKAOOZRTTE,2,IHNSJKAOOZRTTE;SRNFRTSVHROPLE,CC1=CC(=O)OC1C1(C)CC2OC(=O)CC3C(C)C(=O)C(O)=C1C23CO;CC1=CC(=O)OC1C1(C)CC2OC(=O)CC3C(C)C(=O)C(=O)C1C23CO
IHRKWVYKJCTGSQ,2,BVWBDCIYHWDCRQ;IHRKWVYKJCTGSQ,COC1=C(NC(CO)CCC(N)=O)CC(O)(CO)CC1=O;COC1=C(NC(CO)CCC(=N)O)CC(O)(CO)CC1=O;COC1C(=O)CC(O)(CO)CC1=NC(CO)CCC(N)=O
IHTOCTZDTMRRMB,2,AYXVOMORPYSBRU;IHTOCTZDTMRRMB,CN(C)c1ccc(C=NN2C(=O)C3C4C=CC(CC4)C3C2=O)cc1;CN(C)c1ccc(C=Nn2c(O)c3c(c2O)C2C=CC3CC2)cc1
IHWOEGMUGLEFAS,2,IHWOEGMUGLEFAS;LMXYVLFTZRPNRV,O=C1Nc2ccc(I)cc2C1=Cc1cc(Br)c(O)c(Br)c1;O=C1N=c2ccc(I)cc2=C1Cc1cc(Br)c(O)c(Br)c1
IIGLVVZHSDZGOL,2,IIGLVVZHSDZGOL;INAXVXBDKKUCGI,CC1=C(O)C(=O)C(C)O1;Cc1oc(C)c(O)c1O
IJDFLXDZRNEMNY,2,IJDFLXDZRNEMNY;NTPXWIICYLOOPF,CC(=CCO)C(=O)OC1CCC2=CC(=O)C(=C(C)C)CC2(C)C1C;CC(=CCO)C(=O)OC1CC=C2CC(=O)C(=C(C)C)CC2(C)C1C
IJEQILWOWKTLML,2,FRBORWNVTCITAQ;IJEQILWOWKTLML,CC1=CC(=O)C2=C(C)CC3OC(=O)C(C)C3C=C12;CC1=C2C(=O)CC(C)C2=CC2=C(C)C(=O)OC2C1
IJQQGIFTQOROFJ,2,IJQQGIFTQOROFJ;VIFLWMXTJSJZPC,Cc1[nH]c2ccccc2c1CCN=C(O)C(=Cc1ccco1)NC(=O)c1ccc(C(C)(C)C)cc1;Cc1[nH]c2ccccc2c1CCNC(=O)C(Cc1ccco1)=NC(=O)c1ccc(C(C)(C)C)cc1
IJVBAVVYMVTACT,2,IJVBAVVYMVTACT;SUYJZKRQHBQNCA,O=C1c2c(O)cc(O)cc2OC(c2ccccc2)C1O;O=C1C(O)c2c(O)cc(O)cc2OC1c1ccccc1
IJVYORXACCFYOZ,2,IJVYORXACCFYOZ;XTGQAMBIEGIKFK,CCCOC(=O)C(=Cc1ccncc1)N=C(O)c1ccccc1;CCCOC(=O)C(Cc1ccncc1)=NC(=O)c1ccccc1
IKBKZGMPCYNSLU,2,IKBKZGMPCYNSLU;JWXDRFUZDKKGDV,CCCCCN=C(N)NN=Cc1c[nH]c2ccc(OC)cc12;CCCCCNC(=N)NNC=C1C=Nc2ccc(OC)cc21
IKQVRTZLNRZXNI,2,DMSRUJBXNPIECM;IKQVRTZLNRZXNI,O=C(NCCN1CCOCC1)c1ccccc1N1C(=O)C2Cc3c([nH]c4ccccc34)C(c3ccc(F)cc3)N2C1=O;O=C(NCCN1CCOCC1)c1ccccc1-n1c(O)c2n(c1=O)C(c1ccc(F)cc1)c1[nH]c3ccccc3c1C2
ILFMJAWEPUMFAY,2,ILFMJAWEPUMFAY;SOCAUSWRRPKJMP,COc1c(O)cc2oc3c(CC=C(C)C)c(O)cc(O)c3c(=O)c2c1CC=C(C)CCC=C(C)C;COc1c(O)cc2oc3c(CC=C(C)C)c(O)cc(O)c3c(=O)c2c1C=CC(C)CCC=C(C)C
ILILKRDNPIAMKZ,2,ILILKRDNPIAMKZ;KXMANOZDITZERP,CCC1=C(C=CC(O)CCCCCCCC(=O)O)CCC1=O;CC=C1C(=O)C=CC1CCC(O)CCCCCCCC(=O)O
ILRJTHUJAPUSAV,2,ILRJTHUJAPUSAV;ZFHSKBJBODQVBX,C=C(C(=O)O)C1CCC(C)C2CC(=O)C(C)=C2C1;C=C(C(=O)O)C1C=C2C(C)C(=O)CC2C(C)CC1
ILVWCLDLSUEVFY,2,ILVWCLDLSUEVFY;XHEGJLDBSRAVKS,CC(C)CSc1nc(O)cc(=O)n1-c1ccc(Br)cc1;CC(C)CSc1nc(=O)cc(O)n1-c1ccc(Br)cc1
IMVWGCIUSSJUAA,2,IMVWGCIUSSJUAA;OZOMQRBLCMDCEG,O=C1CN(N=Cc2ccc(-c3ccc([N+](=O)[O-])cc3)o2)C(=O)N1;O=c1[nH]c(O)cn1N=Cc1ccc(-c2ccc([N+](=O)[O-])cc2)o1
IMYIUONLKPIDBP,2,IMYIUONLKPIDBP;JATLKGIQGCADFB,C=C1CCC2C(C)(C)CCCC2(C)C1CC=C(CO)C(=O)C(=O)O;C=C1CCC2C(C)(C)CCCC2(C)C1C=CC(CO)C(=O)C(=O)O
IMZOHRNGPZTCSG,2,IMZOHRNGPZTCSG;RQZAXGRLVPAYTJ,CC(=O)OC1(C(C)=O)CCC2C3C=C(C)C4=CC(=O)CCC4(C)C3CCC21C;CC(=O)OC1(C(C)=O)CCC2C3=CC(C)=C4CC(=O)CCC4(C)C3CCC21C
INFNKFTVACUSIN,2,IFNFMIMLJKQPGW;INFNKFTVACUSIN,COc1cc(C2c3c(cc(OC)c(O)c3OC)C=C(C(=O)NCCc3ccc(O)cc3)C2C(=O)NCCc2ccc(O)cc2)cc(OC)c1O;COc1cc(-c2c(=C(O)NCCc3ccc(O)cc3)c(=C(O)NCCc3ccc(O)cc3)cc3cc(OC)c(O)c(OC)c23)cc(OC)c1O
INQIGAHOGHGGNB,2,INQIGAHOGHGGNB;OLOODKZKZNQJBQ,CCOC(=O)C1=C(NC(=O)Cc2ccccc2)c2ccccc2CC12CCCC2;CCOC(=O)C1C(=NC(=O)Cc2ccccc2)c2ccccc2CC12CCCC2
INXDVEVEHRLOPT,2,INXDVEVEHRLOPT;VNTAPYBNVBWZQH,Cc1cc2c(c(O)c1-c1c(C)cc3c(c1O)C(=CNC1CCCCC1Cc1ccco1)C(=O)C(O)=C3C(C)C)C(=CNC1CCCCC1Cc1ccco1)C(=O)C(O)=C2C(C)C;Cc1cc2c(C(C)C)c(O)c(O)c(C=NC3CCCCC3Cc3ccco3)c2c(O)c1-c1c(C)cc2c(C(C)C)c(O)c(O)c(C=NC3CCCCC3Cc3ccco3)c2c1O
IOWGEEHAZCNVOI,2,IOWGEEHAZCNVOI;SCDIIKOGQOUENK,CC=C(C)C(=O)OC1CC(OC(=O)CC(C)C)C2(C)C3C(=O)C=C(C)C2C3C1(C)C;CC=C(C)C(=O)OC1CC(OC(=O)CC(C)C)C2(C)C3=C(C)CC(=O)C2C3C1(C)C
IPNWLABTDCELLG,2,HSNZZMHEPUFJNZ;IPNWLABTDCELLG,O=C(CO)C(O)C(O)C(O)C(O)CO;O=C(C(O)C(O)CO)C(O)C(O)CO
IPOKCKJONYRRHP,2,IPOKCKJONYRRHP;KONZVQJABTUMFX,O=C(O)CCNC(=O)c1ccc(N=Nc2ccc(O)c(C(=O)O)c2)cc1;O=C(O)CCNC(=O)c1ccc(NN=C2C=CC(=O)C(C(=O)O)=C2)cc1
IRHAWAHAWPPSFP,2,IRHAWAHAWPPSFP;WDMQLCVSWBENIY,CC1=CC(=O)C2(OC3OC(C)C(O)C(O)C3O)C=COC(OC3OC(CO)C(O)C(O)C3O)C12;CC1=C2C(OC3OC(CO)C(O)C(O)C3O)OC=CC2(OC2OC(C)C(O)C(O)C2O)C(=O)C1
IRKKQYFKEOPWLG,2,IRKKQYFKEOPWLG;NISPVUDLMHQFRQ,CC(C)(O)C=CC(=O)C(C)(O)C1C(O)CC2(C)C3CC=C4C(C=C(O)C(=O)C4(C)C)C3(C)C(=O)CC12C;CC(C)(O)C=CC(=O)C(C)(O)C1C(O)CC2(C)C3C=CC4C(CC(=O)C(=O)C4(C)C)C3(C)C(=O)CC12C
IRYXZQOHMXZRDZ,2,IRYXZQOHMXZRDZ;UKTFMPQSNSFGKD,COc1cc(C2C(C#N)=C(N)Oc3c2c(=O)oc2ccccc32)cc(OC)c1OC;COc1cc(C2c3c(c4ccccc4oc3=O)OC(=N)C2C#N)cc(OC)c1OC
ITWRSHFFCHDTOU,2,ITWRSHFFCHDTOU;JRTIAKFTPBQKSU,CC(C)OC(=O)C1=C(N)Oc2c(oc(CO)cc2=O)C1c1ccccc1C(F)(F)F;CC(C)OC(=O)C1C(=N)Oc2c(oc(CO)cc2=O)C1c1ccccc1C(F)(F)F
IUAYPYYHCHDAHU,2,IUAYPYYHCHDAHU;XNHZXMPLVSJQFK,Cc1ccc(-c2ccc3c(c2)C=C(C(=O)Nc2ccc(C[N+](C)(C)C4CCOCC4)cc2)CCC3)cc1;Cc1ccc(-c2ccc3c(c2)=CC(C(=O)Nc2ccc(C[N+](C)(C)C4CCOCC4)cc2)CCC=3)cc1
IUGGVSLEUIOOAV,2,IUGGVSLEUIOOAV;RGRXZGKXEJHPQQ,CCCCCCCc1c(O)cc(CC=C(C)C)c(O)c1C=O;CCCC=CCCc1c(O)cc(CCC(C)C)c(O)c1C=O
IUSZMBXMNBITIK,2,IUSZMBXMNBITIK;NEFYSBQJYCICOG,CC1OC(=O)C(C)C1CC(O)C(C)(O)C1CCC2(O)C3=CC(=O)C4CC(O)C(O)CC4(C)C3CCC12C;CC1OC(=O)C(C)C1CC(O)C(C)(O)C1CCC2(O)C3=C(CCC12C)C1(C)CC(O)C(O)CC1C(=O)C3
IUZFQERQUZLNKQ,2,IUZFQERQUZLNKQ;OWNRRUFOJXFKCU,O=c1oc2ccccc2c(O)c1C(CC(O)c1ccc(-c2ccc(Br)cc2)cc1)c1ccccc1;O=c1c(C(CC(O)c2ccc(-c3ccc(Br)cc3)cc2)c2ccccc2)c(O)oc2ccccc12
IVHZBCHAHBGYKP,2,IVHZBCHAHBGYKP;ZLIRCPWCWHTYNP,O=C1c2cc(O)cc(O)c2C(=O)c2c1cc(O)c(C(CO)CCO)c2O;OCC=C(CO)c1c(O)cc2c(O)c3cc(O)cc(O)c3c(O)c2c1O
IVLRQLIWEVLAQF,2,IVLRQLIWEVLAQF;WDXRGPWQVHZTQJ,CC=C1C(=O)CC2C3CCC4=CC(=O)CCC4(C)C3CCC12C;CC=C1C(=O)CC2C3CC=C4CC(=O)CCC4(C)C3CCC12C
IVTCCIWPLOWCON,2,IVTCCIWPLOWCON;NBSLQRRHRCDIHJ,Nc1ccc(NCCNCCO)c2c1C(=O)c1c(O)ccc(O)c1C2=O;Nc1ccc(NCCNCCO)c2c(O)c3c(c(O)c12)C(=O)C=CC3=O
IWCQHVUQEFDRIW,2,BIWGYFZAEWGBAL;IWCQHVUQEFDRIW,O=c1[nH]c2ccccc2n1C1CCN(Cc2ccc(-c3nc4cc5nc[nH]c5cc4nc3-c3ccccc3)cc2)CC1;O=c1[nH]c2ccccc2n1C1CCN(Cc2ccc(-c3[nH]c4cc5ncnc5cc4nc3-c3ccccc3)cc2)CC1
IWWNJJYZVFOLBL,2,ACTIUHUUMQJHFO;IWWNJJYZVFOLBL,COC1=C(OC)C(=O)C(CC=C(C)CCC=C(C)CCC=C(C)CCC=C(C)CCC=C(C)CCC=C(C)CCC=C(C)CCC=C(C)CCC=C(C)CCC=C(C)C)=C(C)C1=O;COc1c(O)c(C)c(C=CC(C)=CCC=C(C)CCC=C(C)CCC=C(C)CCC=C(C)CCC=C(C)CCC=C(C)CCC=C(C)CCC=C(C)CCC=C(C)C)c(O)c1OC
IXDZFGATLNCIOI,2,IXDZFGATLNCIOI;PNNNRSAQSRJVSB,CC(O)C(O)C(O)C(O)C=O;CC(=O)C(O)C(O)C(O)CO
IXRHQTYLVVXSGS,2,FBXRUPQWWWDDEE;IXRHQTYLVVXSGS,CC(CC(C)C)=NNC1=NC(=O)C(CC(=O)Nc2cccc(C(F)(F)F)c2)S1;CC(CC(C)C)=NNc1nc(O)c(CC(=O)Nc2cccc(C(F)(F)F)c2)s1
IYBZQDDSXCKBFQ,2,IYBZQDDSXCKBFQ;STCMSNWIFKZLCO,Nc1cc2c3c(c1O)N=CC3=CCN2;NC1=CC2=NCCc3c[nH]c(c32)C1=O
IYSPOGZRUUAITO,2,IYSPOGZRUUAITO;RWBRUCCWZPSBFC,CC(O)C1CCC2C3CCC4=CC(=O)CCC4(C)C3CCC12C;CC(O)C1CCC2C3CC=C4CC(=O)CCC4(C)C3CCC12C
IYYGBZJXHJSLEV,2,HYAFETHFCAUJAY;IYYGBZJXHJSLEV,CCc1ccc(CCOc2ccc(CC3SC(=O)NC3=O)cc2)nc1;CCc1ccc(CCOc2ccc(CC3SC(=O)N=C3O)cc2)nc1;CCc1ccc(CCOc2ccc(Cc3sc(=O)[nH]c3O)cc2)nc1
IZLSAOJRZQXKRE,2,IZLSAOJRZQXKRE;WWUVMHRJRCRFSL,COC1C=CC=CC=CCC(OC(=O)C(C)NC(=O)C2CCCCC2)C(C)C(O)C(C)=CCCC2=CC(=O)C=C(NC(=O)C1)C2=O;COC1C=CC=CC=CCC(OC(=O)C(C)NC(=O)C2CCCCC2)C(C)C(O)C(C)=CC=Cc2cc(O)cc(c2O)NC(=O)C1
IZNXKZBIIFOWPU,2,IZNXKZBIIFOWPU;KXFAUPPCQVBDBN,O=c1ccc2nccc3c4c(O)cccc4n1c23;O=c1cccc2c1c1cc[nH]c3ccc(=O)n2c31
JALJXNVBOSIMKD,2,BKPSKJNGIIQQHD;JALJXNVBOSIMKD,COC(=O)C1=C(N)Oc2c(oc(CO)cc2=O)C1c1cccs1;COC(=O)C1C(=N)Oc2c(oc(CO)cc2=O)C1c1cccs1
JAUMNPAGDCXWAA,2,JAUMNPAGDCXWAA;XQJOSFMJFDVWFF,COc1ccc2[nH]cc(CCN3C(=O)NC(CCC(=O)O)C3=O)c2c1;COc1ccc2[nH]cc(CCn3c(O)c(CCC(=O)O)[nH]c3=O)c2c1
JBAYRTVUCPJTBZ,2,BBZCPUCZKLTAJQ;JBAYRTVUCPJTBZ,CC1C(O)=Nc2ccccc21;CC1C(=O)Nc2ccccc21;Cc1c(O)[nH]c2ccccc12
JBDCDOBVMZPGJA,2,JBDCDOBVMZPGJA;WHPZSYIEWQPEHY,CCCC=CC=CC=CC(=O)OC1C(C)C2(O)C3C=C(C)C(=O)C3CC(CO)=CC2C2C(C)(C)C12OC(=O)C(C)C;CCCC=CC=CC=CC(=O)OC1C(C)C2(O)C3=C(CC(CO)=CC2C2C(C)(C)C12OC(=O)C(C)C)C(=O)C(C)C3
JBOVVQXQRIXMMP,2,JBOVVQXQRIXMMP;LZLGHWHSUZVUFZ,COc1cc(O)c2c(c1)OC(c1ccc(O)cc1)C(O)C2=O;COc1cc(O)c2c(c1)OC(c1ccc(O)cc1)C(=O)C2O
JBXRZMQEULTQKC,2,JBXRZMQEULTQKC;XKOGKUUHPBUVBF,COc1ccc(C2c3[nH]c4ccccc4c3CC3C(=O)N(c4ccccc4C(=O)N4CCC(C(=O)O)CC4)C(=O)N32)cc1;COc1ccc(C2c3[nH]c4ccccc4c3Cc3c(O)n(-c4ccccc4C(=O)N4CCC(C(=O)O)CC4)c(=O)n32)cc1
JDHQXHMYCCJQBA,2,JDHQXHMYCCJQBA;PYYCXUBJCCEGKB,CC1=CC(=O)CC(C)(C)C1C=CC(CO)OC1OC(CO)C(O)C(O)C1O;CC1=C(C=CC(CO)OC2OC(CO)C(O)C(O)C2O)C(C)(C)CC(=O)C1
JDUYIZFMBRCCHQ,2,CIWBQSYVNNPZIQ;JDUYIZFMBRCCHQ,CCC(=O)OCC(=O)C1(OC(=O)CC)C(C)CC2C3CCC4=CC(=O)C=CC4(C)C3(F)C(O)CC21C;CCC(=O)OCC(=O)C1(OC(=O)CC)C(C)CC2C3CC=C4CC(=O)C=CC4(C)C3(F)C(O)CC21C
JDWCCHQNGYXYQZ,2,BAXOWSLWHQXBID;JDWCCHQNGYXYQZ,CCOCCOC(=O)C1=C(C)NC2=C(C(=O)CC(C)(C)C2)C1c1cc(Cl)c(O)c(OC)c1;CCOCCOC(=O)C1=C(C)N=C2CC(C)(C)CC(=O)C2C1c1cc(Cl)c(O)c(OC)c1
JDXXZZNANWUAIK,2,JDXXZZNANWUAIK;LSFKUCDUIQAMBP,CC(=O)OCC12CCC3C(CC=C4CC=CC(=O)C43C)C1(O)C(OC(C)=O)CC2(O)C(C)(O)C1CC(CO)=C(C)C(=O)O1;CC(=O)OCC12CCC3C(CC=C4C=CCC(=O)C43C)C1(O)C(OC(C)=O)CC2(O)C(C)(O)C1CC(CO)=C(C)C(=O)O1
JFECXKXJUBWZCP,2,DYBGVZNCIXACSP;JFECXKXJUBWZCP,C=C1C(=O)OC2CC(C)C3=CC(=O)C(O)C3(C)CC12;C=C1C(=O)OC2CC(C)C3CC(=O)C(=O)C3(C)CC12
JGEMRNWCJLNVDH,2,FHTSKUYELRWGGJ;JGEMRNWCJLNVDH,CCC=CCC=CC=CC(=O)OC1C(C)C2(O)C3C=C(C)C(=O)C3CC(CO)=CC2C2C(C)(C)C12OC(=O)C(C)C;CCC=CC=CC=CCC(=O)OC1C(C)C2(O)C3=C(CC(CO)=CC2C2C(C)(C)C12OC(=O)C(C)C)C(=O)C(C)C3
JGIFSQPBZMIFQM,2,JGIFSQPBZMIFQM;WUWDLXZGHZSWQZ,Cc1cc(C)c(C=C2C(=O)Nc3ccccc32)[nH]1;C=c1cc(C)[nH]c1=Cc1c(O)[nH]c2ccccc12
JGJZXMQBLNXQRQ,2,FQLVCNZBDVLHNO;JGJZXMQBLNXQRQ,CC1=NN(c2nc3ccccc3s2)C(=O)C1=C(C)NCCc1c(C)[nH]c2ccccc12;CC(=NCCc1c(C)[nH]c2ccccc12)c1c(C)[nH]n(-c2nc3ccccc3s2)c1=O
JHFAEUICJHBVHB,2,JHFAEUICJHBVHB;JYGFTBXVXVMTGB,O=C1Cc2ccccc2N1;Oc1cc2ccccc2[nH]1
JHOHXJYRVSLQCB,2,GUXHBMASAHGULD;JHOHXJYRVSLQCB,CN(C)C1C(=O)C(C(N)=O)=C(O)C2(O)C(=O)C3=C(O)c4c(O)ccc(Cl)c4C(O)C3CC12;CN(C)C1C(=O)C(C(N)=O)C(=O)C2(O)C(=O)C3C(=O)c4c(O)ccc(Cl)c4C(O)C3CC12
JHOSMBOMGCCMLR,2,JHOSMBOMGCCMLR;MCLSHRDNYBXRGT,CC(O)=NC(=Cc1ccccc1)C(O)=Nc1cc(C)ccc1C;CC(=O)N=C(Cc1ccccc1)C(=O)Nc1cc(C)ccc1C
JHOXQIGLXXZLKE,2,DKFSJRHWNMDTRU;JHOXQIGLXXZLKE,COc1cc(C(C)=NN=C2N=C(O)C(CC(=O)O)S2)cc(OC)c1OC;COc1cc(C(C)=NNc2nc(O)c(CC(=O)O)s2)cc(OC)c1OC
JHYMIXBSSGADPY,2,JHYMIXBSSGADPY;UESWCNHBMMLCSH,CCN(CC)CCOC(=O)C1(C)CCC2(C)CCC3(C)C(=CC(=O)C4C5(C)CCC(OC(C)=O)C(C)(C)C5CCC43C)C2C1;CCN(CC)CCOC(=O)C1(C)CCC2(C)CCC3(C)C(=C2C1)CC(=O)C1C2(C)CCC(OC(C)=O)C(C)(C)C2CCC13C
JIGNCCJVNDMDML,2,FGTZCVGIFPOOSE;JIGNCCJVNDMDML,NC1=NC(=O)C(Cc2c[nH]c3ccccc23)O1;N=C1NC(=O)C(Cc2c[nH]c3ccccc23)O1;Nc1nc(O)c(Cc2c[nH]c3ccccc23)o1
JISLZHXDJOWBDZ,2,JISLZHXDJOWBDZ;XCSFLMDXLJMLBA,COc1ccc2c(c1)OC(O)C(=O)N2OC;COc1ccc2c(c1)OC(=O)C(O)N2OC
JJIJACJLBAVKFX,2,ALTHFZGWMKPLDM;JJIJACJLBAVKFX,O=C1CCCC2=C1C(c1ccc(-c3cccc(C(F)(F)F)c3)o1)c1c(O)nc(O)nc1N2;O=C1CCCC2=Nc3[nH]c(=O)[nH]c(=O)c3C(c3ccc(-c4cccc(C(F)(F)F)c4)o3)C12
JJKRMSNJWCZJGP,2,JJKRMSNJWCZJGP;PHMGTWLYHMQYHV,C=C1C(=O)OC2C3C(C)=CC(=O)C3=C(C)C(OC(=O)C(C)=CC)C(O)C12;C=C1C(=O)OC2C3=C(C(=O)C=C3C)C(C)C(OC(=O)C(C)=CC)C(O)C12
JMMOZGZYGBYHRY,2,DUSHUSLJJMDGTE;JMMOZGZYGBYHRY,CC(=O)C1(O)CCC2C3C=C(Cl)C4=CC(=O)C5CC5C4(C)C3CCC21C;CC(=O)C1(O)CCC2C3=CC(Cl)=C4CC(=O)C5CC5C4(C)C3CCC21C
JMTJEMKZIZOUCO,2,JMTJEMKZIZOUCO;PDQFXBTWLAVCPI,CC(C(=O)OCC(=O)C(O)C(O)C(O)CO)C1CCC2C3C(O)CC4CC(O)CCC4(C)C3CC(O)C12C;CC(C(=O)OCC(O)C(O)C(O)C(O)C=O)C1CCC2C3C(O)CC4CC(O)CCC4(C)C3CC(O)C12C
JMTMSDXUXJISAY,2,JMTMSDXUXJISAY;NPZTUJOABDZTLV,Oc1cccc2n[nH]nc12;Oc1cccc2[nH]nnc12;O=c1cccc2[nH][nH]nc1-2
JMZRHOZBVZJNOL,2,DFJVUWAHTQPQCV;JMZRHOZBVZJNOL,CNC(=C[N+](=O)[O-])NCCSCc1ccc(C[N+](C)(C)[O-])o1;CN=C(C[N+](=O)[O-])NCCSCc1ccc(C[N+](C)(C)[O-])o1
JNNOSTQEZICQQP,2,HESZUPIXRNZIOI;JNNOSTQEZICQQP,Clc1ccc2c(c1)NC(N1CCNCC1)=c1ccccc1=N2;Clc1ccc2c(c1)N=C(N1CCNCC1)c1ccccc1N2
JNTXZCAYFJHPJL,2,JNTXZCAYFJHPJL;JTJJJLSLKZFEPJ,C=CC(C)(C)C12C=C(O)C(=O)N3C(=Cc4cnc[nH]4)C(O)=NC31N(OC)c1ccccc12;C=CC(C)(C)C12C=C(O)C(=O)N3C(=Cc4cnc[nH]4)C(=O)NC31N(OC)c1ccccc12;C=CC(C)(C)C12CC(=O)C(=O)N3C(=Cc4c[nH]cn4)C(=O)NC31N(OC)c1ccccc12
JOFTYVPERBCMPJ,2,JOFTYVPERBCMPJ;OMZRMXULWNMRAE,COC(=O)C(=C1OC(=O)C(c2ccccc2)=C1O)c1ccccc1;COC(=O)C(=C1OC(=O)C(c2ccccc2)C1=O)c1ccccc1
JPEPPDJNTDNMQL,2,JPEPPDJNTDNMQL;UCUWZJWAQQRCOR,C=C1C(O)C2(O)OCC34C(CC5C(C)=CC(=O)C(O)C5(C)C23)OC(=O)C(O)C14O;C=C1C(O)C2(O)OCC34C(CC5C(C)CC(=O)C(=O)C5(C)C23)OC(=O)C(O)C14O
JPGFBEHTCPHMAF,2,JPGFBEHTCPHMAF;TUGUXQNVLOXFJW,CC1(C)CC(=O)C2=C(C1)N(CC1CCCO1)C(=O)C2(NC(=O)c1cccs1)C(F)(F)F;CC1(C)C=C2C(C(=O)C1)C(NC(=O)c1cccs1)(C(F)(F)F)C(=O)N2CC1CCCO1
JPNQIJWKOYIVAY,2,JPNQIJWKOYIVAY;LQSRMQKIVFVEJO,O=C(Cn1[nH]cc2c(=O)ncnc1-2)NC(CCCc1ccccc1)c1ccccc1;O=C(Cn1ncc2c(=O)[nH]cnc21)NC(CCCc1ccccc1)c1ccccc1
JPTGQNMDWMSVSF,2,JPTGQNMDWMSVSF;VCQKVUNLUXMOER,COC1CC(c2ccc[nH]2)=NC12OC(C)CC1CCCCCCCc3ccc([nH]3)C12;COC1CC(=C2C=CC=N2)NC12OC(C)CC1CCCCCCCc3ccc([nH]3)C12
JPVPEQCLLIAWMQ,2,BZSGALZQKCIGFF;JPVPEQCLLIAWMQ,O=C1C2CC=CCC2C(=O)N1Cc1cc(O)nc2ccccc12;O=c1cc(Cn2c(O)c3c(c2O)CC=CC3)c2ccccc2[nH]1
JPXKMQAYWYCXHA,2,JPXKMQAYWYCXHA;LZUOPCOLXZGVBR,COc1ccc(C(=O)N2CCc3nc4cc[nH]n4c(=O)c3C2)c(OC)n1;COc1ccc(C(=O)N2CCc3[nH]c4ccnn4c(=O)c3C2)c(OC)n1
JQCBFXTTXPHIMZ,2,APNCGXUGASGTDJ;JQCBFXTTXPHIMZ,COc1ccc(CN2C(=O)CSC2=NN=C(C)c2ccc(OC(C)C)cc2)cc1;COc1ccc(Cn2c(O)csc2=NN=C(C)c2ccc(OC(C)C)cc2)cc1
JQJGNXSIVDDAEF,2,JQJGNXSIVDDAEF;LLNVRFWIUJTITA,COc1cc(OC)c2c(c1)OC(c1ccc(OC)c(OC)c1)C(O)C2=O;COc1cc(OC)c2c(c1)OC(c1ccc(OC)c(OC)c1)C(=O)C2O
JRHHDQCASYRAQW,2,BRJJOGVEWQKOJE;JRHHDQCASYRAQW,CCCCCOC(=O)C1=C(C)NC(=S)NC1c1ccccc1OCCC;CCCCCOC(=O)C1C(C)=NC(=S)NC1c1ccccc1OCCC
JRJMOXMNAHDUSO,2,JRJMOXMNAHDUSO;XTGCNTZTMRTGQB,CC=C1NC(=O)C(CCCNC(=N)N)NC(=O)C(C(C)CC)NC(=O)C(NC(=O)C(CC(C)C)NC(=O)NC(Cc2ccccc2)C(=O)O)Cc2cn(c3ccccc23)C1=O;CCC1=NC(=O)C(CCCN=C(N)N)NC(=O)C(C(C)CC)NC(=O)C(NC(=O)C(CC(C)C)NC(=O)NC(Cc2ccccc2)C(=O)O)Cc2cn(c3ccccc23)C1=O
JSNQYSSUVLYBQW,2,AMDNSKKCLDFWSB;JSNQYSSUVLYBQW,O=C1CCCC(O)=C1C(C1=C(O)CCCC1=O)c1ccc(O)cc1;O=C1CCCC(=O)C1C(c1ccc(O)cc1)C1C(=O)CCCC1=O
JTHMWNIMWXESHY,2,FCSHDIVRCWTZOX;JTHMWNIMWXESHY,CC1CC2C3CCC4=CC(=O)C=CC4(C)C3(F)C(O)CC2(C)C1(O)C(=O)CCl;CC1CC2C3CC=C4CC(=O)C=CC4(C)C3(F)C(O)CC2(C)C1(O)C(=O)CCl
JUBJPLXAUPBAJD,2,DWLJVOJBWLYMJO;JUBJPLXAUPBAJD,COC(=O)C1=C2Nc3ccccc3C23CCN2CC(C(C)O)C1CC23;COC(=O)C1C2=Nc3ccccc3C23CCN2CC(C(C)O)C1CC23
JUCVSZDEPVQWAJ,2,CUBFDZOYQBNDSA;JUCVSZDEPVQWAJ,COC(=O)C1=C(C)NC2=C(C(=O)CC(C)(C)C2)C1c1ccc(OC)cc1;COC(=O)C1=C(C)N=C2CC(C)(C)CC(=O)C2C1c1ccc(OC)cc1
JUIFZVJZPALGJB,2,FOGXJPFPZOHSQS;JUIFZVJZPALGJB,CCCC(=O)OC1(C(=O)COC(=O)CC)CCC2C3CCC4=CC(=O)CCC4(C)C3C(O)CC21C;CCCC(=O)OC1(C(=O)COC(=O)CC)CCC2C3CC=C4CC(=O)CCC4(C)C3C(O)CC21C
JUMAFWQUJKEKDR,2,JUMAFWQUJKEKDR;RMIVRCBSQPCSCQ,COC(=O)C1(C)CCC2(C)CCC3(C)C(=CC(=O)C4C5(C)CCC(O)C(C)(C)C5CCC43C)C2C1;COC(=O)C1(C)CCC2(C)CCC3(C)C(=C2C1)CC(=O)C1C2(C)CCC(O)C(C)(C)C2CCC13C
JVBWSHZFLVTMGY,2,GUXDHNIKRQCWIE;JVBWSHZFLVTMGY,CC(C)=CC=CC(C)C1CCC2(C)CC3C(C)=CC(=O)C3C(CO)=CCC12;CC(C)=CC=CC(C)C1CCC2(C)C=C3C(=C(CO)CCC12)C(=O)CC3C
JWAMITQWVNMVIW,2,JWAMITQWVNMVIW;PJAFIJDUVIZFTB,CCCC(CC(=O)O)C1=C2OC(O)=C(C(=O)CC(C)C)C(=O)C2(CC=C(C)C)CC(CC=C(C)C)C1(C)C;CCCC(CC(=O)O)C1=C2OC(=O)C(C(=O)CC(C)C)C(=O)C2(CC=C(C)C)CC(CC=C(C)C)C1(C)C
JWAYRMRIYVGFTG,2,JWAYRMRIYVGFTG;YCKXZLNJJBVOJD,CCCC(CC(=O)O)C1=C2OC(O)=C(C(=O)C(C)CC)C(=O)C2(CC=C(C)C)CC(CC=C(C)C)C1(C)C;CCCC(CC(=O)O)C1=C2OC(=O)C(C(=O)C(C)CC)C(=O)C2(CC=C(C)C)CC(CC=C(C)C)C1(C)C
JWDAAZGJAOACHV,2,JSBSVMCRQHPARV;JWDAAZGJAOACHV,C=CC(C)(C)c1[nH]c2ccccc2c1C=C1NC(=O)C2CC3(O)c4cccc(CC=C(C)C)c4NC3N2C1=O;C=CC(C)(C)c1[nH]c2ccccc2c1Cc1nc(O)c2n(c1=O)C1Nc3c(CC=C(C)C)cccc3C1(O)C2
JWEYEYVFPODPJH,2,JWEYEYVFPODPJH;XTPPJCGNCIQOEN,CC(=CCC(O)CC1CCCN1C(=N)N)C(O)CC=CC(O)C(C)C=CC(O)CC=C(C)C(O)C(C)CCC1C(C)=CC2C(O)CCCC2C1(C)C(O)=C1C(=O)CNC1=O;CC(=CCC(O)CC1CCCN1C(=N)N)C(O)CC=CC(O)C(C)C=CC(O)CC=C(C)C(O)C(C)CCC1C(C)=CC2C(O)CCCC2C1(C)C(=O)c1c(O)c[nH]c1O
JWGFXZFQYLCGDF,2,AKYUFOZFLOQQQL;JWGFXZFQYLCGDF,C=C1C=CC(=O)N(C)CC(=O)NC(C(O)C(N)=O)C(=O)OC(C(C)CCCCCCCCCCCCC(C)C)C(C)C(=O)N1;CC1=NC(=O)C(C)C(C(C)CCCCCCCCCCCCC(C)C)OC(=O)C(C(O)C(N)=O)NC(=O)CN(C)C(=O)C=C1
JWLLVZWZBKIVKQ,2,JWLLVZWZBKIVKQ;KJENZKOMJGIPLH,CCCCCCNC(=O)CC1SC(Nc2ccc(Cl)cc2)=NC1=O;CCCCCCNC(=O)Cc1sc(Nc2ccc(Cl)cc2)nc1O
JWQLVCBZBLRGHT,2,JWQLVCBZBLRGHT;KYULBSHJIYUZCN,Cc1ccncc1Nc1nc(CN2C(=O)CCC2=O)cs1;Cc1ccncc1Nc1nc(Cn2c(O)ccc2O)cs1
JYCROWYCDMWUOH,2,JYCROWYCDMWUOH;XQLJKVUBWFWJHH,N#CC1=C(N)Oc2c(c(=O)oc3ccccc23)C1c1cccs1;N#CC1C(=N)Oc2c(c(=O)oc3ccccc23)C1c1cccs1
JZXLDMOZGYBUGG,2,JZXLDMOZGYBUGG;WMQSTCKFNZABQE,CCCCN1C(=O)CC(Sc2ncccc2C(=O)O)C1=O;CCCCn1c(O)cc(Sc2ncccc2C(=O)O)c1O
KAJLJARGAOXLOD,2,KAJLJARGAOXLOD;UQRHBUYDCRKKKW,CC1C=CC(C)(C)C2CCC(C)(O2)C(O)C2(O)OC(CC(C)C2OC(=O)c2cccnc2)C1=O;CC1=CCC(C)(C)C2CCC(C)(O2)C(O)C2(O)OC(CC(C)C2OC(=O)c2cccnc2)C1=O
KAJQOJBJABVIDU,2,KAJQOJBJABVIDU;ZOCUOMKMBMEYQV,CC(=O)OCC(=O)C1(O)CCC2C3CCC4=CC(=O)C=CC4(C)C3(F)C(O)CC21C;CC(=O)OCC(=O)C1(O)CCC2C3CC=C4CC(=O)C=CC4(C)C3(F)C(O)CC21C
KAKNTKKZIIXYAX,2,BQOIJSIMMIDHMO;KAKNTKKZIIXYAX,CC12CCC(=O)C(O)=C1CCC1C2CCC2(C)C(O)CCC12;CC12CCC3C(CCC4C(=O)C(=O)CCC43C)C1CCC2O
KARYHTWUQDCBOX,2,GJRRBURMULHWIH;KARYHTWUQDCBOX,CCC(C)C=C(C)C=CC1=CC2=C(Cl)C(=O)C(C)(O)C(O)C2CO1;CCC(C)C=C(C)C=CC1=CC2=C(CO1)C(O)C(C)(O)C(=O)C2Cl
KBKJEUISYFZICF,2,JLTSTSRANGPLOQ;KBKJEUISYFZICF,COc1c(O)cc2oc3cc(O)cc(O)c3c(=O)c2c1CC=C(C)CCC=C(C)C;COc1c(O)cc2oc3cc(O)cc(O)c3c(=O)c2c1C=CC(C)CCC=C(C)C
KCFVQOCMPQQWTR,2,KCFVQOCMPQQWTR;WZAUFGYINZYCKH,Cc1c(O)c(O)cc2c1CC=C1C2(C)CCC2(C)C3CC(C)(C(=O)O)CCC3(C)CCC12C;Cc1c(O)c(O)cc2c1C=CC1C2(C)CCC2(C)C3CC(C)(C(=O)O)CCC3(C)CCC12C
KCGNKRIHIFSLRT,2,GRFAWUZMBBQEMX;KCGNKRIHIFSLRT,CC1=CC2OC3C(OC4OC(C(=O)O)C(O)C(O)C4O)CC(C)(C34CO4)C2(CO)C(O)C1=O;CC1CC2OC3C(OC4OC(C(=O)O)C(O)C(O)C4O)CC(C)(C34CO4)C2(CO)C(=O)C1=O
KCGOMCAYSWAKLR,2,ADFIQZBYNGPCGY;KCGOMCAYSWAKLR,CC(=O)OC1CC2(C)C3(CO3)C1OC1C=C(C)C(=O)C(O)C12CO;CC(=O)OC1CC2(C)C3(CO3)C1OC1CC(C)C(=O)C(=O)C12CO
KCQFNIYRJNSNLG,2,KCQFNIYRJNSNLG;LCQVQAZLYBJMGJ,CC1OC(c2c(O)cc3oc(-c4ccc(O)cc4)cc(=O)c3c2O)C(OC2OC(C)C(O)C(O)C2O)C(O)C1=O;CC1OC(c2c(O)cc3oc(-c4ccc(O)cc4)cc(=O)c3c2O)C(OC2OC(C)C(O)C(O)C2O)C(=O)C1O
KCRMUGKASYZIPR,2,HFJQNEIGUNYVSF;KCRMUGKASYZIPR,CCOC(=O)CC1=CC(=O)N(CC(=O)NCc2ccc(OC)cc2)c2cc(C)c(C)cc2N1;CCOC(=O)CC1=Nc2cc(C)c(C)cc2N(CC(=O)NCc2ccc(OC)cc2)C(=O)C1
KCVLOEKXGLKNGC,2,JKYKXTRKURYNGW;KCVLOEKXGLKNGC,O=C1c2ccccc2C(=O)c2c1cc(S(=O)(=O)O)c(O)c2O;O=C1C(=O)c2c(c(O)c3ccccc3c2O)C=C1S(=O)(=O)O
KCVNSVNOPAEDCV,2,KCVNSVNOPAEDCV;QHDCKXFDMBWWNQ,COc1ccc(N2C(=O)CCC2=O)cc1S(=O)(=O)NCCN1CCOCC1;COc1ccc(-n2c(O)ccc2O)cc1S(=O)(=O)NCCN1CCOCC1
KDOPXYGEBQTWAC,2,KDOPXYGEBQTWAC;VMEGFMNVSYVVOM,CCCCCCCCCCC1=C(C)C(=O)C(OC)=C(OC)C1=O;CCCCCCC=CCCc1c(C)c(O)c(OC)c(OC)c1O
KDUCWIKHKDWCIP,2,HHNXCEHQFRCPMZ;KDUCWIKHKDWCIP,COc1ccc(OC)c(C2Nc3ccccc3NC3=C2C(=O)CC(c2ccc(Cl)cc2)C3)c1;COc1ccc(OC)c(C2Nc3ccccc3N=C3CC(c4ccc(Cl)cc4)CC(=O)C32)c1
KDYGOTULHKNOFI,2,IMONTRJLAWHYGT;KDYGOTULHKNOFI,C#CC1(OC(C)=O)CCC2C3CCC4=CC(=O)CCC4C3CCC21C;C#CC1(OC(C)=O)CCC2C3CC=C4CC(=O)CCC4C3CCC21C
KEGIXQQRZWCAMW,2,DIWRORZWFLOCLC;KEGIXQQRZWCAMW,O=C1Nc2ccc(Cl)cc2C(c2ccccc2Cl)=NC1O;OC1=Nc2ccc(Cl)cc2C(c2ccccc2Cl)=NC1O;O=C1N=C(c2ccccc2Cl)c2cc(Cl)ccc2NC1O
KENAVEABHDSEST,2,KENAVEABHDSEST;MNRUUGQWUOEDSO,CCCc1[nH]nc2c1C(c1cc(OC)c3c(c1)OCO3)C(C#N)=C(N)O2;CCCc1[nH]nc2c1C(c1cc(OC)c3c(c1)OCO3)C(C#N)C(=N)O2
KEOYKWIOAINZSQ,2,FPQFYIAXQDXNOR;KEOYKWIOAINZSQ,CC1CCCC(O)CCCC=Cc2cc(O)cc(O)c2C(=O)O1;CC1CCCC(O)CCC=CCc2cc(O)cc(O)c2C(=O)O1
KEURWWNYWNTZKV,2,KEURWWNYWNTZKV;YFNPRWZVZFBBMG,N#CC1=C(N)Oc2c(oc(CO)cc2=O)C1c1ccc(Br)cc1;N#CC1C(=N)Oc2c(oc(CO)cc2=O)C1c1ccc(Br)cc1
KEWUFEUQBHLPEX,2,FOONTNRMWNJWCL;KEWUFEUQBHLPEX,CC1=CC(=O)CC(C)(C)C1COC1OC(CO)C(O)C(O)C1O;CC1=C(COC2OC(CO)C(O)C(O)C2O)C(C)(C)CC(=O)C1
KFDDMELVLRCRSX,2,KFDDMELVLRCRSX;OGQOQURVSVRVLR,Cc1ccc(NC(=O)CN2C(=O)C(=Cc3cc4c(cc3Cl)OCO4)N=C2O)cc1;Cc1ccc(NC(=O)CN2C(=O)N=C(Cc3cc4c(cc3Cl)OCO4)C2=O)cc1
KFIVXMBRXYMIEJ,2,KFIVXMBRXYMIEJ;VQODGRNSFPNSQE,CC1CC2C3CCC4=CC(=O)C=CC4(C)C3(F)C(O)CC2(C)C1(O)C(=O)COP(=O)(O)O;CC1CC2C3CC=C4CC(=O)C=CC4(C)C3(F)C(O)CC2(C)C1(O)C(=O)COP(=O)(O)O
KFQRJEKOKKRDHS,2,ILQBTJWDTHYRJX;KFQRJEKOKKRDHS,Cc1ccc(CSC2=Nc3ccccc3C3=NC(CC(=O)NCc4cccs4)C(=O)N23)c(C)c1;Cc1ccc(CSc2nc3ccccc3c3nc(CC(=O)NCc4cccs4)c(O)n23)c(C)c1
KFQUAMTWOJHPEJ,2,KFQUAMTWOJHPEJ;UKNHQPDCWMADJW,OCC1OC(n2ncc3c(O)ncnc32)C(O)C1O;O=c1ncnc2n(C3OC(CO)C(O)C3O)[nH]cc1-2
KGJUAXKXURIGAK,2,OINDWIFDMFYGDX;RKEBXTALJSALNU,C=CC1=C(C)C2=NC1=CC1=NC(=CC3=C(C)C4=C(O)C(C(=O)OC)C(=C5NC(=C2)C(C)C5CCC(=O)O)C4=N3)C(CC)=C1C;C=Cc1c(C)c2cc3nc(c4c5nc(cc6[nH]c(cc1[nH]2)c(C)c6CC)C(C)=C5C(=O)C4C(=O)OC)C(CCC(=O)O)C3C
KGOOFVUKHNUFAS,2,KGOOFVUKHNUFAS;ZIOIITMDKMWZOA,COC1CCC(OCC2(COC(=O)c3ccc(C)[nH]3)C(OC(C)=O)CCC3(C)C4CC=C(C)C(C5=C(O)C(=O)OC5O)C4(C)CCC32)OC1C;COC1CCC(OCC2(COC(=O)c3ccc(C)[nH]3)C(OC(C)=O)CCC3(C)C4CC=C(C)C(C5C(=O)C(=O)OC5O)C4(C)CCC32)OC1C
KGPGFOOMGBIDAK,2,KGPGFOOMGBIDAK;QWIAPPMKZSMNDT,CCCC(=O)C1=C(NCCc2c(C)[nH]c3ccc(C)cc23)CCCC1=O;CCCC(=O)C1C(=O)CCCC1=NCCc1c(C)[nH]c2ccc(C)cc12
KGWDFYYOMBBOQS,2,KGWDFYYOMBBOQS;OQIURTMLSZCSOM,CCCCCCCCCCCCCC(O)=C1C(=O)C(C)N(C)C1=O;CCCCCCCCCCCCCC(=O)c1c(O)c(C)n(C)c1O
KHHDAVTUBGFTOU,2,CGRCGRBHNKRILW;KHHDAVTUBGFTOU,O=C1OC(=C2C(=O)Oc3ccccc32)C(O)=C1c1ccccc1;O=C1Oc2ccccc2C1=C1OC(=O)C(c2ccccc2)C1=O
KHYZTWQWOWXPRD,2,JPMRHWLJLNKRTJ;KHYZTWQWOWXPRD,O=C(O)c1cc(O)c2c(c1)C(C1c3cccc(O)c3C(=O)c3c(O)cc(C(=O)O)cc31)c1cccc(O)c1C2=O;O=C(O)c1cc(O)c2c(O)c3c(O)cccc3c(-c3c4cccc(O)c4c(O)c4c(O)cc(C(=O)O)cc34)c2c1
KICCDCZYVZJCIC,2,KICCDCZYVZJCIC;USRAFFQOAADTTD,C=C(C)C(=O)OC1C2C(=C)C(=O)OC2CC(C)C2C=CC(=O)C21C;C=C(C)C(=O)OC1C2C(=C)C(=O)OC2CC(C)C2=CCC(=O)C21C
KIEUSUVLMCIWSA,2,KIEUSUVLMCIWSA;RZRPTBIGEANTGU,CC12CC(=O)C3C(CCC4=CC(=O)CCC43C)C1CCC2=O;CC12CC(=O)C3C(CC=C4CC(=O)CCC43C)C1CCC2=O
KIGBUEKEZHTCDR,2,KIGBUEKEZHTCDR;ULSLJYXHZDTLQK,O=c1oc2ccccc2c(O)c1C1CCCc2ccccc21;O=c1c(C2CCCc3ccccc32)c(O)oc2ccccc12
KIQJGPUQTQIBFV,2,DMRLKRJDAJNMDH;KIQJGPUQTQIBFV,COc1ccc(CC2SC(=NN=Cc3ccco3)N(c3ccccc3)C2=O)cc1;COc1ccc(Cc2sc(=NN=Cc3ccco3)n(-c3ccccc3)c2O)cc1
KIQMCGMHGVXDFW,2,JWVQLFKXYDKWGT;KIQMCGMHGVXDFW,Cn1cnc2ncnc-2c1O;Cn1cnc2[nH]cnc2c1=O
KITHGVUAUZKLCW,2,KITHGVUAUZKLCW;YYZJHCHFUGRDDU,N#CC1=C(N)Oc2c(oc(CO)cc2=O)C1c1ccccc1[N+](=O)[O-];N#CC1C(=N)Oc2c(oc(CO)cc2=O)C1c1ccccc1[N+](=O)[O-]
KJJYNDDNDAVUFT,2,KJJYNDDNDAVUFT;VFTYKWFECKNQNX,COc1cc(C2C(C(=O)OC3CCCC3)=C(C)NC3=C2C(=O)CCC3)cc(Cl)c1O;COc1cc(C2C(C(=O)OC3CCCC3)=C(C)N=C3CCCC(=O)C32)cc(Cl)c1O
KJNCJEFOGQPOHS,2,KJNCJEFOGQPOHS;TYLVGQKNNUHXIP,CC(=O)OC12COC1CC(O)C1(C)C(=O)C(O)C3=C(C)C(OC(=O)C(O)C(NC(=O)c4ccccc4)c4ccccc4)CC(O)(C(OC(=O)c4ccccc4)C21)C3(C)C;CC(=O)OC12COC1CC(O)C1(C)C(=O)C(O)C3=C(C)C(OC(=O)C(O)C(N=C(O)c4ccccc4)c4ccccc4)CC(O)(C(OC(=O)c4ccccc4)C21)C3(C)C;CC(=O)OC12COC1CC(O)C1(C)C(=O)C(=O)C3C(C)C(OC(=O)C(O)C(NC(=O)c4ccccc4)c4ccccc4)CC(O)(C(OC(=O)c4ccccc4)C21)C3(C)C
KJWGEXJCWCYEMI,2,FAIIFDPAEUKBEP;KJWGEXJCWCYEMI,COC(=O)C1=C(C#N)NC(C)=C(C(=O)OC(C)C)C1c1cccc([N+](=O)[O-])c1;COC(=O)C1=C(C#N)N=C(C)C(C(=O)OC(C)C)C1c1cccc([N+](=O)[O-])c1
KKADPXVIOXHVKN,2,GQYBCIHRWMPOOF;KKADPXVIOXHVKN,O=C(O)C(=O)Cc1ccc(O)cc1;O=C(O)C(O)=Cc1ccc(O)cc1
KKJUYEVSKZXGHV,2,JKCBZBFTTXFZGH;KKJUYEVSKZXGHV,O=C(O)C=CC(O)=NCC(=O)O;O=C(O)C=NC(=O)CCC(=O)O
KKRAWNWDROWSPQ,2,KKRAWNWDROWSPQ;WRRWDRFYUZNHQM,O=C1CC(c2ccccc2Cl)CC2=C1C(c1ccc(O)cc1)Nc1ccccc1N2;O=C1CC(c2ccccc2Cl)CC2=Nc3ccccc3NC(c3ccc(O)cc3)C12
KKTXOFDESKJTHU,2,KKTXOFDESKJTHU;MDDSUEKLFWZIBJ,CCOC(=O)C1=C(C)NC2=C(C(=O)CC(c3ccc(Cl)cc3)C2)C1c1ccc2c(c1)OCO2;CCOC(=O)C1=C(C)N=C2CC(c3ccc(Cl)cc3)CC(=O)C2C1c1ccc2c(c1)OCO2
KLRHGHPXFSMCFE,2,KLRHGHPXFSMCFE;TXAJNJOHZOGTLT,CCN(C)C(=C[N+](=O)[O-])NCc1ccc(Cl)nc1;CCN(C)C(C[N+](=O)[O-])=NCc1ccc(Cl)nc1
KLRICWIUDNLMRZ,2,KLRICWIUDNLMRZ;OPECBHGHSFBITB,O=C1C=C(Nc2ccccc2)C(=O)c2ccccc21;O=C1CC(=Nc2ccccc2)C(=O)c2ccccc21
KLWSYWJRTXQLGN,2,KLWSYWJRTXQLGN;SNGHLUWTFLYPMT,CC1(C)OC2CC(=O)OCC23C1=C(O)C(=O)C1(C)C3CCC2(C)C(c3ccoc3)OC(=O)C3OC321;CC1(C)OC2CC(=O)OCC23C1C(=O)C(=O)C1(C)C3CCC2(C)C(c3ccoc3)OC(=O)C3OC321
KMNHUMOKTYWYNP,2,KMNHUMOKTYWYNP;NYLNHNDMNOPWAZ,CC1=CC(=O)CC(C)(C)C1CCC(C)OC1OC(CO)C(O)C(O)C1O;CC1=C(CCC(C)OC2OC(CO)C(O)C(O)C2O)C(C)(C)CC(=O)C1
KNZBHPIVYMGACT,2,KNZBHPIVYMGACT;WSCUHXPGYUMQEX,CC12CC(O)C3C(CCC4=CC(=O)CCC43C)C1CCC2=O;CC12CC(O)C3C(CC=C4CC(=O)CCC43C)C1CCC2=O
KQCIOCKRRCCIMM,2,KQCIOCKRRCCIMM;SLGMSTJSVRGVPB,COC(C=CCCC=CC(=O)O)C(O)C(C)C=C(C)C=C(C)C(=O)CCCC1CC(=O)NC(=O)C1;COC(C=CCCC=CC(=O)O)C(O)C(C)C=C(C)C=C(C)C(=O)CCCC1CC(=O)N=C(O)C1;COC(C=CCCC=CC(=O)O)C(O)C(C)=CC(C)=CC(C)C(=O)CCCC1CC(=O)NC(=O)C1
KQIXAJBIOVMNLO,2,KQIXAJBIOVMNLO;KXBNQEYVZSCSNH,CC(C)=CCC(=O)C1(O)C(=O)C(C(=O)CC(C)C)=C(O)C1(O)CC=C(C)C;CC(C)=CCC(=O)C1(O)C(=O)C(C(=O)CC(C)C)C(=O)C1(O)CC=C(C)C
KRIUNPBAQZGFQA,2,ACPOUJIDANTYHO;KRIUNPBAQZGFQA,O=C1c2ccccc2-c2n[nH]c3cccc1c23;Oc1c2ccccc2c2c3c(cccc13)N=N2
KRQJJEHYENCIHG,2,KRQJJEHYENCIHG;YGMMLKWGVOCGMR,CC(O)=Nc1ccc(NC(=O)C2=CC(=C3C=C(Cl)C=CC3=O)NN2)cc1;CC(=O)Nc1ccc(NC(=O)c2cc(-c3cc(Cl)ccc3O)[nH]n2)cc1
KRSPMDOGSDBDBB,2,IQVQXVFMNOFTMU;KRSPMDOGSDBDBB,CCCC=C1OC(=O)C2=C1CCC=C2;CCC=Cc1oc(O)c2c1CCC=C2
KRZMJJXGKQQGEH,2,KRZMJJXGKQQGEH;QXNYALKSDQNMBV,CCCCCCCCCC=Cc1cc(=O)c2ccccc2[nH]1;CCCCCCCCCC=Cc1cc(O)c2ccccc2n1;CCCCCCCCC=CCc1cc(=O)c2ccccc2[nH]1
KSKRYQVHJQRUNC,2,DOBMPNYZJYQDGZ;KSKRYQVHJQRUNC,O=c1oc2ccccc2c(O)c1Cc1c(O)c2ccccc2oc1=O;O=c1c(Cc2c(O)oc3ccccc3c2=O)c(O)oc2ccccc12
KSOLPEQVOBFKMM,2,HXKURAVERIWKLH;KSOLPEQVOBFKMM,COc1cc(C2C(C(=O)OC3CCCC3)=C(C)NC3=C2C(=O)CC(C)(C)C3)cc(Br)c1O;COc1cc(C2C(C(=O)OC3CCCC3)=C(C)N=C3CC(C)(C)CC(=O)C32)cc(Br)c1O
KSXLETNRCMCRAQ,2,KSXLETNRCMCRAQ;LYPFDBRUNKHDGX,Oc1cccc(-c2c3nc(c(-c4cccc(O)c4)c4ccc([nH]4)c(-c4cccc(O)c4)c4nc(c(-c5cccc(O)c5)c5ccc2[nH]5)CC4)C=C3)c1;Oc1cccc(-c2c3nc(c(-c4cccc(O)c4)c4ccc([nH]4)c(-c4cccc(O)c4)c4ccc([nH]4)c(-c4cccc(O)c4)c4nc2CC4)C=C3)c1
KTPNTAOLZMSACI,2,KTPNTAOLZMSACI;LCZBQMKVFQNSJR,CC(=O)C1(O)CCC2C3CCC4=CC(=O)CCC4(C)C3C(O)CC21C;CC(=O)C1(O)CCC2C3CC=C4CC(=O)CCC4(C)C3C(O)CC21C
KTUGANDOOSVUBO,2,KTUGANDOOSVUBO;VHDHZCBZDKSYAF,NCC1OC(OC2C(N)CC(N)C(OC=CO)C2O)C(N)CC1O;NCC1OC(OC2C(N)CC(N)C(OCC=O)C2O)C(N)CC1O
KVBGNKVVUDLETI,2,JBKPUQTUERUYQE;KVBGNKVVUDLETI,CN1C=CC=CC1=CN=O;CN1C=CC=CC1=C=NO
KVWCTIRRCLMBIJ,2,IDPRQTHSAHGSDW;KVWCTIRRCLMBIJ,CC1=CC(=O)CC(C)(C)C1C=CC(C)OC1OC(CO)C(O)C(O)C1OC1OCC(O)(CO)C1O;CC1=C(C=CC(C)OC2OC(CO)C(O)C(O)C2OC2OCC(O)(CO)C2O)C(C)(C)CC(=O)C1
KVWDHTXUZHCGIO,2,KVWDHTXUZHCGIO;WXPNDRBBWZMPQG,Cc1cc2c(s1)Nc1ccccc1N=C2N1CCN(C)CC1;Cc1cc2c(s1)=Nc1ccccc1NC=2N1CCN(C)CC1
KWHPFAMCGQHLRB,2,GJBSAYPRUKSXAR;KWHPFAMCGQHLRB,CC1=CC2C(O)CCC(C)(C(O)=C3C(=O)CN=C3O)C2CC1CCC(C)C(O)C(C)=CCC(O)C=CC(C)C(O)C=CCC(O)C=CCC(O)CC1CCCN1C(=N)N;CC1=CC2C(O)CCC(C)(C(=O)c3c(O)c[nH]c3O)C2CC1CCC(C)C(O)C(C)=CCC(O)C=CC(C)C(O)C=CCC(O)C=CCC(O)CC1CCCN1C(=N)N
KYHUXCZDXRHNQH,2,ADILGSWRWFWWQC;RPGSBIBWQJFQCO,CC(CCC(=O)OC(CO)C(O)C(O)C(=O)CO)C1CCC2C3C(O)CC4CC(O)CCC4(C)C3CC(O)C12C;CC(CCC(=O)OC(CO)C(O)C(O)C(O)C=O)C1CCC2C3C(O)CC4CC(O)CCC4(C)C3CC(O)C12C
KZBJBUAPVFZCLR,2,GKWSTXDESFGCFI;KZBJBUAPVFZCLR,COC(=O)c1c(C)cc2c(c1O)C1(O)C(=O)c3cc4c(c(O)c3C(=O)C1(OC)CC2)C(=O)C=C(NC1OC(C)C(OC2CCC(N(C)C)C(C)O2)C(O)C1OC)C4=O;COC(=O)c1c(C)cc2c(c1O)C1(O)C(=O)c3cc4c(c(O)c3C(=O)C1(OC)CC2)C(=O)CC(=NC1OC(C)C(OC2CCC(N(C)C)C(C)O2)C(O)C1OC)C4=O
KZQYIMCESJLPQH,2,KZQYIMCESJLPQH;QELUYTUMUWHWMC,CC1=NN(c2ccccc2)C(=O)C1;Cc1cc(=O)n(-c2ccccc2)[nH]1
LAFYUFZYMDYGLR,2,LAFYUFZYMDYGLR;NKDFYOWSKOHCCO,CC(C)(O)CCC(O)C(C)(O)C1CCC2(O)C3=CC(=O)C4CC(O)C(O)CC4(C)C3CCC12C;CC(C)(O)CCC(O)C(C)(O)C1CCC2(O)C3=C(CCC12C)C1(C)CC(O)C(O)CC1C(=O)C3
LAJYZKSIHNTDPD,2,LAJYZKSIHNTDPD;OSVOWNIXMSYPLB,CCC1(O)C(=O)OCc2c1cc1n(c2=O)-c2cc3ccccc3nc2C1;CCC1(O)C(=O)OCc2c1cc1cc3[nH]c4ccccc4cc3n1c2=O
LAZLDWXSSDNWRZ,2,IXSVOCGZBUJEPI;LAZLDWXSSDNWRZ,COC1C=COC2(C)Oc3c(C)c(O)c4c(=O)c(c5oc6cc(N7CCN(CC(C)C)CC7)cc(=O)c6nc5c4c3=C2O)NC(=O)C(C)=CC=CC(C)C(O)C(C)C(O)C(C)C(OC(C)=O)C1C;COC1C=COC2(C)Oc3c(C)c(=O)c4c(O)c(c5oc6cc(N7CCN(CC(C)C)CC7)cc(O)c6nc5c4c3C2=O)NC(=O)C(C)=CC=CC(C)C(O)C(C)C(O)C(C)C(OC(C)=O)C1C
LBBJNGFCXDOYMQ,2,LBBJNGFCXDOYMQ;SATMZMMKDDTOSQ,Cc1[nH]ccc2c1[nH]c1cc(=O)ccc12;Cc1nccc2c1[nH]c1cc(O)ccc12
LCHOSPMUCWYHDR,2,GLWALLILRDRCHZ;LCHOSPMUCWYHDR,CCC12C=CCN3CCC4(C(=C(C(=O)OC)C1)Nc1cc(O)c(C5C=CC6(CC)CC(C(=O)OC)=C7Nc8c(O)cccc8C78CCN5C68)cc14)C32;CCC12C=CCN3CCC4(C(=Nc5cc(O)c(C6C=CC7(CC)CC(C(=O)OC)C8=Nc9c(O)cccc9C89CCN6C79)cc54)C(C(=O)OC)C1)C32
LCOCGOGMNZCKGK,2,LCOCGOGMNZCKGK;LFRFNLMDZHTVHB,CCCC1=CC(=O)C(O)C1O;CCCC1CC(=O)C(=O)C1O
LCTZNILDEIKRTA,2,LCTZNILDEIKRTA;LHVOTBCQBLBMAB,COC(=O)C1(C)CCC2(C)CCC3(C)C(=CC(=O)C4C5(C)CCC(=O)C(C)(C)C5CCC43C)C2C1;COC(=O)C1(C)CCC2(C)CCC3(C)C(=C2C1)CC(=O)C1C2(C)CCC(=O)C(C)(C)C2CCC13C
LDICTIRBLZRJNW,2,KECDQGHQDRKJEE;LDICTIRBLZRJNW,CCOC(=O)c1sc(N2C(=O)C(=O)C(=C(O)c3ccc(C)c(F)c3)C2c2cccnc2)nc1C;CCOC(=O)c1sc(N2C(=O)C(=O)C(C(=O)c3ccc(C)c(F)c3)C2c2cccnc2)nc1C
LDISNNDGSPYPTD,2,LDISNNDGSPYPTD;LUCWJFFQULMITP,CCOc1cc(C2NC(O)=NC(C)=C2C(=O)OC2CCCCCCC2)ccc1O;CCOc1cc(C2NC(=O)N=C(C)C2C(=O)OC2CCCCCCC2)ccc1O
LDJDMENPMPQEFY,2,JDGNFRYDHRYXNL;LDJDMENPMPQEFY,COC1=C(C)C(=O)OC1=C1OC2CCCN3C(C4CC(C)C(=O)O4)CCC3C2C1C;COc1c(C2=C(C)C3C(CCCN4C(C5CC(C)C(=O)O5)CCC34)O2)oc(O)c1C
LDOPGQBXVCXINY,2,KSIIEFJRZNSMGQ;LDOPGQBXVCXINY,COc1cccc(-c2[nH]c(C(=O)NCCCN3CCOCC3)cc3c4ccccc4nc2-3)c1;COc1cccc(-c2nc(C(=O)NCCCN3CCOCC3)cc3c2[nH]c2ccccc23)c1
LDSREXOQKHGVJM,2,GNUBOQVVIAMPSG;LDSREXOQKHGVJM,COc1c(O)cc2c3c1COc1cc(O)cc(c1-3)CC2;COC1C(=O)Cc2ccc3cc(O)cc4c3c2C1CO4
LDUWZDLQTJPRSA,2,LDUWZDLQTJPRSA;ZBJCSWVKUJLAAQ,C=C(C(=O)C(O)C(C)C1C(OC(C)=O)CC2(C)C3CCC4C(C)C(=O)C=CC45CC35CCC12C)C(C)CO;CC(=O)OC1CC2(C)C3CCC4C(C)C(=O)C=CC45CC35CCC2(C)C1C(C)C(=O)C(=O)C(C)C(C)CO
LECBQDGMDLYNRI,2,LECBQDGMDLYNRI;RAMCUYJHJZKSFT,CCOc1cc(C2C(C(=O)OCCc3ccccc3)=C(C)NC3=C2C(=O)CCC3)cc(Br)c1O;CCOc1cc(C2C(C(=O)OCCc3ccccc3)=C(C)N=C3CCCC(=O)C32)cc(Br)c1O
LEFFIDHOPBCQMU,2,CBGLETFGTARBGG;LEFFIDHOPBCQMU,CC1=CC(=O)CC(C)(C)C1CCC(C)OC1OC(COC(=O)c2cc(O)c(O)c(O)c2)C(O)C(O)C1O;CC1=C(CCC(C)OC2OC(COC(=O)c3cc(O)c(O)c(O)c3)C(O)C(O)C2O)C(C)(C)CC(=O)C1
LEIGRUMEUMIEFL,2,LEIGRUMEUMIEFL;MXLZHQOOQIUQGO,CCCCCC=CC=CC(=O)OC1C(C)C2(O)C3C=C(C)C(=O)C3CC(CO)=CC2C2C(C)(C)C12OC(=O)C(C)C;CCCCC=CC=CCC(=O)OC1C(C)C2(O)C3=C(CC(CO)=CC2C2C(C)(C)C12OC(=O)C(C)C)C(=O)C(C)C3
LENCXSFKAMOXHP,2,LENCXSFKAMOXHP;YLZUMNXGXFXZNQ,CC1CCC2(OC1)OC1CC3C4CCC5CC(O)CCC5(C)C4=CC(=O)C3(C)C1C2C;CC1CCC2(OC1)OC1CC3C4=C(CC(=O)C3(C)C1C2C)C1(C)CCC(O)CC1CC4
LEWJCVCZRHYDQI,2,LEWJCVCZRHYDQI;YSXFDQZXVFAMSB,C=C1CC(=O)C2OC2(C)CC2OC(=O)C(=C)C2C(O)C1OC(=O)C(C)=CC;C=C1C(=O)OC2CC3(C)OC3C(=O)C=C(C)C(OC(=O)C(C)=CC)C(O)C12
LEXWWQVRWFGKCF,2,DCSCXTJOXBUFGB;LEXWWQVRWFGKCF,CC1=CC(=O)C2CC1C2(C)C;CC1=C2CC(C(=O)C1)C2(C)C
LFAAJKXFDFQUKR,2,LFAAJKXFDFQUKR;OJLGASCOGOIOJR,CC1=C(O)C(=O)CC(OC2CC(C)(C)CC3C4=CCC5C6(C)CCC(OC7OC(C(=O)O)C(O)C(O)C7OC7OC(CO)C(O)C(O)C7O)C(C)(CO)C6CCC5(C)C4(C)CCC23C)O1;CC1OC(OC2CC(C)(C)CC3C4=CCC5C6(C)CCC(OC7OC(C(=O)O)C(O)C(O)C7OC7OC(CO)C(O)C(O)C7O)C(C)(CO)C6CCC5(C)C4(C)CCC23C)CC(=O)C1=O
LFDVHUNTCDKABD,2,DFKOPXRKBDNAIH;LFDVHUNTCDKABD,COc1cc(C2C(C#N)=C(N)Oc3cc(N)ccc32)cc(OC)c1OC;COc1cc(C2c3ccc(N)cc3OC(=N)C2C#N)cc(OC)c1OC
LFMGQQULEMMWJV,2,LFMGQQULEMMWJV;SPWSUFUPTSJWNG,C=CC(C)(C)C12CC3C(O)=NC(=Cc4cnc[nH]4)C(=O)N3C1Nc1ccccc12;C=CC(C)(C)C12CC3C(=O)NC(=Cc4cnc[nH]4)C(=O)N3C1Nc1ccccc12;C=CC(C)(C)C12CC3C(=O)NC(=Cc4c[nH]cn4)C(=O)N3C1Nc1ccccc12
LGTPLSKONSMOSB,2,BIANDIZAMWZPCZ;LGTPLSKONSMOSB,CC1=C2C(=O)C(C(C)C(=O)O)CCC2(C)C=CC1=O;CC(C(=O)O)=C1C=CC2(C)CCC(=O)C(C)C2C1=O
LGVXNZCIWAFIRE,2,LGVXNZCIWAFIRE;XKWWCTISHMFHJB,COC1=C(O)c2cc3oc(C(C)=O)c(O)c3c(O)c2C(=O)C1=O;COC1C(=O)C(=O)c2c(cc3oc(C(C)=O)c(O)c3c2O)C1=O
LHCFZKYKHGIEOI,2,LHCFZKYKHGIEOI;MPOXQBRZHHNMER,CCCC=CC=CC1CC(O)C(O)C(=O)C1CO;CCCC=CC=CC1CC(=O)C(O)C(O)C1CO
LHQIJBMDNUYRAM,2,LHQIJBMDNUYRAM;VPVOXUSPXFPWBN,CC(O)C(O)c1cnc2[nH]c(N)nc(=O)c2n1;CC(O)C(=O)C1=Nc2c([nH]c(N)nc2=O)NC1;CC(O)C(O)c1cnc2nc(N)[nH]c(=O)c2n1
LIDVKVCBSDOXAC,2,LIDVKVCBSDOXAC;QDWKGEFGLQMDAM,CCN(CC)CCNC(=O)c1c(C)[nH]c(C=C2C(=O)Nc3ccc(-c4csc(-c5ccccc5)n4)cc32)c1C;C=c1c(C(=O)NCCN(CC)CC)c(C)[nH]c1=Cc1c(O)[nH]c2ccc(-c3csc(-c4ccccc4)n3)cc12
LITGJAZZWDDVQJ,2,LITGJAZZWDDVQJ;RWCVSDKDFSVZNF,CCC1(O)CC(O)c2c(cc3c(c2O)C(=O)c2c(O)ccc(O)c2C3=O)C1C(=O)OC;CCC1(O)CC(O)c2c(cc3c(O)c4c(c(O)c3c2O)C(=O)C=CC4=O)C1C(=O)OC
LJDAYEAXTWNKEL,2,CUAPOUHDJKWLOB;LJDAYEAXTWNKEL,CC1(CO)CC2C(O)C(=O)C3(CO)CC3(C)C2C1;CC1(CO)CC2C(=O)C(O)C3(CO)CC3(C)C2C1
LJFFPSOXYOKVSD,2,LJFFPSOXYOKVSD;SBUXRMKDJWEXRL,CCC1c2[nH]c3ccccc3c2CC2C(=O)N(c3ccc(F)cc3)C(=O)N21;CCC1c2[nH]c3ccccc3c2Cc2c(O)n(-c3ccc(F)cc3)c(=O)n21
LKJGUGUMTVGDBB,2,LKJGUGUMTVGDBB;QQBFAVBJOBJSKG,CCOc1cccc(C2Nc3ccccc3NC3=C2C(=O)CC(C)(C)C3)c1;CCOc1cccc(C2Nc3ccccc3N=C3CC(C)(C)CC(=O)C32)c1
LKUVDGDYPVDOHV,2,KMVGZHAXSWPDLJ;LKUVDGDYPVDOHV,COc1ccc(C2(O)c3c(ccc(C=CC4(C)CCC(C)(C)C(OC)O4)c3O)NC(=O)C2OC)cc1;COc1ccc(C2(O)c3c(O)c(=CCC4(C)CCC(C)(C)C(OC)O4)ccc3=NC(=O)C2OC)cc1
LLADSGBCMOGKAL,2,LLADSGBCMOGKAL;YHHLNGAZCXMCEW,CCC(C)C1NC(=O)C(C(C)C)NC(=O)C(C)=CC(C)CC(C)CC(C)CC(C)CCC(C)OC1=O;CCC(C)C1=NC(=O)C(C(C)C)NC(=O)C(C)CC(C)CC(C)CC(C)CC(C)CCC(C)OC1=O
LLAGPDHMPHPELN,2,LLAGPDHMPHPELN;YOTVUKXKJYRTAR,O=C(CC1C(O)=Nc2ccccc21)OCC1OC(OCCc2ccc(O)cc2)C(O)C(O)C1O;O=C(CC1C(=O)Nc2ccccc21)OCC1OC(OCCc2ccc(O)cc2)C(O)C(O)C1O;O=C(Cc1c(O)[nH]c2ccccc12)OCC1OC(OCCc2ccc(O)cc2)C(O)C(O)C1O
LLHZKEYZGSRPHX,2,KCZYRPKBIWYGGW;LLHZKEYZGSRPHX,COC(=O)C1=C(C)NC2=C(C(=O)CCC2)C1c1ccc(O)c(OC)c1;COC(=O)C1=C(C)N=C2CCCC(=O)C2C1c1ccc(O)c(OC)c1
LLISFRIXTDLJAH,2,GJGRGJCMJUMZKN;LLISFRIXTDLJAH,COC(=O)c1c(C)cc(O)c(C)c1OC1C(=O)C(C)=C(O)C(O)C1(C)OC;COC(=O)c1c(C)cc(O)c(C)c1OC1C(=O)C(C)C(=O)C(O)C1(C)OC
LLLXKOHOTQDYHM,2,LLLXKOHOTQDYHM;UNJFKXSSGBWRBZ,Nc1nc(C(=CCC(=O)O)C(=O)NC2C(=O)N3C(C(=O)O)=CCSC23)cs1;Nc1nc(C(CCC(=O)O)C(=O)N=C2C(=O)N3C(C(=O)O)=CCSC23)cs1
LLMZKLCVGBGKMB,2,APSZCQZJXWEGJS;LLMZKLCVGBGKMB,O=C1C(O)=C(c2ccccc2)C2CCCN12;O=C1C(=O)N2CCCC2C1c1ccccc1
LLNQICGJFMLHGF,2,KDQMRYTZELJKOB;LLNQICGJFMLHGF,CC(C=CC=CC=CCNC(=O)C(O)CC(C)C)=CC=CC=C(C)C(O)CC(=O)NC(C)=CC=CC=CC(C)C(=O)O;CC(C=CC=CC=CCNC(=O)C(O)CC(C)C)=CC=CC=C(C)C(O)CC(=O)N=C(C)C=CC=CCC(C)C(=O)O
LLSJHMKSCLAYKU,2,LLSJHMKSCLAYKU;NFQFDMJGZPLWGI,CC1CC(=O)C2=C(C1)C(O)C(O)C1(O)C2C(=O)c2cccc(O)c2C1O;CC1=CC(=O)C2C(C1)C(O)C(O)C1(O)C(O)c3c(O)cccc3C(=O)C21
LLTAXFCNHNEMSM,2,GTIJUYRURIFXCS;LLTAXFCNHNEMSM,Cc1ccc2occ(C3Nc4ccccc4NC4=C3C(=O)CC(c3ccccc3Cl)C4)c(=O)c2c1;Cc1ccc2occ(C3Nc4ccccc4N=C4CC(c5ccccc5Cl)CC(=O)C43)c(=O)c2c1
LLVIVPAPYJXADK,2,LLVIVPAPYJXADK;MBWXNTAXLNYFJB,CC(=CCC1=C(C)C(=O)c2ccccc2C1=O)CCCC(C)CCCC(C)CCCC(C)C;CC(C=Cc1c(C)c(O)c2ccccc2c1O)=CCCC(C)CCCC(C)CCCC(C)C
LMBVJGQQPZVPBH,2,LMBVJGQQPZVPBH;MHZVWXOKIRZLCJ,CCCC=CC=CC1CC(O)C(O)C(=O)C1C=O;CCCC=CC=CC1CC(=O)C(O)C(O)C1C=O
LMKDLTRCEAZUNB,2,ILUWXELFYCLFHQ;LMKDLTRCEAZUNB,COC1=C(O)C(=O)c2c(c(O)c3oc(C(C)=O)c(O)c3c2O)C1=O;COC1C(=O)C(=O)c2c(c(O)c3oc(C(C)=O)c(O)c3c2O)C1=O
LMVVOWYVEWFUQM,2,LMVVOWYVEWFUQM;WFMPZQDIRPRCNA,C=C1CCC2C(C=C(C)C(=O)C3(OC(C)=O)CC(C)C(OC(C)=O)C3C1OC(C)=O)C2(C)C;C=C1CCC2C(=CC(C)C(=O)C3(OC(C)=O)CC(C)C(OC(C)=O)C3C1OC(C)=O)C2(C)C
LNCSQEMUTCXCFO,2,CXIUSTAMXYQEGY;LNCSQEMUTCXCFO,COc1ccc(C=C(NC(=O)c2ccc(Br)cc2)C(O)=NCCc2c(C)[nH]c3ccccc23)cc1;COc1ccc(CC(=NC(=O)c2ccc(Br)cc2)C(=O)NCCc2c(C)[nH]c3ccccc23)cc1
LNDUTAIPEYOCDF,2,LNDUTAIPEYOCDF;VEUZZDOCACZPRY,O=c1oc2ccccc2c(O)c1C1CC(c2ccc(-c3ccc(Br)cc3)cc2)Cc2ccccc21;O=c1c(C2CC(c3ccc(-c4ccc(Br)cc4)cc3)Cc3ccccc32)c(O)oc2ccccc12
LNFZRMDSZJCZTG,2,LNFZRMDSZJCZTG;YYDUWLSETXNJJT,Cc1ccc(NC(=O)Nc2cc(C(F)(F)F)ccc2F)cc1Nc1ccc2c(c1)NC(=O)C2=Cc1ccc[nH]1;Cc1ccc(NC(=O)Nc2cc(C(F)(F)F)ccc2F)cc1Nc1ccc2c(c1)=NC(=O)C=2Cc1ccc[nH]1
LNVGMPUHOOOJKD,2,DSHVEBDLSYMWSX;LNVGMPUHOOOJKD,COC1CC(OC)C(CO)C(OC)CC2CC=CC(CC(O)CC=C(C)C=CC(=O)OC(C(C)C(O)C(C)CCC(=O)C(C)C(OC)C(C)C=CN(C)C=O)C1C)O2;COC1CC(OC)C(CO)C(OC)CC2CC=CC(CC(O)C=CC(C)=CCC(=O)OC(C(C)C(O)C(C)CCC(=O)C(C)C(OC)C(C)C=CN(C)C=O)C1C)O2
LPHQQODTQTWNJE,2,KPGRZWCQXQUGHK;LPHQQODTQTWNJE,COC1=C(C(C)=O)C2=C(C)Cc3c(OC)c(=O)c(O)c4cc(OC)c5c(OC)cc(O)c6c(c2c3c4c56)C1=O;COc1c(C(C)=O)c2c(C)cc3c(OC)c(=O)c(O)c4cc(OC)c5c(OC)cc(O)c6c(c1O)c2c3c4c56
LQEIDFGJVUFQAZ,2,IRSFLDGTOHBADP;LQEIDFGJVUFQAZ,CCCCCCCCCCCC1=C(O)C(=O)C=C(O)C1=O;CCCCCCCC=CCCc1c(O)c(O)cc(O)c1O
LQFXJIHSIOYEAM,2,LQFXJIHSIOYEAM;NMVBBPJEWPBXKG,CCCCCCCC=CC(=O)NC(CCSC)C(=O)O;CCCCCCCCCC(=O)N=C(CCSC)C(=O)O
LROBWRLRUKWTPD,2,JBQJQRQPOXLFNB;LROBWRLRUKWTPD,C=C1C(OC(=O)c2ccccc2O)CC2C(C=C(C)C(=O)C3(OC(C)=O)CC(C)C(OC(=O)c4ccccc4)C3C1OC(C)=O)C2(C)C;C=C1C(OC(=O)c2ccccc2O)CC2C(=CC(C)C(=O)C3(OC(C)=O)CC(C)C(OC(=O)c4ccccc4)C3C1OC(C)=O)C2(C)C
LRQDTJXIDPLRPN,2,LARSXHUKWMVHRB;LRQDTJXIDPLRPN,COC(=O)C1(Cc2ccc(O)c(CC=C(C)C)c2)OC(=O)C(OC)=C1c1cc(O)c(O)c(CC=C(C)C)c1;COC(=O)C1(Cc2ccc(O)c(CC=C(C)C)c2)OC(=O)C(OC)=C1c1cc(O)c(O)c(C=CC(C)C)c1
LSLJMBNANYUHGT,2,HDEDWNHZBWFQCB;LSLJMBNANYUHGT,CC(=O)OC1(C(=O)CO)CCC2C3CCC4=CC(=O)CCC4(C)C3C(O)CC21C;CC(=O)OC1(C(=O)CO)CCC2C3CC=C4CC(=O)CCC4(C)C3C(O)CC21C
LSVGHDRDIIYKTM,2,LSVGHDRDIIYKTM;MWAZUOMVQNNBHM,Nc1ccccc1NC1=C2C(=O)c3ccccc3OC2CCC1;Nc1ccccc1N=C1CCCC2Oc3ccccc3C(=O)C12
LSXMFFCQWVZVLX,2,LSXMFFCQWVZVLX;VILHAYBRKKWZBQ,CC1=CCCC(C)C(=O)CC2=C(C)C(=O)OC2C1;CC1=CCCC(C)C(=O)C=C2C(C1)OC(=O)C2C
LTSBOKWGHXNLGR,2,LTSBOKWGHXNLGR;YBAYMVAFGNPWEE,CCC1CCCCN1C(=O)C[N+]1=C2C=CSC2C(=O)N(CCc2cccs2)C1=O;CCC1CCCCN1C(=O)C[n+]1c(=O)n(CCc2cccs2)c(O)c2sccc21
LTUWGHVUPWBTQX,2,KTFGDHPTDQFFRL;LTUWGHVUPWBTQX,CC1=CC(C)CC=CC2C3OC3(C)C(C)C3C(Cc4c[nH]c5ccccc45)NC(=O)C23C(=O)CCC(O)C1=O;CC1CC=CC2C3OC3(C)C(C)C3C(Cc4c[nH]c5ccccc45)NC(=O)C23C(=O)CCC(=O)C(=O)C(C)C1
LUCGPEIJZCDQBW,2,LUCGPEIJZCDQBW;VOJZQYLSWQMIAF,CC=C1NC(=O)C(NC(=O)C(NC(=O)C2CCCN2C(=O)CCC)C(C)O)C(C)OC(=O)C(C(C)C)NC(=O)C(Cc2ccc(O)cc2)N(C)C(=O)C(Cc2ccccc2)N2C(=O)C(CCC2O)NC1=O;CCCC(=O)N1CCCC1C(=O)NC(C(=O)NC1C(=O)N=C(CC)C(=O)NC2CCC(O)N(C2=O)C(Cc2ccccc2)C(=O)N(C)C(Cc2ccc(O)cc2)C(=O)NC(C(C)C)C(=O)OC1C)C(C)O
LVAHQLRYCUQXND,2,LVAHQLRYCUQXND;MCCOCPLSPAXBKR,CC(C)COc1ccc(C(=O)NC(=Cc2ccccc2)C(O)=NCCN=C(O)C(=Cc2ccccc2)NC(=O)c2ccc(OCC(C)C)cc2)cc1;CC(C)COc1ccc(C(=O)N=C(Cc2ccccc2)C(=O)NCCNC(=O)C(Cc2ccccc2)=NC(=O)c2ccc(OCC(C)C)cc2)cc1
LVCXAKWFQYYXLU,2,LVCXAKWFQYYXLU;OQWKEEOHDMUXEO,CCCCCC=CC(=O)CCc1ccc(O)c(OC)c1;CCCCC=CCC(=O)CCc1ccc(O)c(OC)c1
LVLQYABIVQGIKP,2,LVLQYABIVQGIKP;YGBHBIXCSYCCOR,CSC=CC(=O)OC1CCC2=CC(=O)C(=C(C)C)CC2(C)C1C;CSC=CC(=O)OC1CC=C2CC(=O)C(=C(C)C)CC2(C)C1C
LWDVTSQXQZZKLY,2,LWDVTSQXQZZKLY;NPWKEUKXVOMELT,CCC(C)C1C(=O)C(=C(O)C2C3C(C)CC(C)CC3C=CC2C2(C)OC2C)C(=O)N1C;CCC(C)c1c(O)c(C(=O)C2C3C(C)CC(C)CC3C=CC2C2(C)OC2C)c(O)n1C
LWJPEYWPZRWMLL,2,LWJPEYWPZRWMLL;YGWUEIKJBWTKOE,O=C1CC(c2ccccc2)CC2=C1C(c1cc(F)cc(F)c1)n1ncnc1N2;O=C1CC(c2ccccc2)CC2=Nc3ncnn3C(c3cc(F)cc(F)c3)C12
LWMBVTRYZWPFNW,2,LWMBVTRYZWPFNW;VRGWBRLULZUWAJ,CC(=O)OCC(C)C1=C(O)C(=O)C2(C)CC=C(C)CCC=C(C)CCC(O)C(C)=CCC12;CC(=O)OCC(C)=C1C(=O)C(=O)C2(C)CC=C(C)CCC=C(C)CCC(O)C(C)CCC12
LWYWNXWAKKYCQF,2,LWYWNXWAKKYCQF;QNJKJOJARFRQLD,N#CC1=C(N)Oc2c(c(=O)oc3ccccc23)C12C(=O)N(Cc1ccc(Cl)cc1)c1ccccc12;N#CC1C(=N)Oc2c(c(=O)oc3ccccc23)C12C(=O)N(Cc1ccc(Cl)cc1)c1ccccc12
LXPZYCOJCIHBGX,2,CXAAMKKGUZWBKP;LXPZYCOJCIHBGX,COc1ccc(OC)c(-c2[nH]c(C(=O)NCC3CCCO3)cc3c4ccccc4nc2-3)c1;COc1ccc(OC)c(-c2nc(C(=O)NCC3CCCO3)cc3c2[nH]c2ccccc23)c1
LXSRSVHECADTLC,2,AVZVFACXTAYYOW;LXSRSVHECADTLC,Cc1cc(C)c(NC(=O)CC2SC(Nc3ccc(C)c(C)c3)=NC2=O)c(C)c1;Cc1cc(C)c(NC(=O)Cc2sc(Nc3ccc(C)c(C)c3)nc2O)c(C)c1
LXUQNVQZFJLROQ,2,LXUQNVQZFJLROQ;NYRMIJKDBAQCHC,CNC1=C(c2cccc(C(F)(F)F)c2)C(=O)C(c2ccccc2)O1;CNc1oc(-c2ccccc2)c(O)c1-c1cccc(C(F)(F)F)c1
LYPIWHKMDPCDJM,2,GJZKDVGLDGLPMB;LYPIWHKMDPCDJM,CC(C)=CCCC(C)=CCc1cc(C=Cc2cc(O)c(CC=C(C)C)c(O)c2)cc(O)c1O;CC(C)=CCC=C(C)C=Cc1cc(CCc2cc(O)c(CC=C(C)C)c(O)c2)cc(O)c1O
LYRBZVWRTAFWPO,2,LYRBZVWRTAFWPO;WWYNJERNGUHSAO,C#CC1(O)CCC2C3CCC4=CC(=O)CCC4C3CCC21CC;C#CC1(O)CCC2C3CC=C4CC(=O)CCC4C3CCC21CC
LZCUQTHVCFBJSX,2,LZCUQTHVCFBJSX;VQEDFYBLQJNFSJ,CCCc1[nH]nc2c1C(c1ccc(OC)c(O)c1)C(C#N)=C(N)O2;CCCc1[nH]nc2c1C(c1ccc(OC)c(O)c1)C(C#N)C(=N)O2
LZDWEOQSCYMKCP,2,LZDWEOQSCYMKCP;PNUQCGVJIJFTAX,CC(Nc1ccc2oc(=O)ccc2c1)=C1C(=O)CC2C1C2(C)C;CC(=Nc1ccc2oc(=O)ccc2c1)C1C(=O)CC2C1C2(C)C
LZLJLDMFUUABTK,2,LZLJLDMFUUABTK;RNGOSWIVIHNJSK,CCC12CC(C(=O)OC)=C3Nc4ccccc4C34CCN(C(c3ccc5c(c3)C3CCN6CC(OS(=O)(=O)O)C(O)C7(CC)CCC3(N5)C67)C3OC31)C42;CCC12CC(C(=O)OC)C3=Nc4ccccc4C34CCN(C(c3ccc5c(c3)C3CCN6CC(OS(=O)(=O)O)C(O)C7(CC)CCC3(N5)C67)C3OC31)C42
LZTFPNGIMYKVIO,2,LZTFPNGIMYKVIO;VEAPYXJUYPETEO,C=C1CCC2C(C)(COC3OC(CO)C(O)C(O)C3O)C(O)CCC2(C)C1C(=O)CC1=CCOC1=O;CC1=C(C(=O)C=C2CCOC2=O)C2(C)CCC(O)C(C)(COC3OC(CO)C(O)C(O)C3O)C2CC1
MAPBTFURUQVFAE,2,MAPBTFURUQVFAE;SQXBIMXUPKOHRS,COC(=O)C1=CNC=C(C(=O)OC)C1c1cc(OC)c(OC)c(OC)c1;COC(=O)C1=CN=CC(C(=O)OC)C1c1cc(OC)c(OC)c(OC)c1
MAUDUGHKVZOSRY,2,KMAREPQCUSHBQE;MAUDUGHKVZOSRY,COc1cccc(-c2[nH]c(C(=O)NCC3CCCO3)cc3c4ccccc4nc2-3)c1;COc1cccc(-c2nc(C(=O)NCC3CCCO3)cc3c2[nH]c2ccccc23)c1
MAXXXDSMDPPTEE,2,MAXXXDSMDPPTEE;WINHZLLDWRZWRT,CCN(CC)CCNC(=O)c1c(C)[nH]c(C=C2C(=O)Nc3ccc(F)cc32)c1C;C=c1c(C(=O)NCCN(CC)CC)c(C)[nH]c1=Cc1c(O)[nH]c2ccc(F)cc12
MBBMPUPQTVKDIP,2,MBBMPUPQTVKDIP;UXULHXXEXXAALO,COC(=O)C1=C(N)N(c2cccc(C(F)(F)F)c2)C2=C(C(=O)CC(C)(C)C2)C1c1cccnc1;COC(=O)C1C(=N)N(c2cccc(C(F)(F)F)c2)C2=C(C(=O)CC(C)(C)C2)C1c1cccnc1
MBHIKXWZKGGROW,2,BRAYFQBTHPPVDA;MBHIKXWZKGGROW,O=C1CC(N2CCc3ccccc32)C(=O)N1c1cc(Cl)cc(Cl)c1;Oc1cc(N2CCc3ccccc32)c(O)n1-c1cc(Cl)cc(Cl)c1
MBOKSSYXJPVPOA,2,JCYNMRJCUYVDBC;MBOKSSYXJPVPOA,Cc1cc(Oc2ccc3nc(COc4ccc(CC5SC(=O)NC5=O)cc4)n(C)c3c2)cc(C)c1N;Cc1cc(Oc2ccc3nc(COc4ccc(Cc5sc(=O)[nH]c5O)cc4)n(C)c3c2)cc(C)c1N
MBVCDSLGCFPUGV,2,MBVCDSLGCFPUGV;QVNCBRMSRLGETO,COC(=O)C1=C(N)Oc2c(oc(CO)cc2=O)C1c1ccccc1[N+](=O)[O-];COC(=O)C1C(=N)Oc2c(oc(CO)cc2=O)C1c1ccccc1[N+](=O)[O-]
MBYPDDHPFXLSRB,2,MBYPDDHPFXLSRB;XVHLETKJUXVTSH,CC(=O)C1=C(O)C(=O)N(CCc2c(C)[nH]c3ccccc23)C1c1cccc([N+](=O)[O-])c1;CC(=O)C1C(=O)C(=O)N(CCc2c(C)[nH]c3ccccc23)C1c1cccc([N+](=O)[O-])c1
MCKDVEPRTDUOEQ,2,DJHCCTTVDRAMEH;MCKDVEPRTDUOEQ,CCC(=O)OCC(=O)C1(OC(=O)CC)C(C)CC2C3C(Cl)CC4=CC(=O)C=CC4(C)C3C(O)CC21C;CCC(=O)OCC(=O)C1(OC(=O)CC)C(C)CC2C3C(Cl)C=C4CC(=O)C=CC4(C)C3C(O)CC21C
MDAHEEBYLFVHSJ,2,MDAHEEBYLFVHSJ;ZFWOUNNKSHIAFK,O=C(O)c1cc(O)c2c(c1)C(C1c3cc(CO)cc(O)c3C(=O)c3c(OC4OC(CO)C(O)C(O)C4O)cccc31)c1cccc(OC3OC(CO)C(O)C(O)C3O)c1C2=O;O=C(O)c1cc(O)c2c(O)c3c(OC4OC(CO)C(O)C(O)C4O)cccc3c(-c3c4cc(CO)cc(O)c4c(O)c4c(OC5OC(CO)C(O)C(O)C5O)cccc34)c2c1
MDTMTGFDFPRTQI,2,MDTMTGFDFPRTQI;NJNSCDPJAXLFPB,CC=CNC1=C(OC)C(=NCC(=O)O)CC(O)(CO)C1;CCC=NC1=C(OC)C(=NCC(=O)O)CC(O)(CO)C1
MDXYNRAMDATLBT,2,FHEHIXJLCWUPCZ;MDXYNRAMDATLBT,C=CCc1ccc(O)c(O)c1;CC=Cc1ccc(O)c(O)c1
MEUDOUOVCODHQW,2,CTILPMYYGZYYLB;MEUDOUOVCODHQW,N#CC1=C(N)Oc2cc(O)ccc2C1c1ccccc1;N#CC1C(=N)Oc2cc(O)ccc2C1c1ccccc1
MFMZCKHYODAASC,2,MFMZCKHYODAASC;PIDANAQULIKBQS,CC1CC2C3CCC4=CC(=O)C=CC4(C)C3C(=O)CC2(C)C1(O)C(=O)CO;CC1CC2C3CC=C4CC(=O)C=CC4(C)C3C(=O)CC2(C)C1(O)C(=O)CO
MFSGLMDWSLMXFG,2,MFSGLMDWSLMXFG;UAOWNKXXQFQOGX,CCOc1cc(C2C(C(=O)c3ccc(OC)c(OC)c3)=C(O)C(=O)N2C)ccc1O;CCOc1cc(C2C(C(=O)c3ccc(OC)c(OC)c3)C(=O)C(=O)N2C)ccc1O
MGFCUMGVVWKLOT,2,AUVZFRDLRJQTQF;MGFCUMGVVWKLOT,CCC12CC(C(=O)OC)=C3Nc4ccccc4C34CCN(CC3OC31)C42;CCC12CC(C(=O)OC)C3=Nc4ccccc4C34CCN(CC3OC31)C42
MGRQVBJOBALDKM,2,GUMFPOIJOXLCLA;MGRQVBJOBALDKM,COc1cc2c(cc1O)OC(c1ccccc1)C(O)C2=O;COc1cc2c(cc1O)OC(c1ccccc1)C(=O)C2O
MHEJOSOZFLCXAE,2,MHEJOSOZFLCXAE;NVFRRJQWRZFDLM,CN(C)c1ccc(C2Nc3ccc4ccccc4c3C3=C2C(=O)CC(C)(C)C3)cc1Br;CN(C)c1ccc(C2N=c3ccc4ccccc4c3=C3CC(C)(C)CC(=O)C32)cc1Br
MHKQLFVIPHVOPF,2,LALQREGILMIJSW;MHKQLFVIPHVOPF,CC1CC(=O)C2=C1Oc1cc(O)cc(O)c1C2;CC1=C2Oc3cc(O)cc(O)c3CC2C(=O)C1
MHKYFSQTZJEGLJ,2,MHKYFSQTZJEGLJ;MOBUVCKLGDJANF,COC(=O)C1=C(N)Oc2c(oc(CO)cc2=O)C1c1cc(Cl)ccc1Cl;COC(=O)C1C(=N)Oc2c(oc(CO)cc2=O)C1c1cc(Cl)ccc1Cl
MHVMTXAMDHJILV,2,KVYJAWXEQAHJFZ;MHVMTXAMDHJILV,C=C1C=CC(=O)N(C)CC(=O)OC(CCCCCCCCCCCCC(C)C)C(C)C(=O)C(C)(O)C(=O)NCC(=O)N1;CC1=CCC(=O)N(C)CC(=O)OC(CCCCCCCCCCCCC(C)C)C(C)C(=O)C(C)(O)C(=O)N=CC(=O)N1
MIMALFWGQXDATH,2,LTNUPJFUCZABBU;MIMALFWGQXDATH,CC(C)=C(N=C(O)c1ccccc1)C(O)=NCCc1c(C)[nH]c2ccccc12;Cc1[nH]c2ccccc2c1CCNC(=O)C(=NC(=O)c1ccccc1)C(C)C
MJGZDMLTMLKOMN,2,IPBVRFAPNWZMGD;MJGZDMLTMLKOMN,CC=C1C[N+]2(CC)CCC34C(=Nc5ccccc53)C(=CO)C1CC42;CC=C1C[N+]2(CC)CCC34C(=Nc5ccccc53)C(C=O)C1CC42
MJROTFFCYCCLEW,2,MJROTFFCYCCLEW;YZQDTLNDMAXRBG,CCCCCOC(=O)C1=C(C)NC2=C(C(=O)CCC2)C1c1cc(Br)c(O)c(OC)c1;CCCCCOC(=O)C1=C(C)N=C2CCCC(=O)C2C1c1cc(Br)c(O)c(OC)c1
MLPBWSKVTUVWDO,2,AKRQWYTYCZTTAV;MLPBWSKVTUVWDO,CCC(C)N1CCC2(CC1)N=c1c3c(O)c4c(O)c(C)c5c(c4c1=N2)C(=O)C(C)(OC=CC(OC)C(C)C(OC(C)=O)C(C)C(O)C(C)C(O)C(C)C=CC=C(C)C(=O)N3)O5;CCC(C)N1CCC2(CC1)N=c1c(c3c4c5c(C)c(O)c3c(O)c1=NC(=O)C(C)=CC=CC(C)C(O)C(C)C(O)C(C)C(OC(C)=O)C(C)C(OC)C=COC(C)(O5)C4=O)N2
MLVVTNIFHMERMU,2,MLVVTNIFHMERMU;POJWUDADGALRAB,NC(=O)NC1NC(=O)NC1=O;N=C(O)NC1N=C(O)N=C1O;NC(=O)Nc1[nH]c(=O)[nH]c1O
MLWNPFVERQISTP,2,MLWNPFVERQISTP;XDQGAOKGLVNKPO,COc1cccc(C2NC(C)(C(=O)O)C3C(=O)N(C)C(=O)C23)c1O;COc1cccc(C2NC(C)(C(=O)O)c3c2c(O)n(C)c3O)c1O
MMCYVCMPHQTGMP,2,MMCYVCMPHQTGMP;YHJCVNDRHXWDDB,COc1ccc(N2C(=O)C(CC(=O)Nc3cccc(C)c3)N(Cc3ccncc3)C2=S)cc1;COc1ccc(-n2c(O)c(CC(=O)Nc3cccc(C)c3)n(Cc3ccncc3)c2=S)cc1
MMFNUDKGSPWVLG,2,JOTXKBDAQVLFAX;MMFNUDKGSPWVLG,Cn1ccc(O)c(C#N)c1=O;Cn1ccc(=O)c(C#N)c1O
MMIOTSFZHLLAMP,2,MMIOTSFZHLLAMP;QANQLICHDMFPKV,CCOC(=O)C1=C(N)N(c2ccc(Cl)cc2)C2=C(C(=O)CCC2)C1c1cccs1;CCOC(=O)C1C(=N)N(c2ccc(Cl)cc2)C2=C(C(=O)CCC2)C1c1cccs1
MMKUYFKGNQTEGE,2,LTINZAODLRIQIX;MMKUYFKGNQTEGE,COCC1=C(C(=O)OC(C)OC(=O)OC(C)C)N2C(=O)C(NC(=O)C(=NOC)c3csc(N)n3)C2SC1;COCC1=C(C(=O)OC(C)OC(=O)OC(C)C)N2C(=O)C(NC(=O)C(=NOC)c3csc(=N)[nH]3)C2SC1;COCC1=C(C(=O)OC(C)OC(=O)OC(C)C)N2C(=O)C(=NC(=O)C(NOC)c3csc(N)n3)C2SC1
MMQBFPLZDJCLTI,2,MMQBFPLZDJCLTI;PFWQSHXPNKRLIV,CC(C)=CC(=O)NCC(=O)O;CC(C)=CC(O)=NCC(=O)O;CC(C)CC(=O)N=CC(=O)O
MMWLOXUUJZCARK,2,LGZSMXJRMTYABD;MMWLOXUUJZCARK,CCCCCCCC=CC(=O)CCc1ccc(O)c(OC)c1;CCCCCCC=CCC(=O)CCc1ccc(O)c(OC)c1
MNDYLEKBHLHJLY,2,IDHWXSORJXHAOU;MNDYLEKBHLHJLY,CC(C=CC(O)=NCC(=O)O)=CC(C)CC(C)CC(C)=CCCC(C)C;CC(=CC(C)CC(C)CC(C)=CCCC(C)C)CCC(=O)N=CC(=O)O
MNRHZPCIEGLWGK,2,MNRHZPCIEGLWGK;RJKFOVLPORLFTN,CC(=O)C1CCC2C3CCC4=CC(=O)CCC4(C)C3CCC12C;CC(=O)C1CCC2C3CC=C4CC(=O)CCC4(C)C3CCC12C;[2H]C1(C(C)=O)CCC2C3CCC4=CC(=O)CCC4(C)C3CCC21C
MNSCVRXKDINXEY,2,MNSCVRXKDINXEY;QYSPLQLAKJAUJT,CN1C(C(=O)Nc2ccccn2)=C(O)c2ccccc2S1(=O)=O;CN1C(C(O)=Nc2ccccn2)=C(O)c2ccccc2S1(=O)=O;CN1C(C(=O)Nc2ccccn2)C(=O)c2ccccc2S1(=O)=O
MNYSNROUOIFTIY,2,AFQUVCJQWUEWSE;MNYSNROUOIFTIY,CCCCOCCCN1CC(=O)C(c2nc3ccccc3s2)=C1N;CCCCOCCCn1cc(O)c(-c2nc3ccccc3s2)c1N
MORVABAHRWEVGD,2,MORVABAHRWEVGD;NZESEVTYUVXOTC,C=C(C)C(=O)OC1C2C(CC(C)C3C=CC(=O)C31C)OC(=O)C2C;C=C(C)C(=O)OC1C2C(CC(C)C3=CCC(=O)C31C)OC(=O)C2C
MPCIZYUEMWDAHQ,2,HNFNNDXTMQRPEQ;MPCIZYUEMWDAHQ,O=C(Nc1nc(CN2CCc3ccccc3C2)cs1)c1ccc(N2C(=O)CCC2=O)cc1;O=C(Nc1nc(CN2CCc3ccccc3C2)cs1)c1ccc(-n2c(O)ccc2O)cc1
MPPIDKLXTRQYTL,2,IMSLQOWUUQQNOC;MPPIDKLXTRQYTL,CCC12CC(C(=O)OC)=C3Nc4ccccc4C34CCN(C(c3ccc5c(c3)C3CCN6CC7OC7C7(CC)CCC3(N5)C67)C3OC31)C42;CCC12CC(C(=O)OC)C3=Nc4ccccc4C34CCN(C(c3ccc5c(c3)C3CCN6CC7OC7C7(CC)CCC3(N5)C67)C3OC31)C42
MQDRUGPJOPOTJB,2,MQDRUGPJOPOTJB;OQMUOVSEPOBWMK,CC1(C)C(=O)C=CC2(C)C1=C(O)C(=O)C1(C)C2CCC2(C)C(c3ccoc3)CC3OC321;CC1(C)C(=O)C=CC2(C)C1C(=O)C(=O)C1(C)C2CCC2(C)C(c3ccoc3)CC3OC321
MQKAIOPIDMQXKD,2,MQKAIOPIDMQXKD;OXHNQTSIKGHVBH,CCC1(O)CCC2C3CCC4=CC(=O)CCC4=C3C=CC21CC;CCC1(O)CCC2C3=C(C=CC21CC)C1=C(CC3)CC(=O)CC1
MRKXRLFTERZDFP,2,BDWXGEIHUXSMQS;MRKXRLFTERZDFP,CC(O)=NC(=Cc1ccc2c(c1)OCO2)C(O)=NCc1ccccc1;CC(=O)N=C(Cc1ccc2c(c1)OCO2)C(=O)NCc1ccccc1
MRPZOTNANHKQAB,2,MRPZOTNANHKQAB;WFIUAGOQGGAREU,COc1cc(O)c2c(c1)C=CCC(O)C(O)C(=O)CCCC(C)OC2=O;COc1cc(O)c2c(c1)C=CCC(=O)C(O)C(O)CCCC(C)OC2=O
MSGYGOJIXLCRFS,2,IOIYKTDJCWZSTH;MSGYGOJIXLCRFS,COC(=O)C1=C(N)Oc2c(c(=O)oc3ccccc23)C1c1cccc(C(F)(F)F)c1;COC(=O)C1C(=N)Oc2c(c(=O)oc3ccccc23)C1c1cccc(C(F)(F)F)c1
MSMRBFOILZHNOF,2,MSMRBFOILZHNOF;SFFXUSZBTBFROX,COc1cc(C2NC(O)=NC(C)=C2C(=O)OCC(F)(F)F)ccc1O;COc1cc(C2NC(=O)N=C(C)C2C(=O)OCC(F)(F)F)ccc1O
MUPJXPYBYTUVCF,2,MUPJXPYBYTUVCF;YXSRTLFORKKWOM,CCC(C)C(=O)C1=C(O)OC2=C(C(CC(=O)O)c3ccccc3)C(C)(C)C(CC=C(C)C)CC2(CC=C(C)C)C1=O;CCC(C)C(=O)C1C(=O)OC2=C(C(CC(=O)O)c3ccccc3)C(C)(C)C(CC=C(C)C)CC2(CC=C(C)C)C1=O
MUYJSOCNDLUHPJ,2,BWHPKBOLJFNCPW;MUYJSOCNDLUHPJ,COc1cc(C=CC(=O)CC(=O)CCc2ccc(O)c(OC)c2)ccc1O;COc1cc(C=CC(O)=CC(=O)CCc2ccc(O)c(OC)c2)ccc1O
MWWYQWADDMMSJD,2,DCECXXVEKNNRNY;MWWYQWADDMMSJD,N#CC1=C(N)Oc2c(oc(CO)cc2=O)C1c1cccc2ccccc12;N#CC1C(=N)Oc2c(oc(CO)cc2=O)C1c1cccc2ccccc12
MWYDSXOGIBMAET,2,MWYDSXOGIBMAET;PZBCKZWLPGJMAO,COc1c(OCCCN2CCOCC2)ccc2c3n(c(=NC(=O)c4cnc(N)nc4)nc12)CCN3;COc1c(OCCCN2CCOCC2)ccc2c1N=C(NC(=O)c1cnc(N)nc1)N1CCN=C21
MWZZZJZPPKQEME,2,LGYQYCWMQRMLJJ;MWZZZJZPPKQEME,COC1CC(OC)C2(CO2)C(OC)CC2CC=CC(CC(O)CC=C(C)C=CC(=O)OC(C(C)C(O)C(C)CCC(=O)C(C)C(OC)C(C)C=CN(C)C=O)C1C)O2;COC1CC(OC)C2(CO2)C(OC)CC2CC=CC(CC(O)C=CC(C)=CCC(=O)OC(C(C)C(O)C(C)CCC(=O)C(C)C(OC)C(C)C=CN(C)C=O)C1C)O2
MXROXKJYXIHKSX,2,MEASLHGILYBXFO;MXROXKJYXIHKSX,CCCCCC=CCC=CCC=CC=CC(=O)CCCC(=O)O;CCCCCC=CCC=CC=CC=CCC(=O)CCCC(=O)O
MXWJEKMBHIOTOC,2,MXWJEKMBHIOTOC;XWKBYMQTSGGZLW,CCCCCCCCCCCCCCCC(=O)OCC(COP(=O)([O-])OCC[N+](C)(C)C)OC(=O)CCCCCCCC(=O)C=CC(=O)O;CCCCCCCCCCCCCCCC(=O)OCC(COP(=O)([O-])OCC[N+](C)(C)C)OC(=O)CCCCC=CCC(=O)CCC(=O)O
MYOFXGTWVTUXOD,2,MLSJBGYKDYSOAE;MYOFXGTWVTUXOD,O=C1OC(C(O)CO)C(O)=C1OC1OC(CO)C(O)C(O)C1O;OCC(O)c1oc(O)c(OC2OC(CO)C(O)C(O)C2O)c1O
MYUFWTITZBYEFH,2,CITFYDYEWQIEPX;MYUFWTITZBYEFH,CC(C)=CCOc1cc(O)c2c(c1)OC(c1ccc(O)cc1)C(O)C2=O;CC(C)=CCOc1cc(O)c2c(c1)OC(c1ccc(O)cc1)C(=O)C2O
MYVXUEQXDQOBDW,2,BEHTXUBGUDGCNQ;MYVXUEQXDQOBDW,CCCCCC(=O)NC(c1ccccc1)C(O)C(=O)OC1CC2(O)C(OC(=O)c3ccccc3)C3C4(OC(C)=O)COC4CC(O)C3(C)C(=O)C(OC(C)=O)C(=C1C)C2(C)C;CCCCCC(O)=NC(c1ccccc1)C(O)C(=O)OC1CC2(O)C(OC(=O)c3ccccc3)C3C4(OC(C)=O)COC4CC(O)C3(C)C(=O)C(OC(C)=O)C(=C1C)C2(C)C;CCCCCC(=O)NC(c1ccccc1)C(O)C(=O)OC1CC2(O)C(OC(=O)c3ccccc3)C3C4(OC(C)=O)COC4CC(O)C3(C)C(=O)C(OC(C)=O)=C(C1C)C2(C)C
MYXACKZCYFKMTE,2,MYXACKZCYFKMTE;SUJUHGSWHZTSEU,CCCC1(CCc2ccccc2)CC(O)=C(C(CC)c2cccc(NS(=O)(=O)c3ccc(C(F)(F)F)cn3)c2)C(=O)O1;CCCC1(CCc2ccccc2)CC(=O)C(C(CC)c2cccc(NS(=O)(=O)c3ccc(C(F)(F)F)cn3)c2)C(=O)O1
MYYDVSJFOZDHFN,2,HNPMYKAKAHPOGD;MYYDVSJFOZDHFN,NC(CCCNC1=NCC(=O)N1)C(=O)O;NC(CCCNc1nc(O)c[nH]1)C(=O)O
MYYPVLKQHDYZON,2,MPIYQRSUKPUUFX;MYYPVLKQHDYZON,N#CC1=C(N)Oc2c(oc(CO)cc2=O)C1c1ccnc2ccccc12;N#CC1C(=N)Oc2c(oc(CO)cc2=O)C1c1ccnc2ccccc12
MZAZAMPQAZNGFX,2,MZAZAMPQAZNGFX;WXLPYHMWBMMBOS,Cc1cc(O)c2c(c1O)C(=O)C(O)=C(O)C2=O;Cc1cc(O)c2c(c1O)C(=O)C(=O)C(=O)C2O
NABQBYDEMLGCEO,2,NABQBYDEMLGCEO;UTNUDOFZCWSZMS,CC(O)=C(C#N)C(=O)Nc1ccc(C(F)(F)F)cc1;CC(=O)C(C#N)C(=O)Nc1ccc(C(F)(F)F)cc1
NAIXCRGIEGDRIQ,2,GRDZTDZJQRPNCN;NAIXCRGIEGDRIQ,CC(C)=CCc1c(OC2OC(CO)C(O)C(O)C2O)cc(O)c2c1OC(c1ccc(O)cc1)C(O)C2=O;CC(C)=CCc1c(OC2OC(CO)C(O)C(O)C2O)cc(O)c2c1OC(c1ccc(O)cc1)C(=O)C2O
NAMPBLGOOODVPD,2,NAMPBLGOOODVPD;PNDDYPOQKFXUHY,COC1CC2CC=CC(CC(O)CC=C(C)C=CC(=O)OC(C(C)C(O)C(C)CCC(=O)C(C)C(OC)C(C)C=CN(C)C=O)C(C)C(OC)CC(OC)C1C)O2;COC1CC2CC=CC(CC(O)C=CC(C)=CCC(=O)OC(C(C)C(O)C(C)CCC(=O)C(C)C(OC)C(C)C=CN(C)C=O)C(C)C(OC)CC(OC)C1C)O2
NBAMOMNSUMJPIF,2,BUTLVTAFDGYVNP;NBAMOMNSUMJPIF,C=CC(C)(C)N1C(=O)C(O)(CC2NC(=O)C3=Cc4c([nH]c5ccccc45)C(C)(C)C=CN3C2=O)c2ccccc21;C=CC(C)(C)N1C(=O)C(O)(Cc2nc(O)c3n(c2=O)C=CC(C)(C)c2[nH]c4ccccc4c2C3)c2ccccc21
NCALAYAMQHIWMN,2,CLNILJPYOXIKRO;NCALAYAMQHIWMN,CCC1CN2CCc3cc(OC)c(OC)cc3C2CC1CC1=C2C=C(OC)C(=O)C=C2CCN1;CCC1CN2CCc3cc(OC)c(OC)cc3C2CC1CC1=NCCc2cc(O)c(OC)cc21
NCEXYHBECQHGNR,2,NCEXYHBECQHGNR;OQANPHBRHBJGNZ,O=C(O)c1cc(N=Nc2ccc(S(=O)(=O)Nc3ccccn3)cc2)ccc1O;O=C(O)C1=CC(=NNc2ccc(S(=O)(=O)Nc3ccccn3)cc2)C=CC1=O
NCXBAFRWWQVEJY,2,NCXBAFRWWQVEJY;YKXHFAJZOFTAOC,CCCCCC(=O)C=CC1C=CC(=O)C1CCCCCCC(=O)O;CCCCCC(=O)C=CC1=C(CCCCCCC(=O)O)C(=O)CC1
NDFBRPHPKUGAOC,2,NDFBRPHPKUGAOC;QFDPVUTXKUGISP,Cc1cc(O)c2c(c1)C(=O)C13C(=C2O)C(=O)C2C(O)C1C1C(O)C3C(=O)C3=C(O)c4c(O)cc(C)cc4C(=O)C321;Cc1cc(O)c2c(c1)C(=O)C13C(C2=O)C(=O)C2C(O)C1C1C(O)C3C(=O)C3C(=O)c4c(O)cc(C)cc4C(=O)C321
NDUAXKHGCJIYEQ,2,NDUAXKHGCJIYEQ;RCINICONZNJXQF,CC(=O)OC1C(=O)C2(C)C(O)CC3OCC3(OC(C)=O)C2C(OC(=O)c2ccccc2)C2(O)CC(OC(=O)C(O)C(NC(=O)c3ccccc3)c3ccccc3)C(C)=C1C2(C)C;CC(=O)OC1C(=O)C2(C)C(O)CC3OCC3(OC(C)=O)C2C(OC(=O)c2ccccc2)C2(O)CC(OC(=O)C(O)C(N=C(O)c3ccccc3)c3ccccc3)C(C)=C1C2(C)C;CC(=O)OC1=C2C(C)C(OC(=O)C(O)C(NC(=O)c3ccccc3)c3ccccc3)CC(O)(C(OC(=O)c3ccccc3)C3C4(OC(C)=O)COC4CC(O)C3(C)C1=O)C2(C)C
NDZNGGAALQTDGQ,2,NDZNGGAALQTDGQ;YSDHXMCAMJECTJ,CC1(C)CCC2=C1CC(O)C1(F)C2CCC2=CC(=O)CCC21C;CC1(C)CCC2=C1CC(O)C1(F)C2CC=C2CC(=O)CCC21C
NEAFLSCIWURVKW,2,NEAFLSCIWURVKW;NXQCKDNMDMGVKK,CCOC(=O)C(N)CSC1CC(=O)N(c2ccc(I)cc2)C1=O;CCOC(=O)C(N)CSc1cc(O)n(-c2ccc(I)cc2)c1O
NETWVFJUARMYDT,2,DMZLQLNKJANREG;NETWVFJUARMYDT,COc1cc(-c2[nH]c(C(=O)NC3CCN(Cc4ccccc4)CC3)cc3c4ccccc4nc2-3)cc(OC)c1OC;COc1cc(-c2nc(C(=O)NC3CCN(Cc4ccccc4)CC3)cc3c2[nH]c2ccccc23)cc(OC)c1OC
NFJVELXCUBWAFL,2,NFJVELXCUBWAFL;WGWAZIWFSAIJOH,COc1cc(O)c(C(=O)c2ccccc2)cc1O;COC1=CC(=O)C(C(=O)c2ccccc2)CC1=O
NGBBSZVWDWXFQO,2,NGBBSZVWDWXFQO;STEQTZOENAMHLZ,CCOC(=O)C1C(=O)C(=O)Nc2ccccc21;CCOC(=O)c1c(O)c(=O)[nH]c2ccccc12
NGKRSCREGNCKHS,2,NGKRSCREGNCKHS;ZPJZRSVYDRDLHS,COCCOC(=O)C1=C(C)NC2=C(C(=O)CCC2)C1c1cc(Cl)c(O)c(OC)c1;COCCOC(=O)C1=C(C)N=C2CCCC(=O)C2C1c1cc(Cl)c(O)c(OC)c1
NGXNNIAWBMWYRR,2,NGXNNIAWBMWYRR;XKVNBCMGEUDKNP,O=C1c2ccccc2C(=O)c2c1cc(S(=O)(=O)Nc1ccc(C(F)(F)F)cc1)c(O)c2O;O=C1C(=O)c2c(c(O)c3ccccc3c2O)C=C1S(=O)(=O)Nc1ccc(C(F)(F)F)cc1
NGZOWXBKBMVZNO,2,GVJYJSFOEHJIQG;NGZOWXBKBMVZNO,CCCc1[nH]nc2c1C(c1cc(OC)c(OC(C)=O)c(OC)c1)C(C#N)=C(N)O2;CCCc1[nH]nc2c1C(c1cc(OC)c(OC(C)=O)c(OC)c1)C(C#N)C(=N)O2
NHPJDVPMZLAPLA,2,NHPJDVPMZLAPLA;RZBFPDQKWUWUCK,COC(=O)C1=C2Nc3ccccc3C23CCN2C4OC56C7CC4(CN5c4c(OC)cccc4C64CCN5CCC6OCCC6(C7)C54)C4OCCC4(C1)C23;COC(=O)C1CC23CCOC2C24CC5CC67CCOC6CCN6CCC8(c9cccc(OC)c9N(C2)C58OC4N2CCC4(C1=Nc1ccccc14)C23)C67
NIDZTEIOEZYFDV,2,AEEUCCIYTLQIKG;NIDZTEIOEZYFDV,Cc1ccc(C2c3[nH]c4ccccc4c3CC3C(=O)N(c4ccccc4C(=O)NCCCN4CCOCC4)C(=O)N32)cc1;Cc1ccc(C2c3[nH]c4ccccc4c3Cc3c(O)n(-c4ccccc4C(=O)NCCCN4CCOCC4)c(=O)n32)cc1
NIJCIQOKCDALJO,2,FPNKCZKRICBAKG;NIJCIQOKCDALJO,COc1cc(O)c2c(O)c3c(=O)cc(C)oc3cc2c1;COc1cc(=O)c2c(O)c3c(O)cc(C)oc3cc2c1
NILKJSARWWZILI,2,NILKJSARWWZILI;ORNLUXKJFDLMNT,CC(C)Oc1ccccc1C1Nc2ccccc2NC2=C1C(=O)CC(c1ccc(Cl)cc1)C2;CC(C)Oc1ccccc1C1Nc2ccccc2N=C2CC(c3ccc(Cl)cc3)CC(=O)C21
NLBJOOHTIGNYSK,2,FMSWDQKKHNMTCT;NLBJOOHTIGNYSK,O=C(CCN1C(=O)C2Cc3ccccc3CN2C1=O)NC(Cc1ccccc1)C(=O)O;O=C(CCn1c(O)c2n(c1=O)Cc1ccccc1C2)NC(Cc1ccccc1)C(=O)O
NLQLRPHTNAEKCI,2,CBLRPZZCLBREIA;NLQLRPHTNAEKCI,CCC(C)C(OC(C)=O)C(C)C1=CC(=O)C2=C(OC3C(=C2)C2(C)CCC(C(C)(C)O)OC2CC3C)C1=O;C=C(c1cc(O)c2c(c1O)OC1C(=C2)C2(C)CCC(C(C)(C)O)OC2CC1C)C(OC(C)=O)C(C)CC
NMXDVVUYHXIPEN,2,JLINBAUQGJKNRS;NMXDVVUYHXIPEN,CC=C(NC(=O)c1cccc(NC=O)c1O)C(=O)OC(C)C(OC(=O)C(C)CC)C(CC)C(=O)O;CCC(=NC(=O)c1cccc(NC=O)c1O)C(=O)OC(C)C(OC(=O)C(C)CC)C(CC)C(=O)O
NMZGHZWTMPDBBN,2,NMZGHZWTMPDBBN;VQKXXLNUNPXICX,CCCCCOC(=O)C1=C(C)NC2=C(C(=O)CC(C)(C)C2)C1c1cc(Cl)c(O)c(OC)c1;CCCCCOC(=O)C1=C(C)N=C2CC(C)(C)CC(=O)C2C1c1cc(Cl)c(O)c(OC)c1
NNNODVSWNAETRI,2,NNNODVSWNAETRI;OBNLKIYUNMSGTC,CC=C(C)C(=O)OC1C(C)C2(O)C3C=C(C)C(=O)C3CC(C=O)=CC2C2C(C)(C)C12OC(=O)C(C)C;CC=C(C)C(=O)OC1C(C)C2(O)C3=C(CC(C=O)=CC2C2C(C)(C)C12OC(=O)C(C)C)C(=O)C(C)C3
ACDIKHRKKCNPNI,2,ACDIKHRKKCNPNI;MESZUNKTCYOZRK,CC(=O)Oc1ccc(C)cc1NC(=O)CC1SC(NN=C2CCCCC2)=NC1=O;CC(=O)Oc1ccc(C)cc1NC(=O)Cc1sc(NN=C2CCCCC2)nc1O
ACKYKPPUUIVFSB,2,ACKYKPPUUIVFSB;ZZFQYZCZBBRLTI,CC(CCC1C(CO)=CC(=O)CC1(C)C)OC1OC(CO)C(O)C(O)C1O;CC(CCC1=C(CO)CC(=O)CC1(C)C)OC1OC(CO)C(O)C(O)C1O
NNZKKNBNAHXEOF,2,LOGCRVAWKCZXQM;NNZKKNBNAHXEOF,CCCCCC1=CC(=O)C=C(OC)C12C(=O)Oc1cc(O)c(C(=O)O)c(CCCCC)c12;CCCCC=C1CC(=O)C=C(OC)C12C(=O)Oc1cc(O)c(C(=O)O)c(CCCCC)c12
NOLDNICYUPLDOY,2,FJAQNRBDVKIIKK;NOLDNICYUPLDOY,COC1C(OC(=O)c2ccc(C)[nH]2)C(O)C(Oc2ccc3c(O)c(NC(=O)c4ccc(O)c(CC=C(C)C)c4)c(=O)oc3c2Cl)OC1(C)C;COC1C(OC(=O)c2ccc(C)[nH]2)C(O)C(Oc2ccc3c(=O)c(NC(=O)c4ccc(O)c(CC=C(C)C)c4)c(O)oc3c2Cl)OC1(C)C
NPBINYCUPZYWCO,2,DFHAFZIZPJQODZ;NPBINYCUPZYWCO,CC(=O)OC1C(C)C2(O)C3C=C(C)C(=O)C3CC(CO)=CC2C2C(C)(C)C12OC(=O)C(C)C;CC(=O)OC1C(C)C2(O)C3=C(CC(CO)=CC2C2C(C)(C)C12OC(=O)C(C)C)C(=O)C(C)C3
NPCZTDPKZMXZAZ,2,NPCZTDPKZMXZAZ;ULFUJLFTRWWLPO,CCOC(=O)C1=C(C)NC2=C(C(=O)CC(C)(C)C2)C1c1ccc(-c2ccccc2)cc1;CCOC(=O)C1=C(C)N=C2CC(C)(C)CC(=O)C2C1c1ccc(-c2ccccc2)cc1
NPKMWKYPRKLOAY,2,KYIPVUWVVGXMKA;NPKMWKYPRKLOAY,CCCCCC=CC=CC(=O)OC1C(C)C2(O)C(C=C(CO)CC3(O)C(=O)C(C)=CC32)C2C(C)(C)C12OC(=O)C(C)C;CCCCC=CC=CCC(=O)OC1C(C)C2(O)C(C=C(CO)CC3(O)C(=O)C(C)=CC32)C2C(C)(C)C12OC(=O)C(C)C
NPLRCLLCDNWRCF,2,BIHIEAXOTSXYAE;NPLRCLLCDNWRCF,C=C1C(=O)OC2CC(C)=CC(=O)C=C(C)C(OC(=O)C(C)=CC)C(O)C12;C=C1C(=O)OC2C=C(C)CC(=O)C=C(C)C(OC(=O)C(C)=CC)C(O)C12
NQCPGTQRKFSCIZ,2,MOJHSYLNAXIDLC;NQCPGTQRKFSCIZ,CCC1C=C(C(=O)NC(C(=O)O)C(C)C)C2CCC(=O)C2C1;CCC1CC2C(=O)CCC2C(C(=O)N=C(C(=O)O)C(C)C)C1
NRFICHYLZGZDAG,2,GKXZMMSWIIFNIR;NRFICHYLZGZDAG,CCC(C)C(=O)C1=C(O)C(C)=C2OC(C(C)(O)CCC=C(C)C)CC2(CC=C(C)C)C1=O;CCC(C)C(=O)C1C(=O)C(C)=C2OC(C(C)(O)CCC=C(C)C)CC2(CC=C(C)C)C1=O
NRQBNUNBPWKDMV,2,ACXODXBUYIMEFD;NRQBNUNBPWKDMV,COC(=O)CCCCCCCCC=Cc1cc(=O)c(C(N)=O)c[nH]1;COC(=O)CCCCCCCC=CCc1cc(=O)c(C(N)=O)c[nH]1
NRYGAIZGNIRVLR,2,NRYGAIZGNIRVLR;PGYQQEYWYHVHOW,CCOc1cc(C2C(C(=O)OC(C)CC)=C(C)NC3=C2C(=O)CC(c2ccc(OC)cc2)C3)cc(Br)c1O;CCOc1cc(C2C(C(=O)OC(C)CC)=C(C)N=C3CC(c4ccc(OC)cc4)CC(=O)C32)cc(Br)c1O
NSANSRXCXLENMA,2,NSANSRXCXLENMA;VVTDHOIRNPCGTH,COC1=C(NC(CO)CO)CC(O)(CO)CC1=O;COC1C(=O)CC(O)(CO)CC1=NC(CO)CO
NSCGCTPLPUDDHL,2,NSCGCTPLPUDDHL;OOLLAFOLCSJHRE,CC(=O)OC1(C(C)=O)CCC2C3CCC4=CC(=O)CCC4=C3C(c3ccc(N(C)C)cc3)CC21C;CC(=O)OC1(C(C)=O)CCC2C3=C(C4=C(CC3)CC(=O)CC4)C(c3ccc(N(C)C)cc3)CC21C
NSTKJANJDCVGJD,2,NSTKJANJDCVGJD;YOBJKYSYEWKNDX,CC=C(C)C=CC(=O)NCC(=O)SCCNC(=O)CCNC(=O)C(O)C(C)(C)COP(=O)(O)OP(=O)(O)OCC1OC(n2cnc3c(N)ncnc32)C(O)C1OP(=O)(O)O;CC=C(C)CCC(=O)N=CC(=O)SCCNC(=O)CCNC(=O)C(O)C(C)(C)COP(=O)(O)OP(=O)(O)OCC1OC(n2cnc3c(N)ncnc32)C(O)C1OP(=O)(O)O
NTGOEOVPXRKJAO,2,NTGOEOVPXRKJAO;VTHVJYRXZYGARO,CC1(C)CC(=O)C2=C(C1)Nc1ccccc1N(C(=O)c1ccccc1)C2c1ccc(Cl)cc1Cl;CC1(C)CC(=O)C2C(=Nc3ccccc3N(C(=O)c3ccccc3)C2c2ccc(Cl)cc2Cl)C1
NTULDXOMJSVNND,2,NTULDXOMJSVNND;VVRNYAJXAUQHEN,CCCCCCCC=CC=CC(=O)NCCc1ccc(O)cc1;CCCCCCCC=CC=CC(O)=NCCc1ccc(O)cc1;CCCCCCC=CC=CCC(=O)NCCc1ccc(O)cc1
NTYSONUMYRDGKH,2,LFDLVXYMKUPPOT;NTYSONUMYRDGKH,CCC1=C(C)C(=O)C(C)CC12C(=O)CCC2C(=O)O;CC=C1C(C)C(=O)C(C)CC12C(=O)CCC2C(=O)O
NUPZUMACVKRBCN,2,IUOPGSNWOXYEAG;NUPZUMACVKRBCN,CCC(C)OC(=O)C1=C(C)NC2=C(C(=O)CC(c3ccc(Cl)cc3)C2)C1c1cc(OC)c(OC)c(OC)c1;CCC(C)OC(=O)C1=C(C)N=C2CC(c3ccc(Cl)cc3)CC(=O)C2C1c1cc(OC)c(OC)c(OC)c1
NUZKCMTXKNJTKY,2,LIIOJBIJVPGVGO;NUZKCMTXKNJTKY,CC(C)(O)C=CC(=O)C(C)(O)C1C(O)CC2(C)C3CC=C4C(C=C(OC5OC(CO)C(O)C(O)C5O)C(=O)C4(C)C)C3(C)C(=O)CC12C;CC(C)(O)C=CC(=O)C(C)(O)C1C(O)CC2(C)C3CC=C4C(=CC(OC5OC(CO)C(O)C(O)C5O)C(=O)C4(C)C)C3(C)C(=O)CC12C
NVHAUSFNFLPGGV,2,NVHAUSFNFLPGGV;VNVJJYZZBJKJFF,C=C1C(=O)OC2C3=C(C)C(=O)CC3C(C)CC(O)C12;C=C1C(=O)OC2C1C(O)CC(C)=C1CC(=O)C(C)C12
NWUODJAQNBXQSX,2,CYHGEJACRPDZDP;NWUODJAQNBXQSX,C=C1CC2(O)C3(C)CCC(=O)C(C)(C)C3=C(O)C(=O)C2(C)C2C(=O)OC(C)(C(=O)OC)C(=O)C12C;C=C1CC2(O)C3(C)CCC(=O)C(C)(C)C3C(=O)C(=O)C2(C)C2C(=O)OC(C)(C(=O)OC)C(=O)C12C
NXGJJPSZQIUXRX,2,JKTMSYUQFQWQFC;NXGJJPSZQIUXRX,CCCCCC=CC=CC(=O)OC1C(COC(C)=O)=CC2C(=O)C3(C=C(C)C(O)C13O)C(C)CC1C2C1(C)C;CCCCC=CC=CCC(=O)OC1C(COC(C)=O)=CC2C(=O)C3(C=C(C)C(O)C13O)C(C)CC1C2C1(C)C
NXOZATXILAQZTG,2,LHAOQTPGTBGTIG;NXOZATXILAQZTG,COC(=O)C1=C(C)NC(C)=C(C(=O)O)C1c1cccc(Cl)c1Cl;COC(=O)C1=C(C)N=C(C)C(C(=O)O)C1c1cccc(Cl)c1Cl
NXRDNDXFMHAZCM,2,NXRDNDXFMHAZCM;YEAXSAGTEKAYBH,O=C1c2[nH]cc3c2C(=NCC3)c2c(-c3ccc(O)cc3)c[nH]c21;Oc1ccc(-c2c[nH]c3c(O)c4c5c(c23)=NCCC=5C=N4)cc1
NYBZAGXTZXPYND,2,NYBZAGXTZXPYND;VRTHPBIMOLQLGL,CN1C(C(=O)O)CSC1C1CSC(=C2C=CC=CC2=O)N1;CN1C(C(=O)O)CSC1C1CSC(c2ccccc2O)=N1
NYWNMEGZLCZKPG,2,NYWNMEGZLCZKPG;XGWGQEYABFGJID,CCCCCC(=O)NC(c1ccccc1)C(O)C(=O)OC1CC2(O)C(OC(=O)c3ccccc3)C3C4(OC(C)=O)COC4CC(OC4OCC(O)C(O)C4O)C3(C)C(=O)C(O)C(=C1C)C2(C)C;CCCCCC(O)=NC(c1ccccc1)C(O)C(=O)OC1CC2(O)C(OC(=O)c3ccccc3)C3C4(OC(C)=O)COC4CC(OC4OCC(O)C(O)C4O)C3(C)C(=O)C(O)C(=C1C)C2(C)C;CCCCCC(=O)NC(c1ccccc1)C(O)C(=O)OC1CC2(O)C(OC(=O)c3ccccc3)C3C4(OC(C)=O)COC4CC(OC4OCC(O)C(O)C4O)C3(C)C(=O)C(=O)C(C1C)C2(C)C
NZSVGYSRZFGOFN,2,JXIPKNRBDKQMAN;NZSVGYSRZFGOFN,CCCC=CC=Cc1c(O)cc(CC=C(C)C)c(O)c1C=O;CCCC=CC=Cc1c(O)cc(C=CC(C)C)c(O)c1C=O
NZTORXFOUGCOQV,2,NZTORXFOUGCOQV;ZAERYZFYKYXVEE,CCc1ccc(NC(=O)N2CCc3nc4cc(-c5ccccc5Cl)[nH]n4c(=O)c3C2)cc1;CCc1ccc(NC(=O)N2CCc3[nH]c4cc(-c5ccccc5Cl)nn4c(=O)c3C2)cc1
OARIBLSRDQSBQA,2,FJMAAWBVQJUJKZ;OARIBLSRDQSBQA,CC1=CC(=O)C2(OC3OC(C)C(O)C(O)C3OC(=O)C=Cc3ccccc3)C=COC(OC3OC(CO)C(O)C(O)C3O)C12;CC1=C2C(OC3OC(CO)C(O)C(O)C3O)OC=CC2(OC2OC(C)C(O)C(O)C2OC(=O)C=Cc2ccccc2)C(=O)C1
OAYSPBLQVWNWKA,2,OAYSPBLQVWNWKA;SSUMVVHRTRQNRG,CC(=O)OC(C)(C(=O)C=CC(C)(C)O)C1C(O)CC2(C)C3CC=C4C(C=C(O)C(=O)C4(C)C)C3(C)C(=O)CC12C;CC(=O)OC(C)(C(=O)C=CC(C)(C)O)C1C(O)CC2(C)C3C=CC4C(CC(=O)C(=O)C4(C)C)C3(C)C(=O)CC12C
OBOLJBNRCHNUGI,2,OBOLJBNRCHNUGI;VWVPRYMOFYIOOZ,CCCCCCCC(=O)OCC(=O)C1(O)CCC2C3CCC4=CC(=O)CCC4(C)C3C(O)CC21C;CCCCCCCC(=O)OCC(=O)C1(O)CCC2C3CC=C4CC(=O)CCC4(C)C3C(O)CC21C
OBZMXIHZRUNYOT,2,MBMQEIFVQACCCH;OBZMXIHZRUNYOT,CC1CCCC(=O)CCCC=Cc2cc(O)cc(O)c2C(=O)O1;CC1CCCC(=O)CCC=CCc2cc(O)cc(O)c2C(=O)O1
OCPAULKJMZLXQF,2,JQQBXPCJFAKSPG;OCPAULKJMZLXQF,O=C1OC2C3COC(=O)c4cc(O)c(O)c(O)c4-c4c(cc(O)c(O)c4O)C(=O)OC2C(OC(=O)c2cc(O)c(O)c4c2C2C1=CC(=O)C(O)(O4)C2(O)O)C(OC(=O)c1cc(O)c(O)c(O)c1)O3;O=C1OC2C3COC(=O)c4cc(O)c(O)c(O)c4-c4c(cc(O)c(O)c4O)C(=O)OC2C(OC(=O)c2cc(O)c(O)c4c2C2=C1CC(=O)C(O)(O4)C2(O)O)C(OC(=O)c1cc(O)c(O)c(O)c1)O3
OCQIYDBQGXNBHK,2,IVFYLRMMHVYGJH;OCQIYDBQGXNBHK,CC1CC2=CC(=O)CCC2(C)C2CCC3(C)C(CCC3(C)O)C12;CC1C=C2CC(=O)CCC2(C)C2CCC3(C)C(CCC3(C)O)C12
OEACRBNJRBJZCZ,2,OEACRBNJRBJZCZ;VZBUSXXYCPQEIC,CCCCc1c(CC=C(C)C)[nH]c(O)c(C)c1=O;CCCCc1c(CC=C(C)C)[nH]c(=O)c(C)c1O;CCCCc1c(C=CC(C)C)[nH]c(=O)c(C)c1O
OEIFJXNZZYYHED,2,MHOOPNKRBMHHEC;OEIFJXNZZYYHED,CC=CC1=CC(=O)C(O)C1O;CCCC1CC(=O)C(=O)C1=O
ACSJNMXHJOVJON,2,ACSJNMXHJOVJON;LNRUPMPQQGPSQT,CN(C)CCCNc1c2c(=O)n(C)c(=O)nc-2n(C)c2ccccc12;CN(C)CCCN=c1c2ccccc2n(C)c2[nH]c(=O)n(C)c(=O)c12
OFAJSLLPBCNKNC,2,OFAJSLLPBCNKNC;RXYYUEFBWDXREK,CC(C)N1CCC(N2CC3C(=O)N(c4ccccc4)C(=O)C3C2)C1=O;CC(C)N1CCC(N2Cc3c(c(O)n(-c4ccccc4)c3O)C2)C1=O
OFIAJPFTVXAQAQ,2,OFIAJPFTVXAQAQ;XZRJSQZEIIRBCI,CC(C)CCCCCc1nc(C=CC(O)=NCC(O)=NC(CO)C(=O)O)cs1;CC(C)CCCCCc1nc(CCC(=O)N=CC(=O)NC(CO)C(=O)O)cs1
OFKAVNQBCRJBJE,2,BRJKVQYYNXZRJY;OFKAVNQBCRJBJE,CC(C)(C)C1N=NC(=S)N(N)C1=O;CC(C)(C)c1n[nH]c(=S)n(N)c1=O
OFMANRLHGNRUQP,2,GXMVUJPIUWLNDG;OFMANRLHGNRUQP,CC=C(C)C(=O)OC1CC(OC(=O)C(C)=CC)C2(C)C3C(=O)C=C(C)C2C3C1(C)C;CC=C(C)C(=O)OC1CC(OC(=O)C(C)=CC)C2(C)C3=C(C)CC(=O)C2C3C1(C)C
OFMVEGGTEFSSGL,2,OFMVEGGTEFSSGL;PDMMFKSKQVNJMI,CCC(=O)OC1CCC2C3CCC4=CC(=O)CCC4(C)C3CCC12C;CCC(=O)OC1CCC2C3CC=C4CC(=O)CCC4(C)C3CCC12C
OFQMBMOYAGVFSW,2,OFQMBMOYAGVFSW;UDIXYHJHYVDNOG,O=C1c2c(O)cc(OC3OC(CO)C(O)C(O)C3O)cc2OC(c2ccc(O)cc2)C1O;O=C1C(O)c2c(O)cc(OC3OC(CO)C(O)C(O)C3O)cc2OC1c1ccc(O)cc1
OFQZUIAYUHVRFY,2,OFQZUIAYUHVRFY;PHKOJKSYBBXXED,CC1=CC=CC(C)C(O)C(C)C(O)C(C)C(O)C(C)C(O)C(CO)C=C(C)C(=O)c2c(O)c(C)c(O)c3c2C(=O)C=C(NC1=O)C3=O;CC1=CC=CC(C)C(O)C(C)C(O)C(C)C(O)C(C)C(O)C(CO)C=C(C)C(=O)c2c(O)c(C)c(O)c3c2C(=O)CC(=NC1=O)C3=O
OGBPBDMDXNFPCS,2,HIYSWASSDOXZLC;OGBPBDMDXNFPCS,CCCCCCCCCCCc1ccc(C=C2N=C(c3ccc[nH]3)C=C2OC)[nH]1;CCCCCCCCCCCC1=NC(=Cc2[nH]c(-c3ccc[nH]3)cc2OC)C=C1
OGGQBGOLLVGHCA,2,MRSJBSHLMOBYSH;OGGQBGOLLVGHCA,COC(=O)C1=C(C)NC(C)=C(C(=O)OCC(C)C)C1c1cccc([N+](=O)[O-])c1;COC(=O)C1=C(C)N=C(C)C(C(=O)OCC(C)C)C1c1cccc([N+](=O)[O-])c1
OGOHUOVMTMLCGD,2,BLUQBEZYLPEUCP;OGOHUOVMTMLCGD,CC(=O)OC1CCC(C)OC12OC=C1C(=O)C(C)(OC(C)=O)C(=O)C(O)=C1C2OC(C)=O;CC(=O)OC1CCC(C)OC12OC=C1C(=O)C(C)(OC(C)=O)C(=O)C(=O)C1C2OC(C)=O
OHCGDTDTWFLFPL,2,OHCGDTDTWFLFPL;VJQAFLAZRVKAKM,C=C1C(=O)OC2C3C(CO)=CC(=O)C3=C(C)CC(O)C12;C=C1C(=O)OC2C1C(O)C=C(C)C1C(=O)C=C(CO)C12
OICIAYRGTXPUNW,2,OICIAYRGTXPUNW;ZYCAGKYWXRKLSN,CC=C(C)C(=O)OC1C(C)=CC23C(=O)C(C=C(COC(C)=O)C(O)C12O)C1C(CC3C)C1(C)C;CC=C(C)C(=O)OC1C(C)=CC23C(=O)C(=CC(COC(C)=O)C(O)C12O)C1C(CC3C)C1(C)C
OJHBQWRSUJOFQB,2,AALSSIXXBDPENJ;OJHBQWRSUJOFQB,CCCCCCCCCC(=CC1=C(C)C(=O)C(OC)=C(OC)C1=O)C(=O)O;CCCCCCCC=CC(=Cc1c(C)c(O)c(OC)c(OC)c1O)C(=O)O
OJPLCPBWIQWABI,2,KUFXJZXMWHNCEH;OJPLCPBWIQWABI,C=C(C)C1CCC2(C)CCC(=O)C(C)=C2C1;C=C(C)C1C=C2C(C)C(=O)CCC2(C)CC1
OLHDQSVEEMQKAE,2,OLHDQSVEEMQKAE;ZNTUDOOZDLMYAG,CCCCCCC=CCc1cc(O)c2ccccc2n1;CCCCCCCC=Cc1cc(=O)c2ccccc2[nH]1;CCCCCCCC=Cc1cc(O)c2ccccc2n1
ZOOGRGPOEVQQDX,2,UPCLSKXIRZSGIW;ZOOGRGPOEVQQDX,Nc1nc(=O)c2ncn(C3OC4COP(=O)(O)OC4C3O)c2[nH]1;Nc1nc2c(ncn2C2OC3COP(=O)(O)OC3C2O)c(=O)[nH]1;N=c1nc(O)c2ncn(C3OC4COP(=O)(O)OC4C3O)c2[nH]1
OLNCDHDEGPCCCL,2,HFLMTUAFIMJWFQ;OLNCDHDEGPCCCL,COc1cc(C2C=C(c3ccc(Cl)cc3Cl)Nc3ncnn32)cc(OC)c1OC;COc1cc(C2CC(c3ccc(Cl)cc3Cl)=Nc3ncnn32)cc(OC)c1OC
OLWGWPVIWQZCDJ,2,OLWGWPVIWQZCDJ;OROAFUQRIXKEMV,CCCCc1ncc(C=C(Cc2cccs2)C(=O)O)n1Cc1ccc(C(=O)O)cc1;CCCC=c1ncc(=CC(Cc2cccs2)C(=O)O)n1Cc1ccc(C(=O)O)cc1
OLXRITXDRYSRBH,2,DWCXXICTUDDKTB;OLXRITXDRYSRBH,CC1=CC(=O)C2(OC2C(=O)CC(C)C)C(=O)N1;CC1=NC(=O)C2(OC2C(=O)CC(C)C)C(=O)C1
OMCNBWHQHXWVAP,2,OMCNBWHQHXWVAP;PPZVSYXNLXFYAD,O=C(O)CCC1OC(=O)C(O)=C1c1ccccc1;O=C(O)CCC1OC(=O)C(=O)C1c1ccccc1
OMOIZFYLRZUABO,2,KUFRQPKVAWMTJO;OMOIZFYLRZUABO,COC1C=CC=C(C)C(=O)NC2=CC(=O)C(NCCN(C)C)=C(CC(C)CC(OC)C(O)C(C)C=C(C)C1OC(N)=O)C2=O;COC1C=CC=C(C)C(=O)Nc2cc(O)c(NCCN(C)C)c(c2O)C=C(C)CC(OC)C(O)C(C)C=C(C)C1OC(N)=O
OMSIWXSUNPHFMK,2,FZCHYNWYXKICIO;OMSIWXSUNPHFMK,CCCCC(=O)OC1(C(=O)CO)CCC2C3CCC4=CC(=O)CCC4(C)C3C(O)CC21C;CCCCC(=O)OC1(C(=O)CO)CCC2C3CC=C4CC(=O)CCC4(C)C3C(O)CC21C
ONHRUQJZWWQVHR,2,ICFIZJQGJAJRSU;ONHRUQJZWWQVHR,COC1=C(OC)C(=O)C(CC=C(C)CCC=C(C)CCC=C(C)CCC=C(C)CCC=C(C)CCC=C(C)CCC=C(C)CCC=C(C)C)=C(C)C1=O;COc1c(O)c(C)c(C=CC(C)=CCC=C(C)CCC=C(C)CCC=C(C)CCC=C(C)CCC=C(C)CCC=C(C)CCC=C(C)C)c(O)c1OC
OOKCZXGEYPSNIM,2,NSYSSMYQPLSPOD;OOKCZXGEYPSNIM,Cc1cc(O)cc(=O)o1;Cc1cc(=O)cc(O)o1
OQGVTEGPAMTWPQ,2,JUSRSHKQWKDVMR;OQGVTEGPAMTWPQ,CCCCCCCc1nc(C=CC(=O)NCC(=O)O)cs1;CCCCCCCc1nc(C=CC(O)=NCC(=O)O)cs1;CCCCCCCc1nc(CCC(=O)N=CC(=O)O)cs1
OQVRCWUMFBNYKF,2,OQVRCWUMFBNYKF;OZCACMPSTYQSMM,CN1C2=CC(=O)C(=NNC(=N)O)C=C2CC1S(=O)(=O)O;CN1c2cc(O)c(N=NC(N)=O)cc2CC1S(=O)(=O)O
ORJMOWYWYBXFBE,2,FAOZLTXFLGPHNG;ORJMOWYWYBXFBE,CC(=O)C1(O)CCC2C3CC(C)C4=CC(=O)C=CC4(C)C3(F)C(O)CC21C;CC(=O)C1(O)CCC2C3CC(C)=C4CC(=O)C=CC4(C)C3(F)C(O)CC21C
ORMJEQPPTOFJLS,2,ORMJEQPPTOFJLS;PDICCECAPKBDBB,O=C1c2oc3cc(O)c(O)cc3c2C(=O)c2oc3cc(O)c(O)cc3c21;O=C1Cc2c(oc3c(=O)c4c(oc5cc(=O)c(=O)cc54)c(=O)c23)CC1O
ORYUZRYIVLQREG,2,ORYUZRYIVLQREG;ZHPJTBCBNJMDQB,Cc1cc(N2CC3C(=O)N(Cc4ccccc4)C(=O)C3C2)n2nccc2n1;Cc1cc(N2Cc3c(c(O)n(Cc4ccccc4)c3O)C2)n2nccc2n1
OSBXZJKBBFPEJJ,2,GGLFMIALTLLMEJ;OSBXZJKBBFPEJJ,CC(CC(O)C(C)(O)C1CCC2(O)C3=CC(=O)C4CC(O)C(O)CC4(C)C3CCC12C)C(C)(O)CO;CC(CC(O)C(C)(O)C1CCC2(O)C3=C(CCC12C)C1(C)CC(O)C(O)CC1C(=O)C3)C(C)(O)CO
OSKDFRPDPQTIBP,2,IMVOEOLJLDDJRP;OSKDFRPDPQTIBP,CC1=CC(=O)C2(OC3OC(C)C(O)C(OC(=O)C=Cc4ccccc4)C3O)C=COC(OC3OC(CO)C(O)C(O)C3O)C12;CC1=C2C(OC3OC(CO)C(O)C(O)C3O)OC=CC2(OC2OC(C)C(O)C(OC(=O)C=Cc3ccccc3)C2O)C(=O)C1
OSLWTMWZINOVMZ,2,CROKULRAQZCUKQ;OSLWTMWZINOVMZ,O=C(CC1NC(=O)N(CCc2ccccc2)C1=O)NC(CO)Cc1ccccc1;O=C(Cc1[nH]c(=O)n(CCc2ccccc2)c1O)NC(CO)Cc1ccccc1
OSSLBCDVGLBKDW,2,FSNITHOUQGJHTR;OSSLBCDVGLBKDW,C=CC(C1=CC(=O)C(OC)=CC1=O)c1ccc(OC)cc1;CC=C(C1=CC(=O)C(OC)=CC1=O)c1ccc(OC)cc1
ALCSEBZFGCHLCJ,2,ALCSEBZFGCHLCJ;RRWXSVSMTCNULZ,CC(C)c1ccc(C2c3[nH]c4ccccc4c3CC3C(=O)N(c4ccccc4C(=O)N4CCCC4C(=O)O)C(=O)N32)cc1;CC(C)c1ccc(C2c3[nH]c4ccccc4c3Cc3c(O)n(-c4ccccc4C(=O)N4CCCC4C(=O)O)c(=O)n32)cc1
AADGIVANXMJZCW,2,AADGIVANXMJZCW;BFZHCUBIASXHPK,CC(=O)C1CCC2C3CCC4=CC(=O)CCC4(C)C3C(O)CC12C;CC(=O)C1CCC2C3CC=C4CC(=O)CCC4(C)C3C(O)CC12C
OTOWPJXDXAXSTB,2,OTOWPJXDXAXSTB;QYPABEUQMXOENV,COc1ccc(CC2NC(=O)C(C)=CC3CSC(=N3)C(C)C(O)CC(C)CC(C(C)(C)C)OC(=O)C(C)N(C)C(=O)C(C(C)C)N(C)C(=O)C(C)N(C)C2=O)cc1;COc1ccc(CC2=NC(=O)C(C)CC3CSC(=N3)C(C)C(O)CC(C)CC(C(C)(C)C)OC(=O)C(C)N(C)C(=O)C(C(C)C)N(C)C(=O)C(C)N(C)C2=O)cc1
OTRYWKRZGZHPOZ,2,CCHUDPANZXHQCS;OTRYWKRZGZHPOZ,CC(C)C=C1NC(=O)C(C(C)C)n2c1nc1c(c2=O)C=CC=CO1;CC(C)Cc1nc(O)c(C(C)C)n2c(=O)c3c(nc12)OC=CC=C3
OTVKQJMSEKQVPA,2,FADFGCOCHHNRHF;OTVKQJMSEKQVPA,CCCCCCCCCC=CC(=O)CCc1ccc(O)c(OC)c1;CCCCCCCCC=CCC(=O)CCc1ccc(O)c(OC)c1
OTZURLUZDRIZEM,2,OTZURLUZDRIZEM;VTGIALAGBZABRU,COC1=C(NCCO)CC(O)(CO)CC1=NCC(=O)O;COC1=C(NCC(=O)O)CC(O)(CO)CC1=NCCO
OUBLNCPOIRPANT,2,DXHRROZVQMDXOO;OUBLNCPOIRPANT,CCCCCC=CC(CCCCCCCC=CC=CC(=O)N1CCCCC1)OO;CCCCCC=CC(CCCCCCC=CC=CCC(=O)N1CCCCC1)OO
OUUKZWTWDZBGOK,2,MMOJJYPBNVVCGY;OUUKZWTWDZBGOK,CCC(C)C=C(C)C=CC1=CC2=C(Cl)C(=O)C(C)(O)C(OC(C)=O)C2CO1;CCC(C)C=C(C)C=CC1=CC2=C(CO1)C(OC(C)=O)C(C)(O)C(=O)C2Cl
OUWPCIYDSYBIMB,2,NWNLMXLRPSDMEE;OUWPCIYDSYBIMB,CCOC(=O)c1c(CC(C)C)csc1NC(=O)c1cccc(N2C(=O)CCC2=O)c1;CCOC(=O)c1c(CC(C)C)csc1NC(=O)c1cccc(-n2c(O)ccc2O)c1
OVIWLBQFYMOVOF,2,OVIWLBQFYMOVOF;VJYKVCURWJGLPG,CN(C)c1cc(CNCC(C)(C)C)c(O)c2c1CC1CC3C(N(C)C)C(=O)C(C(N)=O)=C(O)C3(O)C(=O)C1=C2O;CN(C)c1cc(CNCC(C)(C)C)c(O)c2c1CC1CC3C(N(C)C)C(=O)C(C(N)=O)C(=O)C3(O)C(=O)C1C2=O
OWUXFSBCQCGZQA,2,KNDQHSIWLOJIGP;OWUXFSBCQCGZQA,O=C1OC(=O)C2C3C=CC(C3)C12;Oc1oc(O)c2c1C1C=CC2C1
OXLDBLCHXXJJPD,2,HARGZZNYNSYSGJ;OXLDBLCHXXJJPD,Cc1cccc2c3c(ccc12)C1=C(C(=O)C3=O)C(C)CO1;C=C1COc2c1c(O)c(O)c1c2ccc2c(C)cccc21
OXQBOPCFYNFNDB,2,ACHDMUPTZYZIGR;OXQBOPCFYNFNDB,CCC=CCC=CC=CC(=O)CCCCCCCC(=O)O;CCC=CC=CC=CCC(=O)CCCCCCCC(=O)O
OZRSYEIYBDQILA,2,MKWLCWJMHDISIT;OZRSYEIYBDQILA,COC(=O)C1=C(N)Oc2c(oc(CO)cc2=O)C1c1cccc(Cl)c1Cl;COC(=O)C1C(=N)Oc2c(oc(CO)cc2=O)C1c1cccc(Cl)c1Cl
PAOLETXLRWPHAY,2,MNMPWITYZHFOAG;PAOLETXLRWPHAY,COc1cc(C2C(C#N)=C(N)Oc3n[nH]c(-c4ccccc4)c32)cc2c1OCO2;COc1cc(C2c3c(-c4ccccc4)n[nH]c3OC(=N)C2C#N)cc2c1OCO2
PBOLMJPQUCBPIG,2,PBOLMJPQUCBPIG;SGWAQZQVRJVNIZ,CC(=NN=C1C(=O)Nc2ccccc21)c1c(O)c2ccccc2n(-c2ccccc2)c1=O;C=C(N=Nc1c(O)[nH]c2ccccc12)c1c(O)c2ccccc2n(-c2ccccc2)c1=O
PCGOZSMTJRCWQF,2,PCGOZSMTJRCWQF;SIGSPDASOTUPFS,C#CC1(O)C=CC2C3CCC4=CC(=O)CCC4C3CCC21CC;C#CC1(O)C=CC2C3CC=C4CC(=O)CCC4C3CCC21CC
PCHRXDOQLORHFI,2,DFKDHZBMIJQPIK;PCHRXDOQLORHFI,CC12CC(O)C(O)CC1CCC1C2=CC(=O)C2(C)CC(=O)CC12;CC12CC(O)C(O)CC1CCC1=C2CC(=O)C2(C)CC(=O)CC12
PCNXJORSHAASRW,2,FNSQKFOXORBCCC;PCNXJORSHAASRW,COc1cc(O)c2c(O)c3c(c4c2c1C1(C4)C(C)=CCCC1(C)C)C(O)C1(O)CC(=O)C(C(N)=O)=C(O)C1(O)C3=O;COc1cc(O)c2c(O)c3c(c4c2c1C1(C4)C(C)=CCCC1(C)C)C(O)C1(O)CC(=O)C(C(N)=O)C(=O)C1(O)C3=O
PDFIWQUDIPEWGF,2,LQXYZBQQOSACNR;PDFIWQUDIPEWGF,NC1=C(C(=O)OCc2ccccc2)C(c2cccnc2)c2oc(CO)cc(=O)c2O1;N=C1Oc2c(oc(CO)cc2=O)C(c2cccnc2)C1C(=O)OCc1ccccc1
PEMIXOORXAHUSL,2,FCIKYGUVHWZSJV;PEMIXOORXAHUSL,COc1cc2oc3cc(OC)c(OC)c(CC=C(C)C)c3c(=O)c2c(O)c1CC=C(C)C;COc1cc2oc3cc(OC)c(OC)c(C=CC(C)C)c3c(=O)c2c(O)c1CC=C(C)C
PENUQSJROSJKSA,2,PENUQSJROSJKSA;UHNUULCIKILOHW,CCC=CCC=CCC=CCC=CCC=CC=CC(=O)CCC(=O)O;CCC=CCC=CCC=CCC=CC=CC=CCC(=O)CCC(=O)O
PFPVTAISYZSBEJ,2,GBQRKJRHCOAHIR;PFPVTAISYZSBEJ,COC(=O)C1=C(N)Oc2c(oc(CO)cc2=O)C1c1c(F)cccc1Cl;COC(=O)C1C(=N)Oc2c(oc(CO)cc2=O)C1c1c(F)cccc1Cl
PFSNNBISMKFBBE,2,PFSNNBISMKFBBE;RBFIISQAYNLQQY,CC(C)C=C1N=C(O)C(C(C)C)n2c1nc1ccccc1c2=O;CC(C)C=C1NC(=O)C(C(C)C)n2c1nc1ccccc1c2=O;CC(C)Cc1nc(O)c(C(C)C)n2c(=O)c3ccccc3nc12
PGQGCICPJGVMOC,2,PGQGCICPJGVMOC;VFUITWPFKLGEQA,CC=C1CN2CCC34C(=C(C=O)C1CC23)Nc1ccccc14;CC=C1CN2CCC34C(=Nc5ccccc53)C(C=O)C1CC24
PHOGQKDIVUJGMJ,2,PHOGQKDIVUJGMJ;ZDXUKAKRHYTAKV,COC(=O)C1=C(C)NC(C)=C(C(=O)OC(C)(C)CN(C)CCC(c2ccccc2)c2ccccc2)C1c1cccc([N+](=O)[O-])c1;COC(=O)C1=C(C)N=C(C)C(C(=O)OC(C)(C)CN(C)CCC(c2ccccc2)c2ccccc2)C1c1cccc([N+](=O)[O-])c1
PHOKGUZMFGWRDR,2,BMWPVVXCNDZFQA;PHOKGUZMFGWRDR,CCOC(=O)C1=C(N)Oc2c(c(=O)oc3ccccc23)C1c1c(F)cccc1Cl;CCOC(=O)C1C(=N)Oc2c(c(=O)oc3ccccc23)C1c1c(F)cccc1Cl
PHVVIHXXDVAMST,2,FNUPUYFWZXZMIE;PHVVIHXXDVAMST,O=C1c2ccc(O)cc2OC(c2ccc(O)c(O)c2)C1O;O=C1C(O)c2ccc(O)cc2OC1c1ccc(O)c(O)c1
PHXSEAJCDNVRNJ,2,GQPFUOPPYJYZHE;PHXSEAJCDNVRNJ,Cc1cc(O)c2c(c1)C(C1OC(CO)C(O)C(O)C1O)c1cccc(OC3OC(CO)C(O)C(O)C3O)c1C2=O;Cc1cc(O)c2c(O)c3c(OC4OC(CO)C(O)C(O)C4O)cccc3c(C3OC(CO)C(O)C(O)C3O)c2c1
PIHCSOQMLKMMCI,2,MITPCIMPTSCBLV;PIHCSOQMLKMMCI,O=C(NNC1CC(=O)N(c2ccc(F)c(Cl)c2)C1=O)c1ccncc1;O=C(NNc1cc(O)n(-c2ccc(F)c(Cl)c2)c1O)c1ccncc1
PIIKTZWFQSHZQU,2,PIIKTZWFQSHZQU;QMYWKFZKRYCUMA,C=C(C)C#Cc1cc(O)c(CC=C(C)C)cc1O;C=C(C)C#Cc1cc(O)c(C=CC(C)C)cc1O
PILNLKWYBKKHES,2,OQVPVEPWRLNVGD;PILNLKWYBKKHES,COC(=O)C1=C(C)NC2=C(C(=O)CCC2)C1c1cc(OC)c(OC)c(OC)c1;COC(=O)C1=C(C)N=C2CCCC(=O)C2C1c1cc(OC)c(OC)c(OC)c1
PIRVFKJDEHTZFB,2,PIRVFKJDEHTZFB;PRYGKAJEGXTQNF,O=C1NC(=O)C(Cc2c[nH]c3ccccc23)n2c1nc1ccccc1c2=O;O=c1[nH]c(O)c(Cc2c[nH]c3ccccc23)n2c(=O)c3ccccc3nc12
PIRWHBVBBBZNKG,2,ANEBWFXPVPTEET;PIRWHBVBBBZNKG,COC(=O)C1=C(C)NC(C)=C(C(=O)OCCN2CCN(C(c3ccccc3)c3ccccc3)CC2)C1c1cccc([N+](=O)[O-])c1;COC(=O)C1=C(C)N=C(C)C(C(=O)OCCN2CCN(C(c3ccccc3)c3ccccc3)CC2)C1c1cccc([N+](=O)[O-])c1
PIWVARUFOMADFY,2,PIWVARUFOMADFY;PQCXVIPXISBFPN,O=C1NC(=O)C(c2ccccc2[N+](=O)[O-])C1=Nc1ccc(O)c(Cl)c1;O=C1NC(=O)C(c2ccccc2[N+](=O)[O-])=C1Nc1ccc(O)c(Cl)c1
ZVJQFRWLQFRSMO,2,CJHXBFSJXDUJHP;ZVJQFRWLQFRSMO,CC(C)(Cc1nc(-c2ccc(O)cn2)no1)C(=O)NC1=C(C(=O)O)CCCC1;CC(C)(Cc1nc(-c2ccc(O)cn2)no1)C(=O)N=C1CCCCC1C(=O)O
PJVWKTKQMONHTI,2,PJVWKTKQMONHTI;QTXVAVXCBMYBJW,CC(=O)CC(c1ccccc1)c1c(O)c2ccccc2oc1=O;CC(=O)CC(c1ccccc1)c1c(O)oc2ccccc2c1=O
PKFHHOMWBPKTET,2,FXHLHJGGCCHNCE;PKFHHOMWBPKTET,COc1cc(-c2[nH]c(C(=O)NC3CCCCC3)cc3c4ccccc4nc2-3)cc(OC)c1OC;COc1cc(-c2nc(C(=O)NC3CCCCC3)cc3c2[nH]c2ccccc23)cc(OC)c1OC
PKICUDXEAPMDNG,2,PKICUDXEAPMDNG;VKQFCGNPDRICFG,COC(=O)C1=C(C)NC(C)=C(C(=O)OCC(C)C)C1c1ccccc1[N+](=O)[O-];COC(=O)C1=C(C)N=C(C)C(C(=O)OCC(C)C)C1c1ccccc1[N+](=O)[O-]
PKYKNPLSFOKASK,2,PKYKNPLSFOKASK;VYMDGNCVAMGZFE,CCCCC1C(=O)N(c2ccccc2)N(c2ccccc2)C1=O;CCCCc1c(O)n(-c2ccccc2)n(-c2ccccc2)c1=O
PLDZOHPIBZVDLQ,2,PLDZOHPIBZVDLQ;YHDPWEWZPGTMMU,CN(C)C1C(=O)C(=C(O)NCN2CCCC2)C(=O)C2(O)C(=O)C3=C(O)c4c(O)cccc4C(C)(O)C3CC12;CN(C)C1C(=O)C(C(=O)NCN2CCCC2)C(=O)C2(O)C(=O)C3C(=O)c4c(O)cccc4C(C)(O)C3CC12
PLMCCAOBPXDUIT,2,PLMCCAOBPXDUIT;WMLWRZOUOGMDNS,O=C1NC(=O)C(c2ccc(-c3ccc(Br)cc3)cc2)=C1O;O=C1NC(=O)C(c2ccc(-c3ccc(Br)cc3)cc2)C1=O
PLWGSEYKEKXMIX,2,KPBZROQVTHLCDU;PLWGSEYKEKXMIX,CCCC(=O)OCOC(=O)C1=C(C)NC(C)=C(C(=O)OC)C1c1cccc(Cl)c1Cl;CCCC(=O)OCOC(=O)C1=C(C)N=C(C)C(C(=O)OC)C1c1cccc(Cl)c1Cl
PMKBGMSPKBGIHW,2,PMKBGMSPKBGIHW;RECCTAMRDZXMTL,NC(=O)C1(N2CCCCC2)CCN(C(=O)c2cc3ccc4cccnc4c3[nH]2)CC1;NC(=O)C1(N2CCCCC2)CCN(C(=O)c2cc3ccc4ccc[nH]c4c3n2)CC1
PMSODUIOOXLIGP,2,LGNSRQOKLMYSFC;PMSODUIOOXLIGP,C=C(C)C(=O)C(CC(C)C)NC(=O)C(CCS(C)(=O)=O)NC(=O)C(NC(=O)CCCCC)C(C)C;CCCCCC(=O)N=C(C(=O)NC(CCS(C)(=O)=O)C(=O)NC(CC(C)C)C(=O)C(C)C)C(C)C
PMWDZCANQJYEEV,2,PMWDZCANQJYEEV;XPYBSIWDXQFNMH,O=C(COP(=O)(O)O)C(O)C(O)C(O)COP(=O)(O)O;O=C(C(O)COP(=O)(O)O)C(O)C(O)COP(=O)(O)O
PNGGZRKJAFVXKG,2,PNGGZRKJAFVXKG;QXQCUMLJMJMYMO,CC(C)OCCCN1CC2=C(C1=O)C(c1ccc(OCc3ccccc3)cc1)NC(=O)N2;CC(C)OCCCN1CC2=NC(=O)NC(c3ccc(OCc4ccccc4)cc3)C2C1=O
PNINFIIQBNEXTA,2,PNINFIIQBNEXTA;QZSPYIDISPEVBP,CC(C)OC(=O)C1=C(N)Oc2c(oc(CO)cc2=O)C1c1cccnc1;CC(C)OC(=O)C1C(=N)Oc2c(oc(CO)cc2=O)C1c1cccnc1
POGMGKCDTIOBIY,2,IJLFVBWYDPGYDN;POGMGKCDTIOBIY,C=C1C2(C)CC3C(C)(O)C4=CC(=O)OC(C)(C)C4=CCC3(C)C13C(=O)OC(C)C3(O)C2=O;C=C1C2(C)CC3C(C)(O)C4=C(C=CC3(C)C13C(=O)OC(C)C3(O)C2=O)C(C)(C)OC(=O)C4
POJPGPCOPMXWED,2,GZEFCMIQEJLETH;POJPGPCOPMXWED,COC(=O)C1=C(C)NC2=C(C(=O)CC(c3ccc(OC)c(OC)c3)C2)C1c1cc(OC)c(OC)c(OC)c1;COC(=O)C1=C(C)N=C2CC(c3ccc(OC)c(OC)c3)CC(=O)C2C1c1cc(OC)c(OC)c(OC)c1
PPDWQLSRZNCMRA,2,AKUJBENLRBOFTD;PPDWQLSRZNCMRA,CC(=O)OCC(=O)C1(O)C(C)CC2C3CCC4=CC(=O)C=CC4(C)C3(F)C(O)CC21C;CC(=O)OCC(=O)C1(O)C(C)CC2C3CC=C4CC(=O)C=CC4(C)C3(F)C(O)CC21C
PPINWYOLRRJCPE,2,NEGDTWQGGLJCTL;PPINWYOLRRJCPE,CC(C)(C)C1CCC(CC2=C(O)c3ccccc3C(=O)C2=O)CC1;CC(C)(C)C1CCC(=Cc2c(O)c(O)c3ccccc3c2O)CC1
PPYRMVKHPFIXEU,2,PPYRMVKHPFIXEU;RXYQCXVUMLSFHM,CC(O)CCCC(O)C=CC1=C(CC=CCCCC(=O)O)C(=O)CC1;CC(O)CCCC(O)C=CC1C=CC(=O)C1CC=CCCCC(=O)O
PPZISFPROMNYLF,2,IBSRGCBHIASQMQ;PPZISFPROMNYLF,COC(=O)C(CC(C)C)NC(=O)C(=C1OC(=O)C(c2ccccc2)=C1O)c1ccccc1;COC(=O)C(CC(C)C)=NC(=O)C(c1ccccc1)c1oc(O)c(-c2ccccc2)c1O
PPZZZBNHNXFJQO,2,BHJYQXRYNDTLHD;PPZZZBNHNXFJQO,COc1cc(C=C2N=C(O)N(CC(=O)Nc3ccc(C)cc3)C2=O)cc2c1OCO2;COc1cc(CC2=NC(=O)N(CC(=O)Nc3ccc(C)cc3)C2=O)cc2c1OCO2
PQBJZHRFVKHZBT,2,GPYZWDWHQBGWAN;PQBJZHRFVKHZBT,Cc1cc2c(c(O)c1-c1c(C)cc3c(c1O)C(=CNC(C)CCc1ccco1)C(=O)C(O)=C3C(C)C)C(=CNC(C)CCc1ccco1)C(=O)C(O)=C2C(C)C;Cc1cc2c(C(C)C)c(O)c(O)c(C=NC(C)CCc3ccco3)c2c(O)c1-c1c(C)cc2c(C(C)C)c(O)c(O)c(C=NC(C)CCc3ccco3)c2c1O
PQFSHEFVJGQODU,2,PQFSHEFVJGQODU;QNZXZYKJUGCPCI,CC=C(NC(=O)NC(Cc1ccccc1)C(=O)O)C(=O)NC(C)C(=O)NC(CCCNC(=N)N)C(=O)N1CCCC1c1nc(C(=O)O)cs1;CCC(=NC(=O)NC(Cc1ccccc1)C(=O)O)C(=O)NC(C)C(=O)NC(CCCN=C(N)N)C(=O)N1CCCC1c1nc(C(=O)O)cs1
PQJKVBQFZNPBEF,2,OHIAYCDXMPSQPG;PQJKVBQFZNPBEF,CCC(C)C(=O)C1=C(O)OC2=C(C(CC(=O)O)c3ccccc3)C(C)(C)C(CCC(C)(C)O)CC2(CC=C(C)C)C1=O;CCC(C)C(=O)C1C(=O)OC2=C(C(CC(=O)O)c3ccccc3)C(C)(C)C(CCC(C)(C)O)CC2(CC=C(C)C)C1=O
PRBLIWYXRHIDTD,2,GFHBTMZMBLDKKA;PRBLIWYXRHIDTD,COC(=O)CCCCCCCCC=Cc1cc(=O)c(C(N)=O)co1;COC(=O)CCCCCCCC=CCc1cc(=O)c(C(N)=O)co1
PREBVFJICNPEKM,2,PREBVFJICNPEKM;YXAKCQIIROBKOP,O=C(C=Cc1ccc(O)cc1)CC(=O)C=Cc1ccc(O)cc1;O=C(C=Cc1ccc(O)cc1)C=C(O)C=Cc1ccc(O)cc1
PRFXRIUZNKLRHM,2,MYHXHCUNDDAEOZ;PRFXRIUZNKLRHM,CCCCCC(O)C=CC1C=CC(=O)C1CC=CCCCC(=O)O;CCCCCC(O)C=CC1=C(CC=CCCCC(=O)O)C(=O)CC1
PRHKRVZMUSKNBD,2,OBFDSOYVKVRFGY;PRHKRVZMUSKNBD,CC(=O)OC1CC(C)(C(=O)O)CC2C3=CC(=O)C4C5(C)CCC(OC6OC(C(=O)O)C(O)C(O)C6OC6OC(C(=O)O)C(O)C(O)C6O)C(C)(C)C5CCC4(C)C3(C)CCC12C;CC(=O)OC1CC(C)(C(=O)O)CC2=C3CC(=O)C4C5(C)CCC(OC6OC(C(=O)O)C(O)C(O)C6OC6OC(C(=O)O)C(O)C(O)C6O)C(C)(C)C5CCC4(C)C3(C)CCC21C
PRPDSHCVUPAWJO,2,PRPDSHCVUPAWJO;RNHXGEMWDQYPIQ,COc1cccc(C2C3=C(COC3=O)Nc3c2c(=O)n(C)c(=O)n3C)c1OC;COc1cccc(C2c3c(coc3O)Nc3c2c(=O)n(C)c(=O)n3C)c1OC
PSKVISJISBFCKP,2,LOBCDGHHHHGHFA;PSKVISJISBFCKP,CCOC(=O)C1C(C)=NC(S)=NC1c1cccc(O)c1;CCOC(=O)C1=C(C)NC(S)=NC1c1cccc(O)c1
PSNIIJBQEZDDMR,2,FEMXZDUTFRTWPE;PSNIIJBQEZDDMR,CC(O)C(O)C1=Nc2c(nc(N)[nH]c2=O)NC1;CC(O)C(O)C1=Nc2c([nH]c(N)nc2=O)NC1;CC(O)C(O)C1=Nc2c(O)nc(=N)[nH]c2NC1
ZVNAPKULTFGWTC,2,QKEJRKXVLGOJMB;ZVNAPKULTFGWTC,CC(=O)OC(C)(C)C=CC(=O)C(C)(O)C1C(O)CC2(C)C3CC=C4C(C=C(OC5OC(CO)C(O)C(O)C5O)C(=O)C4(C)C)C3(C)C(=O)CC12C;CC(=O)OC(C)(C)C=CC(=O)C(C)(O)C1C(O)CC2(C)C3CC=C4C(=CC(OC5OC(CO)C(O)C(O)C5O)C(=O)C4(C)C)C3(C)C(=O)CC12C
PSXLTICCBXQIKY,2,BEADRWVIFHOSGN;PSXLTICCBXQIKY,O=C(ON1C(=O)CCC1=O)N1CCN(C(c2ccc(Cl)cc2)c2ccc(Cl)cc2)CC1;O=C(On1c(O)ccc1O)N1CCN(C(c2ccc(Cl)cc2)c2ccc(Cl)cc2)CC1
PTADEKNCXKCPAV,2,PTADEKNCXKCPAV;SYSQDCXRTHUHHF,COc1cc(C2C(C(=O)OCCOc3ccccc3)=C(C)NC3=C2C(=O)CC(C)(C)C3)cc(OC)c1O;COc1cc(C2C(C(=O)OCCOc3ccccc3)=C(C)N=C3CC(C)(C)CC(=O)C32)cc(OC)c1O
PTCUDVWUJQLECC,2,CEVXNXJGTYHRCT;PTCUDVWUJQLECC,O=C(Nc1ccc(Cl)c(Cl)c1)C1CCC(N2C(=O)C3C4CCC(C4)C3C2=O)CC1;O=C(Nc1ccc(Cl)c(Cl)c1)C1CCC(n2c(O)c3c(c2O)C2CCC3C2)CC1
ZWCFCVVUUYGGQC,2,SOLOGPKQXAYSGY;ZWCFCVVUUYGGQC,COC(=O)C1=C(N)Oc2c(oc(CO)cc2=O)C1c1cccnc1;COC(=O)C1C(=N)Oc2c(oc(CO)cc2=O)C1c1cccnc1
PUKGEMCILXAAOZ,2,PUKGEMCILXAAOZ;UTRJNVUJZHUXNP,CC(=O)OCC(=CC(=O)O)CCC1C(C)=CC(=O)C2C(C)(C)CCCC12C;CC(=O)OCC(=CC(=O)O)CCC1=C(C)CC(=O)C2C(C)(C)CCCC12C
PUOQNLRIUCSZCB,2,PUOQNLRIUCSZCB;WENLZCZPDOADNI,Cc1ccc(C(=O)NC(=Cc2ccco2)C(O)=NCCc2c(C)[nH]c3ccccc23)cc1;Cc1ccc(C(=O)N=C(Cc2ccco2)C(=O)NCCc2c(C)[nH]c3ccccc23)cc1
PUSAHODQLVMNOJ,2,DWCKSBOSIIXYJK;PUSAHODQLVMNOJ,CC(C)c1ccc(C2c3[nH]c4ccccc4c3CC3C(=O)N(c4ccccc4C(=O)N4CCC(C(=O)O)CC4)C(=O)N32)cc1;CC(C)c1ccc(C2c3[nH]c4ccccc4c3Cc3c(O)n(-c4ccccc4C(=O)N4CCC(C(=O)O)CC4)c(=O)n32)cc1
PVKVAVIJHHBVNK,2,PVKVAVIJHHBVNK;WCCMLEBYPQIAFD,COc1ccc(Cl)cc1NC(=O)CC1SC(=NC(C)C)N(C(C)C)C1=O;COc1ccc(Cl)cc1NC(=O)Cc1sc(=NC(C)C)n(C(C)C)c1O
PVTUERPXLWOPRX,2,LINOMUASTDIRTM;PVTUERPXLWOPRX,CC1=CC2OC3C(O)CC(C)(C34CO4)C2(CO)C(O)C1=O;CC1CC2OC3C(O)CC(C)(C34CO4)C2(CO)C(=O)C1=O
PVZMGABPQHSYGG,2,PVZMGABPQHSYGG;SGHIPUDQOSQOLZ,O=C(CCCCCN1C(=O)C2Cc3ccccc3CN2C1=O)NC(Cc1ccc(O)cc1)C(=O)O;O=C(CCCCCn1c(O)c2n(c1=O)Cc1ccccc1C2)NC(Cc1ccc(O)cc1)C(=O)O
PWGABNHDROCYFX,2,MPQWYPLPWGUMJE;PWGABNHDROCYFX,O=C1NC(=O)C(c2cn(-c3ccccc3)nc2-c2ccc(F)cc2)N1;O=c1[nH]c(O)c(-c2cn(-c3ccccc3)nc2-c2ccc(F)cc2)[nH]1
PWRBDNZFCPVAHV,2,JIMRNSVFPBQRSP;PWRBDNZFCPVAHV,COc1ccc(C2C3=C(CC(C)CC3=O)Nc3ccccc3N2C(C)=O)cc1;COc1ccc(C2C3C(=O)CC(C)CC3=Nc3ccccc3N2C(C)=O)cc1
PXLNWMOPHJSAPV,2,PXLNWMOPHJSAPV;RDCNYYGMDFXXCQ,COc1ccc(OC)c(C2C3=C(CC(c4ccccc4O)CC3=O)Nc3onc(C)c32)c1;COc1ccc(OC)c(C2c3c(C)noc3N=C3CC(c4ccccc4O)CC(=O)C32)c1
PXOUWIIMEOTTMM,2,NZASCBIBXNPDMH;PXOUWIIMEOTTMM,CCC1(CC)C(=O)C=CNC1=O;CCC1(CC)C(=O)CC=NC1=O
PYBNSXOYOSNUHV,2,GZENKSODFLBBHQ;PYBNSXOYOSNUHV,CC(=O)C1CCC2C3CC(C)C4=CC(=O)CCC4(C)C3C(O)CC12C;CC(=O)C1CCC2C3CC(C)=C4CC(=O)CCC4(C)C3C(O)CC12C
PYGGPZATYWIWRU,2,PYGGPZATYWIWRU;TUJLPRBZDNVLJR,COc1ccc(CCN2C(=O)CC(N3CCN(c4ccc(F)cc4)CC3)C2=O)cc1OC;COc1ccc(CCn2c(O)cc(N3CCN(c4ccc(F)cc4)CC3)c2O)cc1OC
ZWDTYIUBFHCQJP,2,ZRBOGSQITRZXJM;ZWDTYIUBFHCQJP,CC(=O)OC1C(OC(=O)c2ccccc2)C(C)=CC2C(OC(C)=O)C(C)(O)CC2(O)C(=O)C(C)C=CC(C)(C)C1OC(C)=O;CC(=O)OC1C(OC(=O)c2ccccc2)C(C)=CC2C(OC(C)=O)C(C)(O)CC2(O)C(=O)C(C)=CCC(C)(C)C1OC(C)=O
PZBFPMMMSYKWJO,2,PZBFPMMMSYKWJO;VWJWJSTVUOQUDF,CCC(C)C(=O)C1=C(O)OC2=C(C(CC(=O)O)c3ccccc3)C(C)(C)C(CCC(C)(C)NC(C)=O)CC2(CC=C(C)C)C1=O;CCC(C)C(=O)C1C(=O)OC2=C(C(CC(=O)O)c3ccccc3)C(C)(C)C(CCC(C)(C)NC(C)=O)CC2(CC=C(C)C)C1=O
PZLDSEPPKGYNNP,2,FAVDPDFBBBQJQW;PZLDSEPPKGYNNP,CCCC=CC=CC(=O)NCC(=O)O;CCCC=CCCC(=O)N=CC(=O)O
PZMKVXLYUUFZPT,2,CBOSLVQFGANWTL;PZMKVXLYUUFZPT,C=C1C2CC3(C1O)C1CC4C5(C)CCC(O)C4(C1N(CC)C5)C3CC2=O;CCN1CC2(C)CCC(O)C34C1C(CC23)C12CC(=C(C)C1O)C(=O)CC24
PZPOMPZEARCNPE,2,FZMOOHNIAZIVAK;PZPOMPZEARCNPE,Cc1[nH]c2ccccc2c1CCN=C(O)C(=Cc1ccccc1)N=C(O)c1ccccc1Br;Cc1[nH]c2ccccc2c1CCNC(=O)C(Cc1ccccc1)=NC(=O)c1ccccc1Br
PZTBFBJIHQUDGC,2,PZTBFBJIHQUDGC;UYUXSRADSPPKRZ,O=CC(O)C1OC(=O)C(O)C1O;O=C1OC(C(=O)CO)C(O)C1O
PZUYOXGCNALZCR,2,MAGGNDAVKNPXCA;PZUYOXGCNALZCR,O=C(C=Cc1ccc(O)cc1)NC(CC[n+]1cccc(C(=O)O)c1)C(=O)O;O=C(CCc1ccc(O)cc1)N=C(CC[n+]1cccc(C(=O)O)c1)C(=O)O
QAOQBPVCLGVWMY,2,BZDWCMYQYONFOB;QAOQBPVCLGVWMY,Cc1nc2c3ccccc3[nH]n2c(=O)c1CCC(=O)Nc1cnn(C)c1;Cc1[nH]c2c3ccccc3nn2c(=O)c1CCC(=O)Nc1cnn(C)c1
QBBZMGZXDYFUGM,2,HVAVGMDRUJHUOH;QBBZMGZXDYFUGM,CC1=C2CC(O)(C(C)(C)O)C(OC3OC(CO)C(O)C(O)C3O)CC(C)C2CC1=O;CC1=C2CC(=O)C(C)C2CC(O)(C(C)(C)O)C(OC2OC(CO)C(O)C(O)C2O)C1
QBFUZFIQYYRHKM,2,DAJMJDSBVLXPKE;QBFUZFIQYYRHKM,NS(=O)(=O)c1ccccc1NC1OC(C(=O)O)C(O)C(O)C1=O;NS(=O)(=O)c1ccccc1N=C1OC(C(=O)O)C(O)C(O)C1O
QBJXYRWUKSOXQY,2,QBJXYRWUKSOXQY;XAXYCXCTGDUBNW,CCCC1=C(O)C(=O)CC1;CCCC1CCC(=O)C1=O
QCQGNTXXPCJRFZ,2,LPLVUJXQOOQHMX;QCQGNTXXPCJRFZ,CC1(C(=O)O)CCC2(C)CCC3(C)C(=CC(=O)C4C5(C)CCC(OC6OC(C(=O)O)C(O)C(O)C6OC6OC(C(=O)O)C(O)C(O)C6O)C(C)(C)C5CCC43C)C2C1;CC1(C(=O)O)CCC2(C)CCC3(C)C(=C2C1)CC(=O)C1C2(C)CCC(OC4OC(C(=O)O)C(O)C(O)C4OC4OC(C(=O)O)C(O)C(O)C4O)C(C)(C)C2CCC13C
QDSAUUOUBPKTKQ,2,QDSAUUOUBPKTKQ;QIWOFDHUQPJCJF,O=C1c2c(O)cc(O)cc2OC(c2ccc(O)cc2O)C1O;O=C1C(O)c2c(O)cc(O)cc2OC1c1ccc(O)cc1O
QDYHKAYUOWXHII,2,QDYHKAYUOWXHII;YRVODBUXPRIJID,COc1ccc(C(=O)COC(=O)CN2C(=O)C3CC=CCC3C2=O)cc1;COc1ccc(C(=O)COC(=O)Cn2c(O)c3c(c2O)CC=CC3)cc1
QEDDYPGFZGCYCZ,2,KHBPQPUZXNFKKR;QEDDYPGFZGCYCZ,CC1OC(N2C(=C3Nc4ccc(Cl)cc4C3=O)C(=O)c3cc(Cl)ccc32)C(O)C(O)C1N;CC1OC(n2c(C3=Nc4ccc(Cl)cc4C3=O)c(O)c3cc(Cl)ccc32)C(O)C(O)C1N
QEEVNINSZYCDFD,2,CSYFFQVEQXEIAB;QEEVNINSZYCDFD,NS(=O)(=O)c1ccc(NC2=CC(=O)c3ccccc3C2=O)cc1;NS(=O)(=O)c1ccc(N=C2CC(=O)c3ccccc3C2=O)cc1
QESVANXQYJTAGJ,2,BSGPJBALTHTFJC;QESVANXQYJTAGJ,C=C(C(=O)C(O)C(C)C1C(OC(C)=O)CC2(C)C3CC(O)C4C(C)C(=O)C=CC45CC35CCC12C)C(C)CO;CC(=O)OC1CC2(C)C3CC(O)C4C(C)C(=O)C=CC45CC35CCC2(C)C1C(C)C(=O)C(=O)C(C)C(C)CO
QEYRPPBFESQFPR,2,DYFMUBBDBHDXDV;QEYRPPBFESQFPR,C=C1C(O)CC2C(C)(C)CC(O)CC2(C)C1CC1C(C)=CCC2C(=O)C(OC)=CC(=O)C21c1cc(=O)c2c(O)cc(O)cc2o1;C=C1C(O)CC2C(C)(C)CC(O)CC2(C)C1CC1=C(C)C=CC2C(=O)C(OC)CC(=O)C12c1cc(=O)c2c(O)cc(O)cc2o1
QFJIQUOMKJNYLI,2,IPQVTOJGNYVQEO;QFJIQUOMKJNYLI,O=C(O)c1cc(O)c2c(c1)C(C1c3cc(C(=O)O)cc(O)c3C(=O)c3c(OC4OC(CO)C(O)C(O)C4O)cccc31)c1cccc(OC3OC(CO)C(O)C(O)C3O)c1C2=O;O=C(O)c1cc(O)c2c(O)c3c(OC4OC(CO)C(O)C(O)C4O)cccc3c(-c3c4cc(C(=O)O)cc(O)c4c(O)c4c(OC5OC(CO)C(O)C(O)C5O)cccc34)c2c1
QFKIXLQOPZCTPA,2,QFKIXLQOPZCTPA;UNBMQQNYLCPCHS,CCC(C)C(O)C(C)C(=O)C(C)C=C(C)CC(C)C1OC(=O)C1CC;CCC(C)C(O)C(C)C(=O)C(C)=CC(C)CC(C)C1OC(=O)C1CC
ZWGNVZAUBOCVRV,2,IJRBORPEVKCEQD;ZWGNVZAUBOCVRV,CC(CC(O)C(C)(O)C1CCC2(O)C3=CC(=O)C4CC(O)C(O)CC4(C)C3CCC12C)C(C)(C)O;CC(CC(O)C(C)(O)C1CCC2(O)C3=C(CCC12C)C1(C)CC(O)C(O)CC1C(=O)C3)C(C)(C)O
QHBJRMVBTXRGSK,2,BAYCKSGCVUIVNR;QHBJRMVBTXRGSK,CCC(C)C1C(=O)N(C)C(C)C(=O)OC(C(C)(C)C)CC(C)CC(O)C(C)C2=NC(C=C(C)C(=O)NC(Cc3ccc(OC)cc3)C(=O)N(C)C(C)C(=O)N1C)CS2;CCC(C)C1C(=O)N(C)C(C)C(=O)OC(C(C)(C)C)CC(C)CC(O)C(C)C2=NC(CS2)CC(C)C(=O)N=C(Cc2ccc(OC)cc2)C(=O)N(C)C(C)C(=O)N1C
QJAAWKOYOVZDJF,2,OTYDQANROURYGR;QJAAWKOYOVZDJF,CC1CC(=O)c2c(cc(O)c3c2C(=O)c2cccc(O)c2C3=O)C1;Cc1cc(O)c2c(c1)cc(O)c1c(O)c3c(O)cccc3c(O)c12
QJURWFAEWPOWTR,2,NHAQNKDEUQPSIX;QJURWFAEWPOWTR,CC1CC=CC(O)C(O)CCC=Cc2cc(O)cc(O)c2C(=O)O1;CC1CC=CC(O)C(O)CC=CCc2cc(O)cc(O)c2C(=O)O1
QLIGKSZQPGWNAO,2,FPTTUDYLOQNUPB;QLIGKSZQPGWNAO,CC1(C)CC(=O)C2=C(C1)Nc1ccccc1NC2c1ccc(OCc2ccccc2F)c(Cl)c1;CC1(C)CC(=O)C2C(=Nc3ccccc3NC2c2ccc(OCc3ccccc3F)c(Cl)c2)C1
QLLLGFMAOYLOFG,2,DSSCFCVACIIGBB;QLLLGFMAOYLOFG,COc1ccc(OC)c(-c2[nH]c(C(=O)NC3CCN(Cc4ccccc4)CC3)cc3c4ccccc4nc2-3)c1;COc1ccc(OC)c(-c2nc(C(=O)NC3CCN(Cc4ccccc4)CC3)cc3c2[nH]c2ccccc23)c1
QLQQASAOVIVSAS,2,QLQQASAOVIVSAS;WPCIETQUBPSGIM,CCOc1cc(C2C(C(=O)OCCc3ccccc3)=C(C)NC3=C2C(=O)CC(c2ccc(Cl)cc2)C3)ccc1O;CCOc1cc(C2C(C(=O)OCCc3ccccc3)=C(C)N=C3CC(c4ccc(Cl)cc4)CC(=O)C32)ccc1O
ZWJHYXGJARDHPR,2,UJRQFLBBBCLATN;ZWJHYXGJARDHPR,CCCCCC#CC#CC=CCC(C)CC1CC(C)C(=C2C(=O)C(C)N(C)C2=O)N1;CCCCCC#CC#CC=CCC(C)CC1CC(C)C(c2c(O)c(C)n(C)c2O)=N1
QMCOPDWHWYSJSA,2,LTODWURWNDCSOY;QMCOPDWHWYSJSA,CNC(=O)c1cc2c3ccccc3nc-2c[nH]1;CNC(=O)c1cc2c(cn1)[nH]c1ccccc12
QMKRMRIRKFAOPP,2,QMKRMRIRKFAOPP;XPGFHNDBGHFQQE,COc1cc(C2C(C(=O)OC(C)C)=C(C)NC3=C2C(=O)CCC3)cc(Cl)c1O;COc1cc(C2C(C(=O)OC(C)C)=C(C)N=C3CCCC(=O)C32)cc(Cl)c1O
QMTOUCHFOPYNHS,2,FVNJBPMQWSIGJK;QMTOUCHFOPYNHS,COC(=O)C1=C(C)NC(c2ncc(F)cc2F)=NC1c1ccc(F)cc1Cl;COC(=O)C1C(C)=NC(c2ncc(F)cc2F)=NC1c1ccc(F)cc1Cl
QNGYADUGPHQWNE,2,QNGYADUGPHQWNE;VPRAQYXPZIFIOH,C#CCN1CC(=O)N(COC(=O)C2C(C=C(C)C)C2(C)C)C1=O;C#CCn1cc(O)n(COC(=O)C2C(C=C(C)C)C2(C)C)c1=O
ZWPPJEWXTKCWJI,2,QGTAUUCNYSAFKW;ZWPPJEWXTKCWJI,COC(=O)C1=C(C)NC2=C(C(=O)CCC2)C1c1cc(Br)c(O)c(OC)c1;COC(=O)C1=C(C)N=C2CCCC(=O)C2C1c1cc(Br)c(O)c(OC)c1
QNSBEYWSKOVRRL,2,LQLJKFQIQRAIOP;QNSBEYWSKOVRRL,CC1(C)CC(=O)C2=C(C1)Nc1ccccc1NC2c1ccccn1;CC1(C)CC(=O)C2C(=Nc3ccccc3NC2c2ccccn2)C1
QOAZAIPZGBFXLH,2,JKPXQTHIKSURHW;QOAZAIPZGBFXLH,COCCCN1C(=O)C(O)=C(C(=O)C2CC2)C1c1ccc(OC)c(OC)c1;COCCCN1C(=O)C(=O)C(C(=O)C2CC2)C1c1ccc(OC)c(OC)c1
QOFQTBTZCJVITI,2,QOFQTBTZCJVITI;WLHQHAUOOXYABV,CN1C(C(=O)Nc2ccccn2)=C(O)c2sc(Cl)cc2S1(=O)=O;CN1C(C(=O)Nc2ccccn2)C(=O)c2sc(Cl)cc2S1(=O)=O
QOHLZSUPOARYIS,2,PSHBMOISPANOCB;QOHLZSUPOARYIS,CC1=C(C(N)=O)C(c2ccc3c(c2)OCO3)n2nc(CCCO)nc2N1;CC1=Nc2nc(CCCO)nn2C(c2ccc3c(c2)OCO3)C1C(N)=O
QOJHTCQMCRMQRA,2,QOJHTCQMCRMQRA;SARYOFMRLSHZFE,Cc1ccc(C)c(NC=CC(=O)c2ccccc2)c1;Cc1ccc(C)c(N=CCC(=O)c2ccccc2)c1
QOOXKCQTBVDROE,2,CEMXHAPUFJOOSV;QOOXKCQTBVDROE,CC1OC(OC2C(CO)OC(OC(C(O)CO)C(O)C(O)C=O)C(O)C2O)C(O)C(O)C1NC1C=C(CO)C(O)C(O)C1O;CC1OC(OC2C(CO)OC(OC(C(=O)C(O)CO)C(O)CO)C(O)C2O)C(O)C(O)C1NC1C=C(CO)C(O)C(O)C1O
QOVGIKUHSFCSIK,2,FRQMUZJSZHZSGN;QOVGIKUHSFCSIK,CC(=O)C1(O)CCC2C3CC(C)C4=CC(=O)CCC4(C)C3CCC21C;CC(=O)C1(O)CCC2C3CC(C)=C4CC(=O)CCC4(C)C3CCC21C
QOVZKYWGWRHLIT,2,MYRPIYZIAHOECW;QOVZKYWGWRHLIT,C=CC(C)(C)c1[nH]c2ccccc2c1C=C1NC(=O)C(C)NC1=O;C=CC(C)(C)c1[nH]c2ccccc2c1Cc1[nH]c(=O)c(C)nc1O
ZWQOHEKXVDCSKD,2,KUNGZANNQKGWNF;ZWQOHEKXVDCSKD,CC1(C)CC(=O)C2=C(C1)N(c1ccccc1)C1=C(C(=O)CC(C)(C)C1)C2c1ccc(O)cc1;CC1(C)C=C2C(C(=O)C1)C(c1ccc(O)cc1)C1=C(CC(C)(C)CC1=O)N2c1ccccc1
QPBYVAYSBSFKFM,2,QPBYVAYSBSFKFM;XGCUCFKWVIWWNW,CC(=O)OC1C(O)C2OC3C=C(C)C(=O)C(O)C3(CO)C1(C)C21CO1;CC(=O)OC1C(O)C2OC3CC(C)C(=O)C(=O)C3(CO)C1(C)C21CO1
QPEGLQNCUNZLHA,2,QPEGLQNCUNZLHA;VLGYOPHQGQZESI,COc1ccc(-c2[nH]c(C(=O)NCCCN3CCOCC3)cc3c4ccccc4nc2-3)cc1OC;COc1ccc(-c2nc(C(=O)NCCCN3CCOCC3)cc3c2[nH]c2ccccc23)cc1OC
QPKOKKANINIMQF,2,OJVQOGDGFIJYPN;QPKOKKANINIMQF,C=CC(c1ccccc1O)c1cc(O)c(OC)cc1OC;CC=C(c1ccccc1O)c1cc(O)c(OC)cc1OC
QPOJEZGXYNWHID,2,KXSGCAPYMUMVSH;QPOJEZGXYNWHID,CC=C1NC(=O)C(NC(=O)C(NC(=O)C(C)NC(=O)CCC)C(C)O)C(C)OC(=O)C(C(C)C)NC(=O)C(Cc2ccc(O)cc2)N(C)C(=O)C(Cc2ccccc2)N2C(=O)C(CCC2O)NC1=O;CCCC(=O)NC(C)C(=O)NC(C(=O)NC1C(=O)N=C(CC)C(=O)NC2CCC(O)N(C2=O)C(Cc2ccccc2)C(=O)N(C)C(Cc2ccc(O)cc2)C(=O)NC(C(C)C)C(=O)OC1C)C(C)O
QPOLEIZVZGWOJF,2,QPOLEIZVZGWOJF;VXMOONUMYLCFJD,COC(=O)C1=C(C)NC(C)=C(C(=O)OC2CCN(Cc3ccccc3)C2)C1c1cccc([N+](=O)[O-])c1;COC(=O)C1=C(C)N=C(C)C(C(=O)OC2CCN(Cc3ccccc3)C2)C1c1cccc([N+](=O)[O-])c1
QPOVVWNZICKRPM,2,BARZJLALPXZLMN;QPOVVWNZICKRPM,CC1=C(CCC(C)CC(=O)O)C2(C)CCCC(C)(C)C2CC1=O;CC(CC=C1C(C)C(=O)CC2C(C)(C)CCCC12C)CC(=O)O
QQILFGKZUJYXGS,2,COHYTHOBJLSHDF;QQILFGKZUJYXGS,O=C1C(=C2Nc3ccccc3C2=O)Nc2ccccc21;O=C1C(c2[nH]c3ccccc3c2O)=Nc2ccccc21
QQXZSKLNJZQNSA,2,KASDHRXLYQOAKZ;QQXZSKLNJZQNSA,CCC1C=C(C)CC(C)CC(OC)C2OC(O)(C(=O)C(=O)N3CCCCC3C(=O)OC(C(C)=CC3CCC(Cl)C(OC)C3)C(C)C(O)CC1=O)C(C)CC2OC;CCC1=CC(C)CC(C)CC(OC)C2OC(O)(C(=O)C(=O)N3CCCCC3C(=O)OC(C(C)=CC3CCC(Cl)C(OC)C3)C(C)C(O)CC1=O)C(C)CC2OC
QSFSIGGIMGCODY,2,GWVKOGFSVQRXCV;QSFSIGGIMGCODY,CCc1[nH]nc2c1C(c1cc(OC)cc(OC)c1)C(C#N)=C(N)O2;CCc1[nH]nc2c1C(c1cc(OC)cc(OC)c1)C(C#N)C(=N)O2
QTEFVWFZAJKXTR,2,QTEFVWFZAJKXTR;UGBOUVVZXRMJNM,CC(NC(=O)C(NC(=O)C(C)NC(=O)C(NC(=O)C(N)CCCCNC(=O)C1CCNc2c(NC(=O)CCC(N)=O)cc3cc(O)c(=O)cc-3n21)C(O)C(=O)O)C(C)O)C(=O)NC1CCCN(O)C1=O;CC(NC(=O)C(NC(=O)C(C)NC(=O)C(NC(=O)C(N)CCCCNC(=O)C1CCN=C2C(NC(=O)CCC(N)=O)=Cc3cc(O)c(O)cc3N21)C(O)C(=O)O)C(C)O)C(=O)NC1CCCN(O)C1=O
QUNBLNVIJUEHCC,2,LXLRCWVAWYFQIU;QUNBLNVIJUEHCC,CC1CCC2(OC1)OC1CC3C4CCC5CC(O)C(O)CC5(C)C4=CC(=O)C3(C)C1C2C;CC1CCC2(OC1)OC1CC3C4=C(CC(=O)C3(C)C1C2C)C1(C)CC(O)C(O)CC1CC4
QUYIFTUJECZGBB,2,ILKJAFIWWBXGDU;QUYIFTUJECZGBB,CC(=O)OCC(=O)C12OC3(CCCC3)OC1CC1C3CCC4=CC(=O)C=CC4(C)C3(F)C(O)CC12C;CC(=O)OCC(=O)C12OC3(CCCC3)OC1CC1C3CC=C4CC(=O)C=CC4(C)C3(F)C(O)CC12C
QVTDYNIAPTWXLA,2,FCXMYSOIAGWBFT;QVTDYNIAPTWXLA,COc1ccc(OC)c(C2Nc3ccccc3NC3=C2C(=O)CC(c2ccccc2Cl)C3)c1;COc1ccc(OC)c(C2Nc3ccccc3N=C3CC(c4ccccc4Cl)CC(=O)C32)c1
QVXHDRIBXYOKQA,2,KUPPZVXLWANEJJ;QVXHDRIBXYOKQA,CC=C(C)C(=O)OC1C2C(CC(C)C3C=CC(=O)C31C)OC(=O)C2C;CC=C(C)C(=O)OC1C2C(CC(C)C3=CCC(=O)C31C)OC(=O)C2C
QVYFJAXRWMQCHB,2,QVYFJAXRWMQCHB;VKPVZFOUXUQJMW,COC1=CC2C3=C(C(NC(C)=O)CCc4cc(OC)c(OC)c(OC)c43)C2C1=O;COC1=CC2=C(C1=O)C1C(NC(C)=O)CCc3cc(OC)c(OC)c(OC)c3C21
QWUVRDAFCSTMCD,2,ANMQXNSSIWREOG;QWUVRDAFCSTMCD,Nc1ncn(Cc2ccccc2)c2nc(SCCO)nc1-2;N=c1ncn(Cc2ccccc2)c2[nH]c(SCCO)nc12
QWVHCEUVSNDDHT,2,QWVHCEUVSNDDHT;UEOKKNWUTCMBLK,N#CC1=C(N)Oc2cc(O)ccc2C1c1cccc([N+](=O)[O-])c1;N#CC1C(=N)Oc2cc(O)ccc2C1c1cccc([N+](=O)[O-])c1
QYEOQQYXKBQCFZ,2,QYEOQQYXKBQCFZ;ZQQQUKPBABZCCK,COC(=O)c1ccc(C2C(C(=O)OC(C)C)=C(N)Oc3c2oc(CO)cc3=O)cc1;COC(O)=c1ccc(=c2c(=C(O)OC(C)C)c(=N)oc3c(=O)cc(CO)oc23)cc1
QYNNQWGHBJQOCT,2,QYNNQWGHBJQOCT;VWAUPFMBXBWEQY,C=CCC1(O)CCC2C3CCC4=CC(=O)CCC4=C3C=CC21C;C=CCC1(O)CCC2C3=C(C=CC21C)C1=C(CC3)CC(=O)CC1
QYNOKJAAVXJFDG,2,CTNPALGJUAXMMC;QYNOKJAAVXJFDG,Cc1[nH]c(C=C2C(=O)Nc3ccc(F)cc32)c(C)c1C(=O)NCC(O)CN1CCOCC1;C=c1c(C(=O)NCC(O)CN2CCOCC2)c(C)[nH]c1=Cc1c(O)[nH]c2ccc(F)cc12
QZSMWJACXWCWSH,2,QZSMWJACXWCWSH;WQKVVTLTCHDAST,Cn1ncc2c3[nH]n(-c4ccc(F)cc4)c(=O)c3c(-c3cccc(C(F)(F)F)c3)nc21;Cn1[nH]cc2c3nn(-c4ccc(F)cc4)c(=O)c3c(-c3cccc(C(F)(F)F)c3)nc21
QZUDBNBUXVUHMW,2,QZUDBNBUXVUHMW;ZUXABONWMNSFBN,CN1CCN(C2=Nc3cc(Cl)ccc3Nc3ccccc32)CC1;CN1CCN(C2=c3ccccc3=Nc3ccc(Cl)cc3N2)CC1
QZUFHDPHVJNFBU,2,QZUFHDPHVJNFBU;RMYNHTNTNDZZBC,CC(Cc1ccco1)N1CC(=O)C(c2nc(-c3ccccc3)cs2)=C1N;CC(Cc1ccco1)n1cc(O)c(-c2nc(-c3ccccc3)cs2)c1N
QZXSGSRTOKZMMK,2,IQQYFMUEUBWVGS;QZXSGSRTOKZMMK,CCOc1cc(C2Nc3ccccc3NC3=C2C(=O)CC(c2cccs2)C3)cc(Br)c1O;CCOc1cc(C2Nc3ccccc3N=C3CC(c4cccs4)CC(=O)C32)cc(Br)c1O
RAKDWPCGCPYIRC,2,RAKDWPCGCPYIRC;VWVSBHGCDBMOOT,CC1CC2C3CCC4=CC(=O)C=CC4(C)C3(F)C(O)CC2(C)C1C(=O)CO;CC1CC2C3CC=C4CC(=O)C=CC4(C)C3(F)C(O)CC2(C)C1C(=O)CO
RAUZGKXNHRJUJO,2,DQNGMIQSXNGHOA;RAUZGKXNHRJUJO,CCCC=C1OC(=O)C2=C1CCC(O)C2O;CCC=Cc1oc(O)c2c1CCC(O)C2O
RAVSOLDUKNJZIG,2,RAVSOLDUKNJZIG;SWLNXMJZQXZBCB,CCCCCC=CC(CCCCCCCC=CC=CC(=O)NCC(C)C)OO;CCCCCC=CC(CCCCCCC=CC=CCC(=O)NCC(C)C)OO
RBBKUUIZWOIICE,2,HPKXZPJOBRJOHF;RBBKUUIZWOIICE,CCC1C(O)CC(=O)C1C=CC(O)CCCCCCCC(=O)O;CCC1C(=CCC(O)CCCCCCCC(=O)O)C(=O)CC1O
RBCSAFBBUNAKIH,2,HNVJWWBKFFDQAA;RBCSAFBBUNAKIH,CC=CC1=CC2=CC(=O)C(C)(O)C(OC(=O)c3c(C)cc(O)cc3O)C2CO1;CC=CC1=CC2=C(CO1)C(OC(=O)c1c(C)cc(O)cc1O)C(C)(O)C(=O)C2
RCFJDVCRANOZEL,2,DBPWSSGDRRHUNT;RCFJDVCRANOZEL,CC(=O)C1(O)CCC2C3CCC4=CC(=O)CCC4(C)C3CCC21C;CC(=O)C1(O)CCC2C3CC=C4CC(=O)CCC4(C)C3CCC21C
RCIBDDGFOFILJR,2,KFNWMXLJLRPJCL;RCIBDDGFOFILJR,CC=C(C)C(=O)OC1C(C)C2(O)C3C=C(C)C(=O)C3CC(CO)=CC2C2C(C)(C)C12OC(C)=O;CC=C(C)C(=O)OC1C(C)C2(O)C3=C(CC(CO)=CC2C2C(C)(C)C12OC(C)=O)C(=O)C(C)C3
ZWRCIODUEDCNMZ,2,AVIRMQMUBGNCKS;ZWRCIODUEDCNMZ,CC1CCCC=CC(=O)c2c(O)cc(O)cc2CC(=O)O1;CC1CCC=CCC(=O)c2c(O)cc(O)cc2CC(=O)O1
RCSKVPGUZBHMBW,2,PMRDPCAGHFQFMZ;RCSKVPGUZBHMBW,COc1cc(C=CC(O)=NC=Cc2ccc(O)cc2)ccc1O;COc1cc(C=CC(=O)NC=Cc2ccc(O)cc2)ccc1O;COc1cc(C=CC(=O)N=CCc2ccc(O)cc2)ccc1O
RCYPVQCPYKNSTG,2,AVLYNJZZQYEFEA;RCYPVQCPYKNSTG,N#CC(=C1Nc2ccccc2S1)c1ccnc(NCCc2cccnc2)n1;N#CC(c1ccnc(NCCc2cccnc2)n1)c1nc2ccccc2s1
RDLDYICIPBUWJP,2,HTZUVEUJETYWIG;RDLDYICIPBUWJP,COCCN1C(=O)CN(C2CCN(C(=O)C(C)(C)C)CC2)C1=O;COCCn1c(O)cn(C2CCN(C(=O)C(C)(C)C)CC2)c1=O
REFJWTPEDVJJIY,2,REFJWTPEDVJJIY;UMVWYQXKBPJMOF,O=c1c(O)c(-c2ccc(O)c(O)c2)oc2cc(O)cc(O)c12;O=C1C(=O)C(c2ccc(O)c(O)c2)Oc2cc(O)cc(O)c21
REHQUZZHQLORLC,2,BHTWZQKERRCPRZ;REHQUZZHQLORLC,CC12CCC3=C4CCC(=O)C=C4CCC3C1CCC2=O;CC12CC=C3C4=C(CCC3C1CCC2=O)CC(=O)CC4
RENHTAUUKHODED,2,RENHTAUUKHODED;SLVAPEZTBDBAPI,CCc1cc(CCC2(C3CCCC3)CC(O)=C(Cc3nc4nc(C)cc(C)n4n3)C(=O)O2)cc(CC)n1;CCc1cc(CCC2(C3CCCC3)CC(=O)C(Cc3nc4nc(C)cc(C)n4n3)C(=O)O2)cc(CC)n1
RERZNCLIYCABFS,2,QJOZJXNKVMFAET;RERZNCLIYCABFS,COc1ccc2c3c([nH]c2c1)C(C)=NCC3;COc1ccc2c(c1)=NC1=C(C)NCCC=21
RFCBYAUCBSZPPK,2,BTSYQAFRWYWCHL;RFCBYAUCBSZPPK,COc1cc(OC)cc(C2C(C#N)=C(N)Oc3n[nH]c(C)c32)c1;COc1cc(OC)cc(C2c3c(C)n[nH]c3OC(=N)C2C#N)c1
RFHJXCVWVGWJAP,2,RFHJXCVWVGWJAP;ZELOXWZXUZMIEU,CCOc1cccc(C2NC(C)(C(=O)O)C3C(=O)N(c4ccccc4OC)C(=O)C23)c1O;CCOc1cccc(C2NC(C)(C(=O)O)c3c2c(O)n(-c2ccccc2OC)c3O)c1O
RFTSSZJZXOSICM,2,CVCLJVVBHYOXDC;RFTSSZJZXOSICM,COc1cc(=C2C=c3ccccc3=N2)[nH]c1=Cc1[nH]c(C)cc1C;COC1=CC(c2cc3ccccc3[nH]2)=NC1=Cc1[nH]c(C)cc1C
RGCDIJMFFARKFW,2,RGCDIJMFFARKFW;UEZZGQDPOFILFH,N#CC(=C(O)c1ccc(Cl)cc1Cl)c1nc2ccccc2c(=O)[nH]1;N#CC(C(=O)c1ccc(Cl)cc1Cl)c1nc(=O)c2ccccc2[nH]1
RGKJUXUCXBXHFO,2,OYONTEXKYJZFHA;RGKJUXUCXBXHFO,Cc1[nH]c(C=C2C(=O)Nc3ccc(S(=O)(=O)Cc4c(Cl)cccc4Cl)cc32)c(C)c1C(=O)N1CCCC1CN1CCCC1;C=c1c(C(=O)N2CCCC2CN2CCCC2)c(C)[nH]c1=Cc1c(O)[nH]c2ccc(S(=O)(=O)Cc3c(Cl)cccc3Cl)cc12
RGYWTSZUXKXVAG,2,RGYWTSZUXKXVAG;VBNVTPVWGQZFMX,CCCCCCCOC(=O)C1=C(C)N=C(O)NC1c1cc(Br)c(O)c(OC)c1;CCCCCCCOC(=O)C1C(C)=NC(=O)NC1c1cc(Br)c(O)c(OC)c1
RHAPOGOMBGUDQA,2,IOIZWEJGGCZDOL;RHAPOGOMBGUDQA,CC(C)CCCC(C)C1CCC2C3C(O)CC4=CC(=O)CCC4(C)C3CCC12C;CC(C)CCCC(C)C1CCC2C3C(O)C=C4CC(=O)CCC4(C)C3CCC12C
RHGOJOKZVYOMBU,2,RHGOJOKZVYOMBU;VLGJXBGIKMRIEV,CC1OC(OC2CCC(c3ccc4c(c3O)C(O)=C(CC(=O)O)C(=O)C4=O)OC2C)CCC1O;CC1OC(OC2CCC(c3ccc4c(c3O)C(=O)C(CC(=O)O)C(=O)C4=O)OC2C)CCC1O
RHMNGGJZDZJWRZ,2,BHNNWUKXQIKVAO;UDXATPDMXVSNBT,CC(CCC(=O)OC(C(O)CO)C(O)C(=O)CO)C1CCC2C3C(=O)CC4CC(O)CCC4(C)C3CC(O)C12C;CC(CCC(=O)OC(C(O)CO)C(O)C(O)C=O)C1CCC2C3C(=O)CC4CC(O)CCC4(C)C3CC(O)C12C
RHTVEOLOMRDENY,2,ISNKGHIHBITAEG;RHTVEOLOMRDENY,COc1cc(O)c2c(c1)C1(OC2=O)C(C)=CC(=O)C1O;COc1cc(O)c2c(c1)C1(OC2=O)C(=O)C(=O)CC1C
RHVPEFQDYMMNSY,2,CRQDWQWZCNKKAC;RHVPEFQDYMMNSY,CC1=c2[nH]c3c(c2CCN1)C=CC(=O)C=3;CC1=NCCc2c1[nH]c1cc(O)ccc21
RHVWQVSLVMXMBR,2,PMTMAFAPLCGXGK;RHVWQVSLVMXMBR,CCC=CCC1C(=O)C=CC1CCCCCCCC(=O)O;CCC=CCC1=C(CCCCCCCC(=O)O)CCC1=O
RISPONIHFIJLMQ,2,AECKHVBXVWKZPA;RISPONIHFIJLMQ,CCCOc1cccc(C2C3=C(CC(C)(C)CC3=O)Nc3ccccc3N2C(C)=O)c1;CCCOc1cccc(C2C3C(=O)CC(C)(C)CC3=Nc3ccccc3N2C(C)=O)c1
RJNHYOFSZSQRJE,2,RJNHYOFSZSQRJE;YCHNFUWRXHTAFK,COC(=O)C1(Cc2ccc3c(c2)CCC(C)(C)O3)OC(=O)C(O)=C1c1ccc(O)cc1;COC(=O)C1(Cc2ccc3c(c2)CCC(C)(C)O3)OC(=O)C(=O)C1c1ccc(O)cc1
RJXDKSBBQBZBQJ,2,RJXDKSBBQBZBQJ;VVBIGJOVPZMWGU,Cc1cc(O)c(C)c(=O)o1;Cc1cc(=O)c(C)c(O)o1
RKGMCYIVUHRCLR,2,JNXGVLRHSYOTKM;RKGMCYIVUHRCLR,CC1=C(O)C(=O)CC(OC2CC(C)(C)CC3C4=CCC5C6(C)CCC(OC7OC(C(=O)O)C(O)C(O)C7O)C(C)(CO)C6CCC5(C)C4(C)CCC23C)O1;CC1OC(OC2CC(C)(C)CC3C4=CCC5C6(C)CCC(OC7OC(C(=O)O)C(O)C(O)C7O)C(C)(CO)C6CCC5(C)C4(C)CCC23C)CC(=O)C1=O
RLGWWTQARSZFBW,2,RLGWWTQARSZFBW;UXOJELXNKQYYOV,CC(=CCC(O)C=CC(C)C(O)C=CCC(O)C=CCC(O)CC1CCCN1C(=N)N)C(O)C(C)CCC1C(C)=CC2C(O)C(O)CCC2C1(C)C(O)=C1C(=O)CNC1=O;CC(=CCC(O)C=CC(C)C(O)C=CCC(O)C=CCC(O)CC1CCCN1C(=N)N)C(O)C(C)CCC1C(C)=CC2C(O)C(O)CCC2C1(C)C(=O)c1c(O)c[nH]c1O
RLQVKDVIBJCQGE,2,KVJXBPDAXMEYOA;RLQVKDVIBJCQGE,CC12CCC3C(CCC45OC4C(O)=C(C#N)CC35C)C1CCC2O;CC12CCC3C(CCC45OC4C(=O)C(C#N)CC35C)C1CCC2O
RMJRHCQQOOJZIG,2,FAZDYVMEXQHRLI;RMJRHCQQOOJZIG,Cc1cc(O)c2c(c1O)C(=O)C13C(=C2O)C(=O)C2C(O)C1C1C(O)C3C(=O)C3=C(O)c4c(O)cc(C)c(O)c4C(=O)C321;Cc1cc(O)c2c(c1O)C(=O)C13C(C2=O)C(=O)C2C(O)C1C1C(O)C3C(=O)C3C(=O)c4c(O)cc(C)c(O)c4C(=O)C321
RMQAEHAKXZEVKJ,2,IEOXQUWWMQTBHF;RMQAEHAKXZEVKJ,CC(=O)CC1=C(O)C(=O)c2c(O)cccc2C1=O;CC(=O)CC1C(=O)C(=O)c2c(O)cccc2C1=O
RNDZBENGSPMLSC,2,GCFBQCLCBDJAGR;RNDZBENGSPMLSC,CCc1[nH]nc2c1C(c1ccc(O)c(OC)c1)C(C#N)=C(N)O2;CCc1[nH]nc2c1C(c1ccc(O)c(OC)c1)C(C#N)C(=N)O2
RNFAQHDTIWCBAR,2,RNFAQHDTIWCBAR;VAPSMQAHNAZRKC,CC(C)(C)NC(=O)C1CCC2C3CC=C4C=C(C(=O)O)CCC4(C)C3CCC12C;CC(C)(C)NC(=O)C1CCC2C3C=CC4=CC(C(=O)O)CCC4(C)C3CCC12C
RNGLFXNHJGNZRO,2,JCICIFOYVSPMHG;RNGLFXNHJGNZRO,O=C1Cc2ccccc2N1c1c(Cl)cccc1Cl;Oc1cc2ccccc2n1-c1c(Cl)cccc1Cl
ZYCPOFCEARIARF,2,GOFSCWBZJWJLTF;ZYCPOFCEARIARF,CCCCCC=CC=CC(=O)OC1C(C)C2(O)C(C(=O)C(CO)=CC3(O)C(=O)C(C)=CC32)C2C(C)(C)C12OC(=O)C(C)C;CCCCC=CC=CCC(=O)OC1C(C)C2(O)C(C(=O)C(CO)=CC3(O)C(=O)C(C)=CC32)C2C(C)(C)C12OC(=O)C(C)C
ROAHWVMKIWCCHH,2,GLLRIXZGBQOFLM;ROAHWVMKIWCCHH,COc1cc(O)c2c(c1O)C(=O)c1cc(C)cc(O)c1C2=O;COC1=CC(=O)c2c(c(O)c3cc(C)cc(O)c3c2O)C1=O
ROFXXLPYCGUFJL,2,GNRIZKKCNOBBMO;ROFXXLPYCGUFJL,COc1c(O)cc2oc3cc(O)c(CC=C(C)C)c(O)c3c(=O)c2c1CC=C(C)C;COc1c(O)cc2oc3cc(O)c(CC=C(C)C)c(O)c3c(=O)c2c1C=CC(C)C
ROKGRBWJNLGARM,2,ROKGRBWJNLGARM;RSGRSUVVCYUKLM,C=CC(C)(C)c1[nH]cnc1C=C1NC(=O)C(C(C)C)NC1=O;C=CC(C)(C)c1nc[nH]c1C=C1NC(=O)C(C(C)C)NC1=O;C=CC(C)(C)c1[nH]cnc1Cc1[nH]c(=O)c(C(C)C)nc1O
ROQZUJKOMJECOM,2,ROQZUJKOMJECOM;ZDZOTLJHXYCWBA,CC(=O)OC12COC1CC(O)C1(C)C(=O)C(O)C3=C(C)C(OC(=O)C(O)C(NC(=O)OC(C)(C)C)c4ccccc4)CC(O)(C(OC(=O)c4ccccc4)C21)C3(C)C;CC(=O)OC12COC1CC(O)C1(C)C(=O)C(O)C3=C(C)C(OC(=O)C(O)C(N=C(O)OC(C)(C)C)c4ccccc4)CC(O)(C(OC(=O)c4ccccc4)C21)C3(C)C;CC(=O)OC12COC1CC(O)C1(C)C(=O)C(=O)C3C(C)C(OC(=O)C(O)C(NC(=O)OC(C)(C)C)c4ccccc4)CC(O)(C(OC(=O)c4ccccc4)C21)C3(C)C
ROTMXRXTGVWUHF,2,JPYYWXPAHJBKJX;ROTMXRXTGVWUHF,C=C1CCC2C(C=C(C)C(=O)C3(OC(C)=O)CC(C)C(OC(=O)c4ccccc4)C3C1OC(C)=O)C2(C)C;C=C1CCC2C(=CC(C)C(=O)C3(OC(C)=O)CC(C)C(OC(=O)c4ccccc4)C3C1OC(C)=O)C2(C)C
ROVMFAGBUFXRBD,2,ROVMFAGBUFXRBD;TXVHSAPNXGBCKX,COc1ccc2c(c1)OC(=C(O)c1ccccc1)C2=O;COc1ccc2c(O)c(C(=O)c3ccccc3)oc2c1
RPBVAEBFWYHHHO,2,RKSQYDBORLFRPF;RPBVAEBFWYHHHO,CCC1C=C(C(=O)NC(C(=O)O)C(C)CC)C2CCC(=O)C2C1;CCC1CC2C(=O)CCC2C(C(=O)N=C(C(=O)O)C(C)CC)C1
RPJDAOAJFXPEJG,2,DOUKEKLEUAGITQ;RPJDAOAJFXPEJG,CCC(C)C=C(C)C=CC1=CC2=C(Cl)C(=O)C(C)(OC(C)=O)C(=O)C2=CN1;CCC(C)C=C(C)C=Cc1cc2c(cn1)C(=O)C(C)(OC(C)=O)C(=O)C2Cl
RQYFANRLKKDHDI,2,DUHUEQDHHJOBJV;RQYFANRLKKDHDI,C=C1C(O)CC2C(C)(CO)CCCC2(C)C1CC1C(C)=CCC2C(=O)C(OC)=CC(=O)C21c1cc(=O)c2c(O)cc(O)cc2o1;C=C1C(O)CC2C(C)(CO)CCCC2(C)C1CC1=C(C)C=CC2C(=O)C(OC)CC(=O)C12c1cc(=O)c2c(O)cc(O)cc2o1
ZYEOLMDPAUHXEQ,2,APTGJECXMIKIET;ZYEOLMDPAUHXEQ,C#CC1(OC(=O)CCCCCC)CCC2C3CCC4=CC(=O)CCC4C3CCC21C;C#CC1(OC(=O)CCCCCC)CCC2C3CC=C4CC(=O)CCC4C3CCC21C
RRIINJCTTHQQEE,2,RRIINJCTTHQQEE;SCOXWKWLFRIELY,CC1=CCCC(C)C(=O)CC2=C(C)C(=O)OC2(O)C1;CC1=CCCC(C)C(=O)C=C2C(C)C(=O)OC2(O)C1
RRQQBPFUONLKTL,2,LXMSZDCAJNLERA;RRQQBPFUONLKTL,CC(=O)SC1CC2=CC(=O)CCC2(C)C2CCC3(C)C(CCC34CCC(=O)O4)C12;CC(=O)SC1C=C2CC(=O)CCC2(C)C2CCC3(C)C(CCC34CCC(=O)O4)C12
RSCQAYVGLGJKRW,2,RSCQAYVGLGJKRW;ZKJAZFUFPPSFCO,Cc1[nH]c2ccccc2c1C1=C(NCCc2ccc(F)cc2)C(=O)N(C)C1=O;Cc1[nH]c2ccccc2c1C1C(=O)N(C)C(=O)C1=NCCc1ccc(F)cc1
RSVIKNPJPUBBOX,2,KWDXZUJEOXFFEH;RSVIKNPJPUBBOX,CCCCC(CC)CN1C(=O)C(O)=C(C(C)=O)C1c1cccs1;CCCCC(CC)CN1C(=O)C(=O)C(C(C)=O)C1c1cccs1
RSZNRIGDWHRMHI,2,LXOZEAWFTNVFPH;RSZNRIGDWHRMHI,O=C1C2Cc3c([nH]c4ccccc34)C(c3ccccc3)N2C(=S)N1c1ccccc1;Oc1c2n(c(=S)n1-c1ccccc1)C(c1ccccc1)c1[nH]c3ccccc3c1C2
RTRKIUHFRAITEX,2,PJWHOPKRRBUSDH;RTRKIUHFRAITEX,CC1(C)CCC2=C(O1)C(=O)c1ccccc1C2=O;CC1(C)C=Cc2c(c(O)c3ccccc3c2O)O1
RTZLHXSHGSWQIP,2,NFOCYHUCMXEHDG;RTZLHXSHGSWQIP,COC(=O)C1c2c(C=CC(=O)OC(Cc3ccc(O)c(O)c3)C(=O)O)ccc(O)c2OC1c1ccc(O)c(O)c1;COC(=O)C1=c2c(c(O)ccc2=CCC(=O)OC(Cc2ccc(O)c(O)c2)C(=O)O)OC1c1ccc(O)c(O)c1
RTZXXBPATUWPKS,2,NEIIKBWBBCJSQU;RTZXXBPATUWPKS,CC(=O)OC1C2C(CC(C)C3C=CC(=O)C31C)OC(=O)C2C;CC(=O)OC1C2C(CC(C)C3=CCC(=O)C31C)OC(=O)C2C
RUSUXRPGRDIYCP,2,RUSUXRPGRDIYCP;WEXUTYRSGLZPOA,Cc1ccccc1-c1[nH]c(C(=O)NCC2CCCO2)cc2c3ccccc3nc1-2;Cc1ccccc1-c1nc(C(=O)NCC2CCCO2)cc2c1[nH]c1ccccc12
RVHYNFGNCWESHI,2,RVHYNFGNCWESHI;YPKUMLKVFXFYOT,COc1ccc(C)c2c(O)c(CC=C(C)C)c(=O)oc12;COc1ccc(C)c2c(=O)c(CC=C(C)C)c(O)oc12
RVQJVYPWIAZBHF,2,RVQJVYPWIAZBHF;ZGQQEJUGWPCCHA,CC(=O)OC1CC2(C)C(CCC3C4(C)C=CC(=O)C(C)C4C(O)C(=O)C32C)C1=C(CCC=C(C)C)C(=O)O;CC(=O)OC1CC2(C)C(CCC3C4(C)CCC(=O)C(C)C4C(=O)C(=O)C32C)C1=C(CCC=C(C)C)C(=O)O
RWJQYSGDSYIGMC,2,ONUFESLQCSAYKA;RWJQYSGDSYIGMC,CC(C)NC(=O)N1CC(=O)N(c2cc(Cl)cc(Cl)c2)C1=O;CC(C)NC(=O)n1cc(O)n(-c2cc(Cl)cc(Cl)c2)c1=O
RXFZZULFWATWLC,2,CUJBWMXEYXZZJN;RXFZZULFWATWLC,N#CC1=C(N)Oc2[nH]nc(-c3ccc(F)cc3)c2C1c1ccc(O)cc1;N#CC1C(=N)Oc2[nH]nc(-c3ccc(F)cc3)c2C1c1ccc(O)cc1
RXKJFZQQPQGTFL,2,MNQZXJOMYWMBOU;RXKJFZQQPQGTFL,O=CC(O)CO;O=C(CO)CO
RXRJBJWIJDCJEK,2,DMQLFAQJZUWLKV;RXRJBJWIJDCJEK,CC(=O)N(O)CCCCCN1C(=O)CCC1=O;CC(=O)N(O)CCCCCn1c(O)ccc1O
RXVNNDUQLUCMPM,2,RXVNNDUQLUCMPM;ZJIZSRTYCWHXRN,CCCCCCCC=CC(=O)NC(Cc1ccccc1)C(=O)O;CCCCCCCCCC(=O)N=C(Cc1ccccc1)C(=O)O
RYHLQSVMWLBCJO,2,NGOLMNWQNHWEKU;RYHLQSVMWLBCJO,COC(=O)C1(Cc2ccc(O)c(CC=C(C)C)c2)OC(=O)C(O)=C1c1ccc(O)cc1;COC(=O)C1(Cc2ccc(O)c(CC=C(C)C)c2)OC(=O)C(=O)C1c1ccc(O)cc1
RZKWWWULHVJNNM,2,CJGMPGWRHPMLBU;RZKWWWULHVJNNM,O=C1CC2Sc3ccccc3N=C2N1Cc1c(Cl)cccc1Cl;Oc1cc2c(n1Cc1c(Cl)cccc1Cl)Nc1ccccc1S2
RZLOFMVWEMZGDN,2,NSVFSAJIGAJDMR;RZLOFMVWEMZGDN,CC1=C(C(=O)OCCN(Cc2ccccc2)c2ccccc2)C(c2cccc([N+](=O)[O-])c2)C(P2(=O)OCC(C)(C)CO2)=C(C)N1;CC1=NC(C)=C(P2(=O)OCC(C)(C)CO2)C(c2cccc([N+](=O)[O-])c2)C1C(=O)OCCN(Cc1ccccc1)c1ccccc1
SACKFBGRWYSCQK,2,MZDKLVOWGIOKTN;SACKFBGRWYSCQK,CN(c1ncccc1CNc1nc(Nc2ccc3c(c2)CC(=O)N3)ncc1C(F)(F)F)S(C)(=O)=O;CN(c1ncccc1CNc1nc(Nc2ccc3[nH]c(O)cc3c2)ncc1C(F)(F)F)S(C)(=O)=O
ZZKONWHLKJFZJD,2,DWFMEDUBYNSFRF;ZZKONWHLKJFZJD,COC(=O)C1=C(C)NC(SC)=C(C#N)C1c1cc(OC)c(OC)c(OC)c1;COC(=O)C1C(C)=NC(SC)=C(C#N)C1c1cc(OC)c(OC)c(OC)c1
SATCOUWSAZBIJO,2,HPZMWTNATZPBIH;SATCOUWSAZBIJO,Cn1cnc2nc[nH]c2c1=N;Cn1cnc2ncnc-2c1N
SBBLNSXURSBQAN,2,QVROFUWEHUQXAT;SBBLNSXURSBQAN,COc1cc(C2C(C#N)=C(N)Oc3n[nH]c(C)c32)cc(OC)c1O;COc1cc(C2c3c(C)n[nH]c3OC(=N)C2C#N)cc(OC)c1O
SBPPYEVZPHEBIU,2,OQKWHFYGUZQARF;SBPPYEVZPHEBIU,O=C1CCC(=O)N1C1CC2CCC(C1)N2C(=O)NCc1cccs1;O=C(NCc1cccs1)N1C2CCC1CC(n1c(O)ccc1O)C2
SBQBXSUPJSMJNU,2,GRIDHCOCFJSWSY;SBQBXSUPJSMJNU,CC(=O)C1=C(O)C=C2Oc3c(C)c(O)c(C(C)=O)c(O)c3C2(C)C1=O;CC(=O)c1c(O)c(C)c2c(c1O)C1(C)C(=O)C(C(C)=O)C(=O)C=C1O2
SBYBEXFQAURRDP,2,MCJUHWIUSVIZNP;SBYBEXFQAURRDP,COc1c(O)cc(CC=C(C)CCCC(C)C(=O)CC=C(C)C)c(CCN(C)C)c1Br;COc1c(O)cc(C=CC(C)CCCC(C)C(=O)C=CC(C)C)c(CCN(C)C)c1Br
SCAGQTBCGKJURA,2,AJTULIWKBMDPCJ;SCAGQTBCGKJURA,CC(=O)OC1CC2(C)C(c3ccoc3)CC3OC32C2(C)C(=O)C(O)=C3C(C)(C)C(=O)C=CC3(C)C12;CC(=O)OC1CC2(C)C(c3ccoc3)CC3OC32C2(C)C(=O)C(=O)C3C(C)(C)C(=O)C=CC3(C)C12
SCEMODLOHGVOSI,2,SCEMODLOHGVOSI;WYKMLHCHJWMDNM,O=C(O)C1CCCN1C(=O)CCN1C(=O)C2Cc3ccccc3CN2C1=O;O=C(O)C1CCCN1C(=O)CCn1c(O)c2n(c1=O)Cc1ccccc1C2
SCZTVEHPYJXIQJ,2,CYOYVDVFHOPVJH;SCZTVEHPYJXIQJ,CCOC(=O)C1=C(N)Oc2c(oc(CO)cc2=O)C1c1ccccc1[N+](=O)[O-];CCOC(=O)C1C(=N)Oc2c(oc(CO)cc2=O)C1c1ccccc1[N+](=O)[O-]
SENBGIVJJSWTOR,2,PCRIYRYJISADPS;SENBGIVJJSWTOR,C=C1CCC2(OC1)OC1CC3C4C(O)C(=O)C5(O)C(O)C(O)C(O)C(O)C5(C)C4CCC3(C)C1C2C;C=C1CCC2(OC1)OC1CC3C4C(=O)C(O)C5(O)C(O)C(O)C(O)C(O)C5(C)C4CCC3(C)C1C2C
SETWPKONPADPDJ,2,SETWPKONPADPDJ;UQOQENZZLBSFKO,CCCCCC(O)C=CC1C(=O)C=CC1CC=CCCCC(=O)O;CCCCCC(O)C=CC1=C(C=CCCCCC(=O)O)CCC1=O
SEWJIXSDCHZENK,2,SEWJIXSDCHZENK;YMUOZXZDDBRJEP,CC1=CC(=O)C2=C(C)CC(O)C3C(C)C(=O)OC3C12;CC1=C2C(=O)CC(C)=C2C2OC(=O)C(C)C2C(O)C1
SGYDNAPOJZORFJ,2,KGQMQNPFMOBJCY;SGYDNAPOJZORFJ,CC1N=C(NCCCC(N)C(=O)O)NC1=O;Cc1[nH]c(NCCCC(N)C(=O)O)nc1O
SHAVXSRWAFTLBW,2,CLWNGCIQDFFMPZ;SHAVXSRWAFTLBW,COc1ccc(-c2[nH]c(C(=O)NCC3CCCO3)cc3c4ccccc4nc2-3)cc1;COc1ccc(-c2nc(C(=O)NCC3CCCO3)cc3c2[nH]c2ccccc23)cc1
SHBQBDYTMQLOND,2,SHBQBDYTMQLOND;SJMYWNSKNHPETL,CC1(C)CC(=O)C2=C(C1)NC1=C(C(=O)CC(C)(C)C1)C2Cc1ccccc1;CC1(C)C=C2N=C3CC(C)(C)CC(=O)C3C(Cc3ccccc3)C2C(=O)C1
SIHCJRYHTMBSRS,2,HIFLEGNWVFLGLY;SIHCJRYHTMBSRS,C=C1CCC(C2CC(=O)OC2=O)C(=O)CCC2C1CC2(C)C;C=C1CCC(c2cc(O)oc2O)C(=O)CCC2C1CC2(C)C
SILWYOBMJROTFC,2,LYJZPTUVRHPVNB;SILWYOBMJROTFC,CC1=CC(=O)CC(C)(C)C1CCC(C)OC1OC(COC2OCC(O)C(O)C2O)C(O)C(O)C1O;CC1=C(CCC(C)OC2OC(COC3OCC(O)C(O)C3O)C(O)C(O)C2O)C(C)(C)CC(=O)C1
SJOGYKCSESEUOK,2,KQUWZIRAKHNAAC;SJOGYKCSESEUOK,C#CC1(O)CCC2C3CC(O)C4=CC(=O)CCC4=C3C=CC21CC;C#CC1(O)CCC2C3=C(C=CC21CC)C1=C(CC(=O)CC1)C(O)C3
SJOXOZFIJKNJKJ,2,IRNJSRAGRIZIHD;SJOXOZFIJKNJKJ,CCc1ccc(C(=O)COc2ccc(CC3SC(=O)NC3=O)cc2)nc1;CCc1ccc(C(=O)COc2ccc(Cc3sc(=O)[nH]c3O)cc2)nc1
SKROVMQYJBPVJL,2,IQTCHXYOZMFANY;SKROVMQYJBPVJL,COc1cc(C2C(C#N)=C(N)Oc3n[nH]c(C(C)C)c32)ccc1O;COc1cc(C2c3c(C(C)C)n[nH]c3OC(=N)C2C#N)ccc1O
SKVHZJNHJYIVJA,2,IROKAOGBCSMTHR;SKVHZJNHJYIVJA,CCc1oc(C(C)C(O)C(C)C2=C(C)C(=O)C(C)C(C(C)CC)O2)c(C)c(=O)c1C;CCc1oc(C(C)C(O)C(C)=C2OC(C(C)CC)C(C)C(=O)C2C)c(C)c(=O)c1C
SKVJQFWXXPFAQN,2,SKVJQFWXXPFAQN;WSTYNZDAOAEEKG,CC1=C(O)C(=O)C=C2C1=CC=C1C2(C)CCC2(C)C3CC(C)C(=O)CC3(C)CCC12C;C=c1c(O)c(O)cc2c1=CC=C1C2(C)CCC2(C)C3CC(C)C(=O)CC3(C)CCC12C
SKYNHFYKLPHCSH,2,QFFUMWYJDFGFQK;SKYNHFYKLPHCSH,CCOc1cc(C2C(C(=O)OC)=C(C)NC3=C2C(=O)CC(c2ccc(Cl)cc2)C3)cc(Br)c1O;CCOc1cc(C2C(C(=O)OC)=C(C)N=C3CC(c4ccc(Cl)cc4)CC(=O)C32)cc(Br)c1O
SLEIAHSDXRGERW,2,ITRJWOMZKQRYTA;SLEIAHSDXRGERW,CC(=O)OCC(=O)C1(O)CCC2C3CCC4=CC(=O)CCC4(C)C3C(=O)CC21C;CC(=O)OCC(=O)C1(O)CCC2C3CC=C4CC(=O)CCC4(C)C3C(=O)CC21C
SLJWCCMDGTZEGQ,2,CSFWPUWCSPOLJW;WVCHIGAIXREVNS,O=C1C=C(O)c2ccccc2C1=O;O=C1C=C(O)C(=O)c2ccccc21
SLKNFLFBPQXYDB,2,CIRMNTDTIYXVDA;SLKNFLFBPQXYDB,C=C1C=CC(=O)N(C)CC(=O)NC(C(O)C(N)=O)C(=O)OC(C(C)CCCCCC)C(C)C(=O)N1;CCCCCCC(C)C1OC(=O)C(C(O)C(N)=O)NC(=O)CN(C)C(=O)C=CC(C)=NC(=O)C1C
SLUYGGAVUSVJOT,2,QJJXYPPXXYFBGM;SLUYGGAVUSVJOT,C=CCC1C=C(C)CC(C)CC(OC)C2OC(O)(C(=O)C(=O)N3CCCCC3C(=O)OC(C(C)=CC3CCC(O)C(OC)C3)C(C)C(O)CC1=O)C(C)CC2OC;C=CCC1=CC(C)CC(C)CC(OC)C2OC(O)(C(=O)C(=O)N3CCCCC3C(=O)OC(C(C)=CC3CCC(O)C(OC)C3)C(C)C(O)CC1=O)C(C)CC2OC
SLXRCMWJSCDYNI,2,KQFAPXWJIDUKNN;SLXRCMWJSCDYNI,CCCOc1ccccc1N1C(=O)CC(N2CCOCC2)C1=O;CCCOc1ccccc1-n1c(O)cc(N2CCOCC2)c1O
SMLSXJXAAJMWSD,2,SMLSXJXAAJMWSD;YMOGWMNRQWJDSN,CCCCCCCC=CC(=O)NC(Cc1ccc(O)cc1)C(=O)O;CCCCCCCCCC(=O)N=C(Cc1ccc(O)cc1)C(=O)O
SMRZELGKBINBNK,2,SMRZELGKBINBNK;SRZNHPXWXCNNDU,COC1(NC(=O)C2SC(=C(C(N)=O)C(=O)O)S2)C(=O)N2C(C(=O)O)=C(CSc3nnnn3C)CSC21;COC1(NC(O)=c2sc(=C(C(N)=O)C(=O)O)s2)C(=O)N2C(C(=O)O)=C(CSc3nnnn3C)CSC21
SOGONHOGEFLVPE,2,JGDCRWYOMWSTFC;SOGONHOGEFLVPE,CC12CCC(O)CC1CCC1C2C(O)C(=O)C2(C)C(c3ccc(=O)oc3)CCC12O;CC12CCC(O)CC1CCC1C2C(=O)C(O)C2(C)C(c3ccc(=O)oc3)CCC12O
SPAFMWIHXVIIPF,2,NDYMQXYDSVBNLL;SPAFMWIHXVIIPF,CC(=O)OC(C)(C)C=CC(=O)C(C)(O)C1C(O)CC2(C)C3CC=C4C(C=C(O)C(=O)C4(C)C)C3(C)C(=O)CC12C;CC(=O)OC(C)(C)C=CC(=O)C(C)(O)C1C(O)CC2(C)C3C=CC4C(CC(=O)C(=O)C4(C)C)C3(C)C(=O)CC12C
SPBRERBTQCKOBN,2,SPBRERBTQCKOBN;UCEQXRCJXIVODC,O=C1N=C(O)C(c2c[nH]c3ccccc23)C1c1cn2c3c(cccc13)CCC2;O=C1NC(=O)C(c2cn3c4c(cccc24)CCC3)C1c1c[nH]c2ccccc12;Oc1[nH]c(O)c(-c2cn3c4c(cccc24)CCC3)c1-c1c[nH]c2ccccc12
SPTMROWPYQRZSX,2,SPTMROWPYQRZSX;YYUAYBYLJSNDCX,Cc1cc(NC(=O)C2=C(O)c3ccccc3S(=O)(=O)N2C)no1;Cc1cc(NC(=O)C2C(=O)c3ccccc3S(=O)(=O)N2C)no1
SPVXRYQHJDNQIK,2,KALVKBCVJGXOKE;SPVXRYQHJDNQIK,CC1CC(=O)C2=C(C1)C1OC1C1(O)C2C(=O)c2cccc(O)c2C1O;CC1=CC(=O)C2C(C1)C1OC1C1(O)C(O)c3c(O)cccc3C(=O)C21
SQGZFRITSMYKRH,2,AEMFNILZOJDQLW;SQGZFRITSMYKRH,CC12CCC3C(CCC4=CC(=O)CCC43C)C1CCC2=O;CC12CCC3C(CC=C4CC(=O)CCC43C)C1CCC2=O
SQNUFIVZRRTSMY,2,BNNVVTQUWNGKPH;SQNUFIVZRRTSMY,O=C1OC(=Cc2ccc(O)cc2)C(O)=C1c1ccc(O)cc1;O=C1OC(=Cc2ccc(O)cc2)C(=O)C1c1ccc(O)cc1
SRFSUDHTQQJJIN,2,MUQNGPZZQDCDFT;SRFSUDHTQQJJIN,CC1(C)OC2CC3C4CCC5=CC(=O)CCC5(C)C4(F)C(O)CC3(C)C2(C(=O)CCl)O1;CC1(C)OC2CC3C4CC=C5CC(=O)CCC5(C)C4(F)C(O)CC3(C)C2(C(=O)CCl)O1
SRMRLHNLDDQJLJ,2,DBYQNZJJUBKANY;SNZRAKOFDSGBRF,C=C1CC(OC(=O)C2(C)OC2C)C2C(=C)C(=O)OC2C2C(C)=CC(=O)C12;C=C1C(=O)OC2C3C(C)=CC(=O)C3=C(C)CC(OC(=O)C3(C)OC3C)C12
SSCNICLEXSONFY,2,DSPNTLCJTJBXTD;SSCNICLEXSONFY,CC(C=CC(C)=CC1Cc2nc(cs2)C(C)CC(N)CC(=O)OC(C)CC(C)=CC=CC(=O)O1)=CCN(C)C;CC(C=CC(C)=CC1Cc2nc(cs2)C(C)CC(N)CC(=O)OC(C)C=C(C)C=CCC(=O)O1)=CCN(C)C
SUOGUKJEXYJHTD,2,BMQGVNUXMIRLCK;SUOGUKJEXYJHTD,COC1C(=O)C2(C)C(OC)CC3OCC3(OC(C)=O)C2C(OC(=O)c2ccccc2)C2(O)CC(OC(=O)C(O)C(NC(=O)OC(C)(C)C)c3ccccc3)C(C)=C1C2(C)C;COC1=C2C(C)C(OC(=O)C(O)C(NC(=O)OC(C)(C)C)c3ccccc3)CC(O)(C(OC(=O)c3ccccc3)C3C4(OC(C)=O)COC4CC(OC)C3(C)C1=O)C2(C)C
SUXBXHBFLDOIRL,2,SUXBXHBFLDOIRL;UTAIBCIOWTVUDJ,CC1CC(=O)C2=C(CCC3(O)C(O)c4c(O)cccc4C(=O)C23O)C1;CC1C=C2CCC3(O)C(O)c4c(O)cccc4C(=O)C3(O)C2C(=O)C1
ZZYQLSFXSKLQFV,2,KMHDZIDQBDJJCJ;ZZYQLSFXSKLQFV,C=CC(C)(C)c1[nH]c2cc(O)ccc2c1CC1NC(=O)C2=CCCN2C1=O;C=CC(C)(C)c1[nH]c2cc(O)ccc2c1Cc1nc(O)c2n(c1=O)CCC2
SVOQIEJWJCQGDQ,2,SVOQIEJWJCQGDQ;XDXWLKQMMKQXPV,CC1=NN(c2ccc(C)c(C)c2)C(=O)C1=NNc1cccc(-c2cccc(C(=O)O)c2)c1O;Cc1ccc(-n2[nH]c(C)c(N=Nc3cccc(-c4cccc(C(=O)O)c4)c3O)c2=O)cc1C
SVPSOBHLSXRFGO,2,SVPSOBHLSXRFGO;WNRDSZGUJVKHGG,C#CCOc1ccc(C2Nc3ccccc3NC3=C2C(=O)CC(C)(C)C3)cc1;C#CCOc1ccc(C2Nc3ccccc3N=C3CC(C)(C)CC(=O)C32)cc1
SXGNMSWDFKOXAS,2,IVNAFOBCUPWDFM;SXGNMSWDFKOXAS,CC=C1NC(=O)C(CCCNC(=N)N)NC(=O)C(C(C)C)NC(=O)C(NC(=O)C(CC(C)C)NC(=O)NC(Cc2ccccc2)C(=O)O)Cc2cn(c3ccccc23)C1=O;CCC1=NC(=O)C(CCCN=C(N)N)NC(=O)C(C(C)C)NC(=O)C(NC(=O)C(CC(C)C)NC(=O)NC(Cc2ccccc2)C(=O)O)Cc2cn(c3ccccc23)C1=O
SXIBUDLORNYMST,2,HKVAMNSJSFKALM;SXIBUDLORNYMST,COC1CC2CCC(C)C(O)(O2)C(=O)C(=O)N2CCCCC2C(=O)OC(C(C)CC2CCC(OCCO)C(OC)C2)CC(=O)C(C)C=C(C)C(O)C(OC)C(=O)C(C)CC(C)C=CC=CC=C1C;COC1CC2CCC(C)C(O)(O2)C(=O)C(=O)N2CCCCC2C(=O)OC(C(C)CC2CCC(OCCO)C(OC)C2)CC(=O)C(C)=CC(C)C(O)C(OC)C(=O)C(C)CC(C)C=CC=CC=C1C
SXIJNFVPTASFCA,2,DAUPIKPDQLHIGW;SXIJNFVPTASFCA,CC1(C)CC(=O)C2=C(C1)Nc1ccccc1N(C(S)=Nc1ccccc1)C2c1ccc(Cl)cc1;CC1(C)CC(=O)C2C(=Nc3ccccc3N(C(=S)Nc3ccccc3)C2c2ccc(Cl)cc2)C1
SYLIRTRYLBYOBO,2,KQJSQWZMSAGSHN;SYLIRTRYLBYOBO,CC1=C(O)C(=O)C=C2C1=CC=C1C2(C)CCC2(C)C3CC(C)(C(=O)O)CCC3(C)CCC12C;C=c1c(O)c(O)cc2c1=CC=C1C2(C)CCC2(C)C3CC(C)(C(=O)O)CCC3(C)CCC12C
SYNOVMDJYWJCON,2,SYNOVMDJYWJCON;VMXUWOKSQNHOCA,CN=C(C[N+](=O)[O-])NCCSCc1ccc(CN(C)C)o1;CNC(=C[N+](=O)[O-])NCCSCc1ccc(CN(C)C)o1
SYVPXEHTWLEVKD,2,IJLCQLHEYNFARK;SYVPXEHTWLEVKD,CCC(=O)C1=C(NCCc2c(C)[nH]c3ccc(OC(F)(F)F)cc23)CCCC1=O;CCC(=O)C1C(=O)CCCC1=NCCc1c(C)[nH]c2ccc(OC(F)(F)F)cc12
SZHHSFHOIDCNLD,2,SZHHSFHOIDCNLD;YSYIWCNPSZNNKW,O=Nc1c2[nH]c3ccccc3nc-2c2ccccc12;ON=C1c2ccccc2-c2nc3ccccc3nc21
SZWGDFGULWLMIP,2,SZWGDFGULWLMIP;XDXDZDZNSLXDNA,CC(=O)C1(O)Cc2c(O)c3c(c(O)c2C(OC2CC(N)C(O)C(C)O2)C1)C(=O)c1ccccc1C3=O;CC(=O)C1(O)C=C2C(=O)c3c(c(O)c4ccccc4c3O)C(=O)C2C(OC2CC(N)C(O)C(C)O2)C1
SZXDNGVQRDTJSD,2,SHUNBVWMKSXXOM;SZXDNGVQRDTJSD,CCCCCc1cc(C=C2N=C(c3ccc[nH]3)C=C2OC)[nH]c1C;CCCCCC1=CC(=Cc2[nH]c(-c3ccc[nH]3)cc2OC)N=C1C
TTXRYAMBSXFTEJ,2,IIVBFTNIGYRNQY;TTXRYAMBSXFTEJ,CC(=O)OC1(C(C)=O)CCC2C3C=C(C)C4=CC(=O)CCC4C3CCC21C;CC(=O)OC1(C(C)=O)CCC2C3=CC(C)=C4CC(=O)CCC4C3CCC21C
TTZFOJXSJXPQOZ,2,TTZFOJXSJXPQOZ;VJAXSGXKVCCJNY,CC(C)(CCC(O)C(C)(O)C1CCC2(O)C3=CC(=O)C4CC(O)C(O)CC4(C)C3CCC12C)OC1OC(CO)C(O)C(O)C1O;CC(C)(CCC(O)C(C)(O)C1CCC2(O)C3=C(CCC12C)C1(C)CC(O)C(O)CC1C(=O)C3)OC1OC(CO)C(O)C(O)C1O
TUBKRNYLIIIOAU,2,KEQHJBNSCLWCAE;TUBKRNYLIIIOAU,CC1=CC(=O)C(C(C)C)=CC1=O;C=C(C)c1cc(O)c(C)cc1O
TUDAQCZRZUSOKZ,2,LOXMLWHUIONWMI;TUDAQCZRZUSOKZ,O=C1C2C3C=CC(C4CC34)C2C(=O)N1c1ccc(Cc2ccncc2)cc1;Oc1c2c(c(O)n1-c1ccc(Cc3ccncc3)cc1)C1C=CC2C2CC12
TUDSGWYFAUJFSP,2,HPVSJNGZYYDDMU;TUDSGWYFAUJFSP,CC(=CCCc1ccoc1)CCC=C(C)CCCC(C)C=C1OC(=O)C(C)=C1O;CC(=CCCc1ccoc1)CCC=C(C)CCCC(C)=Cc1oc(O)c(C)c1O
ZZYYRIKPGGJYCO,2,NNMGFXIYGXIDHC;ZZYYRIKPGGJYCO,C=CCN1C(=O)N=C(O)C(Cc2ccc(OC)c(OC)c2)C1=O;C=CCn1c(=O)[nH]c(O)c(Cc2ccc(OC)c(OC)c2)c1=O
TUPXQKJXLJGFFJ,2,QPQMEODQMYOEQT;TUPXQKJXLJGFFJ,CC=C1NC(=O)C(NC(=O)C(NC(=O)C2CCCN2C(=O)CCC)C(C)O)C(C)OC(=O)C(C(C)C)NC(=O)C(Cc2ccc(O)cc2)N(C)C(=O)C(CC(C)C)N2C(=O)C(CCC2O)NC1=O;CCCC(=O)N1CCCC1C(=O)NC(C(=O)NC1C(=O)N=C(CC)C(=O)NC2CCC(O)N(C2=O)C(CC(C)C)C(=O)N(C)C(Cc2ccc(O)cc2)C(=O)NC(C(C)C)C(=O)OC1C)C(C)O
TUQVFEKZBCAKLE,2,BRGBNADJYSOXIE;TUQVFEKZBCAKLE,CN=C(O)c1c(N(C)C=O)ncn1CC=C(C)CCC=C(C)CCCC(C)=CC(=O)CC(C)C;CNC(=O)c1c(N(C)C=O)ncn1CC=C(C)CCC=C(C)CCC=C(C)CC(=O)CC(C)C
TVDMUSYVWJLIDK,2,AJFPOVBARCSOLH;TVDMUSYVWJLIDK,C=C(C)C1CC2(C)C(=CC1=O)CCC(O)C2C;CC(C)=C1CC2(C)C(=CC1=O)CCC(O)C2C
TWAQRFGXDYPLFN,2,HAMGMFWBTYYRFD;TWAQRFGXDYPLFN,COC(=O)CC1OC(C)C2=C(O)c3c(O)cccc3C(=O)C23OC13;COC(=O)CC1OC(C)C2C(=O)c3c(O)cccc3C(=O)C23OC13
TWFBYOYWZNNYFK,2,CFLVYJJIZHNITM;TWFBYOYWZNNYFK,CC(CCC(=O)O)C1CCC2C3C(O)CC4=CC(=O)CCC4(C)C3CCC12C;CC(CCC(=O)O)C1CCC2C3C(O)C=C4CC(=O)CCC4(C)C3CCC12C
TXCYPEWFETYPBN,2,SYGQXRLXOOXDRP;TXCYPEWFETYPBN,CC(NC(=O)C(N)CC(O)C(=O)O)C(O)C12CC1CC=CC2=O;CC(N=C(O)C(N)CC(O)C(=O)O)C(O)C12CC1CC=CC2=O;CC(NC(=O)C(N)CC(O)C(=O)O)C(O)C12CC1C=CCC2=O
TXIMRZYBBVKDIK,2,TXIMRZYBBVKDIK;XQDXIHYKAGHZRX,CC1(C)CC(=O)C(C2C3=C(CC(C)(C)CC3=O)Oc3ccccc32)C(=O)C1;CC1(C)C=C2Oc3ccccc3C(C3C(=O)CC(C)(C)CC3=O)C2C(=O)C1
TXNLZKDXBKIUOQ,2,DLCVFIMWFKVRTM;TXNLZKDXBKIUOQ,C=CC(C1=CC(=O)C(OC)=CC1=O)c1ccc(O)cc1;CC=C(C1=CC(=O)C(OC)=CC1=O)c1ccc(O)cc1
TXPSGAVZUJLNHR,2,BDMQYNIBEPKJBI;TXPSGAVZUJLNHR,NC1=C(c2nc(=O)c3ccccc3[nH]2)C(=O)CN1c1ccc(Cl)cc1;Nc1c(-c2nc(=O)c3ccccc3[nH]2)c(O)cn1-c1ccc(Cl)cc1
TYKOLYCDCQTMSH,2,PZTQKEPOQFVJTF;TYKOLYCDCQTMSH,CCOC(=O)C1=C(N)Oc2c(c(=O)oc3ccccc23)C1c1ccc(Br)cc1;CCOC(=O)C1C(=N)Oc2c(c(=O)oc3ccccc23)C1c1ccc(Br)cc1
TYWYEHLQFLNBKX,2,IQGMDSXKRPLDBE;TYWYEHLQFLNBKX,COc1cc(C=CNC(=O)C=Cc2ccc(O)c(OC)c2)ccc1O;COc1cc(C=CC(=O)N=CCc2ccc(O)c(OC)c2)ccc1O
TZDPPFAWTAIHPV,2,QHJKZPMGZZKRDZ;TZDPPFAWTAIHPV,CCCCCCC=CCCCC1=NC(=Cc2ccc(O)cc2)C(=O)O1;CCCCCCC=CCCC=c1[nH]c(=Cc2ccc(O)cc2)c(=O)o1
UAFOENLSCKAEEW,2,OPUJUXSZNVCDHY;UAFOENLSCKAEEW,O=C(O)C1CCCN1C(=O)c1ccccc1N1C(=O)C2Cc3c([nH]c4ccccc34)C(c3cccc(Cl)c3)N2C1=O;O=C(O)C1CCCN1C(=O)c1ccccc1-n1c(O)c2n(c1=O)C(c1cccc(Cl)c1)c1[nH]c3ccccc3c1C2
UAGQQRUUDWAYFS,2,DLADOAYNOOCYAW;UAGQQRUUDWAYFS,COc1cccc(C2Nc3ccccc3NC3=C2C(=O)CC(c2ccc(Cl)cc2)C3)c1OC;COc1cccc(C2Nc3ccccc3N=C3CC(c4ccc(Cl)cc4)CC(=O)C32)c1OC
UANMBZYUPWORQB,2,SRSGVKWWVXWSJT;UANMBZYUPWORQB,Cc1[nH]c(C=C2C(=O)Nc3ccc(F)cc32)c(C)c1C(=O)NCCN1CCCC1;C=c1c(C(=O)NCCN2CCCC2)c(C)[nH]c1=Cc1c(O)[nH]c2ccc(F)cc12
UBCKYWKJKPMKAA,2,AFHJQYHRLPMKHU;UBCKYWKJKPMKAA,O=C1c2c(O)cccc2C(C2OC(CO)C(O)C(O)C2O)c2cc(CO)cc(O)c21;OCc1cc(O)c2c(O)c3c(O)cccc3c(C3OC(CO)C(O)C(O)C3O)c2c1
UBCVAGFLVQNFGM,2,SQABHXFPYWKQBA;UBCVAGFLVQNFGM,COc1cc(C2CC(O)=NC(C)=C2C(=O)OC(C)C)c(Br)c(OC)c1OC;COc1cc(C2CC(=O)N=C(C)C2C(=O)OC(C)C)c(Br)c(OC)c1OC
ZTUPBNCFPSYQJW,2,SKFHSYILDIWCJV;ZTUPBNCFPSYQJW,COc1cc(C2Nc3ccccc3NC3=C2C(=O)CC(C)(C)C3)ccc1OCc1cccc2ccccc12;COc1cc(C2Nc3ccccc3N=C3CC(C)(C)CC(=O)C32)ccc1OCc1cccc2ccccc12
UBVJDBFJGYOVQT,2,QGWDYPREORDRIT;UBVJDBFJGYOVQT,CC1(C(=O)O)CCC2(C)CCC3(C)C(=CC(=O)C4C5(C)CCC(=O)C(C)(C)C5CCC43C)C2C1;CC1(C(=O)O)CCC2(C)CCC3(C)C(=C2C1)CC(=O)C1C2(C)CCC(=O)C(C)(C)C2CCC13C
UBYRYDQZSWKFSM,2,SVKHAVSUBSUFBQ;UBYRYDQZSWKFSM,CCCC(=NOCC)C1=C(O)CC(C2CCC[S+]([O-])C2)CC1=O;CCCC(=NOCC)C1C(=O)CC(C2CCC[S+]([O-])C2)CC1=O
UCEZYRPNFOUORG,2,UCEZYRPNFOUORG;VQIHPPHJAYRDMW,COc1c(O)cc2oc3cc(O)cc(O)c3c(=O)c2c1CC=C(C)CCCC(C)(C)O;COc1c(O)cc2oc3cc(O)cc(O)c3c(=O)c2c1C=CC(C)CCCC(C)(C)O
UDHFWUYGDMLIDY,2,OVRABUAZHGSQBY;UDHFWUYGDMLIDY,CC(C)(O)CCC1=C(O)C(=O)c2ccccc2C1=O;CC(C)(O)C=Cc1c(O)c(O)c2ccccc2c1O
UDNKQQWSMBQOIF,2,UDNKQQWSMBQOIF;YYEOWTIAYGGWBV,CC(C)OC(=O)C1=C(N)Oc2c(oc(CO)cc2=O)C1c1ccc(Cl)cc1Cl;CC(C)OC(=O)C1C(=N)Oc2c(oc(CO)cc2=O)C1c1ccc(Cl)cc1Cl
UEJGTZNBGJMUFW,2,GVUHIWDAWNDBKR;UEJGTZNBGJMUFW,C=C1CCC=C(CO)C(=O)CC2C1CC2(C)C;C=C1CC=CC(CO)C(=O)CC2C1CC2(C)C
UESGNPPTPFLIED,2,LOHHERLGJHQIKL;UESGNPPTPFLIED,CC1(C)CC(=O)C2=C(C1)Nc1[nH]c(=S)[nH]c(=O)c1C2c1ccc(Cl)cc1Cl;CC1(C)CC(=O)C2C(=Nc3[nH]c(=S)[nH]c(=O)c3C2c2ccc(Cl)cc2Cl)C1
ALCVRKZFLFWUAZ,2,ALCVRKZFLFWUAZ;RTKIYFITIVXBLE,CC(C=CC(O)=NO)=CC(C)C(=O)c1ccc(N(C)C)cc1;CC(C=CC(=O)NO)=CC(C)C(=O)c1ccc(N(C)C)cc1;CC(=CC(C)C=CC(O)=NO)C(=O)c1ccc(N(C)C)cc1
UGGUCACMQFGWAH,2,LUKZNWIVRBCLON;UGGUCACMQFGWAH,CC(C)C(=O)OCC(=O)C12OC(C3CCCCC3)OC1CC1C3CCC4=CC(=O)C=CC4(C)C3C(O)CC12C;CC(C)C(=O)OCC(=O)C12OC(C3CCCCC3)OC1CC1C3CC=C4CC(=O)C=CC4(C)C3C(O)CC12C
UHIDRWKOWDRGDV,2,UHIDRWKOWDRGDV;WZLBVRXZNDXPPW,CNCc1ccc(CSCCNC(=C[N+](=O)[O-])NC)o1;CN=C(C[N+](=O)[O-])NCCSCc1ccc(CNC)o1
UHPUXHHRIGFCAY,2,SRUILBLGVMJFPG;UHPUXHHRIGFCAY,CCC(C)C=C(C)C=CC(=O)Cc1cc(O)c(C)c(O)c1C=O;CCC(C)=CC(C)=CCC(=O)Cc1cc(O)c(C)c(O)c1C=O
UIUJVNPDIBLVBJ,2,KNTBYRLZKNFFCS;UIUJVNPDIBLVBJ,CCOC(=O)C1=C(N)Oc2c(oc(CO)cc2=O)C1c1c(Cl)cccc1Cl;CCOC(=O)C1C(=N)Oc2c(oc(CO)cc2=O)C1c1c(Cl)cccc1Cl
UIWHAJBEDHINDA,2,OMLHSPICBMJGOM;UIWHAJBEDHINDA,CCc1ccc(NC2CC(=O)N(c3ccc(Cl)cc3C)C2=O)cc1;CCc1ccc(Nc2cc(O)n(-c3ccc(Cl)cc3C)c2O)cc1
UJHMQAXJBPGSEH,2,IXOMHPDEPRMKFN;UJHMQAXJBPGSEH,N#CC1=C(N)Oc2c(oc(CO)cc2=O)C1c1cccc(Cl)c1;N#CC1C(=N)Oc2c(oc(CO)cc2=O)C1c1cccc(Cl)c1
UJLKILMZJPEXJN,2,DIAOGWYBBJCPAD;UJLKILMZJPEXJN,CCc1ccc2c(O)c3c(cc2c1C(=O)OC)C(=O)c1c(O)ccc(O)c1C3=O;CCc1ccc2c(O)c3c(O)c4c(c(O)c3cc2c1C(=O)OC)C(=O)C=CC4=O
UKDGDWZNERCVLM,2,QPJSCGCYCXVKPC;UKDGDWZNERCVLM,Cc1ccc(NC=C2C(=O)Oc3ccccc3C2=O)c(C)c1;Cc1ccc(N=Cc2c(O)c3ccccc3oc2=O)c(C)c1
UKJRKVVSVHEMJS,2,UKJRKVVSVHEMJS;VKXPFUZQXMQEDU,CC(=O)OC1CC(C=CC(=O)NC2=C(O)CCC2=O)=CO1;CC(=O)OC1CC(CCC(=O)N=C2C(=O)CCC2=O)=CO1
UKKQFFSARRSPIH,2,UKKQFFSARRSPIH;UXMPTDXXFKSNDM,CCOc1cc(C2NC(O)=NC(C)=C2C(=O)OCC(F)(F)F)ccc1O;CCOc1cc(C2NC(=O)N=C(C)C2C(=O)OCC(F)(F)F)ccc1O
UKQYPWIZZHSEQB,2,STOYMKJWHHPSDH;UKQYPWIZZHSEQB,C=C1C(OC(C)=O)C(=O)C2C(C)(C)C(OC(C)=O)CCC2(C)C1CC(OC(C)=O)C(C)=CCOC(C)=O;CC(=O)OCC=C(C)C(CC1=C(C)C(OC(C)=O)C(=O)C2C1(C)CCC(OC(C)=O)C2(C)C)OC(C)=O
ULQUFCABXCXQBL,2,ASGNCWOMXZKUJQ;ULQUFCABXCXQBL,Cc1[nH]c2ccccc2c1CCN=C(O)C(=Cc1ccccc1)N=C(O)c1cccc(Br)c1;Cc1[nH]c2ccccc2c1CCNC(=O)C(Cc1ccccc1)=NC(=O)c1cccc(Br)c1
ULXZDYCUENKUCJ,2,ULXZDYCUENKUCJ;YQLQWGVOWKPLFR,CC1OC(OC23C(=Cc4c(Cl)cc(CC#N)cc42)C=CC3O)C(O)C(=O)C1(C)O;CC1OC(OC23C(=Cc4c(Cl)cc(CC#N)cc42)C=CC3O)C(=O)C(O)C1(C)O
UMCFMEIXGMAVKR,2,AYQMENXVDLFJKG;UMCFMEIXGMAVKR,COc1ccc(C2CC(=O)C3=C(C2)Nc2ccccc2NC3c2cc(Br)c(O)c(OC)c2)cc1OC;COc1ccc(C2CC(=O)C3C(=Nc4ccccc4NC3c3cc(Br)c(O)c(OC)c3)C2)cc1OC
UMGIOBCVRLYQOW,2,AGZMFTKKLPHOMT;UMGIOBCVRLYQOW,CC=C1CN2CCC34C(=C(C(=O)OC)C1CC23)Nc1ccccc14;CC=C1CN2CCC34C(=Nc5ccccc53)C(C(=O)OC)C1CC24
UMNJZPPTLPVZFR,2,GOURNRSYZGPZPD;UMNJZPPTLPVZFR,COC1C=COC2(C)Oc3c(C)c(OC(=O)c4ccccc4Cl)c4c(c3C2=O)C(=O)C(Cc2cc(C)cc(C)c2)=C(NC(=O)C(C)=CC=CC(C)C(O)C(C)C(O)C(C)C(OC(C)=O)C1C)C4=O;COC1C=COC2(C)Oc3c(C)c(OC(=O)c4ccccc4Cl)c4c(O)c(c(=Cc5cc(C)cc(C)c5)c(O)c4c3C2=O)=NC(=O)C(C)=CC=CC(C)C(O)C(C)C(O)C(C)C(OC(C)=O)C1C
UMSOZZPZBYFFSD,2,KSYRCWWRVVIIEX;UMSOZZPZBYFFSD,COC(C=Cc1ccccc1)C(C)C(OC)C(C)C=CC(C)=CC(=O)NC=CCC=CC(=O)NCC(=O)O;COC(C=Cc1ccccc1)C(C)C(OC)C(C)C=CC(C)=CC(O)=NC=CCC=CC(O)=NCC(=O)O;COC(C=Cc1ccccc1)C(C)C(OC)C(C)=CC=C(C)CC(=O)N=CCCCCC(=O)N=CC(=O)O
UMVGTIHJQQYCQI,2,GVEOMNJXMUCGMT;UMVGTIHJQQYCQI,NC1=C(Br)C2=NCCc3c[nH]c(c32)C1=O;Nc1c(O)c2c3c(c1Br)=NCCC=3C=N2
UMZWNADQRDCKII,2,QGNRETMYLHRUBB;UMZWNADQRDCKII,O=C(O)CC(C(=O)O)N1C(=O)C(=C2C(O)=Nc3ccc(Br)cc32)SC1=S;O=C(O)CC(C(=O)O)n1c(O)c(C2=c3cc(Br)ccc3=NC2=O)sc1=S
UNISKOOZAQCSPC,2,UNISKOOZAQCSPC;VOVIALXJUBGFJZ,CCCC1OC2CC3C4CCC5=CC(=O)C=CC5(C)C4C(O)CC3(C)C2(C(=O)CO)O1;CCCC1OC2CC3C4CC=C5CC(=O)C=CC5(C)C4C(O)CC3(C)C2(C(=O)CO)O1
UNOZKAJTQWGIOS,2,UJTKFAJRHSQRMS;UNOZKAJTQWGIOS,COc1cc(-c2[nH]c(C(=O)NCC3CCCO3)cc3c4ccccc4nc2-3)cc(OC)c1OC;COc1cc(-c2nc(C(=O)NCC3CCCO3)cc3c2[nH]c2ccccc23)cc(OC)c1OC
UNRWIPNEFZWESY,2,ONDYALNGTUAJDX;UNRWIPNEFZWESY,COc1cccc2c1c(O)c(C(=O)N(C)c1ccc(C(F)(F)F)cc1)c(=O)n2C;COc1cccc2c1c(=O)c(C(=O)N(C)c1ccc(C(F)(F)F)cc1)c(O)n2C
UOTFMHYRVPWGDN,2,BYGXUUOADNRIED;UOTFMHYRVPWGDN,COC1(C)C(O)C(=O)C(C)=C(Oc2cc(C)cc(O)c2C)C1O;COC1(C)C(=O)C(O)C(C)=C(Oc2cc(C)cc(O)c2C)C1O
UOXUQKHUNHOUMB,2,PKPHZFVECLENRP;UOXUQKHUNHOUMB,CC1CC(=O)C2=C(C1)CC(O)C1(O)C2C(=O)c2cccc(O)c2C1O;CC1=CC(=O)C2C(C1)CC(O)C1(O)C(O)c3c(O)cccc3C(=O)C21
UOYMXDQFMIQZKZ,2,LGVFNUIOBMTGRA;UOYMXDQFMIQZKZ,CC(=CC=CC(C)C1CCC2(C)C3CCC4C(C)(C)C(=O)CCC45CC35CCC12C)C(=O)O;CC(=CC=CC(C)C(=O)O)C1CCC2(C)C3CCC4C(C)(C)C(=O)CCC45CC35CCC12C
UPKJTHPZSTZJNH,2,CHNXZKVNWQUJIB;UPKJTHPZSTZJNH,C#CC1(O)CCC2C3CCC4=CC(=O)CCC4(C)C3CCC21C;C#CC1(O)CCC2C3CC=C4CC(=O)CCC4(C)C3CCC21C
ALKRGASYNGBLBE,2,ALKRGASYNGBLBE;UQMOXDGZRXGLEF,COc1cccc(C2C(C(C)=O)=C(O)C(=O)N2CCc2cnc[nH]2)c1;COc1cccc(C2C(C(C)=O)C(=O)C(=O)N2CCc2c[nH]cn2)c1
UQKFEFWLGIFMIY,2,OWTADLKGUKYLCP;UQKFEFWLGIFMIY,CC=CC(=O)CC1C(=O)C=CC1(CCCCCCCC(=O)O)OC(C)=O;CC=CC(=O)C=C1C(=O)CCC1(CCCCCCCC(=O)O)OC(C)=O
UQPHVQVXLPRNCX,2,UQPHVQVXLPRNCX;YTBSYETUWUMLBZ,O=CC(O)C(O)CO;O=C(CO)C(O)CO
UQWWMOIQWUXAKB,2,UCOHTFASGZGQDX;UQWWMOIQWUXAKB,Brc1ccc(C2C=C(c3cccs3)Nc3nncn32)cc1;Brc1ccc(C2CC(c3cccs3)=Nc3nncn32)cc1
URFZMKWCLARYJB,2,URFZMKWCLARYJB;UVDHGPXSMUJCFZ,CC(O)=NC1=C(NCCc2c[nH]c3ccccc23)C(=O)c2ccccc2C1=O;CC(=O)N=C1C(=O)c2ccccc2C(=O)C1NCCc1c[nH]c2ccccc12
URZDOVSQEANZBA,2,BGKIISXUCXQGJO;URZDOVSQEANZBA,CC1=CC(=O)CC2C1CCC(C)C21COC(c2ccoc2)C1=O;CC1=C2CCC(C)C3(COC(c4ccoc4)C3=O)C2CC(=O)C1
USEPHSUDGWMHQX,2,OHDXGZAYYBMHCY;USEPHSUDGWMHQX,CC=CC=CC=CC(=O)NC(CC(=O)NC(C(=O)C1C(=O)NC(=O)C1C)C(C)C)c1ccccc1;CC=CC=CC=CC(=O)NC(CC(=O)NC(C(=O)c1c(O)[nH]c(O)c1C)C(C)C)c1ccccc1
USWORSUDJQKUJO,2,IMBXEJJVJRTNOW;USWORSUDJQKUJO,CC1CC2C(C(O)CC3(C)C2CCC3(O)C(=O)COC(=O)CCC(=O)O)C2(C)C=CC(=O)C=C12;CC1=C2CC(=O)C=CC2(C)C2C(O)CC3(C)C(CCC3(O)C(=O)COC(=O)CCC(=O)O)C2C1
UTCJVDFLMODHQX,2,BPYKTIZUTYGOLE;UTCJVDFLMODHQX,C=CC1=C(C)C(=Cc2[nH]c(Cc3[nH]c(C=C4NC(=O)C(C)=C4C=C)c(C)c3CCC(=O)O)c(CCC(=O)O)c2C)NC1=O;C=CC1=C(C)C(Cc2[nH]c(Cc3[nH]c(CC4=NC(=O)C(=C)C4=CC)c(C)c3CCC(=O)O)c(CCC(=O)O)c2C)=NC1=O
UTZKHRPBILWNJL,2,KMSKQZKKOZQFFG;UTZKHRPBILWNJL,COc1cccc2c1C(=O)c1c(O)c3c(c(O)c1C2=O)CC(O)(C(=O)CO)CC3OC1CC(N)C(OC2CCCCO2)C(C)O1;COc1cccc2c(O)c3c(c(O)c12)C(=O)C1=C(CC(O)(C(=O)CO)CC1OC1CC(N)C(OC2CCCCO2)C(C)O1)C3=O
UUNQYGUCVSFAME,2,DHSUYTOATWAVLW;UUNQYGUCVSFAME,CC1(C)CC1C(O)=NC(=CCCCCSCC(N)C(=O)O)C(=O)O;CC1(C)CC1C(=O)NC(=CCCCCSCC(N)C(=O)O)C(=O)O;CC1(C)CC1C(=O)N=C(CCCCCSCC(N)C(=O)O)C(=O)O
UURQLTORRWBQQE,2,DIKSYHCCYVYKRO;UURQLTORRWBQQE,CCc1cccc2c1c(O)c(C(=O)N(CC)c1ccccc1)c(=O)n2C;CCc1cccc2c1c(=O)c(C(=O)N(CC)c1ccccc1)c(O)n2C
UUTXTEDNHHJSOM,2,LWSTYEFXLCIYPR;UUTXTEDNHHJSOM,C#CCSc1nc(N)c2c(n1)OC(N)=C(C#N)C2c1cccc(F)c1;C#CCSc1nc(N)c2c(n1)OC(=N)C(C#N)C2c1cccc(F)c1
UVFGBNJTDYXMKC,2,JPFATYRRBODPCE;YOCSPUWCPMRJNL,CC(CCC(=O)OC(CO)C(O)C(O)C(=O)CO)C1CCC2C3C(=O)C(O)C4CC(O)CCC4(C)C3CCC12C;CC(CCC(=O)OC(CO)C(O)C(O)C(O)C=O)C1CCC2C3C(=O)C(O)C4CC(O)CCC4(C)C3CCC12C
UVSPCIVREPSYMT,2,UVSPCIVREPSYMT;YNJWIMKSTXVCFY,NC1=C(c2c[nH]c3ccccc23)C(O)=NC1=O;N=C1C(=O)NC(=O)C1c1c[nH]c2ccccc12
UVUMCBWIWYGSGU,2,OFQKTZRDRXZBON;UVUMCBWIWYGSGU,C=CC(C)(C)c1[nH]c2cc3c(cc2c1CC1NC(=O)C2=CCCN2C1=O)C=CC(C)(C)O3;C=CC(C)(C)c1[nH]c2cc3c(cc2c1Cc1nc(O)c2n(c1=O)CCC2)C=CC(C)(C)O3
UWBCYURYXWLYIS,2,JSQKCXPOJUGOCX;UWBCYURYXWLYIS,C=CCc1ccc(OC2OC(COC3OC(CO)C(O)C(O)C3O)C(O)C(O)C2O)c(O)c1;CC=Cc1ccc(OC2OC(COC3OC(CO)C(O)C(O)C3O)C(O)C(O)C2O)c(O)c1
UWFIESPYUUKFCE,2,GATNHYRPUOFIGS;UWFIESPYUUKFCE,CCOc1cc(C2Nc3ccccc3NC3=C2C(=O)CC(c2ccc(OC)c(OC)c2)C3)cc(Br)c1OC;CCOc1cc(C2Nc3ccccc3N=C3CC(c4ccc(OC)c(OC)c4)CC(=O)C32)cc(Br)c1OC
UWJVJLWDSPPSSD,2,RANGFOQREJPKIH;UWJVJLWDSPPSSD,CC(=O)OCC12C(C=C(C)C(=O)C1O)OC1C(OC(C)=O)CC2(C)C12CO2;CC(=O)OCC12C(=O)C(=O)C(C)CC1OC1C(OC(C)=O)CC2(C)C12CO2
UWONBLCPSXWLPC,2,LHDNKMRQLHZVIW;UWONBLCPSXWLPC,CC1Cc2cc(C(O)=C3C(=O)C(=O)N(CCN(C)C)C3c3cccc(Cl)c3)ccc2O1;CC1Cc2cc(C(=O)C3C(=O)C(=O)N(CCN(C)C)C3c3cccc(Cl)c3)ccc2O1
UWPWEPOUKLTBMR,2,BLFPNXIXUPFMIC;UWPWEPOUKLTBMR,N#CC1=C(N)Oc2c(c(=O)oc3ccccc23)C1c1ccccc1Br;N#CC1C(=N)Oc2c(c(=O)oc3ccccc23)C1c1ccccc1Br
UWYNSZPMRWLKSB,2,QKQVEENHSWRXBN;UWYNSZPMRWLKSB,CCCCCCCC=CC(=O)NC(Cc1c[nH]cn1)C(=O)O;CCCCCCCCCC(=O)N=C(Cc1c[nH]cn1)C(=O)O
ALPSEMFPAVSKJO,2,ALPSEMFPAVSKJO;SRPHMISUTWFFKJ,CC(C)(O)C=CC(=O)C(C)(O)C1C(O)CC2(C)C3CC=C4C(CC(=O)C(O)C4(C)C)C3(C)C(=O)CC12C;CC(C)(O)C=CC(=O)C(C)(O)C1C(O)CC2(C)C3CC=C4C(CC(O)C(=O)C4(C)C)C3(C)C(=O)CC12C
ALZZTTUOVWHDKW,2,ALZZTTUOVWHDKW;NHFDRBXTEDBWCZ,Cc1[nH]c(C=C2C(=O)Nc3ccccc32)c(C)c1CCC(=O)O;C=c1c(CCC(=O)O)c(C)[nH]c1=Cc1c(O)[nH]c2ccccc12
UYCAJINGNDQAOU,2,AWRDPPOFOQSLSL;UYCAJINGNDQAOU,COC(=O)C1=C(C)NC2=C(C(=O)CCC2)C1c1cc(Cl)c(O)c(OC)c1;COC(=O)C1=C(C)N=C2CCCC(=O)C2C1c1cc(Cl)c(O)c(OC)c1
UYLCTZAHTWQNKC,2,UYLCTZAHTWQNKC;YHDASZCBNPALIL,C=C1C(=O)OC2C1CCC(C)=C1C(=O)C=C(C)C12O;C=C1C(=O)OC2C1CC=C(C)C1C(=O)C=C(C)C12O
UYXXPSPOMQVFGM,2,RPJCNPVTJKMYEB;UYXXPSPOMQVFGM,O=C(NCCCN1CCOCC1)c1ccccc1N1C(=O)C2Cc3c([nH]c4ccccc34)C(c3ccc(F)cc3)N2C1=O;O=C(NCCCN1CCOCC1)c1ccccc1-n1c(O)c2n(c1=O)C(c1ccc(F)cc1)c1[nH]c3ccccc3c1C2
UZCJGWDOFKSAII,2,DFFWZNDCNBOKDI;UZCJGWDOFKSAII,O=C1CC(C(=O)O)CC(=O)C1=C(O)C1CC1;OC(O)=c1cc(O)c(=C(O)C2CC2)c(O)c1
AMHOAZHBZTUXEP,2,AMHOAZHBZTUXEP;KYNXMUCTYHCXFX,CCOc1cc(C2C(C(=O)OC(C)CC)=C(C)NC3=C2C(=O)CC(c2ccc(Cl)cc2)C3)ccc1O;CCOc1cc(C2C(C(=O)OC(C)CC)=C(C)N=C3CC(c4ccc(Cl)cc4)CC(=O)C32)ccc1O
VAEKVULJOIGRTG,2,VAEKVULJOIGRTG;VATYWOIGKMMCMM,CC=CC=CC(=O)C1=C(O)C2(C)C3C(C(=O)C=CC=CC)=C(O)C4(C)C1C1(C)OC4(O)C3(C)OC12O;CC=CC=CC(=O)C1C(=O)C2(C)C3C(C(=O)C=CC=CC)C(=O)C4(C)C1C1(C)OC4(O)C3(C)OC12O
AMHWKCPVHOWZAS,2,AMHWKCPVHOWZAS;PHCSXGHZIAKXHR,CCCC1=CC2=C(CO1)C(=O)C(C)(O)C(OC(=O)c1c(C)cc(OC)cc1O)C2;CCC=C1C=C2CC(OC(=O)c3c(C)cc(OC)cc3O)C(C)(O)C(=O)C2CO1
AMSBRQDLADKBGS,2,AMSBRQDLADKBGS;WZDGZWOAQTVYBX,C#CC1(O)CCC2C3C(C)CC4=C(CCC(=O)C4)C3CCC21C;C#CC1(O)CCC2C3C(C)C=C4CC(=O)CCC4C3CCC21C
VBVKSZNKZUEXRU,2,QBUVFDKTZJNUPP;RCNSAJSGRJSBKK,C=CC1=C(C)C(O)=NC1=Cc1[nH]c(C=C2N=C(C=C3N=C(O)C(C=C)=C3C)C(C)=C2CCC(=O)O)c(CCC(=O)O)c1C;C=CC1=C(C)C(C=c2[nH]c(=Cc3[nH]c(C=C4NC(=O)C(C)=C4C=C)c(C)c3CCC(=O)O)c(CCC(=O)O)c2C)=NC1=O;C=CC1=C(C)C(C=c2[nH]c(=Cc3[nH]c(C=C4N=C(O)C(C)=C4C=C)c(C)c3CCC(=O)O)c(CCC(=O)O)c2C)=NC1=O
VCSXBEOQWHFHQW,2,KFTHKOWIKLPWJD;VCSXBEOQWHFHQW,COC(=O)C1=C(C)NC(SCC(=O)c2ccc3c(c2)OCO3)=C(C#N)C1c1cccs1;COC(=O)C1C(C)=NC(SCC(=O)c2ccc3c(c2)OCO3)=C(C#N)C1c1cccs1
VCYGDRYIXVQWHN,2,JNDVEAXZWJIOKB;VCYGDRYIXVQWHN,Cc1c[nH]c(C=C2C(=O)Nc3ccccc32)c1CCC(=O)O;Cc1c[nH]c(=Cc2c(O)[nH]c3ccccc23)c1=CCC(=O)O
VDOHBGQSFOWYTB,2,FFPFIAFZJXSGDK;VDOHBGQSFOWYTB,CC(C)=CCc1cc(C(O)=CC(=O)c2cc(CC=C(C)C)c(O)cc2O)ccc1O;CC(C)=CCc1cc(C(=O)CC(=O)c2cc(CC=C(C)C)c(O)cc2O)ccc1O
VEIWNIXEKNGIFU,2,OMYBJJMORUOHHR;VEIWNIXEKNGIFU,Cc1ccc(COc2ccc(C3Nc4ccccc4NC4=C3C(=O)CC(C)(C)C4)cc2Cl)cc1;Cc1ccc(COc2ccc(C3Nc4ccccc4N=C4CC(C)(C)CC(=O)C43)cc2Cl)cc1
VEMSVEPDPTVDFG,2,LLVXGQBNGWJCSK;VEMSVEPDPTVDFG,COc1ccccc1C(O)=NC(=Cc1ccco1)C(O)=NCCc1c(C)[nH]c2ccccc12;COc1ccccc1C(=O)N=C(Cc1ccco1)C(=O)NCCc1c(C)[nH]c2ccccc12
VFAQSYFWRSUAKW,2,SMUNNMAWNRFDPB;VFAQSYFWRSUAKW,COC(=O)C12C(=O)C(C)=C(O)C1(C)C(C)=CC1C3(C)CCC(=O)C(C)(C)C3CCC12C;COC(=O)C12C(=O)C(C)C(=O)C1(C)C(C)=CC1C3(C)CCC(=O)C(C)(C)C3CCC12C
VFLDPWHFBUODDF,2,VFLDPWHFBUODDF;ZIUSSTSXXLLKKK,COc1cc(C=CC(=O)CC(=O)C=Cc2ccc(O)c(OC)c2)ccc1O;COc1cc(C=CC(=O)C=C(O)C=Cc2ccc(O)c(OC)c2)ccc1O
VFVVPBBLCNJQRK,2,VFVVPBBLCNJQRK;YQIFAMYNGGOTFB,N=c1nc(O)c2c([nH]1)NCC(C(O)C(O)CO)=N2;Nc1nc2c(c(=O)[nH]1)N=C(C(O)C(O)CO)CN2;Nc1nc(=O)c2c([nH]1)NCC(C(=O)C(O)CO)N2
VFVWJPSKLNCMMU,2,VFVWJPSKLNCMMU;ZEMNDQUOMWGCAZ,CC=C1C[N+]2(C)CCC34C(=Nc5ccccc53)C(=CO)C1CC42;CC=C1C[N+]2(C)CCC34C(=C(C=O)C1CC32)Nc1ccccc14;CC=C1C[N+]2(C)CCC34C(=Nc5ccccc53)C(C=O)C1CC42
VFWBXSFHOPASLL,2,NNLJICJPZZZIFI;VFWBXSFHOPASLL,CC1=CC(=O)C2=C(C)CC(OC(=O)Cc3ccccc3)C3C(C)C(=O)OC3C12;CC1=C2C(=O)CC(C)=C2C2OC(=O)C(C)C2C(OC(=O)Cc2ccccc2)C1
VGILITVLTZHLPU,2,FIQHTMZZRQPVHW;VGILITVLTZHLPU,CCOc1cc(C2C(C(=O)OCC(C)C)=C(C)NC3=C2C(=O)CC(c2ccc(Cl)cc2)C3)ccc1O;CCOc1cc(C2C(C(=O)OCC(C)C)=C(C)N=C3CC(c4ccc(Cl)cc4)CC(=O)C32)ccc1O
VGLABFRUPBCSOM,2,LUZSWWYKKLTDHU;VGLABFRUPBCSOM,CCCCCC=CC=CC(=O)CCCCCCCC(=O)O;CCCCC=CC=CCC(=O)CCCCCCCC(=O)O
VGTFZDMSOFAHED,2,AIFXMSDWXBFQTF;VGTFZDMSOFAHED,CC=CC=CC1C=CC2CC(C)CCC2C1(C)C(O)=C1C(=O)C(C(C)O)N=C1O;CC=CC=CC1C=CC2CC(C)CCC2C1(C)C(O)=C1C(=O)NC(C(C)O)C1=O;CC=CC=CC1C=CC2CC(C)CCC2C1(C)C(=O)c1c(O)[nH]c(C(C)O)c1O
VHMIOTPHLMPYFL,2,MIGJIOFAMLVMLQ;VHMIOTPHLMPYFL,COC(=O)CN1C(=O)C2(C(C#N)=C(N)Oc3c2c(=O)oc2ccccc32)c2ccccc21;COC(=O)CN1C(=O)C2(c3ccccc31)c1c(c3ccccc3oc1=O)OC(=N)C2C#N
VHXIVONYTVLBSQ,2,JSXIWUDODLMCGG;VHXIVONYTVLBSQ,COc1c(O)cc2oc3cc(O)c(CCC(C)(C)O)c(O)c3c(=O)c2c1CC=C(C)C;COc1c(O)cc2oc3cc(O)c(CCC(C)(C)O)c(O)c3c(=O)c2c1C=CC(C)C
VIOJNMVMOZPCTD,2,ATJCYSYHWGQAET;VIOJNMVMOZPCTD,CCCCN1C(=O)C(=CC=CC2C(=O)N(CCCC)C(=O)N(CCCC)C2=O)C(=O)N(CCCC)C1=O;CCCCN1C(=O)C(=CC=Cc2c(O)n(CCCC)c(=O)n(CCCC)c2=O)C(=O)N(CCCC)C1=O
VJFMFFQSMRCQDR,2,CVWJKBJRSZXDIW;VJFMFFQSMRCQDR,COc1ccc(C2(O)c3c(ccc(C=CC4(C)CCC(C)(C)CO4)c3O)NC(=O)C2OC)cc1;COc1ccc(C2(O)c3c(O)c(=CCC4(C)CCC(C)(C)CO4)ccc3=NC(=O)C2OC)cc1
VJVONFQVSMCWDI,2,BJPSSVHNEGMBDQ;VJVONFQVSMCWDI,CC1=CC(=O)C2=C(C)CCC3C(C)C(=O)OC3C12;CC1=C2C(=O)CC(C)=C2C2OC(=O)C(C)C2CC1
VKDSLLAXPVZSPZ,2,AHMMSNQYOPMLSX;VKDSLLAXPVZSPZ,C=CCCCCCCCCC(=O)OC1CCC2C3CCC4=CC(=O)C=CC4(C)C3CCC12C;C=CCCCCCCCCC(=O)OC1CCC2C3CC=C4CC(=O)C=CC4(C)C3CCC12C
VKNRXGUDGPKLNP,2,VKNRXGUDGPKLNP;WCFIGQHNBJXROP,CC(CCC(=O)O)C1CCC2C3CCC4=CC(=O)CCC4(C)C3CCC12C;CC(CCC(=O)O)C1CCC2C3CC=C4CC(=O)CCC4(C)C3CCC12C
VKOYJFNWCXOZFA,2,QWKAHPGKRHHXIK;VKOYJFNWCXOZFA,CCOCCOC(=O)C1=C(C)NC2=C(C(=O)CCC2)C1c1cc(Cl)c(O)c(OC)c1;CCOCCOC(=O)C1=C(C)N=C2CCCC(=O)C2C1c1cc(Cl)c(O)c(OC)c1
VLCBZRQGQQTZDA,2,JKXUAFUJOVITSU;VLCBZRQGQQTZDA,C=CC(C)(C)C12CC3C(=O)NC(=Cc4cnc[nH]4)C(=O)N3C1=[N+]([O-])c1ccccc12;C=CC(C)(C)C12Cc3c(O)nc(Cc4c[nH]cn4)c(=O)n3C1=[N+]([O-])c1ccccc12
VLJSLKGPFCCILF,2,VLJSLKGPFCCILF;VUUONEBXXLQCQX,COc1cc(O)c2c(c1)C(=O)c1c(O)c(C)cc(O)c1C2=O;COc1cc(O)c2c(O)c3c(c(O)c2c1)C(=O)C(C)=CC3=O
VLLBCTKFTIILHS,2,CFRPSFYHXJZSBI;VLLBCTKFTIILHS,CCN(Cc1ccc(Cl)nc1)C(=C[N+](=O)[O-])NC;CCN(Cc1ccc(Cl)nc1)C(C[N+](=O)[O-])=NC
VLNDCCMULBOZDS,2,FMEUWIKCSICJBO;VLNDCCMULBOZDS,COC(=O)CC1CC2=C(C(=O)c3c(O)cccc3C2=O)C(C)O1;COC(=O)CC1C=C2C(=O)c3cccc(O)c3C(=O)C2C(C)O1
VLQPERKUCFNQMX,2,HQXAVJAVLMJBRC;VLQPERKUCFNQMX,CCCCCCCc1nc(C=CC(=O)NCC(=O)NC(C)C(=O)O)cs1;CCCCCCCc1nc(CCC(=O)N=CC(=O)NC(C)C(=O)O)cs1
VLRFNXYNPVLTFE,2,VLRFNXYNPVLTFE;XNBNKCLBGTWWSD,CC1=C(CCC(=O)O)c2cc3nc(cc4[nH]c(cc5[nH]c(cc1n2)c(C)c5CCC(=O)O)c(CCC(=O)O)c4C)C(CCC(=O)O)=C3C;CC1=C(CCC(=O)O)c2cc3[nH]c(cc4[nH]c(cc5nc(cc1n2)C(C)=C5CCC(=O)O)c(CCC(=O)O)c4C)c(CCC(=O)O)c3C
VLXPJVIFHLXJHW,2,VLXPJVIFHLXJHW;XTJNPXYDTGJZSA,O=C(CCN1C(=O)C2Cc3ccccc3CN2C1=O)NC(C(=O)O)c1ccccc1;O=C(CCn1c(O)c2n(c1=O)Cc1ccccc1C2)NC(C(=O)O)c1ccccc1
VMXKTYXAJWQPHC,2,FVHOUXKYAQHQLA;VMXKTYXAJWQPHC,C=C1NC(=O)C(C(C)O)NC(=O)C(C(C)C)NC(=O)C(C)C(O)C(C)C(CCCCCCCCC)OC1=O;CCCCCCCCCC1OC(=O)C(C)=NC(=O)C(C(C)O)NC(=O)C(C(C)C)NC(=O)C(C)C(O)C1C
ANPXUTLKCKWLGY,2,ANPXUTLKCKWLGY;AYRXSINWFIIFAE,O=CC(O)C(O)C(O)C(O)COC1OC(CO)C(O)C(O)C1O;O=C(C(O)CO)C(O)C(O)COC1OC(CO)C(O)C(O)C1O
ANZPTHKCKUKVBT,2,ANZPTHKCKUKVBT;CSATWRZOLKGPRW,O=C(c1ccc(O)c(C2OC(CO)C(O)C(O)C2O)c1O)C(O)Cc1ccc(O)cc1;O=C(Cc1ccc(O)cc1)C(O)c1ccc(O)c(C2OC(CO)C(O)C(O)C2O)c1O
VOGRWOYBWQNNOG,2,BRBKMOQVYCGFDN;VOGRWOYBWQNNOG,CCCCCOC(=O)C1=C(C)NC2=C(C(=O)CCC2)C1c1cc(Cl)c(O)c(OC)c1;CCCCCOC(=O)C1=C(C)N=C2CCCC(=O)C2C1c1cc(Cl)c(O)c(OC)c1
VORBHEGMEBOMMB,2,VCCUOZSDXVZCSK;VORBHEGMEBOMMB,CC1=C(CCC(=O)O)c2cc3nc(cc4[nH]c(cc5[nH]c(cc1n2)c(CCC(=O)O)c5C)c(CCC(=O)O)c4C)C(CCC(=O)O)=C3C;CC1=C(CCC(=O)O)c2cc3[nH]c(cc4nc(cc5[nH]c(cc1n2)c(CCC(=O)O)c5C)C(CCC(=O)O)=C4C)c(CCC(=O)O)c3C
VOWJZBALBBVYOP,2,IZUPUFJGTVBOJL;VOWJZBALBBVYOP,COc1ccc(C=NNC(=O)CCC2C(=O)NN=C2C)c(OC)c1;COc1ccc(C=NNC(=O)CCc2c(C)[nH][nH]c2=O)c(OC)c1
VPEJMHYFGCNXLM,2,DOMWKUIIPQCAJU;VPEJMHYFGCNXLM,CCCCCC(=O)OC1(C(C)=O)CCC2C3CCC4=CC(=O)CCC4(C)C3CCC21C;CCCCCC(=O)OC1(C(C)=O)CCC2C3CC=C4CC(=O)CCC4(C)C3CCC21C
VRDZGZBSHAOURN,2,KALPNLSEETUKEC;VRDZGZBSHAOURN,CCCCCC(O)CCC(=O)NNC1=CC(=O)CC(C)(C)C1;CCCCCC(O)CCC(=O)NN=C1CC(=O)CC(C)(C)C1
VRUITRJTRVWMKN,2,SLWWJZMPHJJOPH;VRUITRJTRVWMKN,O=C(O)C1=CC(=O)C(O)C(O)C1;O=C(O)C1CC(=O)C(O)C(=O)C1
VTIGLWKNOUGBFI,2,OSUWSLKXPZXDPE;VTIGLWKNOUGBFI,COc1cc(C2C(C(=O)OC3CCCCC3)=C(C)NC3=C2C(=O)CC(c2ccccc2)C3)cc(Cl)c1O;COc1cc(C2C(C(=O)OC3CCCCC3)=C(C)N=C3CC(c4ccccc4)CC(=O)C32)cc(Cl)c1O
VTWAJMQICXOMPU,2,CUESTXISHWZOQU;VTWAJMQICXOMPU,CCOC(=O)C1=C(N)Oc2c(c(=O)oc3ccccc23)C1c1ccc(F)cc1F;CCOC(=O)C1C(=N)Oc2c(c(=O)oc3ccccc23)C1c1ccc(F)cc1F
VTWNBHBLWRWSOB,2,CBGUOGMQLZIXBE;VTWNBHBLWRWSOB,CCC(=O)OC1(C(=O)CCl)C(C)CC2C3CCC4=CC(=O)C=CC4(C)C3(F)C(O)CC21C;CCC(=O)OC1(C(=O)CCl)C(C)CC2C3CC=C4CC(=O)C=CC4(C)C3(F)C(O)CC21C
VVAVVGQKUPQTAU,2,TYNNXAMDNHTMLY;VVAVVGQKUPQTAU,COc1ccc(C2c3[nH]c4ccccc4c3CC3C(=O)N(c4ccccc4C(=O)NCCN4CCOCC4)C(=O)N32)cc1;COc1ccc(C2c3[nH]c4ccccc4c3Cc3c(O)n(-c4ccccc4C(=O)NCCN4CCOCC4)c(=O)n32)cc1
AOAIVWHJDSQHEK,2,AOAIVWHJDSQHEK;QVKXLPAYTRZQOR,Cc1ccc(-c2[nH]c(C(=O)NCCCN3CCOCC3)cc3c4ccccc4nc2-3)cc1;Cc1ccc(-c2nc(C(=O)NCCCN3CCOCC3)cc3c2[nH]c2ccccc23)cc1
VWJKIJFMYOIFPH,2,PDAKXMIQFUHWQC;VWJKIJFMYOIFPH,COC1=CC(=O)C(C2COc3cc(O)ccc3C2)=CC1=O;COc1cc(O)c(C2=Cc3ccc(O)cc3OC2)cc1O
VWQKBXQRFVPFAL,2,VWQKBXQRFVPFAL;ZKFQEACEUNWPMT,CC1=C(C(=O)OC(C)C)C(c2cccc([N+](=O)[O-])c2)C(C(=O)OC2CN(C(c3ccccc3)c3ccccc3)C2)=C(N)N1;CC1=NC(=N)C(C(=O)OC2CN(C(c3ccccc3)c3ccccc3)C2)C(c2cccc([N+](=O)[O-])c2)C1C(=O)OC(C)C
VXIXUWQIVKSKSA,2,OWBBAPRUYLEWRR;VXIXUWQIVKSKSA,O=c1cc(O)c2ccccc2o1;O=c1cc(O)oc2ccccc12
AOAYAKUYKWFDSV,2,AOAYAKUYKWFDSV;DSIVFFWGRJVLEK,CCCOC(=O)C1=C(C)NC2=C(C(=O)CC(C)(C)C2)C1c1ccc(OC)c(Br)c1;CCCOC(=O)C1=C(C)N=C2CC(C)(C)CC(=O)C2C1c1ccc(OC)c(Br)c1
VYFRWSWBHXYENE,2,QXPOWGXRDUFAQW;VYFRWSWBHXYENE,CCC(C)C(=O)C1=C(O)C(CC=C(C)C)=C(O)C(CC=C(C)C)(CC=C(C)C)C1=O;CCC(C)C(=O)C1C(=O)C(CC=C(C)C)C(=O)C(CC=C(C)C)(CC=C(C)C)C1=O
VYIKEBWUZLHWQK,2,VEBVPUXQAPLADL;VYIKEBWUZLHWQK,CC1=CC23C(=O)C(C=C(CO)C(O)C2(O)C1O)C1C(CC3C)C1(C)C;CC1=CC23C(=O)C(=CC(CO)C(O)C2(O)C1O)C1C(CC3C)C1(C)C
VYUIAGTXCYOIMK,2,CRDNMYFJWFXOCH;VYUIAGTXCYOIMK,O=C1C(=C2C(O)=Nc3ccccc32)Nc2ccccc21;O=C1Nc2ccccc2C1=C1Nc2ccccc2C1=O;O=C1N=c2ccccc2=C1c1[nH]c2ccccc2c1O
VZCMBHSGEUJPSQ,2,SVEPZXBGWWNPEV;VZCMBHSGEUJPSQ,COCCOC(=O)C1=C(C)NC2=C(C(=O)CC(c3ccc(Cl)cc3)C2)C1c1ccc(O)c(OC)c1;COCCOC(=O)C1=C(C)N=C2CC(c3ccc(Cl)cc3)CC(=O)C2C1c1ccc(O)c(OC)c1
VZKYMUDKBYLYJH,2,OVMSOCFBDVBLFW;VZKYMUDKBYLYJH,CC(=O)OC1C(=O)C2(C)C(O)CC3OCC3(OC(C)=O)C2C(OC(=O)c2ccccc2)C2(O)CC(O)C(C)=C1C2(C)C;CC(=O)OC1=C2C(C)C(O)CC(O)(C(OC(=O)c3ccccc3)C3C4(OC(C)=O)COC4CC(O)C3(C)C1=O)C2(C)C
WAABTQYXHWIWME,2,KVAGRMDUXLYLAZ;WAABTQYXHWIWME,COC(=O)CC1C2(C)CC34OC5(C)OC6(C7C(=C(O)C(C)C)C(=O)OC(c8ccoc8)C7(C)C(OC(C)=O)C(OC(C)=O)C6(O5)C13C)C(OC(C)=O)C4(O)C2OC(=O)C(C)C;COC(=O)CC1C2(C)CC34OC5(C)OC6(C7C(C(=O)C(C)C)C(=O)OC(c8ccoc8)C7(C)C(OC(C)=O)C(OC(C)=O)C6(O5)C13C)C(OC(C)=O)C4(O)C2OC(=O)C(C)C
WAKRILTZXYOGMR,2,QKMSODBVRKUPMX;WAKRILTZXYOGMR,COC(=O)C1=C(C)NC2=C(C(=O)CC(C)(C)C2)C1c1cccc(Br)c1;COC(=O)C1=C(C)N=C2CC(C)(C)CC(=O)C2C1c1cccc(Br)c1
WBGUTGOSUBJTJZ,2,WBGUTGOSUBJTJZ;ZIXGXMMUKPLXBB,Cc1nccc2c(C)c3[nH]c4ccccc4c3cc12;Cc1[nH]ccc2c(C)c3nc4ccccc4c3cc12
WBNNEYYTBIRMIS,2,WBNNEYYTBIRMIS;YAADMLWHGMUGQL,O=C(O)CN=C(O)C=Cc1ccccc1;O=C(O)CNC(=O)C=Cc1ccccc1;O=C(O)C=NC(=O)CCc1ccccc1
WBRPZZGJPOGPJW,2,QDYWROGINJISOM;WBRPZZGJPOGPJW,O=C(O)CC1C(S(=O)(=O)O)=Nc2ccccc21;O=C(O)Cc1c(S(=O)(=O)O)[nH]c2ccccc12
WBTNVESPLHNWDI,2,NEAFOYGNZAYARY;WBTNVESPLHNWDI,O=C(O)C(=C1OC(=O)C(c2cc3c4c(c(O)cc(C5=C(O)C(=C(C(=O)O)c6ccc(O)cc6)OC5=O)c4c2)OC3=O)=C1O)c1ccc(O)cc1;O=C(O)C(=C1OC(=O)C(=c2cc(O)c3oc(O)c4cc(C5C(=O)OC(=C(C(=O)O)c6ccc(O)cc6)C5=O)cc2c43)C1=O)c1ccc(O)cc1
WBXPDJSOTKVWSJ,2,MSSJVBDQLOBSRB;WBXPDJSOTKVWSJ,Nc1nc(=O)c2c(CCc3ccc(C(=O)NC(CCC(=O)O)C(=O)O)cc3)c[nH]c2[nH]1;Nc1nc2[nH]cc(CCc3ccc(C(=O)NC(CCC(=O)O)C(=O)O)cc3)c2c(=O)[nH]1;NC1=NC(=O)C2C(CCc3ccc(C(=O)NC(CCC(=O)O)C(=O)O)cc3)=CN=C2N1
WCCMSLIJOUKMDX,2,HWZBNRRJNYXLRX;WCCMSLIJOUKMDX,CC1=C(C(=O)Nc2ccccc2C)C(c2ccccc2OCc2ccccc2)n2nnnc2N1;CC1=Nc2nnnn2C(c2ccccc2OCc2ccccc2)C1C(=O)Nc1ccccc1C
WCQRQXQYWZVZTQ,2,VFJXUDDNYBFDSQ;WCQRQXQYWZVZTQ,CC(CC(=O)OCC(O)C(O)C(O)C(O)C=O)C1CCC2C3C(O)CC4CC(O)CCC4(C)C3CCC12C;CC(CC(=O)OCC(=O)C(O)C(O)C(O)CO)C1CCC2C3C(O)CC4CC(O)CCC4(C)C3CCC12C
WCVGQOGBFWDYSI,2,RHYBFKMFHLPQPH;WCVGQOGBFWDYSI,CN1CC(=O)NC1=O;Cn1cc(O)[nH]c1=O
WDMDRKRMBPXZRD,2,BKSKRTICTRLOEE;WDMDRKRMBPXZRD,Cc1c(Cl)ccc2sc(N(Cc3ccccn3)C(=O)CN3C(=O)CCC3=O)nc12;Cc1c(Cl)ccc2sc(N(Cc3ccccn3)C(=O)Cn3c(O)ccc3O)nc12
WDZCUPBHRAEYDL,2,RISDZDVHYCURHD;WDZCUPBHRAEYDL,COC1C=COC2(C)Oc3c(C)c(O)c4c(O)c(c(C=NN5CCN(C6CCCC6)CC5)c(O)c4c3C2=O)NC(=O)C(C)=CC=CC(C)C(O)C(C)C(O)C(C)C(OC(C)=O)C1C;COC1C=COC2(C)Oc3c(C)c(O)c4c(c3C2=O)C(=O)C(=CNN2CCN(C3CCCC3)CC2)C(=C4O)N=C(O)C(C)=CC=CC(C)C(O)C(C)C(O)C(C)C(OC(C)=O)C1C
WESPTIIZSXIWBN,2,ALIUOMZWLHSXSX;WESPTIIZSXIWBN,COC(=O)C1=C(C)Nc2[nH]c(SC)nc(=O)c2C1c1ccc(F)cc1;COC(=O)C1C(C)=Nc2[nH]c(SC)nc(=O)c2C1c1ccc(F)cc1
WFMLBOGCJNOTRN,2,AOLLRBVQJZTTPF;WFMLBOGCJNOTRN,COC1=C(NC(CO)CCC(=O)O)CC(O)(CO)CC1=O;COC1C(=O)CC(O)(CO)CC1=NC(CO)CCC(=O)O
WFOGFGYRMNBDED,2,DVFXEUYOOYUTOA;WFOGFGYRMNBDED,COC1CC(OC2CCC3(C)C(CCC45OC46CC=C(C4=CC(=O)OC4)C6(C)CCC35)C2)OC(C)C1OC1OC(COC2OC(CO)C(O)C(O)C2O)C(O)C(O)C1O;COC1CC(OC2CCC3(C)C(CCC45OC46C=CC(=C4COC(=O)C4)C6(C)CCC35)C2)OC(C)C1OC1OC(COC2OC(CO)C(O)C(O)C2O)C(O)C(O)C1O
WGDSDEVOHGPQIH,2,WGDSDEVOHGPQIH;XIJJZKASKOJNGG,COc1cccc(C2NC(CCSC)(C(=O)O)C3C(=O)N(C(C)C)C(=O)C23)c1O;COc1cccc(C2NC(CCSC)(C(=O)O)c3c2c(O)n(C(C)C)c3O)c1O
WGGAGOVRNJBQHV,2,RDNRFMJRXXIZHQ;WGGAGOVRNJBQHV,CCOc1cc(C2C(C(=O)OCCc3ccccc3)=C(C)NC3=C2C(=O)CC(c2ccc(OC)cc2)C3)ccc1O;CCOc1cc(C2C(C(=O)OCCc3ccccc3)=C(C)N=C3CC(c4ccc(OC)cc4)CC(=O)C32)ccc1O
WGIMZJFXUGTVFX,2,GKLSYIMLZDYQBJ;WGIMZJFXUGTVFX,CC1OC(c2c(O)cc3oc(-c4ccc(O)c(O)c4)cc(=O)c3c2O)C(OC2OC(C)C(O)C(O)C2O)C(O)C1=O;CC1OC(c2c(O)cc3oc(-c4ccc(O)c(O)c4)cc(=O)c3c2O)C(OC2OC(C)C(O)C(O)C2O)C(=O)C1O
WHSNBMNJZGUJNY,2,DRLPGCQGNAWWNH;WHSNBMNJZGUJNY,CC1=C(C(=O)OC(C)C)C(c2cccnc2)n2nnnc2N1;CC1=Nc2nnnn2C(c2cccnc2)C1C(=O)OC(C)C
WIFGZLGRSMDKBI,2,NNCYWYKIMLRIRQ;WIFGZLGRSMDKBI,C=CC(C)(C)C12CC3C(=O)NC(=Cc4cnc[nH]4)C(=O)N3C1N(O)c1ccccc12;C=CC(C)(C)C12Cc3c(O)nc(Cc4c[nH]cn4)c(=O)n3C1N(O)c1ccccc12
WIGUUKSQPAOWFS,2,WBQVRPYEEYUEBQ;WIGUUKSQPAOWFS,CC1(C(=O)O)CCC2(C)CCC3(C)C(=CC(=O)C4C5(C)CCC(OC6OC(C(=O)O)C(O)C(O)C6OC6OC(C(=O)O)C(O)C(O)C6O)C(C)(CO)C5CCC43C)C2C1;CC1(C(=O)O)CCC2(C)CCC3(C)C(=C2C1)CC(=O)C1C2(C)CCC(OC4OC(C(=O)O)C(O)C(O)C4OC4OC(C(=O)O)C(O)C(O)C4O)C(C)(CO)C2CCC13C
WIYDXFMKMCTETB,2,WIYDXFMKMCTETB;XQJFWXFZEDKVQR,CC(C)=CC(O)C12OC1C(=O)C1=C(C2=O)C2OC(C)C1C1C(C)OC=C3C(=O)C4(C(O)C=C(C)C)OC4C(=O)C321;CC(C)=CC(O)C12OC1C(=O)C13C(=COC(C)C1=C1C(C)OC3C3C(=O)C4(C(O)C=C(C)C)OC4C(=O)C13)C2=O
WJEJCVRLKIJBHP,2,WJEJCVRLKIJBHP;WZYGIALDVOKLLL,CC(=O)OC12C(O)C(C)C3(O)C4C=C(C)C(=O)C4CC(CO)=CC3C1C2(C)C;CC(=O)OC12C(O)C(C)C3(O)C4=C(CC(CO)=CC3C1C2(C)C)C(=O)C(C)C4
WJFKNYWRSNBZNX,2,QWXDTDWOYQPERX;WJFKNYWRSNBZNX,c1ccc2c(c1)Nc1ccccc1S2;C1=CCC2=Nc3ccccc3SC2=C1
WJLHDYQXCJXZGV,2,JFACETXYABVHFD;WJLHDYQXCJXZGV,COC(=O)C1(C)CCC2(C)CCC3(C)C4=CC=C5C(=CC(=O)C(O)=C5C)C4(C)CCC3(C)C2C1;C=c1c(O)c(O)cc2c1=CC=C1C2(C)CCC2(C)C3CC(C)(C(=O)OC)CCC3(C)CCC12C
WJRIHWQHXZEYMP,2,QTTRZHGPGKRAFB;WJRIHWQHXZEYMP,CCC(=O)C1(C)C(C)CC2C3CCC4=CC(=O)C=CC4(C)C3C(O)CC21C;CCC(=O)C1(C)C(C)CC2C3CC=C4CC(=O)C=CC4(C)C3C(O)CC21C
WKCRUNZKPXFFDM,2,LTEYADKCUWEHSA;WKCRUNZKPXFFDM,CC(C)=CCCC(C)=CCCC(C)=CCc1c(O)cc2c(c1O)CN(C(CCC(=O)O)C(=O)O)C2=O;CC(C)=CCCC(C)=CCC=C(C)CCc1c(O)cc2c(c1O)CN(C(CCC(=O)O)C(=O)O)C2=O
WKDDQPXIVLZWNA,2,WKDDQPXIVLZWNA;WSMUAKDGOFXEQI,CC(C)OC(=O)C1=C(N)Oc2c(oc(CO)cc2=O)C1c1ccc(F)cc1;CC(C)OC(=O)C1C(=N)Oc2c(oc(CO)cc2=O)C1c1ccc(F)cc1
WKGCJHQTTONMMB,2,WKGCJHQTTONMMB;ZFZBFXBVBCLQPB,Cc1ccc(C)c(N2C(=O)CSC2=NNC(=O)c2ccccc2Cl)c1;Cc1ccc(C)c(-n2c(O)csc2=NNC(=O)c2ccccc2Cl)c1
WKSNGSPNQSMRBC,2,RLAKWLFUMAABBE;WKSNGSPNQSMRBC,CCC1C2CCN3CCC4(C(=C2C(=O)OC)Nc2ccccc24)C13;CCC1C2CCN3CCC4(C(=Nc5ccccc54)C2C(=O)OC)C13
WKUWAQXQTDLVJH,2,CRULJZWXPCYLAC;WKUWAQXQTDLVJH,CC1CC(=O)C2=C(CCC3(O)C2C(=O)c2cccc(O)c2C3O)C1;CC1=CC(=O)C2C(CCC3(O)C(O)c4c(O)cccc4C(=O)C23)C1
AOINGWZOAGFDOX,2,AOINGWZOAGFDOX;HCEOBGUNTZPXLG,Cc1csc(NC(=O)C2=C(O)c3sc(Cl)cc3S(=O)(=O)N2C)n1;Cc1csc(NC(=O)C2C(=O)c3sc(Cl)cc3S(=O)(=O)N2C)n1
WMFHEWNJOMOXAR,2,SRNHKDNMPLHNHG;WMFHEWNJOMOXAR,COc1cc(C2C3=C(CC(C)(C)CC3=O)Nc3nc(O)nc(O)c32)cc(OC)c1OC;COc1cc(C2c3c([nH]c(=O)[nH]c3=O)N=C3CC(C)(C)CC(=O)C32)cc(OC)c1OC
WMFIVEOMXKWTHY,2,WMFIVEOMXKWTHY;XRTOJGYRPZUDFW,C=C1C(O)CC2C(C)(C)CCCC2(C)C1CC1C(C)=CCC2C(=O)C(OC)=CC(=O)C21c1cc(=O)c2c(O)cc(O)cc2o1;C=C1C(O)CC2C(C)(C)CCCC2(C)C1CC1=C(C)C=CC2C(=O)C(OC)CC(=O)C12c1cc(=O)c2c(O)cc(O)cc2o1
WMVWPJIJIHCNGW,2,FNOWZTMNFWPNII;WMVWPJIJIHCNGW,CCOC(=O)C1=C(C)NC2=C(C(=O)CC(c3ccc(Cl)cc3)C2)C1c1cc(OC)c(OC)c(OC)c1;CCOC(=O)C1=C(C)N=C2CC(c3ccc(Cl)cc3)CC(=O)C2C1c1cc(OC)c(OC)c(OC)c1
WNBGTUQXDOGCKQ,2,FUFYDKWEAXYOHH;WNBGTUQXDOGCKQ,CC(C)OC(=O)C1=C(N)Oc2c(oc(CO)cc2=O)C1c1ccc(Cl)cc1;CC(C)OC(=O)C1C(=N)Oc2c(oc(CO)cc2=O)C1c1ccc(Cl)cc1
WNMRORWUEHFXFW,2,JKARNFYYDVTNBI;WNMRORWUEHFXFW,COCCOC(=O)C1=C(C)NC2=C(C(=O)CCC2)C1c1cc(Br)c(O)c(OC)c1;COCCOC(=O)C1=C(C)N=C2CCCC(=O)C2C1c1cc(Br)c(O)c(OC)c1
WNXGSGNHXNGWEI,2,UJQFPCFWOKPURJ;WNXGSGNHXNGWEI,COc1cc2c(c(OC)c1O)C(c1ccc(O)cc1)C1C(=O)OC3C(COC(=O)C1=C2)OC(CO)(OC1OC(COC(=O)C=Cc2ccc(OC4OC(C)C(O)C(O)C4O)cc2)C(O)C(O)C1O)C3O;COc1cc2cc3c(c(-c4ccc(O)cc4)c2c(OC)c1O)=C(O)OC1C(COC=3O)OC(CO)(OC2OC(COC(=O)C=Cc3ccc(OC4OC(C)C(O)C(O)C4O)cc3)C(O)C(O)C2O)C1O
WOJBAMBWWYIQHQ,2,NWIBSHFKIJFRCO;WOJBAMBWWYIQHQ,COC12C(COC(=N)O)C3=C(C(=O)C(C)=C(N)C3=O)N1CC1NC12;COC12C(COC(N)=O)C3=C(C(=O)C(C)=C(N)C3=O)N1CC1NC12;C=c1c(N)c(O)c2c(c1O)N1CC3NC3C1(OC)C=2COC(N)=O
WOQYMYPQXQHYGO,2,HJOUSWJOPKLCGA;WOQYMYPQXQHYGO,NC=C1Cc2ccccc2C1=O;N=CC1Cc2ccccc2C1=O
WORZGLFLDFSMGN,2,VSLVXHGVRYHBFZ;WORZGLFLDFSMGN,CCCc1[nH]nc2c1C(c1ccc(O)cc1)C(C#N)=C(N)O2;CCCc1[nH]nc2c1C(c1ccc(O)cc1)C(C#N)C(=N)O2
WPRYMXOIJPFHMI,2,FFIYJDUOKQDRJD;WPRYMXOIJPFHMI,CC(C)OC(=O)C1=C(N)Oc2c(oc(CO)cc2=O)C1c1ccc(Cl)c(Cl)c1;CC(C)OC(=O)C1C(=N)Oc2c(oc(CO)cc2=O)C1c1ccc(Cl)c(Cl)c1
WQAWQYRINDKAJN,2,GYNFYIJDZOWNDK;WQAWQYRINDKAJN,COc1ccc(C=C2NC(=O)C3Cc4ccccc4CN3C2=O)cc1;COc1ccc(Cc2nc(O)c3n(c2=O)Cc2ccccc2C3)cc1
WQIMATWNKGZYDA,2,NLQOUEKNYYLECS;WQIMATWNKGZYDA,CC1(C)CC(=O)C2=C(C1)Nc1ccccc1NC2c1ccc(OCc2ccc(Br)cc2)cc1;CC1(C)CC(=O)C2C(=Nc3ccccc3NC2c2ccc(OCc3ccc(Br)cc3)cc2)C1
WQYBGRXDMAPWKE,2,WQYBGRXDMAPWKE;YYASEJLMBGRAMO,Cc1ccc(C)c(C2C(C#N)=C(N)Oc3c2oc(CO)cc3=O)c1;Cc1ccc(C)c(C2c3oc(CO)cc(=O)c3OC(=N)C2C#N)c1
WRKKCJOHOLQFBB,2,GWPFFRCJJVYBJB;WRKKCJOHOLQFBB,COc1cc(C2C(C(=O)OC(C)C)=C(C)NC3=C2C(=O)CCC3)cc(Br)c1O;COc1cc(C2C(C(=O)OC(C)C)=C(C)N=C3CCCC(=O)C32)cc(Br)c1O
WRLVHADVOGFZOZ,2,KOCVKGYKBLJEPK;WRLVHADVOGFZOZ,CCOc1ccccc1NN=C1C(=O)N(c2nc(-c3ccccc3)cs2)N=C1C;CCOc1ccccc1N=Nc1c(C)[nH]n(-c2nc(-c3ccccc3)cs2)c1=O
WRLXUWIFBRERLU,2,JGZDPLNVUOFETD;WRLXUWIFBRERLU,C=C(C(=O)OC)C1CC=C2C=CC(=O)C(C)C2(C)C1;C=C(C(=O)OC)C1C=CC2=CCC(=O)C(C)C2(C)C1
WSSHUBQPIWIVLK,2,DQBXBQIOPVLJEV;WSSHUBQPIWIVLK,CC(=CC(=O)O)C=C(C)CC(C)CCCCC(O)C(CO)C(=O)OC(CCCCC(C)CC(C)=CC(C)=CC(=O)O)C(CO)C(=O)O;CC(=CC(=O)O)C=C(C)CC(C)CCCCC(O)C(CO)C(=O)OC(CCCCC(C)C=C(C)C=C(C)CC(=O)O)C(CO)C(=O)O
WSXOTZSBAUZPRW,2,HWCFNAAYDFUGQA;WSXOTZSBAUZPRW,COc1cccc(C(C2C(=O)N(c3ccccc3)N=C2C)C2C(=O)N(c3ccccc3)N=C2C)c1OC;COc1cccc(C(c2c(C)[nH]n(-c3ccccc3)c2=O)c2c(C)[nH]n(-c3ccccc3)c2=O)c1OC
WTBZNVRBNJWSPF,2,IXQKXEUSCPEQRD;WTBZNVRBNJWSPF,CC(=O)OC(C)(C)C=CC(=O)C(C)(O)C1C(O)CC2(C)C3CC=C4C(CC(O)C(=O)C4(C)C)C3(C)C(=O)CC12C;CC(=O)OC(C)(C)C=CC(=O)C(C)(O)C1C(O)CC2(C)C3CC=C4C(CC(=O)C(O)C4(C)C)C3(C)C(=O)CC12C
WTLUJIVZBFRIFT,2,NXFICBFQXYEHSU;WTLUJIVZBFRIFT,COc1ccc(C(=O)NC(=Cc2ccco2)C(O)=NCCc2c(C)[nH]c3ccccc23)cc1;COc1ccc(C(=O)N=C(Cc2ccco2)C(=O)NCCc2c(C)[nH]c3ccccc23)cc1
WTRSDYASGDJGGB,2,OBZHEBDUNPOCJG;WTRSDYASGDJGGB,CC1(C(=O)O)CCC2(C)CCC3(C)C(=CC(=O)C4C5(C)CCC(OC(=O)CCC(=O)O)C(C)(C)C5CCC43C)C2C1;CC1(C(=O)O)CCC2(C)CCC3(C)C(=C2C1)CC(=O)C1C2(C)CCC(OC(=O)CCC(=O)O)C(C)(C)C2CCC13C
WTZMCRZWAXADAJ,2,IWRPVTXREVYBHT;WTZMCRZWAXADAJ,CC(=O)OC1CC2(C)C(C(C)=O)CCC2C2CCC3=CC(=O)CCC3(C)C12;CC(=O)OC1CC2(C)C(C(C)=O)CCC2C2CC=C3CC(=O)CCC3(C)C12
WUQMVSOZWZOUJR,2,AZFLJNIPTRTECV;WUQMVSOZWZOUJR,CC12CCC3=C4CCC(=O)C=C4CCC3C1CCC2(O)CC#N;CC12CC=C3C4=C(CCC3C1CCC2(O)CC#N)CC(=O)CC4
WUVPHPUDYOVMOE,2,NGHMDNPXVRFFGS;WUVPHPUDYOVMOE,O=CC(O)C(O)COP(=O)(O)O;O=C(CO)C(O)COP(=O)(O)O
WVPWKABOGNLBHJ,2,PZSOXNOGNYAAIA;WVPWKABOGNLBHJ,CC(C)OC(=O)C1=C(N)Oc2c(oc(CO)cc2=O)C1c1ccccc1[N+](=O)[O-];CC(C)OC(=O)C1C(=N)Oc2c(oc(CO)cc2=O)C1c1ccccc1[N+](=O)[O-]
WWZKSWOOWPHMJO,2,JDOFCMASVRMYJU;WWZKSWOOWPHMJO,CC=C1CN2CCC34C(=C(C=O)C1CC23)Nc1c(O)cccc14;CC=C1CN2CCC34C(=Nc5c(O)cccc53)C(C=O)C1CC24
AOQVEWHCTJBXCU,2,AOQVEWHCTJBXCU;FWHAYHIGJSFGKO,COC(=O)C1(Cc2ccc(O)c(CC3OC3(C)C)c2)OC(=O)C(O)=C1c1ccc(O)cc1;COC(=O)C1(Cc2ccc(O)c(CC3OC3(C)C)c2)OC(=O)C(=O)C1c1ccc(O)cc1
WYACCFLKLIFATH,2,NDBXXDZBQSWCQS;WYACCFLKLIFATH,COC(=O)C1=C(C)NC2=C(C(=O)CC(c3ccccc3)C2)C1c1cc(Br)c(O)c(OC)c1;COC(=O)C1=C(C)N=C2CC(c3ccccc3)CC(=O)C2C1c1cc(Br)c(O)c(OC)c1
WYBSDRCRKPVVIO,2,NODOLTRBPIFGCQ;WYBSDRCRKPVVIO,C=C1C=CC(=O)N(C)CC(=O)NC(C(O)C(N)=O)C(=O)OC(C(C)CCCCCCCCCCCC(C)C)C(C)C(=O)N1;CC1=NC(=O)C(C)C(C(C)CCCCCCCCCCCC(C)C)OC(=O)C(C(O)C(N)=O)NC(=O)CN(C)C(=O)C=C1
WYUBBSNEBJLQEC,2,NBONCKXCKGSEAW;WYUBBSNEBJLQEC,Cc1ccc(-c2[nH]c(C(=O)NCC3CCCO3)cc3c4ccccc4nc2-3)cc1;Cc1ccc(-c2nc(C(=O)NCC3CCCO3)cc3c2[nH]c2ccccc23)cc1
WYYCRMBIYYRAEW,2,PSGAAPLEWMOORI;WYYCRMBIYYRAEW,CC(=O)OC1(C(C)=O)CCC2C3CC(C)C4=CC(=O)CCC4(C)C3CCC21C;CC(=O)OC1(C(C)=O)CCC2C3CC(C)=C4CC(=O)CCC4(C)C3CCC21C
WZUVPPKBWHMQCE,2,WZUVPPKBWHMQCE;XBCJEYVXBQTRTC,Oc1cc2c(cc1O)C1c3ccc(O)c(O)c3OCC1(O)C2;OC1=C2OCC3(O)Cc4cc(O)c(O)cc4C3=C2C=CC1O
WZXZCWIUJRKDJF,2,UWFYSQMTEOIJJG;WZXZCWIUJRKDJF,CC(=O)OC1(C(C)=O)CCC2C3C=C(Cl)C4=CC(=O)C5CC5C4(C)C3CCC21C;CC(=O)OC1(C(C)=O)CCC2C3=CC(Cl)=C4CC(=O)C5CC5C4(C)C3CCC21C
XAZPNSLYTZIMDK,2,SVAPNKGLWRWWCI;XAZPNSLYTZIMDK,CCCC=CC=CC(=O)OC1C(C)C2(O)C3C=C(C)C(=O)C3CC(CO)=CC2C2C(C)(C)C12OC(=O)C(C)C;CCC=CC=CCC(=O)OC1C(C)C2(O)C3=C(CC(CO)=CC2C2C(C)(C)C12OC(=O)C(C)C)C(=O)C(C)C3
XCBHMJTVVTTXDG,2,RRJWTPLXCYHWGJ;XCBHMJTVVTTXDG,COc1ccc(C2c3[nH]c4ccccc4c3CC3C(=O)N(c4ccccc4C(=O)N4CCCC4C(=O)O)C(=O)N32)cc1;COc1ccc(C2c3[nH]c4ccccc4c3Cc3c(O)n(-c4ccccc4C(=O)N4CCCC4C(=O)O)c(=O)n32)cc1
XCISMQWGDMQWLH,2,CEIJFEGBUDEYSX;XCISMQWGDMQWLH,O=C1C2C3CCC(C3)C2C(=O)N1CCCCN1CCN(c2ncccn2)CC1;Oc1c2c(c(O)n1CCCCN1CCN(c3ncccn3)CC1)C1CCC2C1
XCMZGQJJDQTOFP,2,JUPMMNDREQFFNZ;XCMZGQJJDQTOFP,CCc1[nH]nc2c1C(c1cc(OC)c(O)c(OC)c1)C(C#N)=C(N)O2;CCc1[nH]nc2c1C(c1cc(OC)c(O)c(OC)c1)C(C#N)C(=N)O2
XCNXJOHPTPBHDH,2,MYSSQNMFYDHCAT;XCNXJOHPTPBHDH,CC(C)=CCCC(C)=CCCC(C)=CCCC(C)=CCc1cc(O)cc(O)c1O;CC(C)=CCCC(C)=CCCC(C)=CCC=C(C)CCc1cc(O)cc(O)c1O
XDBBLKMHMDEXQZ,2,PNARHJLMOIEDMU;XDBBLKMHMDEXQZ,O=C(O)C1CCCN1C(=O)CCCCCN1C(=O)C2Cc3ccccc3CN2C1=O;O=C(O)C1CCCN1C(=O)CCCCCn1c(O)c2n(c1=O)Cc1ccccc1C2
XDCXPGDZRUKNFH,2,DYHGLPLHYDTWHF;XDCXPGDZRUKNFH,COC(=O)C1=C(C(=O)OC)N(c2ccc(F)cc2)C(N)=C(C#N)C1c1ccc(O)c(OC)c1;COC(=O)C1=C(C(=O)OC)N(c2ccc(F)cc2)C(=N)C(C#N)C1c1ccc(O)c(OC)c1
XDGGRVRWPUPASG,2,RHOLSEMRDFGQCE;XDGGRVRWPUPASG,Cc1cccc(N=C(O)CN2C(=O)C(=Cc3cc4c(cc3Cl)OCO4)N=C2O)c1;Cc1cccc(NC(=O)CN2C(=O)N=C(Cc3cc4c(cc3Cl)OCO4)C2=O)c1
XDTGIHZXYQBYAM,2,SAUXNHFIRMCZCG;XDTGIHZXYQBYAM,CC1(C)OC2=C(C(=O)c3cc(O)cc(O)c3C2=O)C2C=C(CO)C(O)CC21;CC1(C)Oc2c(c(O)c3cc(O)cc(O)c3c2O)C2=C1CC(O)C(CO)=C2
XFACKNXYVCZINV,2,IIMPGJMHQMBXKL;XFACKNXYVCZINV,COC(=O)C1=C2Nc3ccccc3C23CCN2CC4(CC5CC67CCOC6CCN6CCC8(c9cccc(OC)c9N(C4)C58O)C67)C4OCCC4(C1)C23;COC(=O)C1CC23CCOC2C2(CC4CC56CCOC5CCN5CCC7(c8cccc(OC)c8N(C2)C47O)C56)CN2CCC4(C1=Nc1ccccc14)C23
XFHLIKVWUURUNF,2,XDGRXQNYJMQLPU;XFHLIKVWUURUNF,COC(=O)C1=C2Nc3ccccc3C23CCN2CC=CC(C(C)O)(C1)C23;COC(=O)C1CC2(C(C)O)C=CCN3CCC4(C1=Nc1ccccc14)C32
XFVQIVAAMLIGHF,2,VXIMPSPISRVBPZ;XFVQIVAAMLIGHF,CC(=O)C1(O)CCC2C3C=C(C)C4=CC(=O)CCC4(C)C3CCC21C;CC(=O)C1(O)CCC2C3=CC(C)=C4CC(=O)CCC4(C)C3CCC21C
XGKDMDXQWVVBJO,2,SHUGUJZESGPCLW;XGKDMDXQWVVBJO,CC(C)Oc1ccccc1C1Nc2ccccc2NC2=C1C(=O)CC(c1ccccc1Cl)C2;CC(C)Oc1ccccc1C1Nc2ccccc2N=C2CC(c3ccccc3Cl)CC(=O)C21
XGVBNFXVLFKPCO,2,XGVBNFXVLFKPCO;YWLXLRUDGLRYDR,CC(=O)OC12COC1CC(O)C1(C)C(=O)C(O)C3=C(C)C(O)CC(O)(C(OC(=O)c4ccccc4)C21)C3(C)C;CC(=O)OC12COC1CC(O)C1(C)C(=O)C(=O)C3C(C)C(O)CC(O)(C(OC(=O)c4ccccc4)C21)C3(C)C
XHFARPUAMCYXFV,2,NIRXBXIPHUTNNI;XHFARPUAMCYXFV,Cc1[nH]c2ccc(F)cc2c1-c1nc2c3cccnc3c3ncccc3c2[nH]1;Cc1[nH]c2ccc(F)cc2c1-c1nc2c3cccnc3c3[nH]cccc3c2n1
AORFRIVRBPWSKR,2,AORFRIVRBPWSKR;YAFVVJNTIALWDB,C=C1C2CC3(C1O)C1CC4C5(C)CCC(O)C4(C3CC2=O)C1[N+]([O-])(CC)C5;CC[N+]1([O-])CC2(C)CCC(O)C34C2CC(C31)C12CC(=C(C)C1O)C(=O)CC24
XJFGLAISLKVAAO,2,JJGYRVZPUJUFTR;XJFGLAISLKVAAO,CC1=CC(=O)C2C(C)(C)CCCC2(C)C1CCC(C)CC(=O)O;CC1=C(CCC(C)CC(=O)O)C2(C)CCCC(C)(C)C2C(=O)C1
XJUYNUJPENMKRE,2,MPMJLHQXZNLSCP;XJUYNUJPENMKRE,CC1=CC2C=C(C)C(C)C3C(CC(C)C)N=C(O)C23OC(=O)CCC(O)C(=O)CC1;CC1=CC2C=C(C)C(C)C3C(CC(C)C)NC(=O)C23OC(=O)CCC(O)C(=O)CC1;CC1=CC2C=C(C)C(C)C3C(CC(C)C)NC(=O)C23OC(=O)CCC(=O)C(O)CC1
XKADXMVEJKZZNL,2,GXHBCWCMYVTJOW;XKADXMVEJKZZNL,CC12CCC3C4CCC(=O)C(O)=C4CCC3C1CCC2O;CC12CCC3C4CCC(=O)C(=O)C4CCC3C1CCC2O
XKAJMMORMOVNEE,2,KICOQGUOSKQVSW;XKAJMMORMOVNEE,CC(C)=CCC(=O)C(C)=CCCC(C)=CCCc1ccoc1;CC(=CCCc1ccoc1)CC=CC(C)C(=O)C=CC(C)C
XKBHXDANGNWXFJ,2,BMCQMVFGOVHVNG;XKBHXDANGNWXFJ,CCCC(=O)OC1(C(=O)CO)CCC2C3CCC4=CC(=O)CCC4(C)C3C(O)CC21C;CCCC(=O)OC1(C(=O)CO)CCC2C3CC=C4CC(=O)CCC4(C)C3C(O)CC21C
XKMCLFPLDZSLPV,2,VUVRJTZUWRRVRL;XKMCLFPLDZSLPV,COc1cc(C2C(C#N)=C(N)OC3=C2C(=O)CCC3)cc2c1OCO2;COc1cc(C2C(C#N)C(=N)OC3=CCCC(=O)C32)cc2c1OCO2
XLZSOKNJGJHHTR,2,FAZIYUIDUNHZRG;XLZSOKNJGJHHTR,CC1=C(C)C(=O)OC(C(C)C2(O)CCC3C4C5OC5C5(O)CC=CC(=O)C5(C)C4CCC32C)C1;CC1=C(C)C(=O)OC(C(C)C2(O)CCC3C4C5OC5C5(O)C=CCC(=O)C5(C)C4CCC32C)C1
XMBCOGDMFFFHKX,2,MERDNJKHMKQNFC;XMBCOGDMFFFHKX,CCC(C)C(OC(C)=O)C(C)C1=CC(=O)C2=C(OC3C(C)CC4OC(C(C)(C)O)CCC4(C)C3C2O)C1=O;C=C(c1cc(O)c2c(c1O)OC1C(C)CC3OC(C(C)(C)O)CCC3(C)C1C2O)C(OC(C)=O)C(C)CC
XMCBOCAVAMBINC,2,DRSFVGQMPYTGJY;XMCBOCAVAMBINC,CCC(=O)OC1(C(C)=O)CCC2C3CCC4=CC(=O)C=CC4(C)C3C(O)CC21C;CCC(=O)OC1(C(C)=O)CCC2C3CC=C4CC(=O)C=CC4(C)C3C(O)CC21C
XMLLPNNBUDCDLX,2,AMAOXEGBJHLCSF;XMLLPNNBUDCDLX,CCC1NC(=O)N(c2ccc(Oc3ccc(C)c(OC)c3)nc2)C1=O;CCc1[nH]c(=O)n(-c2ccc(Oc3ccc(C)c(OC)c3)nc2)c1O
XMYXXFPKFWSFBU,2,OZRNSSUDZOLUSN;XMYXXFPKFWSFBU,Nc1nc(=O)c2c([nH]1)NCC(CNc1ccc(C(=O)NC(CCC(=O)O)C(=O)O)cc1)=N2;N=c1nc(O)c2c([nH]1)NCC(CNc1ccc(C(=O)NC(CCC(=O)O)C(=O)O)cc1)=N2;Nc1nc(=O)c2c([nH]1)N=CC(CNc1ccc(C(=O)NC(CCC(=O)O)C(=O)O)cc1)N2
XNABSBUEFUKYDV,2,XNABSBUEFUKYDV;ZVVZLQBYQRVNQJ,CC(=O)C1=C(C)NC(C)CC1=O;CC(=O)C1C(=O)CC(C)N=C1C
XNAWUDONOGZGEH,2,PQXKDMSYBGKCJA;XNAWUDONOGZGEH,O=C1C2C3CCC(C3)C2C(=O)N1CC1CCCCC1CN1CCN(c2nsc3ccccc23)CC1;Oc1c2c(c(O)n1CC1CCCCC1CN1CCN(c3nsc4ccccc34)CC1)C1CCC2C1
XNMUPDICNYMLBM,2,ALEXXDVDDISNDU;XNMUPDICNYMLBM,CC(=O)OCC(=O)C1(O)CCC2C3CCC4=CC(=O)CCC4(C)C3C(O)CC21C;CC(=O)OCC(=O)C1(O)CCC2C3CC=C4CC(=O)CCC4(C)C3C(O)CC21C
XNPGJLFSSITLAB,2,CMQPZLBLUZFQMT;XNPGJLFSSITLAB,Cc1cccc2c1N=C(O)C21C(C#N)=C(N)Oc2c1c(=O)oc1ccccc21;Cc1cccc2c1NC(=O)C21c2c(c3ccccc3oc2=O)OC(=N)C1C#N
XNWCYVSWOUVAPW,2,WSRZQBTZCCBWOL;XNWCYVSWOUVAPW,NC(CC(=O)c1cccc2c1Nc1c(cc(O)c3[nH]c(C(=O)O)cc(=O)c13)O2)C(=O)O;NC(CC(=O)c1cccc2oc3cc(=O)c4[nH]c(=C(O)O)cc(O)c4c3nc12)C(=O)O
XPMQJVHMFLZDSA,2,XPMQJVHMFLZDSA;YIMHGPSYDOGBPI,CC1CCC2(C)CCC3(C)C(=CC(=O)C4C5(C)CCC(O)C(C)(C(=O)O)C5CCC43C)C2C1C;CC1CCC2(C)CCC3(C)C(=C2C1C)CC(=O)C1C2(C)CCC(O)C(C)(C(=O)O)C2CCC13C
XPQROUHKUWZVKY,2,DFURSNCTQGJRRX;XPQROUHKUWZVKY,CC(=C1C(=O)Nc2ccc(NC(N)=O)cc21)c1ccc[nH]1;C=C(c1ccc[nH]1)c1c(O)[nH]c2ccc(NC(N)=O)cc12
XPVCTYBEMXTTJO,2,AWVMHXZWAKRDGG;XPVCTYBEMXTTJO,CC1=C(CO)C(=O)OC(C(C)C2CCC3C4C5OC5C5(O)CC=CC(=O)C5(C)C4CCC23C)C1;CC1=C(CO)C(=O)OC(C(C)C2CCC3C4C5OC5C5(O)C=CCC(=O)C5(C)C4CCC23C)C1
XPWNRECAMQNDNB,2,PGERTGWKXFAEFR;XPWNRECAMQNDNB,O=C1C=CC2=C3c4cc(O)c(O)cc4CC3(O)COC2=C1;Oc1ccc2c(c1)OCC1(O)C=c3cc(O)c(O)cc3=C21
XPZQPVYGEOEOKS,2,SGXXNSQHWDMGGP;XPZQPVYGEOEOKS,CNC(=C[N+](=O)[O-])NCCSCc1csc(CN(C)C)n1;CN=C(C[N+](=O)[O-])NCCSCc1csc(CN(C)C)n1
XQRVCODIGHFXKQ,2,JLOXTZFYJNCPIS;XQRVCODIGHFXKQ,N#CC(C(=N)Sc1ccc(N)cc1)c1ccccc1C(F)(F)F;N#CC(=C(N)Sc1ccc(N)cc1)c1ccccc1C(F)(F)F
XQTMRVIDFHDROA,2,XQTMRVIDFHDROA;XZDJHXFLHVJPMG,CC(C=CC(=O)NCC(=O)O)C1CCC2C3C(O)C(O)C4CC(O)CCC4(C)C3CCC12C;CC(CCC(=O)N=CC(=O)O)C1CCC2C3C(O)C(O)C4CC(O)CCC4(C)C3CCC12C
XRSKAICFHVAEAV,2,XIWMRKFKSRYSIJ;XRSKAICFHVAEAV,CC(C)CCCC(C)C1CCC2C3C=CC4=CC(=O)CCC4(C)C3CCC12C;CC(C)CCCC(C)C1CCC2C3=CC=C4CC(=O)CCC4(C)C3CCC21C
XRVOHZOREFBBDX,2,FOSYZKSOJUQLTD;XRVOHZOREFBBDX,CC1=CC2C(=O)C3(C=C(C)C(O)C3(O)C1O)C(C)CC1C2C1(C)C;CC1=CC23C(=O)C(=CC(C)C(O)C2(O)C1O)C1C(CC3C)C1(C)C
XSHZABOKYRHDMM,2,IWYVMUDIEOXASM;XSHZABOKYRHDMM,COC(=O)C(=C1OC(=O)C(c2ccccc2)=C1O)c1ccccc1OC;COC(=O)C(=C1OC(=O)C(c2ccccc2)C1=O)c1ccccc1OC
XTDYHPMDUANBGM,2,RSQMJYYPSGXQML;XTDYHPMDUANBGM,CNc1ccccc1C(=O)Nc1c(O)cccc1C(=O)Nc1ccccc1C(=O)OC1C(C)=CC23C(=O)C(C=C(COC(C)=O)C(O)C12O)C1C(CC3C)C1(C)C;CNc1ccccc1C(O)=Nc1c(O)cccc1C(O)=Nc1ccccc1C(=O)OC1C(C)=CC23C(=O)C(C=C(COC(C)=O)C(O)C12O)C1C(CC3C)C1(C)C;CNc1ccccc1C(=O)Nc1c(O)cccc1C(=O)Nc1ccccc1C(=O)OC1C(C)=CC23C(=O)C(=CC(COC(C)=O)C(O)C12O)C1C(CC3C)C1(C)C
XUBOMSJDGZDCKB,2,CLDDQOTYKAEBHG;XUBOMSJDGZDCKB,CCOC(=O)C1=C(N)OC(C)=C(C(C)=O)C12C(=O)N(C)c1ccccc12;CCOC(=O)C1C(=N)OC(C)=C(C(C)=O)C12C(=O)N(C)c1ccccc12
XUHJKMSBKILOQB,2,UQNONRHPSCIIJO;XUHJKMSBKILOQB,C=C1C(=O)OC2CC(C)C3CC(=O)C(C)=C3CC12;C=C1C(=O)OC2CC(C)=C3CC(=O)C(C)C3CC12
XUSTZFGBQSSEAX,2,FNGGIPWAZSFKCN;XUSTZFGBQSSEAX,CCC12C=CCN3CCC4(C(=C(C(=O)OC)C1)Nc1ccccc14)C32;CCC12C=CCN3CCC4(C(=Nc5ccccc54)C(C(=O)OC)C1)C32
XUXGTZICZNXXLF,2,PLBHSZGDDKCEHR;XUXGTZICZNXXLF,CC(=O)OCC(=O)C1(O)CCC2C3CC(C)C4=CC(=O)C=CC4(C)C3C(O)CC21C;CC(=O)OCC(=O)C1(O)CCC2C3CC(C)=C4CC(=O)C=CC4(C)C3C(O)CC21C
XUYJLEMQGKZGNQ,2,MOVRKLZUVNCBIP;XUYJLEMQGKZGNQ,CC(=O)OCC(=O)C1(O)CCC2C3CCC4=CC(=O)C=CC4(C)C3C(=O)CC21C;CC(=O)OCC(=O)C1(O)CCC2C3CC=C4CC(=O)C=CC4(C)C3C(=O)CC21C
XVLBYYUDKFJBBH,2,RVIHMLSHNPGWHC;XVLBYYUDKFJBBH,CC(C)N1NC(=C2C=c3c(Cl)cccc3=N2)c2c(N)ncnc21;CC(C)n1nc(-c2cc3c(Cl)cccc3[nH]2)c2c(N)ncnc21
XVLYZARLTJXOMP,2,CPHZVLHSTZSKKX;XVLYZARLTJXOMP,COc1cc(C2C(C(=O)c3ccccc3)=C(O)C(=O)N2c2cccc(C)c2)ccc1O;COc1cc(C2C(C(=O)c3ccccc3)C(=O)C(=O)N2c2cccc(C)c2)ccc1O
XVMBPMVSJUAADX,2,CEVGSSZDDUFFQW;XVMBPMVSJUAADX,CC=Cc1cc(O)c(C(=O)C(=O)CC)c(=O)o1;CC=Cc1cc(=O)c(C(=O)C(=O)CC)c(O)o1
XWAUBBUZCLRPBO,2,XWAUBBUZCLRPBO;YZRXTIGAQRIAEX,CC(C)(C)Cc1[nH]nc2c1C(C)(c1ccccc1)C1=C(CC(C)(C)CC1=O)N2;CC(C)(C)CC1=C2C(=NC3=C(C(=O)CC(C)(C)C3)C2(C)c2ccccc2)NN1;CC(C)(C)Cc1[nH]nc2c1C(C)(c1ccccc1)C1C(=O)CC(C)(C)CC1=N2
XWBXOGIVFGQLKA,2,VECGPYYDRAAGSV;XWBXOGIVFGQLKA,Cc1ccc(C2C(C#N)=C(N)Oc3c2c(=O)oc2ccccc32)o1;Cc1ccc(C2c3c(c4ccccc4oc3=O)OC(=N)C2C#N)o1
XWDAKKDQJHVMKG,2,MKGZDUKUQPPHFM;XWDAKKDQJHVMKG,CCC(C=CC(C)C1CCC2C3CCC4=CC(=O)CCC4(C)C3CCC12C)C(C)C;CCC(C=CC(C)C1CCC2C3CC=C4CC(=O)CCC4(C)C3CCC12C)C(C)C
XXMGTPRTECPUQB,2,OWMCAYUFQXEJGA;XXMGTPRTECPUQB,CCOC(=O)C=C1NC(C)(C)Cc2cc3c(cc21)OCCO3;CCOC(=O)CC1=NC(C)(C)Cc2cc3c(cc21)OCCO3
XXNDWVXBBSITGO,2,NUYXXLBQLZMIPW;XXNDWVXBBSITGO,COCCOC(=O)C1=C(N)OC2=C(C(=O)CC(C)(C)C2)C1c1cccnc1;COCCOC(=O)C1C(=N)OC2=C(C(=O)CC(C)(C)C2)C1c1cccnc1
XXROUGFJBUMDOB,2,IIHDTJRXBMXFDL;XXROUGFJBUMDOB,O=C1C=C(O)c2cccc(O)c2C1=O;O=C1CC(=O)c2cccc(O)c2C1=O
XYCYGSOKPXCMHX,2,UDKABVSQKJNZBH;XYCYGSOKPXCMHX,C=C1CC2C3C=C(C)C4=CC(=O)CCC4(C)C3CCC2(C)C1(OC(C)=O)C(C)=O;C=C1CC2C3=CC(C)=C4CC(=O)CCC4(C)C3CCC2(C)C1(OC(C)=O)C(C)=O
XYFYMWKZYBOORW,2,UAZDNJMTGTUBQX;XYFYMWKZYBOORW,COC(=O)C1=C(C)NC2=C(C(=O)CC(c3ccc(Cl)cc3)C2)C1c1ccc(O)c(OC)c1;COC(=O)C1=C(C)N=C2CC(c3ccc(Cl)cc3)CC(=O)C2C1c1ccc(O)c(OC)c1
XYKVJIQMRUXJGG,2,CZOXIGOPZRIBJM;XYKVJIQMRUXJGG,O=C1c2c(O)cc(O)cc2OC(c2ccc(O)c(OC3OC(CO)C(O)C(O)C3O)c2)C1O;O=C1C(O)c2c(O)cc(O)cc2OC1c1ccc(O)c(OC2OC(CO)C(O)C(O)C2O)c1
XYMVXHIFHJWYSS,2,PRLATGWSLBXBHB;XYMVXHIFHJWYSS,CCOC(=O)C1=C(C)N=C(O)NC1c1ccc(O)cc1;CCOC(=O)C1C(C)=NC(=O)NC1c1ccc(O)cc1
XYYVYLMBEZUESM,2,LJVKMVSYTWPNGA;XYYVYLMBEZUESM,COc1ccc2c3c1OC1C(=O)C=CC4C(C2)N(C)CCC314;COc1ccc2c3c1OC1C(=O)CC=C4C(C2)N(C)CCC431
XYZUSJNRDBYHJY,2,RKNJSWMVVBCSJN;XYZUSJNRDBYHJY,CCOc1cc(C2C(C(=O)OCCOC)=C(C)NC3=C2C(=O)CC(c2ccccc2)C3)cc(Br)c1O;CCOc1cc(C2C(C(=O)OCCOC)=C(C)N=C3CC(c4ccccc4)CC(=O)C32)cc(Br)c1O
XZFSMUXVAYCHFO,2,PYGCSAAZMAASLA;XZFSMUXVAYCHFO,C=CC=CCC(=O)N1CCC23c4ccccc4NC4N(C)c5cccc6c5C42CCN(C6C2OC2(C)C)C13;CC=CC=CC(=O)N1CCC23c4ccccc4NC4N(C)c5cccc6c5C42CCN(C6C2OC2(C)C)C13
XZTGINNGSQCYPR,2,AOJJSUZBOXZQNB;XZTGINNGSQCYPR,COc1cccc2c1C(=O)c1c(O)c3c(c(O)c1C2=O)CC(O)(C(=O)CO)CC3OC1CC(N)C(O)C(C)O1;COc1cccc2c(O)c3c(c(O)c12)C(=O)C1=C(CC(O)(C(=O)CO)CC1OC1CC(N)C(O)C(C)O1)C3=O
YAHNGTQFNICUIJ,2,ULDHMXUKGWMISQ;YAHNGTQFNICUIJ,C=C(C)C1CC=C(C)C(=O)C1;C=C(C)C1C=CC(C)C(=O)C1
YAPRQNAHWRNORX,2,ILSLETQUULRIRZ;YAPRQNAHWRNORX,CC(C(=O)OCC(O)C(O)C(O)C(O)C=O)C1CCC2C3CCC4CC(O)CCC4(C)C3CC(O)C12C;CC(C(=O)OCC(=O)C(O)C(O)C(O)CO)C1CCC2C3CCC4CC(O)CCC4(C)C3CC(O)C12C
YBHMPNRDOVPQIN,2,BGKHCLZFGPIKKU;YBHMPNRDOVPQIN,CCCCCC(O)C=CC1C=CC(=O)C1CCCCCCC(=O)O;CCCCCC(O)C=CC1=C(CCCCCCC(=O)O)C(=O)CC1
YBRIMQCZMFNDEA,2,IFUVPYAVLVQULV;YBRIMQCZMFNDEA,COc1cc(C2C(C#N)=C(N)Oc3n[nH]c(-c4ccccc4)c32)cc(OC)c1OC;COc1cc(C2c3c(-c4ccccc4)n[nH]c3OC(=N)C2C#N)cc(OC)c1OC
YBZXIJPPXIKFFJ,2,MZWDOSCEKASXME;YBZXIJPPXIKFFJ,Cn1cc2c3c1C(=O)C(N)=C(Br)C3=NCC2;Cn1cc2c3c1C(=O)C(=N)C(Br)C3=NCC2
YDLDZFFISPUVRJ,2,ORQFGHOGKYZHFZ;YDLDZFFISPUVRJ,O=C1C2C3CCC(O3)C2C(=O)N1c1cnn(Cc2ccc(Cl)c(Cl)c2)c1;Oc1c2c(c(O)n1-c1cnn(Cc3ccc(Cl)c(Cl)c3)c1)C1CCC2O1
YDQJABBOEPTJBN,2,OGHYZHNTIINXEO;YDQJABBOEPTJBN,CC1=CC(=O)C(O)C2(C)C1CC(=O)C1(C)C3C(=O)OC(C3C)C(O)C12;CC1CC(=O)C(=O)C2(C)C1CC(=O)C1(C)C3C(=O)OC(C3C)C(O)C21
YDTYONDYDHFBDF,2,DGMWHRQVCCLGHT;YDTYONDYDHFBDF,CCOc1cc(C2C(C#N)=C(N)Oc3cc(N)ccc32)ccc1OCc1ccccc1;CCOc1cc(C2c3ccc(N)cc3OC(=N)C2C#N)ccc1OCc1ccccc1
YDZPKVMVMXBCHP,2,YDZPKVMVMXBCHP;ZUBPKHVCBGWWGO,Cc1cc(SC2=C(O)CC(CCc3ccc(N)cc3)(C(C)C)OC2=O)c(C(C)(C)C)cc1CO;Cc1cc(SC2C(=O)CC(CCc3ccc(N)cc3)(C(C)C)OC2=O)c(C(C)(C)C)cc1CO
APDKROSAEBFSIA,2,APDKROSAEBFSIA;MXJRGHQPKCPBAN,CCCC1=CC2=C(CO1)C(=O)C(C)(OC(=O)c1c(C)cc(OC)cc1O)C(O)C2;CCC=C1C=C2CC(O)C(C)(OC(=O)c3c(C)cc(OC)cc3O)C(=O)C2CO1
YECKCUPAULRDKO,2,OHNHTPFJJGKPLR;YECKCUPAULRDKO,COc1ccc(C2c3sc(=O)[nH]c3SC3C(=O)N(c4ccc(C)cc4)C(=O)C32)cc1;COc1ccc(C2c3sc(=O)[nH]c3Sc3c2c(O)n(-c2ccc(C)cc2)c3O)cc1
YELPHMDBAUJJNL,2,GUEIZVNYDFNHJU;YELPHMDBAUJJNL,O=C1c2ccccc2C(=O)c2c(O)ccc(O)c21;O=C1C=CC(=O)c2c1c(O)c1ccccc1c2O
YFDGNBSGIOPFET,2,VMAKIACTLSBBIY;YFDGNBSGIOPFET,Cc1cc(C(=CNc2ccc(Cl)cc2)C(=O)Nc2ccc(Cl)cc2)on1;Cc1cc(C(C=Nc2ccc(Cl)cc2)C(=O)Nc2ccc(Cl)cc2)on1
YFPSUPVYGJMYRH,2,HBNDUJJOOQPFON;OAFCJKXDSSCWKG,CC1=CC(C)CC=CC2C=C(CO)C(C)C3C(Cc4c[nH]c5ccccc45)NC(=O)C23C(=O)CCC(=O)C1=O;CC1=CC(C)CC=CC2C=C(CO)C(C)C3C(Cc4c[nH]c5ccccc45)NC(=O)C23C(=O)C=CC(=O)C1O
YFTSFJIYUITPLN,2,WFTRFWSEDHVVOE;YFTSFJIYUITPLN,COCCCN1C(=O)C(CC(=O)Nc2ccc(Cl)cc2)SC1=NS(=O)(=O)c1ccccc1;COCCCn1c(O)c(CC(=O)Nc2ccc(Cl)cc2)sc1=NS(=O)(=O)c1ccccc1
YFXJVBOCKOVILP,2,JZWMEOSWGGSEEF;YFXJVBOCKOVILP,O=C(c1ccsc1)N1CC(N2C(=O)C3CC=CCC3C2=O)C1;O=C(c1ccsc1)N1CC(n2c(O)c3c(c2O)CC=CC3)C1
YFZJOXVEAAYNKJ,2,LGMXPVXJSFPPTQ;YFZJOXVEAAYNKJ,CCCCCC(O)C=CC1C(=O)CC(=O)C1CC=CCCCC(=O)O;CCCCCC(O)C=CC1=C(CCCCCCC(=O)O)C(=O)CC1=O
YGATVRAEDFQHEE,2,GPZFXSWMDFBRGS;YGATVRAEDFQHEE,O=C(C=Cc1ccc(O)c(O)c1)NC(Cc1ccc(O)c(O)c1)C(=O)O;O=C(O)C(Cc1ccc(O)c(O)c1)N=C(O)C=Cc1ccc(O)c(O)c1;O=C(CCc1ccc(O)c(O)c1)N=C(Cc1ccc(O)c(O)c1)C(=O)O
YGGZRFGMVXIZFR,2,NPUXQAACUNUHIX;YGGZRFGMVXIZFR,Cc1cc(=O)c2c(O)c3c(cc2o1)C(=O)C(=O)C=C3O;Cc1cc(=O)c2c(O)c3c(cc2o1)C(=O)C(=O)CC3=O
YGLLTUDLICFNOJ,2,NBTGSOZRJDICGG;YGLLTUDLICFNOJ,NC1=NC(=O)C2CCCCN12;Nc1nc(O)c2n1CCCC2
YGPNGWFAUYOVSO,2,QCYAXXZCQKMTMO;YGPNGWFAUYOVSO,CCOC(=O)C(Cc1ccc(Nc2nccc3ccncc23)cc1)NC1=C(Br)C(=O)C12CCCCC2;CCOC(=O)C(Cc1ccc(Nc2nccc3ccncc23)cc1)N=C1C(Br)C(=O)C12CCCCC2
AQKCJDFMDAPELP,2,ADIMAYPTOBDMTL;AQKCJDFMDAPELP,O=C1Nc2ccc(Cl)cc2C(c2ccccc2)=NC1O;OC1=Nc2ccc(Cl)cc2C(c2ccccc2)=NC1O;O=C1N=C(c2ccccc2)c2cc(Cl)ccc2NC1O
YHILKALTPHRGSY,2,LDVVMCZRFWMZSG;YHILKALTPHRGSY,O=C1C2CC=CCC2C(=O)N1SC(Cl)(Cl)Cl;Oc1c2c(c(O)n1SC(Cl)(Cl)Cl)CC=CC2
YHJQTKZJFHLHOA,2,IOSXSVZRTUWBHC;YHJQTKZJFHLHOA,COC1=CC(C)C2CC3OC(=O)CC4C(C)=C(OC)C(=O)C(C2(C)C1=O)C34C;COC1=C(C)C2CC(=O)OC3CC4C(C)=CC(OC)C(=O)C4(C)C(C1=O)C32C
YIAYJWOHRNVYRN,2,JJFJQFJFFVLMCX;YIAYJWOHRNVYRN,O=C1CC(N2CCN(c3ccc(O)cc3)CC2)C(=O)N1c1ccccc1;Oc1ccc(N2CCN(c3cc(O)n(-c4ccccc4)c3O)CC2)cc1
YIQRSAKVWZVLDN,2,KUTVEHNZHKAAAO;YIQRSAKVWZVLDN,COc1cc(OC)c2c(c1Cl)OC1(C2=O)C(O)=CC(=O)CC1C;COc1cc(OC)c2c(c1Cl)OC1(C(=O)CC(=O)CC1C)C2=O
YIRBSRBOELWUSM,2,IVZCZPYIWWMUIZ;YIRBSRBOELWUSM,CC(=O)C1=C(O)C(=O)N(CCc2c[nH]c3ccccc23)C1c1ccc(Cl)cc1;CC(=O)C1C(=O)C(=O)N(CCc2c[nH]c3ccccc23)C1c1ccc(Cl)cc1
YJFGQRWDHISBIK,2,RFWMDWRTHFIQFW;YJFGQRWDHISBIK,Nc1ccc(NCCNCC=O)c2c1C(=O)c1c(O)ccc(O)c1C2=O;Nc1ccc(NCCNCC=O)c2c(O)c3c(c(O)c12)C(=O)C=CC3=O
YJLQFMAYLCQVDM,2,PQTARGHEXNJCRK;YJLQFMAYLCQVDM,CC(=CC(=O)O)C=C(C)CC(C)CCCCC(OC(=O)C(CO)C(CCCCC(C)CC(C)=CC(C)=CC(=O)O)OC(=O)C=C(C)C=C(C)CC(C)CCCCC(O)C(CO)C(=O)O)C(CO)C(=O)O;CC(=CC(=O)O)C=C(C)CC(C)CCCCC(OC(=O)C(CO)C(CCCCC(C)C=C(C)C=C(C)CC(=O)O)OC(=O)C=C(C)C=C(C)CC(C)CCCCC(O)C(CO)C(=O)O)C(CO)C(=O)O
YJNQNBPULXKWFU,2,BLMBNKDQXGINRE;YJNQNBPULXKWFU,CC1=C(C(=O)Nc2ccc3[nH]ncc3c2)C(c2ccc(F)c(C(=O)NCc3ccccn3)c2)NC(=O)N1;CC1=NC(=O)NC(c2ccc(F)c(C(=O)NCc3ccccn3)c2)C1C(=O)Nc1ccc2[nH]ncc2c1
YKNOKTANOCJTSD,2,YKNOKTANOCJTSD;ZNHNNRQMRNHUFB,CC(=O)OC1C(=O)C2(C)C(O)CC3OCC3(OC(C)=O)C2C(OC(=O)c2ccccc2)C2(O)CC(OC(=O)C(O)C(NC(=O)Cc3ccccc3)c3ccccc3)C(C)=C1C2(C)C;CC(=O)OC1=C2C(C)C(OC(=O)C(O)C(NC(=O)Cc3ccccc3)c3ccccc3)CC(O)(C(OC(=O)c3ccccc3)C3C4(OC(C)=O)COC4CC(O)C3(C)C1=O)C2(C)C
YKPZWDNIZFVHEQ,2,LUGQBJDYUPNAQQ;YKPZWDNIZFVHEQ,Cc1cc(O)cc(C)c1C=C1C(=O)N(Cc2ccccc2)C(=O)N(Cc2ccccc2)C1=O;C=c1cc(O)cc(C)c1=Cc1c(O)n(Cc2ccccc2)c(=O)n(Cc2ccccc2)c1=O
AQTRKSDJZXKQBA,2,AQTRKSDJZXKQBA;KIFRTCOTROBDII,Cn1cc2c3c1C(=O)C(=O)C(Br)=C3NCC2;Cn1cc2c3c1C(=O)C(=O)C(Br)C3=NCC2
YLHIVIHHVKLKEI,2,MPDGHEJMBKOTSU;YLHIVIHHVKLKEI,CC1(C(=O)O)CCC2(C)CCC3(C)C(=CC(=O)C4C5(C)CCC(O)C(C)(C)C5CCC43C)C2C1;CC1(C(=O)O)CCC2(C)CCC3(C)C(=C2C1)CC(=O)C1C2(C)CCC(O)C(C)(C)C2CCC13C
YLQCTZVWIBVIJP,2,IORDUELLLWDFEK;YLQCTZVWIBVIJP,Cc1ccccc1NC(=O)c1cnn2c1NC1=C(C(=O)CCC1)C2c1ccc(C(=O)O)cc1;Cc1ccccc1NC(=O)c1cnn2c1N=C1CCCC(=O)C1C2c1ccc(C(=O)O)cc1
YLYIDNCQCCEOKA,2,OQUXNYAJNVPOOX;YLYIDNCQCCEOKA,NC(=O)C1CCN(C2CC(=O)N(Cc3ccccc3)C2=O)CC1;NC(=O)C1CCN(c2cc(O)n(Cc3ccccc3)c2O)CC1
ARGDYGCLORWCJG,2,ARGDYGCLORWCJG;LIZNIAKSBJKPQC,CCNCCNC(=O)c1c(C)[nH]c(C=C2C(=O)Nc3ccc(F)cc32)c1C;C=c1c(C(=O)NCCNCC)c(C)[nH]c1=Cc1c(O)[nH]c2ccc(F)cc12
YMVSCHSMSUHGQF,2,YLYITAIJAPQYGM;YMVSCHSMSUHGQF,Cc1[nH]c2ccccc2c1CCN=C(O)C(=Cc1ccc(OC(C)C)cc1)N=C(O)c1ccccc1;Cc1[nH]c2ccccc2c1CCNC(=O)C(Cc1ccc(OC(C)C)cc1)=NC(=O)c1ccccc1
YPHZBPCSJSCERT,2,JKCGVIAQFZPTDB;YPHZBPCSJSCERT,COc1cc(OC)cc(C2C(C#N)=C(N)OC3=C2C(=O)CCC3)c1;COc1cc(OC)cc(C2C(C#N)C(=N)OC3=CCCC(=O)C32)c1
YPJDCVFZPJLYEP,2,VAFWHYWBPJAZEU;YPJDCVFZPJLYEP,CCCNC(=O)CSC1=Nc2ccccc2NC(CC(=O)OC)=C1;CCCNC(=O)CSC1=Nc2ccccc2N=C(CC(=O)OC)C1
YPMZWIRVXJFLKM,2,XMEDUQCULUWRPH;YPMZWIRVXJFLKM,CCOc1cc2c(cc1C=C1N=C(O)N(CC(=O)Nc3ccc(Cl)cc3)C1=O)OCO2;CCOc1cc2c(cc1CC1=NC(=O)N(CC(=O)Nc3ccc(Cl)cc3)C1=O)OCO2
YPZRJBBEVHIODY,2,SHZFSEANVASGEO;YPZRJBBEVHIODY,Cc1ccc(C2c3[nH]c4ccccc4c3CC3C(=O)N(c4ccccc4C(=O)N4CCC(C(=O)O)CC4)C(=O)N32)cc1;Cc1ccc(C2c3[nH]c4ccccc4c3Cc3c(O)n(-c4ccccc4C(=O)N4CCC(C(=O)O)CC4)c(=O)n32)cc1
YSDVNFWVVPHGFX,2,KNQNBJRIZUGXSM;YSDVNFWVVPHGFX,CCc1ccc(C2CC(C(F)(F)F)N3NC=C(C(O)=NCc4ccc(OC)cc4)C3=N2)cc1;CCc1ccc(C2CC(C(F)(F)F)n3ncc(C(=O)NCc4ccc(OC)cc4)c3N2)cc1
YSJCHBSFKFDUST,2,DVMKRMXSGLOXJZ;YSJCHBSFKFDUST,O=C1OC(C(O)C(O)O)C(O)=C1OC1OC(CO)C(O)C(O)C1O;OCC1OC(Oc2c(O)oc(C(O)C(O)O)c2O)C(O)C(O)C1O
YSPGMJONVDFXGJ,2,YNEKLTQTLQODKL;YSPGMJONVDFXGJ,COc1cccc(C2c3[nH]c4ccccc4c3CC3C(=O)N(c4ccccc4C(=O)N4CCC(C(=O)O)CC4)C(=O)N32)c1;COc1cccc(C2c3[nH]c4ccccc4c3Cc3c(O)n(-c4ccccc4C(=O)N4CCC(C(=O)O)CC4)c(=O)n32)c1
YSPXCFSZIZBECH,2,KVQRQIURVILDFG;YSPXCFSZIZBECH,O=C1CSC(N2CCN(c3ccc(Cl)c(Cl)c3)CC2)=N1;Oc1csc(N2CCN(c3ccc(Cl)c(Cl)c3)CC2)n1
YSSGPEPNQMBZQA,2,IYASPGXQVGMFOY;YSSGPEPNQMBZQA,CCOC(=O)C1=C(C)NC2=C(C(=O)CC(c3ccc(Cl)cc3)C2)C1c1ccc(O)c(OCC)c1;CCOC(=O)C1=C(C)N=C2CC(c3ccc(Cl)cc3)CC(=O)C2C1c1ccc(O)c(OCC)c1
YSTRWQVEZGVBLR,2,STQGQHZAVUOBTE;YSTRWQVEZGVBLR,COc1cccc2c1C(=O)c1c(O)c3c(c(O)c1C2=O)CC(O)(C(C)=O)CC3OC1CC(N)C(O)C(C)O1;COc1cccc2c(O)c3c(c(O)c12)C(=O)C1=C(CC(O)(C(C)=O)CC1OC1CC(N)C(O)C(C)O1)C3=O
YSWUNHAMJBRLCB,2,BMWVMBQWKCPABF;YSWUNHAMJBRLCB,CCC(C)C(=O)C1=C(O)OC2=C(C(CC(=O)O)c3ccccc3)C(C)(C)C(CCC(C)(C)OC(=O)C(F)(F)F)CC2(CC=C(C)C)C1=O;CCC(C)C(=O)C1C(=O)OC2=C(C(CC(=O)O)c3ccccc3)C(C)(C)C(CCC(C)(C)OC(=O)C(F)(F)F)CC2(CC=C(C)C)C1=O
YTXPJNHBVAOGTQ,2,GCYZSDGHIVBKJR;YTXPJNHBVAOGTQ,CC1(CO)CCC2=C1CCC1C2CCC2=CC(=O)C=CC21C;CC1(CO)CCC2=C1CCC1C2CC=C2CC(=O)C=CC21C
YUTJCNNFTOIOGT,2,NUZWLKWWNNJHPT;YUTJCNNFTOIOGT,O=C1c2c(O)cccc2Cc2cccc(O)c21;Oc1cccc2cc3cccc(O)c3c(O)c12
YVBWBTLRLGHKEJ,2,QAXBLEMBJSUBCG;YVBWBTLRLGHKEJ,C=C(C(=O)C(O)C(C)C1C(OC(C)=O)CC2(C)C3CCC4C(C)C(=O)CCC45CC35CCC12C)C(C)CO;CC(=O)OC1CC2(C)C3CCC4C(C)C(=O)CCC45CC35CCC2(C)C1C(C)C(=O)C(=O)C(C)C(C)CO
YVPKNXMHAONBQN,2,YVPKNXMHAONBQN;ZBYWPMOVCAPZIP,CCOC(=O)C1=C(C)NC2=C(C(=O)CC(c3ccc(Cl)cc3)C2)C1c1ccc(O)c(OC)c1;CCOC(=O)C1=C(C)N=C2CC(c3ccc(Cl)cc3)CC(=O)C2C1c1ccc(O)c(OC)c1
YVTIXNGKMQLICL,2,JFJWMFPFMLRLMI;YVTIXNGKMQLICL,O=C1CC(C(=O)O)c2c1oc(=O)c1cc(O)c(O)c(O)c21;O=c1c(O)cc2c(O)oc3c(O)cc(=C(O)O)c3c2c1O
YVXUAKSKKLRFBW,2,SNGRWYLYWQXQAS;YVXUAKSKKLRFBW,CCCCCCC1=NC(=Cc2ccc(O)cc2)C(=O)O1;CCCCCC=c1[nH]c(=Cc2ccc(O)cc2)c(=O)o1
ARPBBQVPRLHUCA,2,ARPBBQVPRLHUCA;MQBWTDWAWPAFCU,CC(=O)OC1C=C(C)C(OC(=O)C(C)C)C2C(OC(C)=O)C(C)(O)CC2(O)C(=O)C(C)C=CC(C)(C)C1OC(C)=O;CC(=O)OC1C=C(C)C(OC(=O)C(C)C)C2C(OC(C)=O)C(C)(O)CC2(O)C(=O)C(C)=CCC(C)(C)C1OC(C)=O
YWZBGRYDSPLRHR,2,QHUWVQWAKAJLTJ;YWZBGRYDSPLRHR,CCc1cc(C)cc(CC)c1C1C(=O)N2CCOCCN2C1=O;CCc1cc(C)cc(CC)c1-c1c(O)n2n(c1=O)CCOCC2
YXEASJLRXGZRHS,2,AGNGYMCLFWQVGX;YXEASJLRXGZRHS,N#[N+]C=C(O)OCC(N)C(=O)[O-];N#[N+]CC(=O)OCC(N)C(=O)[O-]
YYVQUICPKXVRBX,2,JRKNTCDSHHKHTC;YYVQUICPKXVRBX,CC1CCC2C(C)C3CCC4C(CC5C4C(O)CC4=CC(=O)CCC45C)C3C(=O)N2C1;CC1CCC2C(C)C3CCC4C(CC5C4C(O)C=C4CC(=O)CCC45C)C3C(=O)N2C1
YZABVDSJBDBKPD,2,YRFXGQHBPBMFHW;YZABVDSJBDBKPD,CC(=O)OC1(C(C)=O)CCC2C3CC(C)C4=CC(=O)C=CC4(C)C3(F)C(O)CC21C;CC(=O)OC1(C(C)=O)CCC2C3CC(C)=C4CC(=O)C=CC4(C)C3(F)C(O)CC21C
ZABDAGALHQDSEU,2,VHRSUDSXCMQTMA;ZABDAGALHQDSEU,CC1CC2C(C(O)CC3(C)C2CCC3(O)C(=O)CO)C2(C)C=CC(=O)C=C12;CC1=C2CC(=O)C=CC2(C)C2C(O)CC3(C)C(CCC3(O)C(=O)CO)C2C1
ZAEIKQZFBZWKNP,2,YGLJLBFWQLNDEJ;ZAEIKQZFBZWKNP,C=C1CC2C3(C)C(=C(O)C(=O)C2(C)C2(C(=O)OC)C(=O)C(C)OC(=O)C12C)C(C)(C)C(=O)CC3O;C=C1CC2C3(C)C(O)CC(=O)C(C)(C)C3C(=O)C(=O)C2(C)C2(C(=O)OC)C(=O)C(C)OC(=O)C12C
ZAHBHFRJNYYCRL,2,NNPPLRJHBQPBAQ;ZAHBHFRJNYYCRL,CCC(C)CC(C)CC(CO)CC(C)C=C(C)C=C(CC(C)C(=O)O)C(=O)O;CCC(C)CC(C)CC(CO)CC(C)=CC(C)=CC(CC(C)C(=O)O)C(=O)O
ZAHQBPYQBHTECE,2,ZAHQBPYQBHTECE;ZRVUJXDFFKFLMG,Cc1cnc(N=C(O)C2C(=O)c3ccccc3S(=O)(=O)N2C)s1;Cc1cnc(NC(=O)C2=C(O)c3ccccc3S(=O)(=O)N2C)s1;Cc1cnc(NC(=O)C2C(=O)c3ccccc3S(=O)(=O)N2C)s1
ZARALFZJWLKPQY,2,BPUSFZQVJJCGBR;ZARALFZJWLKPQY,CC1=C2C3C(C(C)(C)O)=CC3C(C)C2C(O)C1=O;CC1=C2C(=O)C(=O)C(C)C2C2C1CC2C(C)(C)O
ZBZFUAAVKGTUGD,2,RLZIADDATOMNNY;ZBZFUAAVKGTUGD,COC12C(COC(N)=O)C3=C(C(O)=C(C)C(=N)C3=O)N1CC1C2N1C;C=c1c(N)c(O)c2c(c1O)N1CC3C(N3C)C1(OC)C=2COC(N)=O
ZCCRXBYKWLDBSD,2,GRVRRAOIXXYICO;ZCCRXBYKWLDBSD,CC(=CC=CC(C)C(O)C(C)C(O)C(C)C1OC2(C)CCC(O2)C1C)C(N)=O;CC(=CC=CC(C)C(N)=O)C(O)C(C)C(O)C(C)C1OC2(C)CCC(O2)C1C
ZCHZSBUNJOCWCW,2,DVEXZJFMOKTQEZ;ZCHZSBUNJOCWCW,N#CC(=C(N)Sc1ccccc1N)C(C#N)=C(N)Sc1ccccc1N;N#CC(C(=N)Sc1ccccc1N)C(C#N)C(=N)Sc1ccccc1N
ZCIAZFSKBUFPBI,2,WTOYNNBCKUYIKC;ZCIAZFSKBUFPBI,C=C(C)C1CCC2=CC(=O)CC(C)C2(C)C1;C=C(C)C1CC=C2CC(=O)CC(C)C2(C)C1
ZCNSOWMORXQLSI,2,FHZNFZPPFQDZAE;ZCNSOWMORXQLSI,CC=C(NC(=O)NC(Cc1ccccc1)C(=O)O)C(=O)NCC(=O)NC(CCCNC(=N)N)C(=O)N1CCCC1c1nc(C(=O)NC(CCC(N)=O)C(=O)O)cs1;CCC(=NC(=O)NC(Cc1ccccc1)C(=O)O)C(=O)NCC(=O)NC(CCCN=C(N)N)C(=O)N1CCCC1c1nc(C(=O)NC(CCC(N)=O)C(=O)O)cs1
ZEAZXRAXYWYFKX,2,ZEAZXRAXYWYFKX;ZLAQYJKDQSZARB,CC(C=CC1(C)C(C)C=CC(=O)C1C)=CCc1c(O)c(Cl)c(C)c(C=O)c1O;CC(C=CC1(C)C(C)=CCC(=O)C1C)=CCc1c(O)c(Cl)c(C)c(C=O)c1O
ZEKKUKABUKYOCH,2,LQJYTRZVKSKKGJ;ZEKKUKABUKYOCH,CCOc1cc(C2C(C(=O)OCCc3ccccc3)=C(C)NC3=C2C(=O)CC(C)(C)C3)cc(Br)c1O;CCOc1cc(C2C(C(=O)OCCc3ccccc3)=C(C)N=C3CC(C)(C)CC(=O)C32)cc(Br)c1O
ZEKMEHHWHLKQTE,2,PJHBZROILRCFRB;ZEKMEHHWHLKQTE,C=C1CCC2C(C=C(C)C(=O)C3(OC(C)=O)CC(C)C(OC(=O)c4cccnc4)C3C1OC(C)=O)C2(C)C;C=C1CCC2C(=CC(C)C(=O)C3(OC(C)=O)CC(C)C(OC(=O)c4cccnc4)C3C1OC(C)=O)C2(C)C
ASWSLUPOPUJMQK,2,ASWSLUPOPUJMQK;FHMDGAHIAMZTQB,O=C1CCCC2=C1C(c1ccc(Cl)cc1)N1C(=O)CCSC1=N2;O=C1CCC=C2N=C3SCCC(=O)N3C(c3ccc(Cl)cc3)C12
ZFHQNTDKIPBLQC,2,OHFNMJLLKAYZIA;ZFHQNTDKIPBLQC,CC(CCCO)C1CCC2C3C(O)CC4=CC(=O)C=CC4(C)C3CCC12C;CC(CCCO)C1CCC2C3C(O)C=C4CC(=O)C=CC4(C)C3CCC12C
ZFPAUIFLAJKWBD,2,UPVIYVOEIBWKNU;ZFPAUIFLAJKWBD,CC1(C)CC(=O)C=C(Nc2ccc3c(c2)Cc2ccccc2-3)C1;CC1(C)CC(=O)CC(=Nc2ccc3c(c2)Cc2ccccc2-3)C1
ZFVPPAYPEVQLBD,2,MTVNXTIKSNTFEN;ZFVPPAYPEVQLBD,C=CC(C)(C)C1(CC2NC(=O)C3CCCN3C2=O)C(=O)Nc2cc3c(cc21)C=CC(C)(C)O3;C=CC(C)(C)C1(CC2NC(=O)C3CCCN3C2=O)C(=O)N=c2cc3c(cc21)=CCC(C)(C)O3
ZGDCPABUZWWEGC,2,ZGDCPABUZWWEGC;ZXZPFGGUUZDXND,COc1cc(C=C(NC(=O)c2ccccc2)C(=O)NC(C(=O)O)c2ccccc2)cc(OC)c1OC;COc1cc(CC(=NC(=O)c2ccccc2)C(=O)NC(C(=O)O)c2ccccc2)cc(OC)c1OC
ZGEOOSMVJUZSMY,2,IXBQSRWSVIBXNC;ZGEOOSMVJUZSMY,CC=C1C(=O)NC(C(=O)O)C(C)C(=O)NC(CCCN=C(N)N)C(=O)NC(C=CC(C)=CC(C)C(Cc2ccccc2)OC)C(C)C(=O)NC(C(=O)O)CCC(=O)N1C;CC=C1C(=O)NC(C(=O)O)C(C)C(=O)NC(CCCNC(=N)N)C(=O)NC(C=CC(C)=CC(C)C(Cc2ccccc2)OC)C(C)C(=O)NC(C(=O)O)CCC(=O)N1C;CC=C1C(O)=NC(C(=O)O)C(C)C(O)=NC(CCCNC(=N)N)C(O)=NC(C=CC(C)=CC(C)C(Cc2ccccc2)OC)C(C)C(O)=NC(C(=O)O)CCC(=O)N1C
ZHCDPQXQEPWFLA,2,IAADFZLZWMXVCR;ZHCDPQXQEPWFLA,CC(C)OC(=O)C1=C(N)Oc2c(oc(CO)cc2=O)C1c1c(F)cccc1Cl;CC(C)OC(=O)C1C(=N)Oc2c(oc(CO)cc2=O)C1c1c(F)cccc1Cl
ATAOZISPQIWZMM,2,ATAOZISPQIWZMM;NSNGIRMJTMEZBF,CC12CCC3C1C=C1C(=O)c4ccccc4C(=O)C1(O2)C3(C)C=O;CC12CCC3C1=CC1C(=O)c4ccccc4C(=O)C1(O2)C3(C)C=O
ZHILAOLTEQVKIH,2,VWYFHPLNVVPMNO;ZHILAOLTEQVKIH,COc1cc(C2Oc3c(OC)cc(C=CC(=O)NC(CCC(=O)O)C(=O)O)cc3C2CO)ccc1O;COc1cc(C2Oc3c(OC)cc(CCC(=O)N=C(CCC(=O)O)C(=O)O)cc3C2CO)ccc1O
ZHLFCUOQVRFNGT,2,VNOMXNULTAUIDL;ZHLFCUOQVRFNGT,C=CC1(C)CC2CCC3C(C)(C(=O)O)CCCC3(C)C2=CC1=O;C=CC1(C)CC2=C(CC1=O)C1(C)CCCC(C)(C(=O)O)C1CC2
ZHZSLIJRONHIMQ,2,SPSWAOUJDYQZHR;ZHZSLIJRONHIMQ,O=C1c2c(cc(O)c(C3OC(CO)C(O)C(O)C3O)c2O)OC(c2ccc(O)cc2)C1O;O=C1C(O)c2c(cc(O)c(C3OC(CO)C(O)C(O)C3O)c2O)OC1c1ccc(O)cc1
ZIGUFUZHKPIMCR,2,GCWCVCCEIQXUQU;ZIGUFUZHKPIMCR,O=C(NC(O)C(=O)O)c1ccccc1;O=C(O)C(O)N=C(O)c1ccccc1;O=C(NC(=O)C(O)O)c1ccccc1
ZIINMHMSMSEIPQ,2,YPPFTDJUDAEWHK;ZIINMHMSMSEIPQ,CCCCCCCC=CC(=O)NC(CC(C)C)C(=O)O;CCCCCCCCCC(=O)N=C(CC(C)C)C(=O)O
ZJDFNIHQCHHZGU,2,NWNMAVFXIRDAPM;ZJDFNIHQCHHZGU,CC1=CC(=O)C(O)C2(C)C1CC1OC(=O)C(O)C3(O)C(C)C(O)C(O)C2C13C;CC1CC(=O)C(=O)C2(C)C1CC1OC(=O)C(O)C3(O)C(C)C(O)C(O)C2C13C
ZJNOZOJVMJBYSE,2,LJEOYORKUIBZCG;ZJNOZOJVMJBYSE,COc1ccc(Br)cc1C1C(C(=O)OCC2CCCO2)=C(C)NC2=C1C(=O)CCC2;COc1ccc(Br)cc1C1C(C(=O)OCC2CCCO2)=C(C)N=C2CCCC(=O)C21
ZJXLLLQCKOSMTI,2,YOWMHJJVEKJJKY;ZJXLLLQCKOSMTI,O=C1CCCC2=C1C(c1ccccc1Cl)N1NC(c3ccncc3)=NC1=N2;O=C1CCCC2=Nc3nc(-c4ccncc4)nn3C(c3ccccc3Cl)C12
ZKECRFUGENDHPX,2,MLANDJGRKYDWJX;ZKECRFUGENDHPX,COc1c(O)cc(C2CCC3(CC=C(C)C)C(=O)C2(CC=C(C)C)C(=O)C=C3O)cc1CC=C(C)C;COc1c(O)cc(C2CCC3(CC=C(C)C)C(=O)CC(=O)C2(CC=C(C)C)C3=O)cc1C=CC(C)C
ZKTUMBWZMKLCFT,2,MTTQBZWFVUEGSE;ZKTUMBWZMKLCFT,COC(=O)C1=C(N)Oc2c(oc(CO)cc2=O)C1c1c(Cl)cccc1Cl;COC(=O)C1C(=N)Oc2c(oc(CO)cc2=O)C1c1c(Cl)cccc1Cl
ZLOTZUGMLIVSJQ,2,KHQMXKRETWUVJU;ZLOTZUGMLIVSJQ,CC1OC(OC2C(OC3C(OC4CCC5(C)C(CCC6(C)C5C(=O)CC5=C7CC(C)(C)CC(O)C7(C)CCC56C)C4(C)C)OC(C(=O)O)C(O)C3O)OCC(O)C2O)C(O)C(O)C1O;CC1OC(OC2C(OC3C(OC4CCC5(C)C(CCC6(C)C5C(=O)C=C5C7CC(C)(C)CC(O)C7(C)CCC56C)C4(C)C)OC(C(=O)O)C(O)C3O)OCC(O)C2O)C(O)C(O)C1O
ZLRBWFOLQZYJPC,2,LUZUAYAKZLCOCQ;ZLRBWFOLQZYJPC,COC1=CC(=O)C(O)=CC1=CC=Cc1ccccc1;COC1=CC(=O)C(=O)C=C1C=CCc1ccccc1
ZLVQBLBKMMVDPV,2,HIMZXLAHVUSIII;ZLVQBLBKMMVDPV,CC(=O)C1=C(O)C(=O)N(c2ccc(Br)cn2)C1c1ccc(Cl)cc1;CC(=O)C1C(=O)C(=O)N(c2ccc(Br)cn2)C1c1ccc(Cl)cc1
ZMEULISFKSVRLQ,2,OSVMTWJCGUFAOD;ZMEULISFKSVRLQ,CC12CCC3C(CCC4=C(O)C(=O)CCC43C)C1CCC2=O;CC12CCC3C(CCC4C(=O)C(=O)CCC43C)C1CCC2=O
ZMGQAGFCZLSEBE,2,YFJGKMTXYRZHKG;ZMGQAGFCZLSEBE,CCCCCCCC1=NC(=Cc2ccc(O)cc2)C(=O)O1;CCCCCCC=c1[nH]c(=Cc2ccc(O)cc2)c(=O)o1
ZMLPVDKFYXGALO,2,VTNYSRDXSOOTAY;ZMLPVDKFYXGALO,COc1cc(C2Nc3ccccc3NC3=C2C(=O)CC(c2ccccc2Cl)C3)cc(OC)c1OC;COc1cc(C2Nc3ccccc3N=C3CC(c4ccccc4Cl)CC(=O)C32)cc(OC)c1OC
ZMUSCGJNJYXJBP,2,WBGKWQHBNHJJPZ;ZMUSCGJNJYXJBP,CC1(C)OC2CC3C4CCC5=CC(=O)C=CC5(C)C4C(O)CC3(C)C2(C(=O)CO)O1;CC1(C)OC2CC3C4CC=C5CC(=O)C=CC5(C)C4C(O)CC3(C)C2(C(=O)CO)O1
ZNCVTSBRJYDWIA,2,SEDHYIFVHXUKLC;ZNCVTSBRJYDWIA,CCOc1cc(C2C(C(=O)OCCOC)=C(C)NC3=C2C(=O)CC(c2ccc(Cl)cc2)C3)cc(Br)c1O;CCOc1cc(C2C(C(=O)OCCOC)=C(C)N=C3CC(c4ccc(Cl)cc4)CC(=O)C32)cc(Br)c1O
ZNRGQMMCGHDTEI,2,RIJFNUHYNBVLOZ;ZNRGQMMCGHDTEI,CN1C2CCC1CC(OC(=O)c1c[nH]c3ccccc13)C2;CN1C2CCC1CC(OC(=O)C1C=Nc3ccccc31)C2
ZNUWFDKCLDCAKK,2,IFXOMNGVRBQEDH;ZNUWFDKCLDCAKK,C=C1C(O)CC2C(C)(C(=O)O)CCCC2(C)C1CC1C(C)=CCC2C(=O)C(OC)=CC(=O)C21c1cc(=O)c2c(O)cc(O)cc2o1;C=C1C(O)CC2C(C)(C(=O)O)CCCC2(C)C1CC1=C(C)C=CC2C(=O)C(OC)CC(=O)C12c1cc(=O)c2c(O)cc(O)cc2o1
ZUPZLTILDPFIDL,2,GCSZFDCVTCHWGI;ZUPZLTILDPFIDL,COc1cc(C=C2NC(c3ccc(C)cc3)=NC2=O)cc(OC)c1OC;C=c1ccc(=c2[nH]c(=O)c(=Cc3cc(OC)c(OC)c(OC)c3)[nH]2)cc1
ADBQVXKITABCKH,2,ADBQVXKITABCKH;PCAYKUNUODABRQ,CCCCCC=CC=CC(=O)OC1C(C)C2(O)C3C=C(C)C(=O)C3CC(C=O)=CC2C2C(C)(C)C12OC(=O)C(C)C;CCCCC=CC=CCC(=O)OC1C(C)C2(O)C3=C(CC(C=O)=CC2C2C(C)(C)C12OC(=O)C(C)C)C(=O)C(C)C3
ADFGNCYGYYYRMT,2,ADFGNCYGYYYRMT;RVKRJABUQLMQNO,COc1c(O)ccc2c1C(=O)c1c(O)cc(C)cc1C2C1OC(CO)C(O)C(O)C1O;COc1c(O)ccc2c(C3OC(CO)C(O)C(O)C3O)c3cc(C)cc(O)c3c(O)c12
AEFLXCNQYVDNFY,2,AEFLXCNQYVDNFY;MXQYRFPIGKAGPW,CCC(=O)C1=Nc2c(nc(N)[nH]c2=O)NC1;CCC(O)c1cnc2[nH]c(N)nc(=O)c2n1
AEQGYUJKXATLBW,2,AEQGYUJKXATLBW;HUMXXHTVHHLNRO,CC(C)(C)CC(=O)OCC(=O)C1(O)CCC2C3CCC4=CC(=O)C=CC4(C)C3C(O)CC21C;CC(C)(C)CC(=O)OCC(=O)C1(O)CCC2C3CC=C4CC(=O)C=CC4(C)C3C(O)CC21C
AGGUBVLRLWLXQG,2,AGGUBVLRLWLXQG;KCWLLWSUKSVRQY,O=c1occ(CN2CCOCC2)c(O)c1CN1CCN(C2CCOCC2)CC1;O=c1c(CN2CCOCC2)coc(O)c1CN1CCN(C2CCOCC2)CC1
AHIPYQCMZHRGDA,2,AHIPYQCMZHRGDA;BZQMKTCQZSTGQS,CC(C)=CCC1CC2(CC=C(C)C)C(=O)C(C(=O)C(C)C)=C(O)OC2=C(C(CC(=O)O)c2ccccc2)C1(C)C;CC(C)=CCC1CC2(CC=C(C)C)C(=O)C(C(=O)C(C)C)C(=O)OC2=C(C(CC(=O)O)c2ccccc2)C1(C)C
AHLAVTICAUSHAX,2,AHLAVTICAUSHAX;BQYIXOPJPLGCRZ,Cc1ncc(CO)c(C=NNC(=O)c2ccncc2)c1O;C=c1[nH]cc(CO)c(=CNNC(=O)c2ccncc2)c1=O
AINYZPMLMDCPLG,2,AINYZPMLMDCPLG;WFTRHRRGGQOSLR,Cc1ccc2c(O)c([N+](=O)[O-])c(=O)oc2c1;Cc1ccc2c(=O)c([N+](=O)[O-])c(O)oc2c1
AIPSXDXZFKITIG,2,AIPSXDXZFKITIG;YNDXUCZADRHECN,CC1(C)OC2CC3C4CCC5=CC(=O)C=CC5(C)C4(F)C(O)CC3(C)C2(C(=O)CO)O1;CC1(C)OC2CC3C4CC=C5CC(=O)C=CC5(C)C4(F)C(O)CC3(C)C2(C(=O)CO)O1
AJRBDLMOOYEORK,2,AJRBDLMOOYEORK;GTHIKWPDZKULJR,Cc1ccc(C2=NOC(=O)C2=Cc2ccc3c(c2)OCO3)cc1C;C=c1ccc(=c2[nH]oc(=O)c2=Cc2ccc3c(c2)OCO3)cc1C
AJRDGXWNPVFPFO,2,AJRDGXWNPVFPFO;DOWOISHPSMFFSO,CC1=NN(c2nc(-c3ccc(I)cc3)cs2)C(=O)C1;Cc1cc(=O)n(-c2nc(-c3ccc(I)cc3)cs2)[nH]1
AJVXVYTVAAWZAP,2,AJVXVYTVAAWZAP;LLPBUXODFQZPFH,CC1(C)C(=O)NC2=C1C(=O)C(=O)c1ccccc12;CC1(C)C(=O)N=C2c3ccccc3C(=O)C(=O)C21
AKNOBNBLSYESBR,2,AKNOBNBLSYESBR;IYVVHOGHQZNQAU,N#CC1=C(N)Oc2c(c(=O)oc3ccccc23)C1c1ccc(F)cc1;N#CC1C(=N)Oc2c(c(=O)oc3ccccc23)C1c1ccc(F)cc1
ALCJQLRGZWGFPF,2,ALCJQLRGZWGFPF;SLURUCSFDHKXFR,COc1cccc2c1C(=O)c1c(O)c3c(c(O)c1C2=O)CC(O)(C(=O)CO)CC3OC1CC2C(OC3C(OC)OCCN23)C(C)O1;COc1cccc2c(O)c3c(c(O)c12)C(=O)C1=C(CC(O)(C(=O)CO)CC1OC1CC2C(OC4C(OC)OCCN24)C(C)O1)C3=O
ATQOGGAGZJZAPQ,2,ATQOGGAGZJZAPQ;VHRUMKCAEVRUBK,CCCCCC=CC=C1C(=O)C=CC1CC=CCCCC(=O)O;CCCCC=CC=CC1=C(C=CCCCCC(=O)O)CCC1=O
ACTIHECDWUUJPX,2,ACTIHECDWUUJPX;FIRSAIIBSBCBTF,Cc1nn2c([nH]c(=O)c3cccnc32)c1C#N;Cc1[nH]n2c(nc(=O)c3cccnc32)c1C#N
ZPBYVFQJHWLTFB,2,FSASIHFSFGAIJM;ZPBYVFQJHWLTFB,Cn1cnc(N)c2ncnc1-2;Cn1cnc(=N)c2[nH]cnc21
ZPHLSQQEXXKIIA,2,XASCINRGTHLHGM;ZPHLSQQEXXKIIA,O=C1c2ccccc2-c2c(NCCc3ccccc3)c(=O)[nH]c3cccc1c23;O=C1Nc2cccc3c(O)c4ccccc4c(c23)C1=NCCc1ccccc1
ZPTZXMTYGACTEG,2,YAHZABJORDUQGO;ZPTZXMTYGACTEG,O=C(COP(=O)(O)O)C(O)C(O)COP(=O)(O)O;O=C(C(O)COP(=O)(O)O)C(O)COP(=O)(O)O
ZPYMDHVSMJAEQR,2,BLJOXWGKDCMTMU;ZPYMDHVSMJAEQR,CC=C1CN(C)CCC23C(=O)CC1C1COC(O)C(=O)N(c4ccccc42)C13;CC=C1CN(C)CCC23C(=O)CC1C1COC(=O)C(O)N(c4ccccc42)C13
ZQAMWKLEOKHKOM,2,HVHUQDDJNAABOF;ZQAMWKLEOKHKOM,COC(=O)C12Oc3c(c(O)cc4c3C3C=CC5(C4)C(=O)c4cc(C)cc(O)c4C(O)=C5C3=O)C(O)=C1C(=O)CCC2O;COC(=O)C12Oc3c(c(O)cc4c3C3C=CC5(C4)C(=O)c4cc(C)cc(O)c4C(=O)C5C3=O)C(=O)C1C(=O)CCC2O
ZRTFIPGJFJLMCG,2,GDNZNIJPBQATCZ;ZRTFIPGJFJLMCG,COc1ccc2c(c1)OC(O)C(=O)N2O;COc1ccc2c(c1)OC(=O)C(O)N2O
ZSEPUIQKPYEGEY,2,IWINXMWZYVGFKC;ZSEPUIQKPYEGEY,CC(=O)C=C(O)C=Cc1ccc(O)cc1;CC(=O)CC(=O)C=Cc1ccc(O)cc1
ZSJHNJIVJVCEJX,2,KBJKWXDTUOJWAI;ZSJHNJIVJVCEJX,CC1=CC2C=C(C)C(C)C3C(CC(C)C)NC(=O)C23C(=O)CC(O)C(=O)C(O)CC1;CC1=CC2C=C(C)C(C)C3C(CC(C)C)NC(=O)C23C(=O)CC(=O)C(O)C(O)CC1
ZSPWEUZMDXEYMX,2,NXFQHRVNIOXGAQ;ZSPWEUZMDXEYMX,O=C1CN(N=Cc2ccc([N+](=O)[O-])o2)C(=O)N1;O=c1[nH]c(O)cn1N=Cc1ccc([N+](=O)[O-])o1
ZSRQBBAVBUQJMM,2,FLRUCNJMPLRHQE;ZSRQBBAVBUQJMM,CC(C)C(O)=C1C(=O)OC(c2ccoc2)C2(C)C(O)C(O)C34OC5(C)OC3(C12)C(O)C1(O)C(O)C2(C)CC1(O5)C4(C)C2CC(=O)O;CC(C)C(=O)C1C(=O)OC(c2ccoc2)C2(C)C(O)C(O)C34OC5(C)OC3(C12)C(O)C1(O)C(O)C2(C)CC1(O5)C4(C)C2CC(=O)O
ZSZQPFHWBZRAGZ,2,QONYNSMAVSRIRD;ZSZQPFHWBZRAGZ,CC(=O)OC1CC(C)=C2C(=O)C=C(C)C2C2OC(=O)C(C)C12;CC(=O)OC1C=C(C)C2=C(C(C)CC2=O)C2OC(=O)C(C)C12
ZTGQUNNQRFCLPN,2,SBJGFRHLHVBLNS;ZTGQUNNQRFCLPN,CC(C)=CCC1CC2(CC=C(C)C)C(=O)C(C(=O)CC(C)C)=C(O)OC2=C(C(CC(=O)O)c2ccccc2)C1(C)C;CC(C)=CCC1CC2(CC=C(C)C)C(=O)C(C(=O)CC(C)C)C(=O)OC2=C(C(CC(=O)O)c2ccccc2)C1(C)C
ZTHBDTFPZQZYPQ,2,TZOHVRDKXUMVIU;ZTHBDTFPZQZYPQ,COC1=C(OC)C(=O)C(C2COc3c(cc(OC)c(OC)c3OC)C2)=CC1=O;COc1cc2c(c(OC)c1OC)OCC(c1cc(O)c(OC)c(OC)c1O)=C2
ZTMSZXLRRYPQOY,2,ADLAXAQVHBFING;ZTMSZXLRRYPQOY,COc1cc(C)c(CCC(C)=CC=CC(C)=O)c(C)c1C;COc1cc(C)c(CC=C(C)C=CCC(C)=O)c(C)c1C
ACAJSRIDZBHNIP,2,ACAJSRIDZBHNIP;JPQUIURKYIEEQK,COc1ccc(N2C(C)=Nc3ccc(C)c4nc(C)cc2c34)cc1;C=c1[nH]c2ccc(C)c3nc(C)cc(c23)n1-c1ccc(OC)cc1
