molecule_id,smiles
m_005e53,CN(Cc1ncccc1C(=O)O)CC1(c2ccc(Br)cc2)CC1;CC1CC(c2ccc(Br)cc2)CN1Cc1ncccc1C(=O)O;O=C(O)c1cccnc1CN1CCC(c2ccccc2Br)CC1;Cc1ccc(CN2CC(C(=O)O)C(c3ccc(Br)cc3)C2)nc1;Cc1ncccc1CN1CC(C(=O)O)C(c2ccc(Br)cc2)C1;Cc1ccc(CN2CC(C(=O)O)C(c3ccc(Br)cc3)C2)cn1;Cc1cncc(CN2CC(C(=O)O)C(c3ccc(Br)cc3)C2)c1;O=c1cccc2n1C[C@H]1C[C@H]2CN(Cc2cc(Br)ccc2O)C1;O=C(c1cc[nH]c(=O)c1)N1CCCCC1Cc1cccc(Br)c1;CC(NC(=O)c1ccc2c(c1)C(C)(C)CO2)c1ccc(Br)cn1;Cc1nc(C2CC2)oc1C(=O)N1CCCc2c(Br)cccc2C1;Cc1cccc(CC(=O)N2CCC(Oc3ncccc3Br)C2)c1;CC(=O)c1c(CC(=O)O)cc(C(=O)O)c(C(=O)c2c(O)cccc2O)c1O;COc1cc2c(cc1OC)C(c1ccc(Br)cc1)=NNC(C)C2;Cc1ccc(C(=O)NCC(=O)Nc2ccc(Br)c(C)c2)cc1C;O=C1c2cc(O)cc(O)c2C(=O)c2c1cc(O)c([C@H](CCO)C(=O)O)c2O;O=C(Cn1ccc2ccc(Cl)cc21)N1CCC(C(=O)O)(C(F)(F)F)C1;Cc1c(O)c(O)c2c(c1C=O)[C@@H]1O[C@H](O2)c2c(C)c(O)c(O)c(O)c2C1=O;O=C(Cc1c(Cl)cccc1Cl)N=S1(=O)CCCC2(CCCN2)C1;CCCCC(=O)Nc1cccc(NC(=O)c2ccccc2Br)c1;Cc1c(O)c(O)c2c(c1C=O)[C@H]1O[C@@H](O2)c2c(O)c(O)c(O)c(C)c2C1=O;Cc1cc(O)c(C=O)c2c1C(=O)Oc1c(C)c(C(=O)O)c(O)c(CO)c1O2;Cc1cc(O)c(C=O)c2c1C(=O)Oc1c(CO)c(O)c(C(=O)O)c(C)c1O2;Cc1c(O)c(C(=O)O)c(C)c2c1OC(=O)c1c(C)c(O)c(O)c(C=O)c1O2;Cc1cc(O)c(CO)c2c1C(=O)Oc1c(C)c(O)c3c(c1O2)C(O)OC3=O
m_006153,COc1ccc(N2CC(C(=O)Nc3nncn3C3CC3)CC2=O)cc1;COc1ccc(N2CC(C(=O)N3CCCn4ncnc43)CC2=O)cc1;Cc1nnc(CNC(=O)c2ccc3c(c2)N(C)C(=O)CO3)n1C1CC1;O=C(CN1C(=O)COc2ccccc21)NCCc1nnc2n1CCC2;CN1C(=O)CC(C(=O)Nc2cccc(C(N)=O)c2)C1c1ccnn1C;CC(C)n1nccc1NC(=O)CC1NC(=O)c2ccccc2NC1=O;CCc1nnc(N2CC(C(N)=O)C(C(F)(F)F)C2)c(C#N)c1CC;O=C(O)c1ccc(C(=O)N2CCCC(c3nncn3C3CC3)C2)nc1;Cn1nncc1CNC1CCN(c2cccc(OC(F)(F)F)c2)C1;O=C(C[C@@H]1NC(=O)c2ccccc2NC1=O)NCCCn1ccnc1;Cc1cc([N+](=O)[O-])ccc1C(=O)NCc1nnc(C2CC2)n1C1CC1;Cc1cc(NC(=O)CC[C@@H]2NC(=O)c3ccccc3NC2=O)nn1C;CNC(=O)C1CC(=O)N(C2CN(C(=O)c3c[nH]c4cccnc34)C2)C1;COC(=O)c1c(NC(=O)CCCn2cncn2)c2ccccc2n1C;Cc1c(NC(=O)CC[C@H]2NC(=O)c3ccccc3NC2=O)cnn1C;CCn1nc(C)cc1-c1nc(CC(=O)Nc2ccccc2OC)no1;COc1ccnc(N2CCN(C(=O)C(=O)Nc3cccnc3)CC2)c1;CCn1cnnc1C1CN(C(=O)COc2ccc(C#N)cc2)CCO1;O=C(CC[C@@H]1NC(=O)c2ccccc2NC1=O)NCCc1c[nH]cn1;COc1ccc(-c2nc(CCNC(=O)C(C)n3cncn3)co2)cc1;Cc1n[nH]c(C)c1CNC(=O)C[C@H]1NC(=O)c2ccccc2NC1=O;Cc1n[nH]c(C)c1NC(=O)CC[C@H]1NC(=O)c2ccccc2NC1=O;Cc1cc(=O)nc(-n2nc(-c3ccco3)cc2NC(=O)C(C)(C)C)[nH]1;CCCn1c(C(=O)Nc2cccnc2)cc2c(=O)n(C)c(=O)n(C)c21;O=c1n(CCCNc2ncccc2C(F)(F)F)nc2n1CCCC2
m_00b5aa,COc1ccnc(CN2CCOCC3(CCCC3)C2)c1OC;COc1c(C)cnc(CN(C)C(=O)C2CCCOC2C)c1C;CC(C)Oc1ccc(C(=O)N2CCCC(CCO)CC2)nc1;COc1cccc(CNCC2CN(C3CC3)CCO2)c1OC;CNC(=O)C1(COC)CCCN1Cc1ccc(C)c(OC)c1;COCC1(C(N)=O)CCCN1Cc1ccccc1OC(C)C;CCCC1(CO)CCN(C(=O)c2cc(C)c(CC)nc2O)C1;COC1CCCC1C1COCCN1Cc1ncc(C2CC2)o1;Cc1ccc2c(c1)CN(CC(O)CN1CCOCC1)CCO2;COc1cc(CN2CCN(C3CCOCC3)CC2)ccc1O;COc1nc(C)cc(C)c1CNC(=O)CC1(O)CCCCC1;Cc1cccc(OC[C@]2(CNC3CCC3)C[C@@H](O)[C@@H](O)C2)n1;CC(C)Oc1cncc(C(=O)NCC(O)C2CCCCC2)c1;Cc1cccc(OC[C@]2(CNCC3CC3)C[C@@H](O)[C@@H](O)C2)n1;COc1cc(CNCC2CCCN(C)C2)cc2c1OCCO2;CC(C)C(NCc1cccc2c1OCCCO2)C(=O)N(C)C;COc1cccc(C(=O)NC(C)CN2CCCC(C)C2)c1O;CCC1CN(C(=O)c2cc[nH]c2C(C)C)CC2(CCOC2)O1;COCC1CCN(C(=O)c2cc(O)nc(CC(C)C)c2)CC1;CNC(=O)C1CN(Cc2cccc(OCC(C)C)c2)CCO1;COc1cccc(CNC2CC2)c1OCC(=O)NC(C)(C)C;CNCC1CCN(C(=O)c2ccc(OC(C)C)c(OC)c2)C1;Cc1cccc(C)c1OCCN1CCCC(O)(CC(N)=O)C1;Cc1cnccc1OCC1CCN(C(=O)OC(C)(C)C)CC1;COc1cc2c(cc1OC)CCN(CC1CNCCO1)CC2
m_01e922,Cc1ccc(C(=O)OCC2CCCCC2)c(=O)[nH]1;Cc1cc2c(c(=O)n1C)C(CC(C)C)CC(=O)O2;CC(C)CC(=O)[C@@H](C)OC(=O)c1ccccc1N;CN(C)c1cccc(C(=O)OCC2CCCO2)c1;COC1CCC2C(O)c3c(C)ccnc3C2C1O;CN1[C@@H]2CCC[C@H]1C[C@@H](OC(=O)c1ccco1)C2;CCCCCC(=O)Nc1ccc(C(=O)OC)cc1;Cc1cc(O)ccc1C(=O)NC1CCCC1CO;Cc1cc(C)c(NC(=O)C2CCCO2)cc1CO;CC1(C)COC(c2ccccc2)CN1CC(=O)O;CC(=O)N1CCOC[C@H](OCc2ccccc2)C1;CC1COC(c2ccccc2)C(C)N1CC(=O)O;COc1cccc(C(=O)NC2CCCC2CO)c1;Cc1ccccc1C1CN(CC(=O)O)C(C)CO1;CCC=CCCCNc1cc(C(=O)O)ccc1O;CC1CCCN(C(=O)c2cccc(O)c2)C1CO;COC[C@@H]1CCCN1C(=O)c1ccccc1OC;CCC=CCCCNc1c(O)cccc1C(=O)O;COc1ccc(C(=O)NCC2(CO)CC2)c(C)c1;Cc1cccc(NC(=O)CC2(O)CCCC2)c1O;COc1cccc(C(=O)NCC(OC)C2CC2)c1;CCC(=O)Nc1ccc(C)c(OC2CCOC2)c1;CN(C)C(=O)c1ccc(OC2CCOCC2)cc1;Cc1ccccc1C1CN(CCC(=O)O)CCO1;Cc1cc(C)cc(C(=O)NCC2COCC2O)c1
m_0259d4,O=C(NCCCn1ccnc1)NCCc1coc(-c2ccccc2)n1;Cc1ccc(-c2nc(CCNC(=O)NCCn3ccnc3)co2)cc1;Cc1ccc(NC(=O)c2cnn(CCN(C)C)c2)cc1-c1ncco1;CC1CN(C)CC(c2nnc(-c3ccc(Cn4ccnc4)cc3)o2)O1;OC1(Cn2ccnn2)CCCN(Cc2ncc(-c3ccccc3)o2)C1;O=C(Cc1n[nH]c2ccccc12)NC1CC(Cn2ccnc2)CC1O;Cn1nccc1C1OCCC1NC(=O)CCn1cnc2ccccc21;Cc1ccc(-c2cnc(CN3CCC(O)(Cn4ccnn4)C3)o2)cc1;CCc1cc(C(=O)N2CCC(n3c(=O)[nH]c4ccccc43)CC2)[nH]n1;COc1ccc(-c2cn3c(n2)CO[C@@H](CNCc2ncc[nH]2)C3)cc1;O=C(Nc1cc(C(=O)N2CCC(n3ccnc3)CC2)ccn1)C1CC1;Cc1nn(C)cc1C1OCCC1NCc1nnc(-c2ccccc2)o1;CC1(c2nnc(-c3ccccn3)o2)CN(C(=O)NC2CC=CCC2)C1;CC(c1nc(-c2ccccc2)no1)N1CCOC(Cn2cccn2)C1;Cc1cnn(CC2CN(Cc3nnc(-c4ccccc4)o3)CCO2)c1;O=C(NC1CCCC1n1ccnc1)c1ccc(N2CCNC2=O)cc1;CCn1ccnc1C1OCCC1Nc1nc(-c2ccc(C)cc2)no1;Cn1ccnc1CC1CCCN(C(=O)c2cc(-c3ccco3)[nH]n2)C1;Cc1nccn1Cc1nc(-c2cccc(CN3CCOCC3)c2)no1;Cn1nccc1C1OCCC1CNC(=O)Cn1cnc2ccccc21;Cc1ccccc1-c1nc(CNC(=O)c2cn(C)nc2C(C)C)no1;CC1CN(C)CC(c2nnc(-c3ccc(Cn4cccn4)cc3)o2)O1;Cn1ccnc1CN1C[C@H]2CN(C(=O)c3ccccc3)CCN2C1=O;Cc1nc2ccccc2n1CC(=O)NC1CCOC1c1ccnn1C;CCc1nccn1C1CCCN(C(=O)c2ccc3[nH]c(=O)[nH]c3c2)C1
m_02d188,CC(=O)Nc1ccc(NCC(=O)NC(C)c2ccccc2)c(Cl)c1;CC(=O)Nc1ccc(Cl)cc1NCC(=O)NC(C)c1ccccc1;Cc1ccc(NC(=O)CNC(=O)c2ccc(C(C)C)cn2)c(Cl)c1;Cc1ccc(C(N)=O)cc1NCC(=O)N(C)Cc1cccc(Cl)c1;O=C1C(N(CCO)Cc2cccnc2)CCN1c1ccccc1Cl;O=C(CCc1cccnc1)Nc1cccc(Cl)c1N1CCOCC1;CCN(CC(=O)Nc1c(C)cccc1C)C(=O)c1ccc(Cl)cn1;CC(NC(=O)c1cc(N2CCOCC2)ccn1)c1cccc(Cl)c1;Cn1ccc(C(=O)NC2CCCN(c3ccccc3Cl)C2)cc1=O;CC(c1ccc(Cl)cc1)N1CCN(C(=O)c2cc[nH]c(=O)c2)CC1;CCN(C(=O)c1cncc(N2CCOCC2)c1)c1ccccc1Cl;NC(Cc1ccncc1)C(=O)NC1CCCOc2cc(Cl)ccc21;O=C(CCc1cccc(Cl)c1)NCCC(=O)NCc1ccncc1;CC(C)(C)C(=O)Nc1ccc(C(=O)NCc2ccc(Cl)cc2)cn1;CN(Cc1cccn1C)C(=O)c1cc(N2CCCC2=O)ccc1Cl;CC(c1ccc(Cl)cc1)N1CCN(C(=O)c2cccc(=O)[nH]2)CC1;O=C(Cn1ccccc1=O)NC1CCCN(c2ccccc2Cl)C1;Cc1nc(N2CCOCC2)ccc1NC(=O)Cc1ccccc1Cl;C#CCCC1(CCC(=O)NC2CCCOc3c(Cl)cccc32)N=N1;Cc1cc(Cl)c(C(=O)NCCC(=O)NCc2ccccn2)cc1C;CC(=O)Nc1c[nH]c(C)c1C(=O)NC1CC(c2cccc(Cl)c2)C1;Cc1cc(=O)[nH]cc1C(=O)NCC1CCN(c2ccc(Cl)cc2)C1;COc1ccc(CNC2CC(=O)N(C)C2c2cccnc2)cc1Cl;COc1cccc(CC(=O)NC2CCN(c3ccc(Cl)cc3)C2)n1;COc1ccc(Cl)c(CNC2CC(=O)N(C)C2c2cccnc2)c1
m_0318b5,O=C(Nc1ccc(F)cc1)C(c1ccccc1)N1CCC(n2cccn2)CC1;O=C(Nc1ccc(F)cc1)C(c1ccccc1)N1CCC(c2ccn[nH]2)CC1;Cc1cc(C)n(-c2ccc(C(=O)N3CCN(c4ccccc4F)CC3)cc2)n1;COCCc1cc(NC(=O)N2CCCC(c3cc(F)ccc3F)C2)n(C)n1;COc1c(F)cc(CN2CCC(CNC(=O)c3cnn(C)c3)CC2)cc1F;Cn1cc(CC2CCN(CC(=O)NCc3ccc(OC(F)F)cc3)C2)cn1;CC(C)Cn1ncc(NC(=O)N2Cc3ccccc3OC(C)C2)c1C(F)F;Cc1c(C(C)NC(=O)N2CCC(Oc3ccc(F)cc3F)CC2)cnn1C;Cc1ccc(CC(=O)N2CCCCC2c2ncc(-c3cccc(F)c3)[nH]2)cn1;Cc1nn(C)cc1C(C)NC(=O)N1CCC(Oc2ccc(F)cc2F)CC1;Cc1cccc(CC2(O)CCN(C(=O)Nc3cnn(C)c3C(F)F)CC2)c1;COC1(C(=O)Nc2cccc(Nc3cnn(C)c3)c2)CCC(C(F)F)CC1;COCCN1C(=O)CC(CNc2nc(C(C)C)ns2)C1c1cnn(C)c1;CCc1nsc(NCC2CC(=O)N(CCOC)C2c2cnn(C)c2C)n1;c1ccc(CCSc2nnc(CN3CCCC3)n2Cc2ccccc2)cc1;CC(NC(=O)CNC(=O)C1CCCCC1)c1nc2ccccc2n1C(F)F;CC(C)c1nnc(CNc2ccc(S(=O)(=O)N3CCCCC3)cn2)n1C;CCC/C=C1\OC(=O)C2=C1CC[C@H]1[C@H](CCC)[C@@]3(OC(=O)c4ccccc43)[C@@H]21;O=C1C(N2CCN(C(=O)N3CCOCC3)CC2)CCCN1CC(F)(F)F;CCC/C=C1\OC(=O)C2=CC3CCC21C1(OC(=O)c2ccccc21)[C@@H]3CCC;CCC/C=C1\OC(=O)[C@@]23C=CCC[C@@]12[C@]1(OC(=O)c2ccccc21)[C@H]3CCC;CC(C)=CC[C@@H]1Cc2cc3c(cc2C[C@@H]1O)OC[C@@H]1c2ccc(O)cc2O[C@@H]31;CCCCCCc1c(C)c2ccc(OCC(=O)c3ccccc3)cc2oc1=O;CC(=O)Oc1ccc2c(c1)CC=C1[C@@H]2CC[C@@]2(C)[C@H]1CC[C@@]2(O)c1ccoc1;C=C1CCC[C@@]2(C)C[C@@]3(OC(=O)/C=C/c4ccccc4)OC(=O)C(C)=C3C[C@H]12
m_043e86,OC(CNc1ncc(Cl)cc1F)CN1CCOCC1;CC(C)(C)C(=O)Nc1ccc(-c2ccc(Cl)cn2)cn1;CC(C)(C)C(=O)Nc1ccc(-c2ncccc2Cl)cn1;Clc1ccccc1OC1CCN(c2cnccn2)CC1;OC1CCN(c2ccc(-c3ccccc3Cl)nn2)CC1;Cc1nc(-c2ccnc(NC(=O)CC3CSC3)c2)n[nH]1;OC1CC(CNc2ncc(Cl)cn2)(c2ccccc2)C1;Cc1nnsc1C(=O)N1CCN(c2ccccn2)CC1;Cc1c(NC(=O)c2ccc(Cl)cn2)cccc1N(C)C;NCC1CCN(C(=O)c2cc(Cl)cc3cccnc23)C1;Nc1nc2c(c(=O)[nH]1)NC(C(O)C(O)CO)C(O)N2O;NCC1CCN(C(=O)c2ccc(Cl)c3cccnc23)C1;Cc1cc(NC(=O)C2CCc3nccn3C2)ccc1Cl;CN1CC(NCc2ccc(Cl)c3cccnc23)CC1=O;Cn1ncc(NCC2(c3ccccc3)CC2)c(Cl)c1=O;O=C(Nc1cccs1)N1CCN(c2ncccn2)CC1;O=C(c1ccc(Cl)cc1)N1CCCCC1c1cn[nH]c1;CN1CCN(C(=O)c2cc(Cl)c3ccccc3n2)CC1;Cn1cc(CC(=O)NC2CC2c2cccc(Cl)c2)cn1;Cc1ccc(NC(=O)c2[nH]nc3c2CCCC3)cc1Cl;O=C(c1ccccc1Cl)N1CCCC(n2ccnc2)C1;Cn1cc(C2CCN(C(=O)c3ccc(Cl)cc3)C2)cn1;NCC1CCCN1C(=O)c1cnc(-c2ncccn2)s1;CC(NC(=O)NCc1ccc(Cl)cc1)c1ccccn1;O=C(NCc1ccc(Cl)cc1)C1CCCc2[nH]ncc21
m_050bf1,CCc1noc(COCC(=O)N2CC(C)(C)OC3COCC32)n1;CCCc1noc(CCCC(=O)N2CCOC(CC(=O)O)C2)n1;CC(C)(C)c1noc(CCC(=O)N2CCOC(CC(=O)O)C2)n1;CCN1CCN(C(=O)COCc2ocnc2C(=O)OC)C(C)C1;COC(=O)CN1C(=O)[C@@H]2C[C@@H](O)CN2C2(CN(C(C)C)C2)C1=O;CC(=O)N1C[C@@H]2COCCN2C2(C1)CN(C(=O)CCC(=O)O)C2;Cc1noc(C23CCN(C)CC2CN(c2ncncc2C#N)C3)n1;Cn1ncnc1CN1CCC(Cc2nc(-c3ccncc3)no2)C1;c1cn(-c2cc(NC3=NCC4(CN5CCC4CC5)O3)ncn2)cn1;CC(C)c1nnc2n1CCN(Cc1nc(-c3cccnc3)no1)C2;CNc1ccc(-c2noc([C@@H]3CCCN3Cc3ncc[nH]3)n2)cn1;O=C(CCCn1cnnn1)N1CCCC1c1nc2ccccc2[nH]1;CC(C)c1nnc2n1CCN(C(=O)Cn1nnc3ccccc31)C2;C[C@H]1O[C@@H](n2ccc(=NC(=O)CC(C)(C)O)nc2O)CC[C@@H]1O;CC[C@@H](C)C1=C(N(OC)C(=O)C(C)C)C(=O)N1C(=O)CC(N)=O;COC1CC(c2ncn[nH]2)N(Cc2cnn(-c3ccccc3)n2)C1;c1ccc(-n2cc(CN3CCOC(Cn4cncn4)C3)nn2)cc1;COC1CC(CNc2nc(C)cc(C#N)n2)N(c2ccncn2)C1;Cn1cc(C2CN(c3ccnc4c3cnn4C)CC2C(N)=O)cn1;Cc1cc2c(NC3CC(=O)N(C)C3c3ccnn3C)nccn2n1;Cc1n[nH]c(C)c1C1CCCN1C(=O)c1cnc2c(c1)nnn2C;Cc1c(C2C(CNc3cnc(C#N)cn3)CC(=O)N2C)cnn1C;Cc1c(C2C(CNc3nccnc3C#N)CC(=O)N2C)cnn1C;Cn1nccc1C1CCN(C(=O)c2ccnc3c2nnn3C)CC1;COCCOC[C@]1(CNC(=O)c2cnccn2)C[C@@H](O)[C@@H](O)C1
m_05b52e,COc1ccc(Cl)cc1-c1cc(NC(=O)c2ccnc(C)n2)[nH]n1;CN(C)c1nccc(NC(=O)c2cc(-c3cccc(Cl)c3)no2)n1;CN(C)c1ncc(NC(=O)c2cc(-c3cccc(Cl)c3)on2)cn1;Cc1ccc(C(=O)Nc2ccc(-c3n[nH]c(C)n3)c(Cl)c2)c(=O)[nH]1;Cc1nc(-c2ccc(NC(=O)c3ccc(=O)n(C)c3)cc2Cl)n[nH]1;COc1ccc(Cl)cc1C(=O)Nc1ccc(-n2cnnn2)c(C)c1;COc1ccc(Cl)cc1CNC(=O)c1ccnc(-n2cncn2)c1;CCc1c(NC(=O)c2ccc(=O)[nH]n2)cnn1-c1cccc(Cl)c1;Cc1cc(C)c2c3c(sc2n1)C1(CCSCC1)C(C#N)=C(N)O3;Cc1ccc(-c2nc(NC(=O)c3sc(C)nc3C)sc2C)cc1;COc1ccc(Cl)cc1CC(=O)Nc1cccc(-n2cnnn2)c1;Cc1nc(C)c(C(=O)Nc2nc(-c3ccc(C)c(C)c3)cs2)s1;CC(C)CN1C(=O)C(=Cc2cn[nH]c2-c2ccccc2)SC1=S;CC(C)(C)c1ccc(-c2nnc(NC(=O)c3cccs3)s2)cc1;O=C(Nc1nc2ccc(Cl)cn2n1)NC1c2ccccc2CC1O;O=C(NCCNC(=O)c1nccn2ccnc12)c1ccc(Cl)cc1;O=C(Cn1cccn1)N1CCc2nc3ccc(Cl)cn3c(=O)c2C1;CSc1ccc(-c2csc(Cn3c(C)cc(C)nc3=O)n2)cc1;Nc1c(C(=O)NC2CCCC2)sc2nc(-c3cccs3)ccc12;O=C(Oc1c(-c2ccccc2)oc2ccccc2c1=O)c1cccnc1;CC(=O)Nc1sc2c(c1-c1nc3ccccc3s1)CCCNC2;CC(=O)Nc1sc2c(c1-c1nc3ccccc3s1)CCN(C)C2;Cc1ncsc1C(=O)NCCc1nc(-c2ccccc2)c(C)s1;O=C(COc1ccc(Cl)cc1)NCc1nnnn1-c1ccccc1;CC1=C(C(=O)Nc2ccccc2C)C(c2cccs2)NC(=S)N1
m_068354,CC(NC(=O)C1CCn2ccnc2C1)C(O)Cc1ccccc1;Cc1cc(O)c(C(C)C)cc1NC(=O)C1CCn2ccnc2C1;CCOc1ccccc1CCC(=O)NC1CCc2nccn2C1;CC(NCC1CCn2ccnc2C1)c1ccc2c(c1)OCCO2;CC1CCN(C(=O)C(O)Cc2ccccc2)CC1n1ccnc1;O=C(NCc1nccn1CCCc1ccccc1)C1CCCO1;O=C(CCCn1ccnc1)NCC1CCOC1c1ccccc1;COc1ccc(CCC(=O)N2CCCC2Cn2ccnc2)cc1;O=C(COCCc1ccccc1)NC1CCCC1n1ccnc1;O=C(CCc1c[nH]cn1)N1CCCC1(CO)Cc1ccccc1;O=C(COCCc1ccccc1)N1CCCC(n2ccnc2)C1;COc1ccc2c(c1)CCCN2C(=O)Cn1ccnc1C(C)C;COc1ccc(CN(C)C(=O)C2CCc3cncn3C2)cc1C;CC(C)(C)C(=O)NC[C@H]1Cn2c(-c3ccccc3)cnc2CO1;O=C(CCn1cnc2ccccc21)N1CCOC2CCCCC21;COC(=O)C1CCc2nnc(CCCc3ccccc3)n2CC1;CC(C)CNC(=O)c1ccc2c(=O)n3c(nc2c1)CCCCC3;COc1ccccc1CCC(=O)N1CCCCC1c1ncc[nH]1;Cc1ccccc1CN(C)C(=O)C1CCCOC1c1ncc[nH]1;COC(C(=O)N1CCC(n2cncc2C)CC1)c1ccccc1;COC(=O)C1CCn2c(nnc2-c2ccc(C(C)(C)C)cc2)C1;CC(CC(=O)NC1CCOC1c1cnn(C)c1)c1ccccc1;CC(C(=O)N1CCOC2CCCCC21)n1cnc2ccccc21;CN(Cc1nccn1C)C(=O)COc1ccc2c(c1)CCCC2;c1ccc(-c2cnc3n2C[C@H](CNC2CCOCC2)OC3)cc1
m_06e13d,CCc1onc(C)c1NS(=O)(=O)c1cc(Cl)cc(C(=O)O)c1C;CCc1onc(C)c1NS(=O)(=O)c1cc(Cl)c(C)c(C(=O)O)c1;Cc1cc(CN(C)S(=O)(=O)c2cc(Cl)cc(C(=O)O)c2C)no1;Cc1c(C(=O)O)cc(Cl)cc1S(=O)(=O)N1CC(=O)N(C2CC2)C1;O=C(O)c1ccc(S(=O)(=O)N2CC(=O)N(CC3CC3)C2)c(Cl)c1;O=C(O)c1ccc(S(=O)(=O)N2CC(=O)N(CC3CC3)C2)cc1Cl;N#Cc1ccc(S(=O)(=O)NCC2(C(=O)O)CCOCC2)c(Cl)c1;C[C@H]1CCC/C=C\C(=O)c2c(O)c(Cl)c(O)c(Cl)c2CC(=O)O1;NC(=O)C1CCS(=O)(=O)C12CN(C(=O)c1ccc(Cl)c(O)c1)C2;O=C(c1cnn(-c2ccc(Cl)cc2Cl)c1)N1CCc2cnccc21;O=C(NCC1CCOC1c1ncn[nH]1)c1cc(F)c(Cl)cc1Cl;Cc1nnc2n1-c1ccc(Cl)cc1C(c1ccccc1Cl)=NC2O;NC(=O)CN1C(=O)[C@@H]2CN(S(=O)(=O)c3cccs3)CCN2C1=O;O=C(NN=Cc1cn[nH]c1-c1ccccc1)c1ccc(Cl)cc1Cl;O=C1/C(=C/c2c(F)cccc2Cl)Oc2cc(OC(=O)C3CC3)ccc21;OCc1nnc2n1-c1ccc(Cl)cc1C(c1ccccc1Cl)=NC2;O=C(OCC#CCSc1nnc(-c2ccco2)o1)c1ccc(F)cc1;O=c1c(Cl)c(NN=Cc2ccc(Cl)cc2)cnn1-c1ccccc1;CCc1nnc(NC(=O)CN(C)Cc2ccc(Cl)cc2Cl)s1;NNS(=O)(=O)c1ccc(Oc2ccc(S(=O)(=O)NN)cc2)cc1
m_06f339,Cc1csc(NC(=O)CN2CCCC(Cn3nc(C)nc3C)C2)n1;CCc1nc(NC(=O)CN2CCCC(Cn3cncn3)C2)sc1C;Cc1nc(NC(=O)C(C)N2CCCC(Cn3cncn3)C2)sc1C;CCc1nc2n(n1)CC(NCc1csc(N(CC)C(C)=O)n1)CC2;Cc1cc(C)n(CC2CCCCN2CC(=O)Nc2nnc(C)s2)n1;Cc1nc(N2CCN(C(=O)NCCCn3cccn3)CC2)sc1C;Cc1csc(N2CCN(C(=O)Nc3cnn(CC(C)C)c3)CC2)n1;Cc1nc2n(n1)CCCC2NC(=O)NCc1csc(C(C)(C)C)n1;Cc1nn(C)c(C)c1NC(=O)CN1CCN(c2nccs2)C(C)C1;Cc1nc(N2CCN(C(=O)NCCCn3ccnc3)CC2)sc1C;Cc1csc(N2CCN(C(=O)Nc3cnn(C(C)(C)C)c3)CC2)n1;CCc1nc2n(n1)CCCC2NC(=O)NC(CC)c1ncc(C)s1;Cc1nc(N2CCN(C(=O)Nc3cnn(C(C)C)c3)CC2)sc1C;Cc1nn(C)c(C)c1NC(=O)C(C)N1CCN(c2nccs2)CC1;Cc1nc(CN2CCN(C(=O)C(C(C)C)n3cncn3)CC2)cs1;Cn1cnnc1C1CCN(C(=O)Nc2ncc(C(C)(C)C)s2)CC1;CC(C)C(C(=O)N1CCCN(Cc2cscn2)CC1)n1cncn1;CCc1nc(C2CCN(C(=O)Nc3ncc(C(C)C)s3)CC2)n[nH]1;CC(C)c1nn(C)cc1NC(=O)N1CCCN(c2nccs2)CC1;Cc1csc(CCNC(=O)CC2(Cn3cnnn3)CCCCC2)n1;Cn1ncnc1C1(O)CCN(c2nc(C3CCCCC3)ns2)CC1;CCn1nc(C)c(NC(=O)N2CCN(Cc3cscn3)CC2)c1C;Cc1ncsc1CN(C)CC1CCN(C(=O)Nc2cnn(C)c2)C1;CCc1nc(CN2CCC(CNC(=O)Nc3cn[nH]c3)CC2)cs1;C=C1CCN(C(C)C(O)(Cn2cncn2)c2ccc(F)cc2F)CC1
m_070985,CCC(C)C(CO)NS(=O)(=O)c1cncc(Cl)c1;CCNCCNS(=O)(=O)c1ccc(OC)c(Cl)c1;CC(=O)Nc1ccc(S(=O)(=O)Nc2ncccn2)cc1;CCC(C)(C)C(=O)Nc1nnc(NS(C)(=O)=O)s1;CCCOc1ccc(NS(=O)(=O)N(C)C)cc1Cl;CCc1nc(NS(=O)(=O)Cc2ccc(C#N)cc2)no1;O=C(O)CCNC(=O)c1ncccc1OCC(F)(F)F;O=C(O)CC(NC(=O)c1cc(C2CC2)on1)C(F)(F)F;Cc1ccccc1C=c1sc2nc3ccccc3n2c1=O;COC(=O)c1ccnc(NC(=O)c2cc(F)cc(F)c2)c1;O=C1C2=C(NC(=S)N[C@H]2c2ccccc2)c2ccccc21;COC(=O)c1ccnc(NC(=O)c2ccc(F)c(F)c2)c1;COC(=O)C(C)NC(=O)c1csc(-c2cnccn2)n1;CCOc1cc(OP(=S)(OC)OC)nc(CC)n1;CC(C)(O)C(=O)Nc1ccc([N+](=O)[O-])c(C(F)(F)F)c1;COc1ccccc1/C=C(\C#N)c1nc2ccccc2s1;COc1cccc(/C=C(\C#N)c2nc3ccccc3s2)c1;COc1ccc(/C=C(\C#N)c2nc3ccccc3s2)cc1;CCOP(=O)(OCC)c1ccccc1OCCCl;COC(=O)c1ccc(NC(N)=O)c(OCC(F)(F)F)c1;O=C(Nc1ccc(C(=O)O)cc1)Nc1ccc(F)cc1F;O=C(C=Cc1ccc(Cl)cc1)c1cccc2ccccc12
m_074e83,CCOc1ccccc1C(=O)N1CCCC1C(=O)N1CCC(CN(C)CC)C1;CCCC(=O)N1CCCC1C(=O)N1CCCN(Cc2ccc(OC)cc2)CC1;CC1C(N2CCOCC2)CCN1Cc1ccccc1OCC(=O)N1CCCC1;CNC(=O)[C@@H](c1ccc(OC)cc1)N1CCC[C@H]1C(=O)NCC1CCCCC1;CC(C)(C)C1CCC(O)(CNC(=O)C2CCCN2C(=O)c2ccccn2)CC1;COc1cccc(C(=O)N2C[C@@H]3COCCN3C3(CN(CCC(C)C)C3)C2)c1;COc1ccc(C(=O)N2C[C@@H]3COCCN3C3(CN(CCC(C)C)C3)C2)cc1;COc1ccc(C(=O)N2C[C@@H]3COCCN3C3(CN(CC(C)(C)C)C3)C2)cc1;COc1ccccc1C(CNC(=O)N1CCOCC1C1CCC1)N1CCCC1;CC[C@H]1CN(C(=O)c2ccccc2)CC[C@H]1CC(=O)NCCN1CCOCC1;CC1OCC(=O)N(Cc2ccccc2)C1C(=O)NC1CC(C)(C)NC(C)(C)C1;COc1ccc(CN2CC(C(=O)NCCCN3CCCCCC3)CC2=O)cc1;COc1ccccc1C(CNC(=O)C1(C2(O)CNC2)CCC1)N1CCCCC1;COc1ccccc1C(CNC(=O)N1CCC(O)CC12CC2)N1CCCCC1;CCN(CC(=O)N1CCN(Cc2ccc3c(c2)CCO3)CC1)CC1CCCO1;CCCNC(=O)C1(NC(=O)C2CN(Cc3ccccc3)CCO2)CCCCC1;C[C@@]1(CO)CN(Cc2ccccc2)C[C@@H]2CN(C(=O)C3CCOCC3)CCN21;COc1ccc(C(=O)NCCC2CCN(C(=O)NC3CCCCC3)CC2)cc1;CC1CCN(CC2CCCN(C(=O)CNC(=O)COc3ccccc3)C2)CC1;COc1cccc2c1CCN(C(=O)C1CCCN(C(=O)NCC(C)C)C1)CC2;Cc1ccc(NC(=O)C2COCCN2CC2CCC2)cc1C(=O)N(C)C(C)C;COCCC(=O)N1CCC(NC(=O)C2CCN(Cc3ccccc3)CC2)CC1;CC=Cc1ccc(OCC(=O)N2CCN(C3CCCN(C)C3)CC2)c(OC)c1;COc1cc(C2(C(=O)N3CCCC(C(=O)NCCN)C3)CCCC2)ccc1C;CCCCNC(=O)c1ccccc1NC(=O)C1CCN(C(=O)C(C)(C)C)CC1
m_089267,O=C(Nc1cnn(CC(F)(F)F)c1)N1CCCC(CN2CCOCC2)C1;CCOC(=O)C1CCCN(c2ncnc3c2ncn3CC2(CO)COC2)C1;COc1ccc(NC(=O)C2CCNC(=O)C2)c(N2CCN(C(C)=O)CC2)n1;COC(=O)C1(C)CCCN(c2ncnc3c2ncn3CC2(CO)COC2)C1;Cc1noc(C2(C(F)(F)F)CCN(C(=O)C(C)(C)N3CCNCC3)C2)n1;COCc1cn(CC[C@@H]2CC[C@@H](NC(=O)c3ccncc3)[C@@H](CO)O2)nn1;COCc1cn(C[C@H]2OC[C@H](O)[C@H]2NCc2ccc(NC(C)=O)cc2)nn1;COc1ccccc1C(NC(=O)NCCN1CCOCC1)c1noc(C)n1;CC(=O)N1CCN(C(=O)c2cccn2C)C[C@H]1C(=O)N[C@H]1CCCNC1=O;CC(C)C1(O)CN(C(=O)CCC(=O)Nc2ccc3c(n2)n(C)c(=O)n3C)C1;CN(C)Cc1cn(C[C@H]2O[C@@H](CC(=O)Nc3ccccc3)[C@H](O)[C@@H]2O)nn1;NCC1CC(NC(=O)NC2CCc3nc(-c4ccc(F)cc4F)cn3C2)C1;COc1ccc([C@H]2CN3[C@@H](N[C@H]4[C@@H]3C(=O)N(C)C(=O)N4C)N2CCO)cc1;O=C(C1CCC2(CCC2)CC1)N1CCC(S(=O)(=O)c2ccccc2)CC1;COCC(=O)N[C@@H]1C[C@@H](c2nc(COC)nn2-c2cccnc2)CC[C@H]1O;O=C(CN1CCN(c2cc(C3CC3)n[nH]2)CC1)NCc1cc(F)cc(F)c1;O=C(C1CCS(=O)(=O)CC1)N1CCCC1CC1CCCc2ccccc21;CNC(=O)NC(=O)CN(CC(=O)NC(=O)NC)CC1(c2ccccc2)CC1;COc1cc2nc(N3CCN(C(=O)CC(C)O)CC3)nc(N)c2cc1OC;C=C1C(CO)C(OC(=O)C(CC)CC)CC1n1cnc2c(=O)[nH]c(N)nc21;COc1cc(C(=O)NCc2nnnn2C2CCCCC2)cc(OC)c1OC;C=C1C(COC(=O)C(CC)CC)C(O)CC1n1cnc2c(=O)[nH]c(N)nc21;COc1ccccc1-c1noc(C(C)NC(=O)CNC(=O)C(N)C(C)C)n1;NC(=O)C[C@H](NC(=O)[C@@H](N)CCCN=C(N)N)C(=O)N[C@@H](CO)C(=O)O;NC(=O)C[C@H](N)C(=O)N[C@@H](CCCN=C(N)N)C(=O)N[C@@H](CO)C(=O)O
m_08d7f1,O=C(Nc1nnc[nH]1)c1cc(Cl)cc(C(F)(F)F)c1;OC1=NN=C(C(F)(F)F)/C1=N/Nc1ccc(Cl)cc1;CSc1nc2ccc(NC(=O)c3ccco3)cc2s1;Cc1nc(-c2cccs2)c(NC(=O)c2ccco2)s1;CCOC(=S)SCC(=O)Nc1nc(C)c(C)s1
m_0a8bf5,CNCC1CCCN(S(=O)(=O)c2cccc3cc(C)cnc23)C1;CNCC1CCN(S(=O)(=O)c2c(C)cc(C)c3cccnc23)C1;CCN(CC)C1CCN(S(=O)(=O)c2cccc3cnccc23)C1;CN1CCN(C)C(CNS(=O)(=O)c2cccc3ccccc23)C1;Cc1ccc(S(=O)(=O)N2CCC(c3cncn3C)CC2)cc1C;CC(C)c1ccccc1S(=O)(=O)N1CCC(c2nccn2C)C1;CC[C@H]1C[N@]2CC[C@H]1C[C@@H]2CNS(=O)(=O)c1cccc(C#N)c1;Cc1ccc(S(=O)(=O)N(CCN(C)C)Cc2ccccn2)cc1;Cc1cc(C)c(S(=O)(=O)N(Cc2nccn2C)C2CC2)c(C)c1;Cc1nc(S(=O)(=O)N2CC(C)(C)CC2c2ccccc2)cn1C;Cc1nn(C)c(C)c1S(=O)(=O)N1CCCC1Cc1ccccc1;Cc1ccc(C)c(C2CCCN2S(=O)(=O)c2c(C)cnn2C)c1;Cc1cnn(C)c1S(=O)(=O)N1CC(C)(C)CC1c1ccccc1;Cc1nccnc1CCNS(=O)(=O)c1ccc(CC(C)C)cc1;O=S(=O)(C1CCN(Cc2cccc3[nH]ccc23)C1)N1CCCC1;CCC(C)c1ccc(S(=O)(=O)NC(C)c2nccnc2C)cc1;Cc1cccc2c1CC(C)(C)N(S(=O)(=O)c1cn(C)c(C)n1)C2;CCN(CC)S(=O)(=O)N1CC=C(c2c[nH]c3ccccc23)CC1;CCn1cc(S(=O)(=O)N2CCCC(C)c3ccccc32)nc1C;Cc1ccc2c(c1)CCC2NS(=O)(=O)c1cnn(C(C)(C)C)c1;Cc1ccc2c(c1)CCC2NS(=O)(=O)c1cnn(CC(C)C)c1;O=S(=O)(Cc1ccccc1)N1CCC(NCc2cc[nH]c2)CC1;Cc1nn(C)c(C)c1S(=O)(=O)NC1CC(C)(C)c2ccccc21;CCc1cccc2c1N(S(=O)(=O)c1cn(C(C)C)cn1)CCC2;Cc1ccc(C)c(S(=O)(=O)CCN2CC(n3cc(C)cn3)C2)c1
m_0af51a,Cc1oc(-c2ccccc2)nc1CS(=O)(=O)c1ccccc1Cl;Cc1oc(-c2ccccc2)nc1CS(=O)(=O)c1cccc(Cl)c1;O=C(O)C1C2CCCC2CN1S(=O)(=O)c1ccc(F)cc1Cl;O=C(O)C1CC12CCN(S(=O)(=O)c1cc(F)ccc1Cl)CC2;NC(=O)CN(c1nc2ccccc2s1)S(=O)(=O)c1ccccc1;O=C(O)C1C2CCCC2CN1S(=O)(=O)c1cccc(Cl)c1F;O=C(NCc1ncc[nH]1)c1ccc(S(=O)(=O)c2ccccc2)s1;Cc1cc(-c2ccc(CNc3nnnn3C)o2)ccc1Br;COc1cccc(-c2nc(SC)nc3sc(C(=O)O)c(N)c23)c1;CCSc1ccc(Cl)cc1NC(=O)CC1CCS(=O)(=O)C1;CC1CCN(C(=O)CCS(C)(=O)=O)c2cc(Cl)ccc2S1;Cc1cc(S(N)(=O)=O)sc1C(=O)Nc1ccc2ncccc2c1;Cc1ccc(S(=O)(=O)NC(=O)Nc2nc3ccccc3s2)cc1;O=C(O)CSCC(=O)Nc1ccc(-c2cn3ccsc3n2)cc1;CCOC(=O)c1cnc(SC)nc1Sc1nc2ccccc2o1;O=C(O)C1CC2CCC1N2S(=O)(=O)Cc1c(F)cccc1Cl;O=C(O)C1CC2CCC1N2S(=O)(=O)Cc1ccc(Cl)c(F)c1;Cc1nscc1C(=O)Nc1nc2cc3c(cc2s1)OCCCO3;Cc1cc(NC(=O)Cn2nc(C)c(C#N)c2N)ccc1Br;COc1ccc(Br)cc1CNc1ccc2nnc(C)n2n1;C#CC(C)(CC)NC(=O)c1ccc(-n2cc(Br)cn2)nn1;COc1cc(Nc2nc(C)nc3c2cnn3C)ccc1Br;O=C(O)COc1cccc(C=C(Cl)c2nc3cc(F)ccc3o2)c1;COc1cc(Br)ccc1C(C)Nc1ncnc2nc[nH]c12;N#Cc1ccc(N2CCC(O)(Cn3ccnn3)C2)c(Br)c1
m_0c4e10,CC(C)c1cc(C(=O)N2CCC(C)(N3CCOCC3)CC2)cc(O)n1;CC(C)c1cc(C(=O)N2CCCC(CC(C)(C)C(N)=O)C2)cc(O)n1;CC1(C)CC(NC(=O)c2ccnc(OC3CCOC3)c2)CC(C)(C)N1;CC(C)Oc1cncc(C(=O)N2CCCC(CN3CCOCC3)C2)c1;COc1cccc(CN2CCC(C(=O)N3CC(C)OC(C)C3)CC2)n1;CC(C)C(C)(CO)NC(=O)NC1CCN(C(=O)c2ccccc2)CC1;CCOc1cccc(CC(=O)N2CCN(C3CCOCC3)CC2C)n1;CC(C)COc1ncccc1C(=O)N1CCN(C2CCCC2O)CC1;COC1CC(C(=O)N(Cc2ccnc(OC(C)C)c2)C2CC2)N(C)C1;COC1CC(CN(C)C(=O)c2ccc(OC3CCCC3)nc2)N(C)C1;O=C(c1cc(CC2(NC3CCCCC3)COC2)no1)N1CCCCC1;COc1cccc(CNC(=O)N2CCCC2C2CC(C)CCC2O)n1;CCOc1ccc(C(=O)NC2CCN(CCN3CCOCC3)C2)cc1;Cn1cc(C(=O)NC2CCN(CC3(O)CCCCC3)CC2)ccc1=O;COC1CC(C(N)=O)N(C(=O)c2cc(C)n(C3CCCCC3)c2C)C1;CC1OCCC1CN1CCC(Oc2ccc(C(=O)N(C)C)cn2)CC1;COCC1CC(OC)CN1C(=O)c1ccc(N2CCCCCC2)nc1;CCC(C)c1cc(C(=O)N2CCN(C(=O)CC3CCCC3)CC2)on1;Cc1cc(CCNC(=O)N2CCC(N3CCOCC3)C2)cc(C)c1O;Cc1cccc(C(=O)NC(C(=O)NCC2(O)CCN(C)C2)C(C)C)c1;Cc1nc(C(C)(C)C)[nH]c(=O)c1C(=O)N1CCC2(O)CCCCC2C1;CNC(=O)c1cccc(CCNC(=O)N2CCCC(C)(OC)CC2)c1;O=C(c1n[nH]c2c1CCCCC2)N1CCC(OCC2CCOC2)CC1;NC(=O)CC1(O)CCCN(Cc2cccc(CN3CCOCC3)c2)C1;COCC(=O)N1CCN2[C@H](CN(Cc3ccccc3)C[C@@]2(C)CO)C1
m_0cc9ea,O=C(c1ccc2nc[nH]c2n1)N1CCOc2ccc(Br)cc2C1;O=C1/C(=C/c2cccc([N+](=O)[O-])c2O)SC(=S)N1Cc1ccccc1;COc1ncccc1NC(=O)c1cnn(-c2cccc(Br)c2)c1;Cc1cc(C(=O)NN=Cc2ccc(-c3cccc(Br)c3)o2)n[nH]1;Nc1cc(S(=O)(=O)O)ccc1/N=N/c1ccc(S(=O)(=O)O)cc1N
m_0d08be,NC(=O)N1CCC(NCc2ccc(F)c(C(F)(F)F)c2)CC1;NC(=O)N1CCCN(Cc2cc(F)cc(C(F)(F)F)c2)CC1;NC(=O)N1CCCN(Cc2ccc(F)cc2C(F)(F)F)CC1;Cc1ccc(C(=O)N2CCC(N3C(=O)CNC3=O)CC2)cc1F;O=C1CN(CC(=O)NC2(c3ccc(F)cc3)CCCC2)C(=O)N1;CN1CC(=O)N(CC(=O)N2CCCC2c2ccc(F)cc2)C1=O;O=C1CCN(CC(=O)N2CCC(c3ccc(F)cc3)C2)C(=O)N1;CC(=O)Nc1ccc(C(=O)NC2CC(=O)N(C3CC3)C2)cc1F;CNC(=O)C1(COC)CCCN1C(=O)c1ccc(F)c(C#N)c1;O=C(NCCF)NC1CCN(c2ccccc2C(F)(F)F)C1;Cc1noc(C2CCN(C(C(=O)O)c3ccccc3F)CC2)n1;N#Cc1ccc(OCC(=O)NCCCN2CCCC2=O)cc1F;COc1cc(C(=O)NC2CCN(C)C2c2ccc(F)cc2)on1;CCOC(=O)C1CCCN(C(=O)c2c(F)ccc3[nH]cnc23)C1;NC(=O)C1CC(F)CN1C(=O)CN1CCc2ccccc2C1=O;Cn1cc(C2OCCC2NC(=O)c2ccc(CO)c(F)c2)cn1;Cc1cc(F)ccc1N1CCCC(N2C(=O)CN(C)C2=O)C1=O;Cc1cc2oc(=O)cc(CN3CCCC[C@@H]3C)c2c(C)c1Cl;CCCn1nccc1C(=O)NC(C(=O)O)c1ccc(F)c(C)c1;CCOc1c(F)cccc1C(=O)N1CCC(c2nc(C)no2)C1;Cc1cc2oc(=O)cc(CN3CCC(C)CC3)c2c(C)c1Cl;CCc1ccc(F)cc1C(=O)NC1COCC1Oc1cn[nH]c1;CN1CC(=O)N(CCCC(=O)N2CCc3cccc(F)c32)C1=O;Cc1cc(C(NC(=O)c2c(C)nn(C)c2C)C(=O)O)ccc1F;NC(=O)C1CCN(C2CC(=O)N(c3cccc(F)c3)C2=O)CC1
m_0d2197,Nc1nccnc1C(=O)NC1CC(N(CC(=O)O)CC2CC2)C1;CNC(=O)C1CC(=O)N(C2CN(C(=O)c3nc(C)[nH]c3C)C2)C1;CCn1cc(OC2CCCC2NC(=O)c2c[nH]c(=O)n2C)cn1;Cc1ocnc1C(=O)NCC1OCCN(C)C1c1cncn1C;CC(C)CC1C(=O)NCCN1C(=O)Nc1cccc(C(N)=O)n1;COCCn1ncc2c1C(NC(=O)c1cn(C)c(=O)[nH]1)CCC2;Cn1nc(CC2CCCCC2NC(=O)c2cocn2)n(C)c1=O;CC(C)C1COCCN(C(=O)c2n[nH]c3c(=O)n(C)cnc23)C1;CNC(=O)C1CC(=O)N(C2CN(c3cc(COC)ncn3)C2)C1;CCn1cc(C2OCCCC2CNC(=O)c2nonc2C)cn1;CCCN(CC(=O)O)C(=O)c1cn(C)nc1-c1cnn(CC)c1;CCn1c(C2CC(OC)CN2C(=O)c2cc[nH]c2C)n[nH]c1=O;CCn1cc(OC2COCC2NC(=O)c2n[nH]c(C)c2C)cn1;CCCn1nccc1C(=O)NC1(c2nc(C)no2)CCOCC1;Cc1nc(N2CCOCC2)ccc1NC(=O)NC1(C(N)=O)CC1;COC1CC(c2nc(C)no2)N(C(=O)c2cc(C(C)C)[nH]n2)C1;CNC(=O)C1(C(=O)N2CCN(c3nccc(OC)n3)CC2)CC1;CCCc1cc(C(=O)N2CC(OC)CC2c2nc(C)no2)[nH]n1;CC(C)c1cc(C(=O)NC2COCC2Oc2cn[nH]c2)nn1C;CC(C)c1cc(C(=O)NC2COCC2Oc2cn[nH]c2)n(C)n1;O=C(NCc1nc(-c2ccco2)n[nH]1)N1CCCCC1CCO;COC(=O)C(C)(C)NC(=O)c1cc(-c2c(C)nn(C)c2C)n[nH]1;CC1CCCCN1C(=O)Cn1c(=O)c2c(ncn2C)n(C)c1=O;COc1c(C(=O)N2CCCC(c3nc(C)no3)C2)c(C)nn1C;Cn1c(CN2CCOC(Cn3cccn3)C2)cc(=O)n(C)c1=O
m_0d3550,COc1ccc(OC)c(CN(C)C(=O)C(N)C(C)(C)C)c1;Cc1ccc(CNC(=O)NCCCO)c(OC(C)(C)C)c1;COc1ccc2c(c1)C(NCC(O)CN(C)C)CCCO2;COc1ccc(CNC(=O)NC(CO)CC(C)C)cc1C;CCOc1cc(CNCC2CN(C)CCO2)ccc1OC;COc1ccccc1CC(C)(CO)NCC(=O)NC(C)C;CCOc1ccc(CNCC2CN(C)CCO2)cc1OC;CCN(CC)C[C@@H]1OC[C@@H](NCc2ccccc2O)[C@H]1O;CCCOc1cc(N)ccc1C(=O)OCCN(CC)CC;CC(C)c1ccc(CNCC(O)CCC(N)C(=O)O)cc1;COc1ccccc1OCCN1CCCC(NCCO)C1;CN(C)C[C@H]1O[C@@H](CO)[C@@H](O)[C@@H]1N(C)Cc1ccccc1;CCCOc1ccc(C(=O)OCCN(CC)CC)cc1N;COCCC(CO)NC(=O)NC(C)c1c(C)cccc1C;COCC(O)CN1CCC(Nc2cccc(OC)c2)CC1;COCCN(CC1CC=CCC1)C(=O)C1CCCC(=O)N1;COCC(=O)NC(C(=O)N1CC2C3CCC(C3)C21)C(C)C;CN(CC(C)(CO)CO)C(=O)c1cccn1C1CCCC1;COCC1(C(N)=O)CCCN1C(=O)CC1CC2CCC1C2;CC(C)CCN1C(=O)CC(N2CCC3(CCOC3)C2)C1=O;CCOC(=O)CC(C)(NC(=O)c1ccn(C)c1C)C(C)C;CNC(=O)C1(COC)CCCN1C(=O)CC1=CCCCC1;CCOC1CC(O)(CNC(=O)c2ccc(C)n2C)C1(C)C;CC(C)c1cc(C(=O)N2CCOC(C(C)(C)C)CC2)no1;COC1CCN(C(=O)c2nc(C(C)C)oc2C)CC1(C)C
m_0d463f,O=C(Nc1nnc(-c2ccsc2)s1)N1CCCc2occc2C1;O=C(Nc1nnc(-c2ccsc2)s1)N(Cc1ccoc1)C1CC1;Cc1coc(C)c1C(=O)Nc1ncc(Cc2ccc(Cl)cc2)s1;COc1cccc(Cc2nnc(NC(=O)c3scnc3C)s2)c1;Cn1c(=O)n(-c2cccc(Cl)c2)c(=O)c2c3c(sc21)CCCC3;C=CC1OCCC1NC(=O)Nc1nc2ccc3scnc3c2s1;O=C(NCc1ccc(Cl)cc1)NCc1ccc(-c2ccsc2)o1;O=C1CCCC2=C1C(c1ccc(Cl)cc1)N1C(=O)CCSC1=N2;O=C1CCC=C2N=C3SCCC(=O)N3C(c3ccc(Cl)cc3)C12;O=C(CNC(=O)c1ccsc1)Nc1ccnn1Cc1ccsc1;CC(c1cccc(O)c1)N(C)C(=O)c1sc2ncccc2c1Cl;CN1CCC(c2nc(-c3ccc(OC(F)F)cn3)no2)S1(=O)=O;O=C(Nc1ccccc1Cl)C1CSCN1C(=O)c1ccccc1;Cc1nn2c(S(=O)(=O)N3CCSCC3)c(C(C)C)nc2s1;O=C(NCc1ccc(Cl)cc1)NCc1cc(-c2ccoc2)cs1;CN1CCC(c2nc(-c3ccnc(OC(F)F)c3)no2)S1(=O)=O;CC1COC(c2ccccc2Cl)CN1C(=O)c1cc(C#N)cs1;COc1ccc(C(=O)Nc2scnc2-c2ccc(F)cc2)c(F)c1;CN(C)C(CNS(=O)(=O)c1ccc(Cl)cc1F)c1ccco1;Cc1cc2c(=O)n(CC(=O)Nc3cc(Cl)ccc3C)ccc2s1;O=C(NCC(CO)c1ccc(Cl)cc1)c1snc2ccccc12;Cn1cnnc1C1CCCN(c2ncc(Br)cc2C#N)C1;O=C(COc1ccccc1Cl)NC(=S)N1CCc2ccccc21;Cn1c(N2CC(Cn3cc(Br)cn3)C2)nc2cccnc21;O=C(NC1=NCCS1)c1ccccc1OCc1ccccc1Cl
m_0ea8a3,CC(NC1CCN(c2ccc(C#N)cn2)CC1)C(C)c1ccccc1;c1ccc2c(c1)[nH]c1c(N3CCC(N4CCCCC4)CC3)nccc12;O=C(NCCCN1CCCC1)C1CCN(c2ncccc2F)CC1;c1ccc(CN2CC3CN(c4ncnc5c4CCCC5)CC3C2)cc1;CC(C(=O)N1CCCCCC1)N1CCN(c2ncccc2F)CC1;Cc1ccc2[nH]c3c(N4CC5(C)CC4CC(C)(C)C5)ncnc3c2c1;CCC1CCCCN1c1cc(C)nc2cc(-c3cccc(C)c3)nn12;CCCCN(CCCC)c1nc(-c2ccncc2)nc2ccccc12;CC1CN(c2ccccc2F)CCN1C(=O)NC1CCN(C)CC1;CCN1CCN(c2ccc(C(=O)N3CCC(N)CC3)cc2F)CC1;CCN1CCC(NCc2ccc(-n3cnc4ccccc43)cc2)CC1;Cc1ccc2nc([C@H]3CCN(Cc4ccc(N(C)C)cc4)C3)[nH]c2c1;CN1CCCC(NC(=O)NCC2CCN(c3ccc(F)cc3)C2)C1;c1ccc2c3c([nH]c2c1)C(C1CCCCC1)N(Cc1ncc[nH]1)CC3;CCN1CCN(c2ccc(C(=O)N3CCC(CN)C3)cc2F)CC1;CN(C)c1ccc(CN2CC[C@H](c3nc4ccccc4n3C)C2)cc1;CC(NC(c1ccccc1)C1CCCCC1)c1nnc2ccccn12;CN1CCC(CNC(=O)c2ccncc2F)(N2CCCCC2)CC1;Cc1nc2c(c3[nH]c4ccccc4c13)/C(=N/NC(C)C)CC(C)(C)C2;CCc1nc2c(c3[nH]c4ccccc4c13)/C(=N/N(C)C)CC(C)(C)C2;CCN/N=C1\CC(C)(C)Cc2nc(CC)c3c([nH]c4ccccc43)c21;CCn1c(CN2CCN(Cc3ccccc3)CC2)nc2ccccc21;CN(CC1CC(F)CN1Cc1ccnn1C)C(=O)C1CC1C1CC1;C[C@H](CO)c1cc2c(c(O)c1O)[C@@]1(CO)CCCC(C)(C)[C@@H]1CC2;CC1CCC(C(C)CCC=C(CO)CO)c2cc(CO)cc(O)c21
m_0ee46b,Cc1oc(C(=O)NC2(c3ccccc3)CC2(C)C)cc1CO;CN(C(=O)c1occ2c1CCC2)C(CCO)c1ccccc1;COc1ccc(C(C)N(C)C(=O)c2occ3c2CCC3)cc1;COc1ccccc1C1(CNC(=O)c2occc2C)CCC1;COCc1ccc(C(=O)N2CCC(Cc3ccccc3)C2)o1;Cc1ccc(C2CCCCN2C(=O)c2ccc(CO)cc2)o1;COc1ccccc1C1(CNC(=O)c2ccco2)CCCC1;O=C(O)c1ccoc1CN1CCC(Cc2ccccc2)CC1;CCC(NC(=O)C1CC2C=CC1C2)(C(=O)O)c1ccccc1;COC(=O)C1(C(=O)NC2CC3CCCc4cccc2c43)CC1;COc1c(O)cc2c3c1[C@]1(C=CC(=O)CC1)C[C@@H]3N(C)CC2;COc1cc2c3c(c1O)[C@]1(C=CC(=O)CC1)C[C@@H]3N(C)CC2;Cc1cc2occ(C(=O)N3CCC4(CCOC4)C3)c2cc1C;CN1CCc2cc3c(c4c2[C@@H]1CC41CCC(=O)CC1)OCO3;Cc1ccc(C(=O)N2C3CC4CC(C3)CC2C4)cc1C(=O)O;COc1cc2c3c(c1OC)[C@]1(C=CC(=O)CC1)C[C@H]3NCC2;CN1CCc2cc3c(c4c2[C@H]1C[C@@]41C=C[C@@H](O)CC1)OCO3;CO[C@H]1CC=C2CCN3CCc4cc5c(cc4[C@]23C1)OCO5;COC1=CC2=CCN3CCc4cc(O)c(OC)cc4[C@]23CC1;COc1cc2c(cc1OC)[C@]13CCC(=O)C=C1CCN3CC2;COc1cc2c(cc1O)CCN1CC=C3C=C[C@H](OC)CC321;COc1cc2c(cc1OC)[C@@]13C[C@@H](O)C=CC1=CCN3CC2;COc1cc2c(cc1O)C13CC(OC)C=CC1=CCN3CC2;O=C(NC1CCOC2(CCCC2)C1)c1coc2ccccc12;COc1ccc2c(c1)[C@]13C[C@@H](OC)C(=O)C=C1CCN3CC2
m_0f05e7,COc1cccc(CNC(=O)c2cc(F)ccc2F)c1;COc1cc(C(=O)NCC(F)(F)F)cc(OC)c1C;COc1ccc(C(=O)N(C)CC(O)C(F)(F)F)cc1;CN(CC(O)CO)C(=O)c1ccc(C(F)F)c(F)c1;CC(C(=O)O)N(C)Cc1cccc(OC(F)(F)F)c1;COCc1cccc(C(=O)Nc2ccc(F)c(F)c2)c1;COCC(=O)NC(C)c1ccc(OC(F)(F)F)cc1;COc1ccc(C(NC(=O)C(C)O)C(F)(F)F)cc1;Cc1cc(C(=O)NCC2CCCO2)c(C(F)(F)F)o1;Cc1cc(C(=O)N2CC(C)(CO)C2)c(C(F)(F)F)o1;NCC(=O)N[C@@H](CO)C(=O)N[C@@H](CC(=O)O)C(=O)O;N[C@@H](CO)C(=O)NCC(=O)N[C@@H](CC(=O)O)C(=O)O;N[C@@H](CO)C(=O)N[C@@H](CC(=O)O)C(=O)NCC(=O)O;N[C@@H](CC(=O)O)C(=O)NCC(=O)N[C@@H](CO)C(=O)O;N[C@@H](CC(=O)O)C(=O)N[C@@H](CO)C(=O)NCC(=O)O;NCC(=O)N[C@@H](CC(=O)O)C(=O)N[C@@H](CO)C(=O)O;NC(=O)CN[C@H](CN[C@@H](CC(=O)O)C(=O)O)C(=O)O
m_0fe9d9,CC(C)(C)c1nsc(NC(=O)c2cccc(F)c2)n1;Cc1csc(NC(=O)CN(C)c2ccc(F)cc2)n1;Cc1ncsc1CNC(=O)NCc1ccc(F)cc1;Cc1noc2ncc(C(=O)NCC(C)(O)C(=O)O)cc12;Fc1cccc(OCCSc2nnc(C3CC3)[nH]2)c1;COc1ccc(CSc2nc(C)cc(N)n2)cc1F;Cc1cc(C(=O)N[C@H](C)c2onc(C)c2C(=O)O)no1;CC(C)(CC(=O)Nc1cc(C(=O)O)[nH]n1)C(F)(F)F;Fc1ccccc1OCCSc1nnc(C2CC2)[nH]1;CCOC(=O)c1cn(C)nc1NC(=O)CC(F)(F)F;C/C(=N\Nc1ccccc1C(=O)O)C(=O)NCC(=O)O;CC(CC(=O)Nc1ccn(CC(=O)O)n1)C(F)(F)F;COC(=O)c1cn(CCCC(=O)O)cc2c(=O)[nH]nc1-2;CCOC(=O)/C(=N/Nc1cccc([N+](=O)[O-])c1)C(C)=O;CCOC(=O)/C(=N/Nc1ccccc1[N+](=O)[O-])C(C)=O
m_108fdb,COc1cccc2c1OCC(C(=O)N1CCCC1c1cnn(C)c1)C2;Cc1nn(C)c(C)c1C1CCCN1C(=O)c1cccc2c1OCCO2;COc1cccc2c1OCC(C(=O)N(Cc1cnn(C)c1)C(C)C)=C2;Cc1n[nH]c(C)c1CCC(=O)N1CCCC1c1ccc2c(c1)OCO2;Cc1nn(Cc2cccc3c2OCCO3)c(C)c1C1CCCC(=O)N1;Cc1nn(Cc2ccc3c(c2)OCCO3)c(C)c1C1CCCC(=O)N1;COc1ccc2c(c1)OCC(C(=O)NCc1cccc(N(C)C)n1)C2;COC(=O)C1CN(C(=O)CCc2cnn(C)c2)CC1c1ccccc1;CCOc1ccc2c(c1)CC(C(=O)Nc1cn(C)nc1C1CC1)CO2;Cc1cnn(CC2CCCN2C(=O)CCc2ccc3c(c2)OCO3)c1;CCCn1nc(C(=O)N2CCCC2c2cccc(OC)c2)ccc1=O;Cc1cccc(C2CCCCN2C(=O)Cn2cc(C(=O)O)cn2)c1C;COc1ccccc1C1CC1C(=O)N1CCCC(c2nc(C)no2)C1;COc1cccc2c1OCC(NC(=O)N(C)CCc1ccccn1)C2;Cc1[nH]ncc1CCCNC(=O)C1CC1c1ccc2c(c1)OCCO2;COc1ccc(C(=O)NC2CCOC2c2cnn(C)c2)cc1C1CC1;Cn1cc(C(=O)N2CCC(C(CC(=O)O)c3ccccc3)CC2)cn1;COc1ccc(C2CCCCCN2C(=O)c2ccc(=O)n(C)n2)cc1;CC1CC(NC(=O)c2c[nH]nc2C2CCOCC2)c2ccccc2O1;Cc1cc(C)n(CC2CCCN2C(=O)c2ccc3c(c2)OCCO3)n1;CCN1C(=O)CC(CNC(=O)c2oc(C)cc2C)C1c1cccnc1;Cc1nn(C)cc1CCC(=O)N1CCC(C(=O)O)(c2ccccc2)C1;Cc1c(C)c2c(c(C)c1O)CCC(C)(C(=O)N1CCn3nccc31)O2;CCc1nc(C2CCCN2C(=O)c2cccc3c2OC(C)C3C)no1;COc1ccccc1C(=O)N1CCCC(COc2ncc(C)cn2)C1
m_12945e,O=C(NC1CCCC1)c1cccnc1OCc1ccccc1F;O=C(c1cccnc1O)N1CCC(Cc2ccc(F)cc2)CC1;CCc1nc(O)c(C(=O)N2CCC(O)(C(F)F)CC2)cc1C;NC(=O)C1CCC(c2ccc(OCc3ccccc3F)cc2)N1;Cc1cncc(C(=O)NC2CC(C)(C)Oc3cc(F)ccc32)c1;O=C(NCc1ccc(F)cc1)c1ccnc(OC2CCCC2)c1;Cn1cc(C(=O)NCC2(c3ccc(F)cc3)CCC2)ccc1=O;Cc1ccc(F)cc1C(=O)NCc1ccnc(OCC2CC2)c1;CC1CC(NC(=O)c2cccc(OCC(F)F)n2)CC(C)O1;Cc1cccc(-c2cncc(C(=O)N3CC(F)CC3CO)c2)c1;Cc1ccc(-c2cncc(C(=O)N3CC(F)CC3CO)c2)cc1;O=C(O)c1cncc(CN2CCC(c3cccc(F)c3)CC2)c1;CC(Cc1ccccc1F)NC(=O)c1cc2c(cn1)OCCC2;COc1ccc(-c2ccc(C(=O)N3CCC(N)C3)c(F)c2)cc1;Cc1cc(C(=O)N2CCC(Cc3ccc(F)cc3)C2)cc(O)n1;O=C(COc1ccnc2c1CCCC2)NCc1ccccc1F;CNC(=O)c1ccc(CN2CCOc3cccc(F)c3C2)cc1;Cc1cc(C(=O)N(CC2CCCO2)c2ccncc2)ccc1F;O=C(NC[C@@H]1N[C@@H](CO)[C@H]1c1ccccc1)c1ccccc1F;Cc1cc(C(=O)NC2(c3cccc(F)c3)CCOCC2)ccn1;Cc1ccc(F)cc1C(=O)N(CC1CCCO1)c1ccncc1;COCCN1CCC(NC(=O)c2ccc(OC(F)F)cc2)C1;CC(C)Cc1cc(C(=O)N2CC(F)(F)CC2CO)cc(O)n1;Cc1ccc(CNC(=O)C2CCOC2c2ccncc2)cc1F;O=C(c1c[nH]cc1-c1ccc(F)cc1)N1CCC2(CCOC2)C1
m_13152b,CCn1nccc1C1OCCC1CNC(=O)c1cccc(C(=O)O)c1;Cn1nccc1C1OCCC1CNS(=O)(=O)CC1CCOCC1;Cn1nccc1C1OCCC1NC(=O)CCc1cccc2c1OCO2;Cn1ccnc1C1OCCC1CNC(=O)c1ccc2c(c1)OCCO2;CCn1ccnc1C1OCCC1C(=O)NCc1cccc2c1OCO2;Cn1ncc(C(=O)O)c1C(=O)NCC1(c2ccccc2)CCCCO1;COCc1cccc(C(=O)N2CCCCC2c2[nH]ncc2C(=O)O)c1;Cn1cc(C(=O)NCc2ccc(C(=O)O)cc2)c(C2CCOCC2)n1;Cn1ccnc1C1OCCCC1C(=O)NCc1ccc2c(c1)OCO2;CN(Cc1ccc2c(c1)OCO2)C(=O)C1CCOC1c1nccn1C;CCOCC1CCN(C(=O)c2cc(C(=O)O)n(-c3ccccc3)n2)C1;Cc1nn(C)cc1C1OCCC1NC(=O)c1cccc2c1OCCO2;COc1ccc(CNC(=O)c2ccn(C3CCCC3)n2)cc1C(=O)O;Cc1c(C(=O)NC(C(=O)O)c2ccccc2)cnn1C1CCOCC1;Cc1noc(C2CC(O)C(CNC(=O)c3ccc4c(c3)COC4)C2)n1;CCn1cc(OC2COCC2NC(=O)c2ccc3c(c2)CCO3)cn1;Cc1ccc(C(=O)N(CCCC(=O)O)C(=O)c2cc(C)n(C)n2)cc1;Cc1cc(C(=O)NC2(CC(=O)O)CCCOC2)ccc1-n1cccn1;Cc1cc(NC(=O)c2cnn(C3CCOCC3)c2C)ccc1C(=O)O;COCc1cccc(CN2C(=O)CC(C(=O)O)C2c2cnn(C)c2)c1;CCOc1ccc(C2CCCN2C(=O)Cn2ccc(C(=O)O)n2)cc1;Cc1c(C(=O)NC(C(=O)O)c2ccc3c(c2)CCO3)cnn1C(C)C;COc1ccc(C(=O)O)c2c1CN(C(=O)CC(C)n1cccn1)CC2;COc1cc(CNC(=O)c2ccn(C3CCCC3)n2)ccc1C(=O)O;CCCC1CN(C(=O)c2cc(C(=O)O)n(-c3ccccc3)n2)CCO1
m_134d4a,O=C(c1cccc2c1OCCO2)N1CCCC1Cn1cccn1;O=C(c1cccc2c1OCO2)N1CCCCC1Cn1cccn1;O=C(c1ccc2c(c1)OCCO2)N1CCCC1Cn1cccn1;Cc1cnn(CC2CCCN2C(=O)c2cccc3c2OCO3)c1;Cc1cnn(CC2CN(C(=O)c3cccc4c3OCCO4)C2)c1;Cn1cc(CC2CCN(C(=O)c3cccc4c3OCO4)C2)cn1;Cc1nc(COc2ccccc2C(=O)N2CC3CCC2C3)no1;Cn1cc(CC(=O)N2CCCC2c2ccc3c(c2)OCO3)cn1;CCOc1ccccc1C(=O)N1CCc2c(ncn(C)c2=O)C1;Cc1ccn(-c2ccc(C(=O)N3CCCC3CC(=O)O)cc2)n1;Cc1cnn(CC(=O)NCC2(c3ccc4c(c3)OCO4)CC2)c1;COc1ccc(C2CCCN2C(=O)Cn2cccnc2=O)cc1;COc1ccccc1C(=O)NCCCNC(=O)c1ccccn1;Cc1cc(C)n(CC(=O)N2Cc3ccccc3CC2C(=O)O)n1;COc1ncnc2c1CN(Cc1ccc3c(c1)OCCO3)CC2;O=C(O)Cc1ccc(C(=O)NC2CCCC2n2ccnc2)cc1;Cc1cc(C)n(-c2ccc(C(=O)N3CCCC3C(=O)O)cc2)n1;COc1c2c(cc3c1C(N=c1cc[nH]cc1)N(C)CC3)OCO2;O=C(O)C1CCCCN1C(=O)c1ccc(Cn2ccnc2)cc1;CC(CN(C(=O)c1ccc(-n2cccn2)cc1)C1CC1)C(=O)O;O=C(CCc1nc(C2CC2)no1)NC1CCOc2ccccc21;Cn1nccc1C(=O)N1CCC(c2ccccc2C(=O)O)CC1;CN(Cc1ccc2c(c1)OCO2)C(=O)C1CCc2cncn2C1;Cn1c(=O)[nH]cc(C(=O)N2CCCC2Cc2ccccc2)c1=O;Cc1n[nH]c(=O)c(C(=O)NCC2CCOc3ccccc32)c1C
m_145679,CC(C)c1nnc(C2COCCN2C(=O)CCc2ccco2)o1;CC(C)c1nnc(C2COCCN2C(=O)CCc2ccoc2)o1;Cc1cc(C(=O)N2CCOCC2c2nnc(C(C)C)o2)c(C)o1;Cc1cc(C(=O)N2CCOC(c3nnc(C(C)C)o3)C2)c(C)o1;COCc1nc(C2COCCN2C(=O)C2CC3C=CC2C3)no1;Cc1ccc(CCNC(=O)c2coc(CN3CCC(O)C3)n2)o1;CC(C)Oc1ncccc1OCc1nnc(C2CCCOC2)o1;Cc1ccc(CN2C(=O)[C@@H]3C[C@@H](O)CN3C3(CN(C)C3)C2=O)o1;CCc1nc(C)ccc1OCc1nnc(C2(OC)CCOC2)o1;COC1(c2nnc(COc3cccc(N(C)C)c3)o2)CCOC1;Cc1oc(C2CC2)nc1C(=O)N1CC2COCCC2(C(N)=O)C1;Cc1noc(C(NC(=O)c2cc(C)c(C)o2)C2CCOCC2)n1;CC(NC(N)=O)C(=O)N1CCCC1c1cccc2c1OCCO2;NC(=O)C12CCOCC1CN(C(=O)c1coc(C3CCC3)n1)C2;Cc1cccc(C(CC(=O)N2CCCC2C(=O)O)NC(N)=O)c1;Cc1cc(C(=O)N2C[C@@H]3[C@H](OCC4CC4)C(=O)N(C)[C@@H]3C2)no1;CC(=O)NCC1CN(C(=O)c2cc3c(cn2)OCCC3)CCO1;Cc1cc(CO)oc1C(=O)NC1CCOC1c1cn(C)nc1C;COCc1noc(CN2CC(O)CC2c2cccc(OC)c2)n1;CCCC1CN(C(=O)Nc2cc(-c3ccoc3C)on2)CCO1;CCOC(=O)c1ccc(CNC(=O)c2cc(C(C)C)n(C)n2)o1;COC(=O)c1cc(CNC(=O)C(C)c2c(C)n[nH]c2C)oc1C;CCn1cc(OC2COCC2NC(=O)c2cc(C)c(C)o2)cn1;Cc1cc(C(=O)N(C)Cc2ccc(C(=O)O)o2)nn1C(C)(C)C;COc1ccc(CN2C[C@@H]3OCC(=O)N(CC(N)=O)[C@@H]3C2)cc1
m_153108,O=S(=O)(Nc1ccc2c(c1)OCCO2)c1ccc(Cl)cc1F;O=C(O)Cc1cccc(NS(=O)(=O)c2cc(Cl)ccc2F)c1;O=S(=O)(NCc1ccc2c(c1)OCO2)c1ccc(Cl)cc1F;O=C(O)Cc1ccc(NS(=O)(=O)c2cc(F)cc(Cl)c2)cc1;Cc1ccc(NS(=O)(=O)c2ccc(C(=O)O)cc2Cl)c(F)c1;CN(CCC(=O)O)S(=O)(=O)c1cc(Cl)ccc1OC(F)F;COc1c(C(=O)O)cc(Cl)cc1S(=O)(=O)N(C)CC(F)F;COC(=O)c1sccc1NC(=O)COc1ccc(F)cc1Cl;CS(=O)(=O)c1cccc(Cl)c1C(=O)NCCc1cccs1;CC(NC(=O)c1sccc1Cl)c1ccc(S(C)(=O)=O)cc1;CC(NC(=O)c1ccc(Cl)s1)c1ccc(S(C)(=O)=O)cc1;Cn1cc(Cl)c(C(=O)NNC(=S)Nc2cccc(Cl)c2)n1;COc1ccc(Br)c(C(=O)N2CCOC(C(=O)O)C2)c1;O=C(O)C1COCCN1C(=O)COc1cccc(Br)c1;Cc1c(NC(=O)C2COCCO2)cc(Br)cc1C(=O)O;O=C(O)C1COCCN1C(=O)COc1ccc(Br)cc1;COc1cc(C(=O)NC2(C(=O)O)CC2)cc(OC)c1Br;O=C(Nc1cccc(Br)c1)c1ccc(-n2ccnc2)nn1;O=C(O)c1cc(Br)cc(C(=O)NCC2COCCO2)c1
m_156305,Cc1c(C2C(C(=O)N(C)Cc3cc[nH]n3)CC(=O)N2C)cnn1C;Cc1c(C2C(C(=O)N(C)Cc3ncc[nH]3)CC(=O)N2C)cnn1C;Cc1c(C2C(NCc3nc(C4CC4)no3)CC(=O)N2C)cnn1C;CCOc1cc(NC2CC(=O)N(C)C2c2cnn(C)c2C)ncn1;CCCn1cc(C(=O)NC2CC(=O)N(C)C2c2ccnn2C)cn1;CC(C)n1cc(C(=O)NC2CC(=O)N(C)C2c2ccnn2C)cn1;CCN1C(=O)CC(C(=O)NCCn2cccn2)C1c1nccn1C;CCc1nc(CNC2CC(=O)N(C3CC3)C2c2ccnn2C)no1;CCN1CCOC(CNC(=O)c2cnccn2)C1c1cnn(C)c1;COC1CC(c2nc(C)n[nH]2)N(C(=O)c2cnn3c2CCCC3)C1;CC(=O)Nc1cnn(C2CCN(C(=O)c3c(C)nn(C)c3C)C2)c1;Cn1c(C2C(C3CC3)CCN2C(=O)CCc2c[nH]cn2)n[nH]c1=O;Cc1c(CC(=O)NC2CCOCC2Nc2ccncn2)cnn1C;CCn1nccc1C1NC(=O)CCC1NC(=O)c1cc(C)nn1C;O=C(c1cnn2c1CCCC2)N1CCCC(O)(Cn2ccnn2)C1;O=C(c1[nH]nc2c1CCCC2)N1CCCC(O)(Cn2ccnn2)C1;Cc1c(C(=O)NCC2CCC(c3nc(C4CC4)n[nH]3)O2)cnn1C;Cc1cnn(C)c1C(=O)NCC1CCC(c2nc(C3CC3)n[nH]2)O1;Cc1n[nH]c(C2CCC(CNC(=O)c3cnn(C)c3C3CC3)O2)n1;COCc1n[nH]c(C2CN(C(=O)c3cnn(C)c3)CC2C2CC2)n1;COC1CC(c2nc(C)n[nH]2)N(C(=O)c2cnn(C3CCC3)c2)C1;Cc1nn(C)cc1C(=O)N1CCN(C)C(c2nc(C3CC3)no2)C1;Cc1nn(C)cc1CC(=O)NC1CCOCC1Nc1ccncn1;CCOc1nccnc1N1CCC(N(C)C(=O)c2ccnn2C)C1;CN1C(=O)CCC(NC(=O)CCn2cccn2)C1c1nccn1C
m_15dab4,CNCC1CCN(C(=O)c2cc(C)n(-c3ccc(Br)cc3)n2)C1;Cc1nn(-c2ccc(C(=O)N3CCC(CN)C3)cc2)c(C)c1Br;Cc1nn(-c2ccc(C(=O)N3CCNC(C)C3)cc2)c(C)c1Br;Cc1c(C(=O)N2CCC(N)CC2C)cnn1-c1cccc(Br)c1;CN(CC1CCCCC1)C(=O)c1cn(-c2ccccc2Br)nn1;O=C(NC1CCN(CC2CC2)CC1)c1n[nH]c2ccc(Br)cc12;Cc1nn(Cc2cccc(Br)c2)c(C)c1C(=O)N1CCC(N)C1;Cc1n[nH]c(C)c1NC(=O)CN1CCCC1c1cccc(Br)c1;Cc1c(-c2nn3c(-c4cccc(F)c4)nnc3s2)cnn1-c1ccccc1;Cc1nn(Cc2cccc(Br)c2)c(C)c1C(=O)N1CCNCC1;Cc1cc(NC(=O)C(c2cccc(Br)c2)N2CCCC2)n(C)n1;Cc1cc(C(=O)N2CCn3c(CC(C)C)nnc3C2)ccc1Br;CCn1cc(NC(=O)C(c2ccc(Br)cc2)N2CCCC2)cn1;CCCN1CCn2cc(C(=O)NCc3ccc(Br)cc3)nc2C1;COc1ccc(Br)cc1CNC1CCCN(c2cccnn2)C1;CN1CC(Nc2cnn(C)c(=O)c2Br)CC(c2ccccc2)C1;COc1ccc(Br)cc1CNC1CCN(c2ncccn2)CC1;COc1ccc(CNC2CCN(c3ncccn3)CC2)cc1Br;CCC(Sc1nc2c(c(=O)n1-c1ccc(C)cc1)SCC2)C(=O)OC;CC(C)[C@]12SS[C@]([C@@H](O)c3c[nH]c4ccccc34)(CC1=O)C(=O)N2C;CNC(=O)CC1CS(=O)(=O)CCN1Cc1cccc2c1OC(F)(F)O2;N#Cc1ccc(N2CCN(CC(=O)N3CCCC3)CC2)c(Br)c1;CC(CO)(c1ccc(Br)cc1)N1CCN(c2cnccn2)CC1;CC(=O)N1CCc2cc(S(=O)(=O)N3CCOc4cccc(F)c43)ccc21;COC1=CC(=O)c2cc(C)cc(-c3c(OC)ccc4ccc(=O)oc34)c2C1=O
m_163bfd,Cc1nc(CNC(=O)NCc2ccccc2CC(F)(F)F)no1;Cc1nc(CNC(=O)NC(Cc2ccccc2)C(F)(F)F)no1;COc1ccc(C(NC(=O)Nc2ccn(C)n2)C(F)(F)F)cc1;CC(C)(C(=O)NCc1n[nH]c(=O)[nH]1)c1cccc(C(F)(F)F)c1;COc1ccc(CNC(=O)C(C)n2cncn2)c(C(F)(F)F)c1;Cc1noc(C2(C(F)(F)F)CCN(C(=O)C3(C#N)CCC3)C2)n1;O=C(Cc1ccc(F)cc1)NCc1nc(-c2ccc(F)cc2)n[nH]1;O=C(Nc1ccc2c(c1)OCO2)N1CC(c2nc(C3CC3)no2)C1;COc1cccc(-c2noc(C(C)NC(=O)c3cc(C)no3)n2)c1;Cc1cc(C)c(CNC(=O)Cn2ccc(C(F)(F)F)n2)c(=O)[nH]1;Cc1nccc(C(=O)Nc2ccc(C(=O)NCCC(=O)O)cc2)n1;Cn1c(C(F)(F)F)nn(CC(=O)NCCc2ccccc2)c1=O;CN1C(=O)NC2CN(C(=O)c3ccncc3C(F)(F)F)CCC21;O=C1NCc2ccc(C(=O)N3CCC(c4n[nH]c(=O)o4)CC3)cc21;O=C(C[C@@H]1NC(=O)N(Cc2ccco2)C1=O)NCc1cccnc1;Cc1n[nH]cc1C1CCN(C(=O)c2conc2C(F)(F)F)CC1;Cc1cccc(-n2cc(C(=O)NCc3cc(F)ccc3F)nn2)c1;CN1C(=O)NC2CN(C(=O)c3cccnc3C(F)(F)F)CCC21;Cc1nnc2ccc(C(=O)NC3CC3c3c(F)cccc3F)cn12;Cc1csc(-c2noc(CC3CCN(CC(F)F)CC3)n2)n1;Cc1nc(-c2cccc(NC(=O)C(F)(F)c3ccccc3)c2)n[nH]1;O=C(Cn1nc(C(F)(F)F)c2c1CCCC2)NCc1ccno1;CCOc1ncccc1-c1noc(C2CN(CC(F)(F)F)C2)n1;Cc1nc(-c2cccc(NC(=O)Cc3cc(F)ccc3F)c2)n[nH]1;Cc1nc(C(=O)NC(CCO)C(F)F)nn1-c1ccc(F)cc1
m_163da0,CN(c1cccnn1)C1CCN(C(=O)c2sccc2C2CC2)CC1;Cc1ccc(NC2CCN(C(=O)c3sccc3C3CC3)CC2)nn1;O=C(c1sccc1C1CC1)N1CCC(c2nnc3n2CCC3)CC1;Cc1ccc(N2CCC(NC(=O)c3scnc3C3CC3)CC2)nc1;CCNc1cc2c(nn1)CCN(C(=O)c1cccc(CSC)c1)C2;Cc1c(C(=O)N(C)C2CCCCC2)sc2nc3ccc(N)cc3n12;O=C(C1CCCN1c1ncnc2sccc12)N1CC2CCCC2C1;Cc1csc(N(C(=O)C2CCCN(c3ccccn3)C2)C2CC2)n1;Nc1c(C(=O)N2CCSC3(CCCCC3)C2)nnc2ccccc12;C=CCNc1nnc(SCC(=O)N2CCCCC2)c2ccccc12;Cc1cccc(C(=O)N(Cc2nccs2)C2CC23CCNCC3)n1;CSc1cncc(N2CCCC(CNC(=O)c3ccccc3)C2)n1;Cc1c(C2CC2)nn(-c2ccccc2)c1NC(=O)N1CCSCC1;Cc1nsc(N2CCCN(C(=O)C3(c4ccccc4)CC3)CC2)n1;CC1CCN(C(=O)c2ccc3c(Cl)c4c(nc3c2)CCCC4)CC1;Cc1cncc(C(=O)N(Cc2nccs2)C2CC23CCNCC3)c1;Cc1nsc(NC2CCCN(C(=O)C3(c4ccccc4)CC3)C2)n1;O=C1C(NC2CCN(c3nccs3)CC2)CCN1c1ccccc1;Cc1nc(NC(C)C)sc1C(=O)NCCc1c[nH]c2ccccc12;O=C(NC1CCN(Cc2nnc(-c3ccccc3)s2)CC1)C1CC1;O=C(C1CC1)N1CCCN(c2nnc(Cc3ccccc3)s2)CC1;O=C1CCCN1c1ccc(NC2CCN(c3nccs3)CC2)cc1;COc1cccc2c1CCN(c1cc(N3CCSCC3)ncn1)C2;O=C1NCCN1C1CCN(Cc2csc(-c3ccccc3)n2)CC1;Cc1nsc(N2CCN(C(=O)C3(c4ccccc4)CCC3)CC2)n1
m_1700bc,COc1ccc(CN2CCN(c3nnc(C4CC4)s3)CC2)cc1;CCOc1ccccc1CN1CCN(c2ccc(Cl)cc2)CC1;CC1CCCN1C(=O)Nc1nnc(C(C)(C)c2ccccc2)s1;CCN1CCN(Cc2cccc(Oc3ccc(Cl)cc3)c2)CC1;CCc1ccsc1C(=O)N1CCCN(c2ccc(C)nn2)CC1;Cc1ccc(CCC2CCN(C(=O)Nc3nncs3)CC2)cc1;CC(C)c1nnc2sc(COc3ccc(C(C)(C)C)cc3)nn12;CNC(=O)C1Cc2ccccc2CN1Cc1cnc(N(C)C)s1;Cc1cnccc1OCC1CCN(c2nc(C3CC3)ns2)CC1;O=C(CC1CCCC1)N1CCN(c2nc3cccnc3s2)CC1;CNc1nc(C(=O)N2CCN(c3cccc(C)c3C)CC2)cs1;Cc1cc(NC(=O)C(c2ccccc2)N2CCSCC2)n(C)n1;Cc1cc(C)cc(-c2nnc(NC(=O)CCC3CCNC3)s2)c1;Cc1csc(C2CCCN(CC(=O)NCc3cccnc3)C2)n1;Cc1ccc(C(=O)N2CCN(c3ccnc(C(C)C)n3)CC2)s1;CCc1nc(C)cc(N2CCN(C(=O)c3ccc(C)s3)CC2)n1;CCCc1nc(C)c(C(=O)N2CCN(c3ccccn3)CC2)s1;CNC(=O)Cc1ccc(NC2CCN(c3nccs3)CC2)cc1;Cc1cccnc1NC(=O)C1CCCN(c2nc(C)c(C)s2)C1;CN(C)c1cccc(C(=O)Nc2ncc(C3CCNCC3)s2)c1;Cc1nc(C(=O)N2CCN(Cc3cccnc3)CC2C)c(C)s1;Cc1ncsc1C(=O)NCCN1CCN(c2ccccc2)CC1;Cc1csc(C2CCCN(C(=O)c3ccnc(N(C)C)c3)C2)n1;CN(C)c1nc(CNC(=O)NCC2(c3ccccc3)CC2)cs1;Cc1ccc(CN2CCSCC2)cc1NC(=O)c1cnn(C)c1
m_1712db,CCNC(=O)c1ccc(NCC2CCOC2C(C)C)nn1;CC(C)Nc1nnccc1C(=O)N1CCC(CCCO)C1;Cc1cc(N2CCN(C(=O)C3CCCOC3C)CC2)n[nH]1;Cc1nccc(NC(=O)NCC2CCOC2C(C)(C)C)n1;Cc1nnccc1NC(=O)NCCC1CCC(C)(C)CO1;CN(CC1(CO)CC1)C(=O)Nc1ccc(C(C)(C)C)nn1;CCc1cc(C(=O)N2CCN(C3CCOCC3)CC2)[nH]n1;CC(C)CCn1ccc(NC(=O)C23CNCC2COC3)n1;CC(C)(CNC(=O)c1cc(C2CC2)[nH]n1)N1CCOCC1;COCCn1ccc(C(=O)N2CCC3(CCN(C)C3)C2)n1;CNc1nc(C)cc(C(=O)NC2CC(C)(C)OC2(C)C)n1;COC1CC(C(=O)Nc2cc(C3CCCC3)[nH]n2)N(C)C1;Cc1nnccc1NC(=O)N(C)CC1(O)CCCCCC1;Cn1nc(C2CCC2)cc1NC(=O)NC1(C)CCOCC1;CCC(NC(=O)c1cc(N(C)C)ccn1)(C(N)=O)C(C)C;CC(C)(C(=O)Nc1cc2n(n1)CCCC2)N1CCOCC1;CCC(CC)n1nccc1C(=O)N1CCCNC(=O)C1C;O=C(COC1CCCCC1)Nc1ccn(C2CCNC2)n1;CC1OCCN(Cc2ccn(C3CCCC3)n2)C1C(N)=O;CCC1C(=O)NCCN1C(=O)c1cc(C(C)C)nn1CC;COC1CC(C(N)=O)N(Cc2ccn(C3CCCC3)n2)C1;COC1CC(C(=O)N2CCCC2)N(Cc2ccnn2C)C1;COC1CC(C(=O)N2CCCC2)N(Cc2ccn(C)n2)C1;CCOc1ccc(N2CCN(CCOC3CC3)CC2)nn1;CN(CC1CCCC1O)C(=O)NC1CCCc2cn[nH]c21
m_1777b7,CS(=O)(=O)CCN1CCC(NC(=O)c2cc3ccccc3[nH]2)CC1;Cc1ccc2[nH]c(C(=O)N3CCCCC3CS(N)(=O)=O)cc2c1C;Cc1cc(C)c2cc(C(=O)N3CCCC(CS(N)(=O)=O)C3)[nH]c2c1;CNS(=O)(=O)C1CCN(C(=O)c2cc3c(C)cc(C)cc3[nH]2)CC1;CN(CC(=O)N1CCCCC1c1cc2ccccc2[nH]1)S(C)(=O)=O;CCN(C1CCN(C(=O)c2ccc3cc[nH]c3c2)CC1)S(C)(=O)=O;Cn1cc(C(=O)N2CCCCC2CNS(C)(=O)=O)c2ccccc21;Cn1ccc2c(C(=O)NCC3CCN(S(C)(=O)=O)CC3)cccc21;CNS(=O)(=O)C1CCCN(C(=O)CCc2ccc3[nH]ccc3c2)C1;CC1CCCCC1N(C)C(=O)c1nc(S(C)(=O)=O)n2ccccc12;Cc1cccc2[nH]c(CCC(=O)N(CCS(C)(=O)=O)C3CC3)nc12;Cc1cc(S(=O)(=O)NC2CCN(Cc3ccccn3)CC2)c(C)o1;CCc1nc2ccccc2n1C1CCN(C(=O)CS(C)(=O)=O)CC1;CC(C)C[C@H]1NC(=O)[C@@H]2C[C@@H](NC(=O)c3cccs3)CCN2C1=O;CCS(=O)(=O)CC(C)N(C)C(=O)c1cc(C)n(-c2ccccc2)n1;CNS(=O)(=O)Cc1cccc(CNC(=O)c2cccn2C(C)C)c1;Cc1cccn2cc(CS(=O)(=O)C(C)C(=O)NC3CCCC3)nc12;CC(c1nc2ccccc2o1)N1CCN(C2CCS(=O)(=O)C2)CC1;CCCCN(C(=O)c1[nH]c(C)c(S(N)(=O)=O)c1C)c1ccccc1;CC1CCN(CC(O)CNC(=O)c2csc(-c3ccoc3)n2)CC1;CN(Cc1ccc(Cl)cn1)CC1CC(F)CN1Cc1ncccn1;CCSc1ccc(C(=O)N2CCCC2C(=O)N2CCOCC2)cn1;CN(Cc1ccc(Cl)cn1)CC1CC(F)CN1Cc1cncnc1;COC(=O)[C@H](CCSC)NC(=O)NCCc1c[nH]c2ccccc12;Cc1ccc(-c2nc(C(=O)N3CCC(N(C)CCO)C3C)cs2)o1
m_1813a1,Cc1cc(C)nc(CN2CCOC(C)C2c2nc(C3CC3)no2)c1;CN(C)c1ccc(CN2C[C@H](O)C[C@H]2c2nc(C3CC3)no2)cc1;Cc1ncccc1CN1CCCC(O)(Cc2nc(C3CC3)no2)C1;CC(C)c1noc([C@@H]2C[C@H](NC(=O)Cc3ccccc3)CN2C)n1;CC(C)(C)CCc1noc(C2CC(=O)N(Cc3ccccn3)C2)n1;CC(C)NCc1noc([C@@H]2CCC(=O)N2CCc2ccccc2)n1;CC(C)CC(c1nc(Cc2cccnc2)no1)N1CCCCC1=O;CCN1CC(CN(C)Cc2nc(C3CC3)no2)Oc2ccccc21;CCCN(Cc1ccc(C)cc1)C(=O)NCc1nc(C2CC2)no1;OC1CC(c2nc(-c3ccncc3)no2)N(CC2CCCCC2)C1;Cc1ccc(C)c(CC(=O)N2CCN(C)C(c3nc(C)no3)C2)c1;CCc1cc(N2CCCC(O)(Cc3nc(C4CC4)no3)C2)ccn1;O[C@@H]1C[C@@H](c2nc(-c3cccnc3)no2)N(CC2CCCCC2)C1;Cc1cccc(C(=O)NCC2OCCN(C)C2c2cncn2C)c1;CN1CCC(N2C[C@H](O)C[C@H]2c2nc(-c3ccccc3)no2)CC1;CN1CCC[C@H]1c1nc(-c2ccc(OC3CCCCC3)nc2)no1;CC(C)c1noc(CN2CCCNC(=O)C2Cc2ccccc2)n1;COc1ccc(-c2noc([C@@H]3C[C@H](NCC4CC4)CN3C)n2)cc1;Cc1n[nH]c(C)c1C1COCCN1C(=O)c1cccc(C(C)C)n1;COc1ccc(-c2noc([C@@H]3CCCN3C3CCCCC3)n2)cn1;CCc1noc(C(=O)NCc2ccc(CN3CCCCC3)cc2)n1;Cc1ncccc1CN1CCCCC1c1nnc(C2CCCO2)o1;COC1CC(c2nc(C3CC3)n[nH]2)N(Cc2ccc(CO)cc2)C1;Cc1cc(C(=O)N(C)CC2OCCN(C)C2c2ccccc2)[nH]n1;CC(=O)NC(C)(C)c1noc(C2CCN(c3ccccc3)C2C)n1
m_18f297,OC1CCN(c2ccccc2NCCOc2cccc(F)c2)CC1;COc1ccc(F)cc1CN(C)CC(=O)Nc1cccc(C)c1C;CN(C)C(CNCc1ccc2c(c1)OCCO2)c1cccc(F)c1;O=C1CC(C(=O)N2CCCC3CCCCC32)c2ccc(F)cc2N1;Cc1ccc(NCC(O)Cn2c3ccccc3c3ccccc32)cc1;COc1ccc(CC(=O)NC(CN(C)C)c2ccccc2)cc1F;O=C(CCCn1cccc1)NCC1CCOC1c1ccc(F)cc1;Cc1ccc(F)cc1C(=O)N(Cc1ccco1)C1CCN(C)CC1;Cc1ccc(F)cc1CN1CCC(NC(=O)c2ccoc2C)CC1;CCCC1(CO)CCN(C(=O)c2c[nH]cc2-c2ccc(F)cc2)C1;Cc1c(CNC(=O)C2CC2C2CCNCC2)oc2ccc(F)cc12;O=C(Cc1ccccc1F)N1CCN(C(=O)CC2C=CCC2)CC1;O=C(NC(c1ccc(F)cc1)C1CC1)N1CC2C3CCC(O3)C2C1;Cc1cc(C(=O)N(Cc2ccco2)C2CCN(C)CC2)ccc1F;O=C(NCC1(c2ccc(F)cc2)CC1)C1CCCN1C(=O)C1CC1;CC1CCN(Cc2csc(CCc3ccccc3)n2)CC1CO;CC1CC(CO)CN(Cc2csc(CCc3ccccc3)n2)C1;CCC(C(=O)Nc1ccc(Cc2ccncc2)cc1)c1ccccc1;OC1(c2ccc(-c3ccc4ncccc4c3)cc2)CN2CCC1CC2;CC1(NC(=O)CCc2ccc(-c3ccccc3F)o2)CCNCC1;Cc1noc(C)c1CCC(=O)NCC1(c2ccc(F)cc2)CCC1;COCC(NC(=O)C1CCN(CC(F)F)CC1)c1ccc(C)o1;Cc1nn(C)c(C)c1S(=O)(=O)NCC(O)CN1CCCCC1;COCCN1CCCC(NS(=O)(=O)c2c(C)nn(C)c2C)C1;O[C@@H](Cc1ccccc1)/C(Cc1ccccc1)=N\Nc1ccccc1
m_1a0749,Cc1nc(-c2cccc(NC(=O)Cc3ccc(F)cc3Br)c2)n[nH]1;Cc1nc(-c2cccc(NC(=O)Cc3cc(F)ccc3Br)c2)n[nH]1;Cc1nc(-c2cccc(NC(=O)Cc3ccc(Br)c(F)c3)c2)n[nH]1;Cc1nc(-c2cccc(NC(=O)Cc3cc(Br)ccc3F)c2)n[nH]1;Cc1n[nH]c(-c2ccc(NC(=O)Cc3cc(F)ccc3Br)cc2)n1;Cc1nc(C)n(-c2ccc(C(=O)Nc3ccc(Br)cc3F)cc2)n1;CN(C(=O)CC1Sc2ccc(Cl)cc2NC1=O)C1CCS(=O)(=O)C1;CCOC(=O)c1c(-c2ccccc2)oc2cc(Br)c(OCC)cc12;O=C(NC1CCC1c1ccc(Cl)cc1Cl)c1cccnc1C(F)(F)F;O=C(Nc1cnc(-c2ccc(Cl)s2)nc1)N1CC2CC2(C(F)(F)F)C1;COC(=O)c1c(C)oc2cc(Br)c(OCc3ccccc3C)cc12;CCOC(=O)c1c(C)oc2ccc(OCc3cccc(Br)c3)cc12;COc1cccc(C(C)(C)c2oc3cc(Br)ccc3c2C(=O)O)c1;CCOC(=O)c1c(C)oc2cc(Br)c(OCc3ccccc3)cc12;COC(=O)c1c(C)oc2cc(Br)c(OCc3ccc(C)cc3)cc12;CCOC(=O)c1c(C)oc2ccc(OCc3ccc(Br)cc3)cc12;CC1CC(NC(=O)c2ccc(OC(F)F)cn2)c2ccsc2S1(=O)=O;O=S(=O)(Nc1c(F)cccc1F)c1cccc(S(=O)(=O)NC2CC2)c1;Cc1nc(C)c(CCNS(=O)(=O)c2cc(C)c(Cl)c(C(=O)O)c2)s1;Cc1ccc(S(=O)(=O)O/N=C(/c2cccc([N+](=O)[O-])c2)C(F)(F)F)cc1;COc1ccc(-c2c(C)oc3cc(OCCBr)ccc3c2=O)cc1;Brc1c2nc(cc3ccc(cc4nc(cc5ccc1[nH]5)C=C4)[nH]3)C=C2;O=S(=O)(Nc1cc(F)cc(F)c1)c1ccc(S(=O)(=O)NC2CC2)cc1;COc1ccc(-c2coc3c(C)c(OCCBr)ccc3c2=O)cc1;O=S(=O)(Nc1c(F)cccc1F)c1ccc(S(=O)(=O)NC2CC2)cc1
m_1a8b29,CCCn1cc(C(=O)Nc2nc(C)n(C)n2)cn1;Cc1nc(NC(=O)c2cnn(CC(C)C)c2)n[nH]1;CC(C)n1ncnc1CNC(=O)c1ccnn1C;Cc1cc(C(=O)NCc2ncnn2C(C)C)[nH]n1;CN(C)C(=O)c1cn[nH]c1NCc1ccnn1C;CCn1ccc(NC(=O)NCCc2cn[nH]c2)n1;CC(NC(=O)c1ccn(C(C)C)n1)c1nc[nH]n1;CCc1cc(C(=O)NCc2nnc(C)n2C)[nH]n1;CC(C)c1cc(NC(=O)C(C)n2cncn2)[nH]n1;Cc1cc(C(=O)NCc2nncn2C(C)C)[nH]n1;CC(C)(C)Cc1cc(NC(=O)c2c[nH]nn2)[nH]n1;CC(C)CCc1cc(NC(=O)c2c[nH]nn2)[nH]n1;CCn1cc(NC(=O)Nc2c(C)n[nH]c2C)cn1;CC(C)Cc1cc(C(=O)NCc2nnc[nH]2)[nH]n1;CCC(C)NC(=O)Cn1cnc2c(N)ncnc21;CCOCC1CCN(c2ccc3nnnn3n2)C1;CC(C)NC(=O)CCNc1nc[nH]c2ncnc1-2;OC1(CNc2ccc3nnnn3n2)CCCCC1;CCCC[C@@]1(C(=O)OCC)O[C@H]1c1ccccc1;CC(C)=CC(=O)[C@H]1[C@H](C)CC[C@@]1(O)c1ccoc1;Cc1coc2c1C(=O)[C@]1(C)[C@@H](C)CC[C@@H](O)[C@@H]1C2;Cc1coc2c1[C@@H](O)[C@]1(C)[C@@H](C)CC[C@H]3O[C@]31C2;Cc1coc2c1[C@@H](O)[C@@]1(C)[C@H](CCC[C@@H]1C)C2=O;Cc1cc(C2=C(C(C)C)CC[C@H]2C)oc(=O)c1O;Cc1coc2c1[C@@H](O)[C@@]1(C)C(=CCC[C@@]1(C)O)C2
m_1b1573,CC1(C)CCCN1C(=O)NCc1ccc(-n2cccn2)cc1;CCC1CCN(C(=O)NCc2ccc(-n3cccn3)cc2)C1;CC(NC(=O)N(C)C1CCC1)c1ccccc1-n1cccn1;Cc1cnn(-c2ccc(C(=O)N3CCC(N)CC3C)cc2)c1;CC(=O)N1CCC(NCc2ccccc2-n2cccn2)CC1;CNC1CCCN(C(=O)c2ccc(-n3cc(C)cn3)cc2)C1;O=C(NCCN1CCCCC1)c1ccccc1-n1cccn1;Cc1nccn1-c1ccccc1CNC(=O)N1CCCCC1;CCN(C(=O)c1ccc(-n2ccnn2)cc1)C1CCCCC1;Cc1nn(-c2ccccc2)cc1NC(=O)N1CCC(C)(C)C1;CCC1(NC(=O)Nc2cn(-c3ccccc3)nc2C)CCC1;CCN1CCCN(Cc2ccn(-c3ccccc3)n2)CC1=O;Cc1c(NC(=O)NCC2(C)CCC2)cnn1-c1ccccc1;Cc1cc(-n2cncn2)ccc1C(=O)NC1CCCC1(C)C;Cc1cc(C(=O)N2CCC(N)CC2C)nn1-c1ccccc1;Cc1cc(C(=O)NCC2CCN(C)C2)nn1-c1ccccc1;Cn1nccc1CNC(=O)N1CCC(Cc2ccccc2)C1;Cc1ccccc1-n1ncc(C(=O)N2CCC(CN)C2)c1C;CN1CCCC1CNC(=O)NCc1cccc2cccnc12;Cc1ccccc1-n1ncc(C(=O)N(C)C2CCNC2)c1C;CC(C)N(C)C(=O)NCc1ccc(Nc2ccncc2)cc1;Cc1cc(C(=O)NCC2CCNCC2)nn1-c1ccccc1;CN(CC1(c2ccccc2)CC1)C(=O)NCc1ccnn1C;Cc1cccc(CN(C(=O)NCCn2ccnc2)C2CC2)c1;Cc1cc(NC(=O)C2CCN(C)CC2)nn1-c1ccccc1
m_1b27e6,COc1ccc(-c2csc(NC(=O)c3ccccc3F)n2)cc1CC#N;NC(=O)c1cccc(-c2nc(-c3cc4c(cc3F)NC(=O)CC4)cs2)c1;Cc1nc(-c2cccc(-c3noc(COc4ccc(F)cc4)n3)c2)cs1;Cc1nc(-c2ccccn2)sc1C(=O)N1CCCSc2ccccc21;CC1CSc2ccccc2N(C(=O)c2cnc(-c3ccccn3)s2)C1;CC1CCN(C(=O)c2cnc(-c3ccccn3)s2)c2ccccc2S1;O=C(c1c(F)cccc1Cl)N1CCC(CSCc2ccco2)CC1;COc1ccc(Br)cc1CN1C(C(=O)O)CC2CCCCC21;COc1cc2oc(=O)c(CC(=O)NCCCC(=O)O)c(C)c2cc1Cl;CCn1c(=Cc2ccccn2)sc(=C2Sc3ccccc3N2C)c1=O;CC[C@H](NC(=O)Cc1c(C)c2cc(Cl)c(OC)cc2oc1=O)C(=O)O;Cc1cc(O)c(-c2ccc3c(=O)[nH]c(=O)n(Cc4ccco4)c3n2)c(=O)o1;O=c1c2ccccc2ncn1Cc1csc(COc2ccc(F)cc2)n1;O=C(c1ccccn1)N1CCN(S(=O)(=O)c2c(F)cccc2F)CC1;C/C(=N\NC(=O)c1ccc([N+](=O)[O-])cc1)c1cc2ccc(O)cc2oc1=O;CCOc1ccccc1Nc1nnc(SCC(=O)NC(=O)NC)s1;Cc1c(CC(=O)N[C@H](C(=O)O)C(C)C)c(=O)oc2cc(O)c(Cl)cc12;CCC[C@H](NC(=O)Cc1c(C)c2cc(Cl)c(O)cc2oc1=O)C(=O)O;COc1ccnc(CSc2nc3cc(OC(F)F)ccc3[nH]2)c1OC;CC[C@@H](NC(=O)CCc1c(C)c2cc(Cl)c(O)cc2oc1=O)C(=O)O;Cc1nc(SCC(=O)Nc2ccc(F)cc2)c2oc3ccccc3c2n1;Cc1c(CCC(=O)NCCCC(=O)O)c(=O)oc2cc(O)c(Cl)cc12;O=C(O)C(Cc1ccc(OP(=O)(O)O)cc1)NCc1ccccc1O;N#Cc1ccc(N2CCN(c3ncc(C(F)(F)F)cc3Cl)CC2)cn1;CCOC(=O)c1ncn([C@@H]2O[C@H](COP(=O)(O)O)[C@H](O)[C@@H]2O)c1N
m_1beae5,CC(C)Cc1ccc(C(C)NC(=O)Cn2cnnc2C#N)cc1;O=C1CN(Cc2nnc3n2CCC3)CCN1Cc1ccccc1;Cn1c(CN2CCc3ccccc3C2C(N)=O)nnc1C1CC1;CCc1nc2ccccc2n1CC(=O)N(C)Cc1cnn(C)c1;C=C(CNC(=O)N(C)Cc1nnc2n1CCC2)c1ccccc1;Cc1ccncc1C(=O)N1CCC(c2nnc3n2CCC3)CC1;Cc1cccc(C(=O)N2CCC(c3nnc4n3CCC4)CC2)n1;O=C(NCC1CCC1)N1CCn2c(nnc2-c2ccccc2)C1;O=C(NC1CCc2ccccc21)N1CCC(n2cncn2)CC1;Cc1cnc(NCC2CC(=O)N(C)C2c2ccncc2)nc1C;Cn1cncc1CNC1CC(=O)N(C2CC2)C1c1cccnc1;Cc1cccc(C2=CCN(C(=O)NCc3ncn(C)n3)CC2)c1;CC(C)C(Cn1ccnn1)NC(=O)Cn1ccc2ccccc21;C=C(C)Cn1nnc(C2(NC(=O)c3ccccc3)CCCC2)n1;CC(C)c1nccc(NC2CC(=O)N(C)C2c2cccnc2)n1;CC(C)Cc1nc(NC(=O)CCc2c[nH]c3ccccc23)n[nH]1;COc1ccc(C#N)cc1CN1CCCCC1c1n[nH]c(C)n1;CN1CC2CN(C(=O)c3cccc(-c4ncn[nH]4)c3)CC2(C)C1;CCC(NC(=O)Cc1c(C)n[nH]c1C)c1nc2ccccc2[nH]1;CC(CN(C)Cc1nnc2c(=O)n(C)ccn12)c1ccccc1;CN(C)c1ccc(C2(C(=O)N3CC(n4cncn4)C3)CC2)cc1;O=C(NC1(c2nnn(CC3CC3)n2)CCCC1)c1ccccc1;CCc1nc(C)cc(NC2CC(=O)N(C)C2c2cccnc2)n1;Cc1ccc(Nc2cccc(C(=O)N3CCC(CN)C3)c2)nn1;Cc1ccc2nc3n(c2c1)[C@@H](CNCc1cnn(C)c1)COC3
m_1d7bdd,CCOC(=O)C(C)(C)NCC(=O)Nc1ccccc1-c1ccccc1;Cc1ccc(C)c(NC(=O)CC(NCCc2ccccc2)C(=O)O)c1;CCc1cccc(NC(=O)CN(CCS(C)(=O)=O)C(C)(C)C)c1;Cc1cccc(OCCC(=O)NCC(=O)Nc2cccc(C)c2C)c1;CCc1cccc(C)c1NC(=O)CC(NCc1ccccc1)C(=O)O;COCC(=O)Nc1ccccc1NC(=O)c1ccc(C(C)(C)C)cc1;COc1cc2c(cc1OC)[C@@H](C)N(CC(=O)Nc1ccccc1)CC2;O=C(O)C1CCC(C(=O)N2CC3(CCC3)c3ccccc32)N1C1CC1;CCOC(=O)C(Nc1ccc(CC(=O)N(C)C)cc1)c1ccccc1;COc1cccc(NC(=O)CC2CN(Cc3ccccc3)CCO2)c1;O=C(COc1ccc(-c2ccccc2)cc1)NCCN1CCOCC1;CC[C@@H]1CN(C(=O)c2ccco2)CC[C@H]1CC(=O)Nc1ccccc1;COCC1(C(=O)Nc2ccc(Oc3ccc(C)cc3)cc2)CCNC1;COC(C(=O)Nc1cccc(CN2CCOCC2)c1)c1ccccc1;COc1ccccc1N1CCC(NC(=O)C(OC)c2ccccc2)C1;CC(C)(CC(=O)O)CC(=O)Nc1cccc(CCc2ccncc2)c1;CCn1c2ccccc2c2cc(NC(=O)C(O)C(C)(O)CC)ccc21;CC(C)Oc1ccc(C(=O)Nc2ccccc2N2CCOCC2)cc1;CC(=O)Nc1ccc(C)c(C(=O)NC(C)C(O)Cc2ccccc2)c1;CCN(C)C(=O)c1cccc(OCC(=O)Nc2cc(C)cc(C)c2)c1;COc1ccc(C)cc1NC(=O)CCC(=O)NC(C)c1ccccc1;CC(=O)Nc1cccc(NC(=O)C(C)Oc2ccc(C(C)C)cc2)c1;COc1ccccc1N1CCC(NC(=O)CCc2ccc(O)cc2)C1;O=C(C1CC1c1ccco1)N(CCN1CCOCC1)c1ccccc1;COCc1ccc(NC(=O)CC(NC(C)=O)c2ccc(C)cc2)cc1
m_1de28b,Cc1cc(NC(=O)N2CCOCC2C2CC2)c(N(C)C)nn1;CNC(=O)CC(=O)N(C)C1CCCN(c2ccc(C)nn2)C1;CCC(=O)N1CCN(c2cc(N3CCOCC3)cnn2)CC1;CNC(=O)CN1CCC(NC(=O)Nc2ccnc(C)c2)CC1;O=C(NC[C@@H]1CCCN2CCCCC12)C(=O)Nc1ccn[nH]1;Cc1ccc(OC2CCN(C(=O)N3CCN(C)CC3)C2)nn1;CC(C)N1CC(C(=O)Nc2ccn(C3CCNC3)n2)CC1=O;CCOc1cc(N2CCC(N3CCCNC3=O)CC2)ncn1;CNC(=O)C12CCOCC1CN(c1ccnc(N(C)C)n1)C2;O=C(CN1CCC(Nc2ccncn2)CC1)N1CCOCC1;O=C(NC1CCC(O)CC1)N1CCN(c2cnccn2)CC1;NC(=O)C1CCN(CCCNC(=O)Nc2ccncc2)CC1;COC1CC(C(N)=O)N(c2cc(N3CCCCC3)ncn2)C1;CC(=O)N1C[C@@H]2COCCN2C2(CN(Cc3cnc[nH]3)C2)C1;CN(C)c1ncccc1CNC(=O)NC1CCCCNC1=O;Nc1nccnc1C(=O)NC1CCN(CC2CCOC2)CC1;COC1CN(c2ccnc(N)n2)CC1NC(=O)C1CC(C)C1;CNC(=O)CCN(C)C(=O)Nc1cc(C#N)cn1C(C)(C)C;NC(=O)C1CCCN(c2cc(N3CCCC3CO)ncn2)C1;Cc1noc(C)c1CN(C)C(=O)Nc1cnn(CC(C)C)c1;CCc1cc(C(=O)N2CCN(C(=O)N(C)C)CC2)c(C)nn1;Cc1c(C2OCCC2NCc2nnc(C(C)C)o2)cnn1C;Cc1nn(C)cc1C1OCCC1NCc1nnc(C(C)C)o1;CN(C)C(=O)Cn1cc(C(=O)N(C)C(C2CC2)C2CC2)nn1;NCC1CCC(C(=O)N2CCCN(c3ncccn3)CC2)O1
m_1f86e6,CC1CC(NC(=O)C2(c3ccccc3Cl)CCOCC2)c2ccsc2S1(=O)=O;CSCC(=O)Nc1ccc2n(c1=O)C[C@H]1C[C@@H]2CN(S(=O)(=O)c2cccs2)C1;Nc1nc2c(nc(SCc3ccc(Cl)cc3)n2[C@@H]2O[C@H](CO)[C@@H](O)[C@H]2O)c(=O)[nH]1;NS(=O)(=O)c1ccc(CNC(=O)c2ccccc2-c2ncc(-c3ccccc3)o2)s1;O=C(CSc1nc2ccc(N3C(=O)c4ccccc4C3=O)cc2s1)N1CCOCC1;Cc1ccc(-c2nc3cccnc3s2)cc1NS(=O)(=O)c1ccc2c(c1)OCCO2;Cc1cc(N(C)C)nc(N2CCN(S(=O)(=O)c3ccc(Br)cc3)CC2)n1
m_20b8f2,CC(C)Nc1ncccc1C(=O)Nc1ncccc1O;O=C(Nc1cc(C2CCCC2)[nH]n1)c1ccc(O)nc1;C=CCNC(=O)c1ccc(NCc2cc(C)on2)nc1;Cn1cc(C2CC2C(=O)Nc2ncccc2CO)cn1;COc1ncc(NCc2cccnc2C)cc1C(N)=O;CCC(=O)Nc1cccc(C(=O)Nc2ccn(C)n2)c1;Cc1cc(C(=O)Nc2ccc(N3CCCC3)nc2)no1;Cc1ccc(C(=O)NCCNc2ccncc2)c(=O)[nH]1;CNC(=O)c1ccc(C)c(NC(=O)c2cncn2C)c1;O=C(c1cccnc1O)N1CCCC(c2ccn[nH]2)C1;Cc1ccc(C(=O)Nc2ccn(CCC(N)=O)n2)cc1;COc1ncccc1NC(=O)NCc1ccncc1C;Cc1ccc2c(n1)OCCN2C(=O)c1cnn(C)c1C;COc1ncccc1CNC(=O)Nc1ccncc1C;CNC(=O)c1ccc(N(C)Cc2ccc(O)cc2)nn1;COc1cccc(C(=O)NCCNc2cnccn2)c1;CC1(C(=O)Nc2cc3cc[nH]c3cn2)CCC(=O)NC1;O=C(c1ccc(O)nc1)N1CCCC(n2ccnc2)C1;COc1ccc(NC(=O)NCc2ccc(C)nc2)cn1;CC1CCN(C(=O)c2ncn(C)n2)c2c(O)cccc21;CNC(=O)c1ccc(C)c(NC(=O)c2ccnn2C)c1;COc1ccccc1CCNC(=O)c1nccnc1N;CCc1[nH]ncc1NC(=O)c1cccc(C(N)=O)c1C;CNC(=O)c1ccc(CNc2nccc(OC)n2)cc1;Cc1cc(NC(=O)N2CCCC2c2cccnc2)no1
m_20c386,O=C(NCC(n1cncn1)C(F)(F)F)C1(O)CCCNC1;Nc1nnc(CNC(=O)C2CCCN(CC(F)(F)F)C2)o1;O=C(NCC1CCOC1c1ccccc1)C1(O)CCSC1;O=C1CCN(Cc2ncnn2CCF)c2ccc(F)cc2N1;CC(=O)N[C@H]1[C@H]([C@H](O)[C@H](O)CO)C[C@](O)(C(=O)O)C[C@@H]1O;CCC(C)C(NC(=O)C(O)C(O)C(O)C(O)C=O)C(=O)O;O=C(O)C1CCN(C(=O)C2(c3cccs3)CCCCC2)C1;COC1CC(c2ncn[nH]2)N(C(=O)NC(C)C(F)(F)F)C1;O=C(O)C(O)C(O)C(O)C(O)CNC1(C(=O)O)CCCC1;O=C(NC1CCC(F)(F)CC1)c1cccnc1-n1cncn1;O=C(O)C1CCC2CCCCC2N1C(=O)Cc1ccsc1;O=c1c2ncn([C@H]3C[C@H](O)[C@@H](CO)O3)c2nc2n1CCCN2;COC(=O)C1C2CCC(C2)C1NC(=O)CCc1ccsc1;O=C(O)C1CC2CCCCC2N1C(=O)CCc1ccsc1;CCSCc1ccc(C(=O)N2CCC(C)(C(=O)O)C2)cc1;COC1CN(C(=O)N(C)CC(F)(F)F)CC1c1c[nH]nn1;C=CCNc1ncnc2c1ncn2C1OC(CO)C(O)C1O;CNCc1cn(C2C=C(O)C(CO)O2)c2nc(N)[nH]c(=O)c12;Nc1ncnc2c1ncn2[C@@H]1O[C@H](CO)[C@@H]2OCCCO[C@@H]21;O=C(O)CCC1CCN(C(=O)C2CC2c2ccsc2)CC1;O=C(NCC1CCCc2ccccc21)C1CCS(=O)(=O)C1;CC1(C)OC2C(CO)OC(n3cnc4c(N)ncnc43)C2O1;O=C(c1cc2c(s1)CCCC2)N1CCC2(CC1)OCCO2;CC1CC(C(=O)O)CCN1C(=O)C1CCCc2sccc21;O=C(C1CCS(=O)(=O)C1)N1CCC(c2ccccc2)CC1
m_214040,O=C(NCc1noc(-c2cccc(Br)c2)n1)c1c(O)cc(F)cc1F;Cc1cc(NS(=O)(=O)c2ccc(Br)c(F)c2)n(-c2ccccc2)n1
m_217b19,CC1CCCN(S(=O)(=O)c2ccc3c(c2)C(=O)NCC3)C1CN;NCC1CCCCC1NS(=O)(=O)c1ccc2c(c1)C(=O)NCC2;CC(=O)N1CCc2ccc(S(=O)(=O)N3CCCCC3CN)cc21;CNCC1CCCN1S(=O)(=O)c1ccc2c(c1)N(C(C)=O)CC2;CC(=O)N1CCc2ccc(S(=O)(=O)N3CCC(N)CC3C)cc21;C=CCNC(=O)NCc1cccc(S(=O)(=O)N2CCCCC2)c1;COC1CC(CN(C)S(=O)(=O)c2ccc(C#N)c(C)c2)N(C)C1;CC(=O)N1CCCc2ccc(S(=O)(=O)N3CCNCC3C)cc21;CN(C)C1CCN(S(=O)(=O)c2ccc3c(c2)CCCC(=O)N3)C1;Cc1ccc(S(=O)(=O)N2CCN(C(=O)C3CCCN3)CC2)cc1;CCNS(=O)(=O)c1ccc(C(=O)N2CC3CN(C)CC3C2)cc1;CCNS(=O)(=O)c1cccc(CNC(=O)N2CC3CCC3C2)c1;COC1CC(CN(C)S(=O)(=O)c2cccc(C)c2C#N)N(C)C1;COC1CC(CN(C)S(=O)(=O)c2cc(C#N)ccc2C)N(C)C1;NS(=O)(=O)c1ccc(C(=O)NCC2CCN(C3CC3)CC2)cc1;CC(=O)NC1CCCN(S(=O)(=O)N2CCc3ccccc3C2)C1;CN(C)c1cccc(S(=O)(=O)N2CCC3(CC2)CNC(=O)C3)c1;Cc1ccc(S(=O)(=O)N2CCN(C(=O)N3CCCC3)CC2)cc1;O=C(NN1CCCCCC1)NS(=O)(=O)c1ccc2c(c1)CCC2;CCN1CCN(S(=O)(=O)c2ccc(N3CCCC3=O)cc2)CC1;CN(C)c1ccc(S(=O)(=O)N2CC3(CCC3)C3COCC32)cn1;CNc1ccccc1C(=O)N1CCCC(N2CCCS2(=O)=O)C1;O=C(N1CCCCC1)N1CCN(S(=O)(=O)c2ccccc2)CC1;CS(=O)(=O)N1CCC(CNC(=O)N2CCc3ccccc3C2)C1;CN1C[C@@H]2COCCN2C2(C1)CN(S(=O)(=O)c1ccccc1)C2
m_21cd44,O=C(c1ccnnc1)N1CCCC(c2ncc(C(F)(F)F)[nH]2)C1;O=C(c1cnccn1)N1CCCC(c2ncc(C(F)(F)F)[nH]2)C1;O=C(c1ncccc1C(F)(F)F)N1CCCC(c2nnc[nH]2)C1;Cc1nc(C(F)(F)F)ccc1C(=O)NCc1nnc2n1CCC2;Cc1nnc2n1CC(NC(=O)c1ccc(C(F)(F)F)cn1)CC2;O=C(c1nnn(-c2ccccc2)c1C(F)(F)F)N1CCNCC1;Cn1cnc2c(C(=O)N3CC(Oc4ccccc4)C3)[nH]nc2c1=O;O=C(NCc1nnc2n1CC(C(F)(F)F)CC2)c1ccccn1;Cc1ncncc1C(=O)NCCNc1ccc(C(F)(F)F)cn1;Cc1cnc2c(c1)N(C(=O)c1cc(-c3ccn(C)n3)on1)CCO2;CCC(NC(=O)c1ccc2nncn2c1)c1cccc([N+](=O)[O-])c1;O=C(NC1CCCC1)c1nnn(-c2ccc(C(F)(F)F)cc2)n1;COc1ccc(CNC(=O)c2ccnc3c(C(N)=O)cnn23)cc1;CN(c1ccc2nccnc2n1)C1CCN(CC(F)(F)F)C1=O;Cn1c(=O)[nH]c2ncc(-c3cccc(C(=O)NCC(N)=O)c3)cc21;CN(C)c1cnc(C(=O)N(CC(F)(F)F)c2ccccn2)cn1;Cc1ccnc2nc(C(=O)NCC3COc4ccccc4O3)nn12;CC(NC(=O)c1ccoc1)c1ccc(-n2cc(C(N)=O)nn2)cc1;Cc1ccc(=O)n(Cc2nc(CC(=O)Nc3ccccc3)no2)n1;CC(NC(=O)c1ccco1)c1ccc(-n2cc(C(N)=O)nn2)cc1;CC1(C)CN(C(=O)C2CC2c2ccc(F)cc2)CCS1(=O)=O;NC(=O)c1ccccc1NC(=O)CCn1nc2ccccn2c1=O;Cn1ccc(NC(=O)c2c[nH]nc2-c2ccc3c(c2)OCCO3)n1;CC1(c2cccc(F)c2)CC1NC(=O)C1(C)CCCS1(=O)=O;Cc1c(C)n2c3c(=O)[nH]c(=O)n(C)c3nc2n1-c1ccc(O)cc1
m_2363c0,O=C(NC1(c2cccc(C(F)(F)F)c2)CCC1)c1cnc(-c2ncccn2)s1;O=C(CCN1C(=O)c2ccccc2N2C(=O)c3ccccc3C12)Nc1nccs1;O=C1/C(=C/c2ccccc2Cl)Oc2c1ccc1c2CN(Cc2cccnc2)CO1;O=C1/C(=C/c2ccccc2Cl)Oc2c1ccc1c2CN(Cc2ccccn2)CO1;O=C1/C(=C/c2cccnc2)Oc2c1ccc1c2CN(Cc2ccccc2Cl)CO1;O=C1/C(=C/c2ccccc2Cl)Oc2c1ccc1c2CN(Cc2ccncc2)CO1;CN1C(=O)c2cccc3c(S(=O)(=O)Nc4cc(-c5ccccc5)[nH]n4)ccc1c23;COc1ccc(/C=C2\Oc3c(ccc4c3C(c3ccco3)CC(=O)O4)C2=O)cc1O;NC(=O)c1ccc(N(C(N)=O)c2c(F)cccc2F)nc1-c1ccc(F)cc1F;Cc1ccc(C2CC(=O)Oc3cc(O)c4c(=O)cc(-c5ccc(O)cc5)oc4c32)o1;COc1ccccc1-c1coc2c3c(cc(O)c2c1=O)OC(=O)CC3c1ccco1;O=c1c(-c2ccc(Cl)cc2)coc2c3c(ccc12)OCN(Cc1ccccn1)C3;O=c1c(-c2ccc(Cl)cc2)coc2c3c(ccc12)OCN(Cc1cccnc1)C3;Cc1ccc(C2CC(=O)Oc3cc(O)c4c(=O)c(-c5ccc(O)cc5)coc4c32)o1;COc1ccc(-c2coc3c4c(cc(O)c3c2=O)OC(=O)C[C@H]4c2ccco2)cc1;COc1cc(C2CC(=O)Oc3ccc4c(c32)O/C(=C\c2ccco2)C4=O)ccc1O;COc1ccc(C2CC(=O)Oc3ccc4c(c32)O/C(=C\c2ccco2)C4=O)cc1O;C=C(Nc1cc(Cl)ccc1O)c1c(O)n(-c2ccccc2)c2ccccc2c1=O;C=C[C@H]1O[C@@]1(C)c1cc(=O)c2c(CO)cc3c(c2o1)C(=O)c1c(O)cccc1C3=O;O=c1c(-c2ccc(Cl)cc2)coc2c3c(ccc12)OCN(Cc1ccncc1)C3;O=c1oc2c3c(ccc2cc1-c1ccc(Cl)cc1)OCN(Cc1ccncc1)C3;COC(=O)CC(C1=C(O)C(=O)c2ccccc2C1=O)c1coc2ccccc2c1=O;Cc1ccc2occ(C3CC(=O)Oc4c(O)cc5c(C)cc(=O)oc5c43)c(=O)c2c1;COc1ccc2occ(C3CC(=O)Oc4ccc5c(C)cc(=O)oc5c43)c(=O)c2c1;O=C(Cc1cn(OC(=O)c2ccccc2)c2ccccc12)Nc1ccccc1Cl
m_23ff71,Cc1cnc(C(NC(=O)N(C)C2CCC2)C2CC2)s1;CC(NC(=O)N1CCC2(CCC2)CC1)c1nccs1;Cc1csc(C(C)NC(=O)NCC2CC=CCC2)n1;Cc1ncc(CN(C)C(=O)NC(C2CC2)C2CC2)s1;CC(C1CC1)N(C(=O)NCCc1cscn1)C1CC1;C#CCN(C)Cc1nc(C2(O)CCN(C)CC2)cs1;CCSc1ccc(NC(=O)N2CCCCCC2)cn1;CC1CN(C(=O)c2[nH]nc3c2CCCC3)CC(C)S1;CSC(C)C(=O)Nc1cccnc1N1CCCCC1;O=C(NCCSC1CCCC1)c1cc(C2CC2)[nH]n1;Cc1nsc(N2CC3(CCOCC3)C3CCCC32)n1;OCc1nnc(SCC23CCC(CC2)C3)n1C1CC1;CC(C)=CCOc1ccc(Cl)c2c1CCN(C)CC2;NC(=O)NCCCC(NCC(O)C(O)CO)C(=O)O
m_254f59,Cn1cc(C(=O)NCCCN2CCc3ccccc32)cn1;Cn1cc(C(=O)NCC2CCN(c3ccccc3)C2)cn1;CCn1cc(C(=O)N2CCN(C)Cc3ccccc32)cn1;CC(Cn1cccn1)NCC(=O)N1CCc2ccccc21;Cn1ncc(C(=O)NCC2CCCc3ccccc32)c1N;Cc1[nH]ncc1C(=O)N1Cc2ccccc2N(C)CC1C;Cn1ncc(C(=O)N2CC(C(C)(C)C)c3ccccc32)n1;Cc1nn(C)c(C)c1CNc1ccc2c(c1)CCC(=O)N2;Cn1nncc1C(=O)N1CCCC(C)(C)c2ccccc21;Cc1[nH]ncc1C(=O)N1CCCC(Nc2ccccc2)C1;CN(Cc1cnn(C)c1)C(=O)NC1CC1c1ccccc1;Cn1nccc1C(=O)NCCN1CCc2ccccc2C1;CC(NC(=O)c1cc[nH]n1)c1cccc(N2CCCC2)c1;Cc1ccccc1-n1cc(C(=O)N2CCC(N)CC2)cn1;Cc1ccc(N2CCCC2)c(C(=O)Nc2cc(C)n[nH]2)c1;CC(=O)N1CC(C)CN(Cc2cc[nH]n2)c2ccccc21;Cc1ccc2c(c1)N(Cc1nnc3n1CCOCC3)CC2;Cc1ccccc1-n1cc(C(=O)N(C)C2CCNC2)cn1;Cn1cc(C(=O)Nc2ccncc2)c(C2CCCCC2)n1;Cc1c[nH]nc1CN1CC(C)C(=O)N(C)c2ccccc21;CNCC1CCN(C(=O)c2c[nH]nc2-c2ccccc2)C1;Cc1cc(C(=O)Nc2ccccc2CN2CCCC2)[nH]n1;Cc1c[nH]nc1CNC1CCCN(c2ccccc2)C1=O;Cn1cc(-c2cccc(CN3CCC(C(N)=O)C3)c2)cn1;CN(C)c1cccc(C2CCCN2C(=O)c2cc[nH]n2)c1
m_25a38e,COc1cccc(-c2nc(-c3cn(C)nc3C)cs2)c1OC;COc1ccc(-c2nc(-c3cnn(C)c3)sc2C)c(OC)c1;COc1ccc(OCc2nc(-c3cn(C)nc3C)cs2)cc1;Cc1nn(CCNC(=O)c2ccco2)c(C)c1-c1cccs1;Cc1csc(-c2cccc(NC(=O)C3CC(=O)N(C)C3)c2)n1;Cc1nc(-c2ccccc2)c(C(=O)NC2CCN(C)C2=O)s1;Cc1cc(C(=O)NCCn2ccc(-c3cccs3)n2)c(C)o1;O=C1CCc2cc(-c3csc(N4CCOCC4)n3)ccc2N1;CCC(OC)C(=O)Nc1c(-c2cccs2)nc2ccccn12;O=C1Cc2cc(-c3csc(NCC4CCCO4)n3)ccc2N1;COc1cccc2[nH]cc(CCNC(=O)c3scnc3C)c12;Cc1c(-c2ccccc2)[nH]c(SC2CCN(C)C2=O)nc1=O;O=c1c2cc(-c3cccs3)nn2ccn1CC1CCCOC1;Cc1cc(Cn2cnc3sc4c(c3c2=O)CCC(C)C4)on1;Cc1cccn2cc(-c3cccc(S(=O)(=O)N(C)C)c3)nc12;Cc1ccn2cc(-c3ccc(S(=O)(=O)N(C)C)cc3)nc2c1;COc1ccc(CCNc2ncnc3sccc23)cc1OC;CN1C(=O)[C@@H]2C[C@@H](CN2Cc2nccs2)Oc2ccccc21;Cc1nc(CC2CC2)sc1C(=O)N1CCOc2ccncc21;CN1C(=O)c2ccccc2O[C@H]2CN(Cc3nccs3)C[C@H]21;CCc1nc(C(C)NC(=O)COc2ccccc2C#N)cs1;Cc1nc(CCNC(=O)C(C)Oc2ccccc2C#N)cs1;COc1c(C)cccc1C(=O)NC(=S)Nc1cccc(C)n1;CN1C(=O)c2cccnc2O[C@H]2CN(Cc3cccs3)C[C@H]21;COc1ccccc1C(CNc1ncnc2ccsc12)OC
m_25cfa1,COc1ncc(C)cc1NC(=O)N1CCC(OCC2CCCC2)CC1;CC(C)C1CN(C(=O)Nc2ccc(OC3CCCC3)nc2)CCCO1;COc1ncccc1CCNC(=O)N1CCC(C2CCCCO2)CC1;CCOc1ccccc1NC(=O)N1CCC(N2CCC(OC)C2)CC1;CCOC1(C(=O)Nc2ccc(OC3CCN(C)CC3)nc2)CCCC1;CC1OCCC1CN1CCC(Oc2ccc(C(=O)N(C)C)cn2)CC1;CCC1CC(NC(=O)N2CCC(Oc3ccncc3C)CC2)CCO1;COC1CC(CN(C)C(=O)c2ccc(OC3CCCC3)nc2)N(C)C1;COc1cccc(CNC(=O)N2CCCC2C2CC(C)CCC2O)n1;CCOC1CCN(C(=O)NC(C)c2ccc(NC(=O)CC)cc2)CC1;CCOc1ncccc1CNC(=O)C1CCOC1C1CCN(C)CC1;CCOc1cccc(N2CCN(C(=O)CCC3CCC(C)O3)CC2)n1;CC(C)COc1ncccc1C(=O)N1CCN(C2CCCC2O)CC1;COc1ccccc1N1CCC(NC(=O)N2CCCC(CO)C2)CC1;CCOC1CC(N(C)C(=O)NCc2ccc(C)n(C)c2=O)C12CCC2;COC1CC(C(=O)N(Cc2ccnc(OC(C)C)c2)C2CC2)N(C)C1;COc1cccc(CN2CCC(C(=O)N3CC(C)OC(C)C3)CC2)n1;CC[C@@H]1CN(C(=O)Nc2ccccc2)[C@H](CO)[C@@H]1CN1CCOCC1;COCC1CC(OC)CN1C(=O)c1ccc(N2CCCCCC2)nc1;CCOc1cccc(CC(=O)N2CCN(C3CCOCC3)CC2C)n1;CC[C@H]1CN2CC[C@H]1C[C@@H]2CNC(=O)Nc1cc(OC)cc(OC)c1;CC(C)Oc1cncc(C(=O)N2CCCC(CN3CCOCC3)C2)c1;Cc1ccc(C)c(OC2CCN(C(=O)NC(C)C(=O)N(C)C)CC2)c1;CCN1CC(CN(C)C(=O)NC(C)C2CCCO2)Oc2ccccc21;CCN(CC)c1cc(CCC(=O)N2CCC3(CC2)OCCO3)ccn1
m_26bf54,CC(=O)NC(C(=O)NCc1ccccn1)C(C)C;CCC(NC(=O)c1ccccn1)(C(N)=O)C(C)C;CC(=O)NC(C(=O)Nc1cccc(C)n1)C(C)C;CCCC1(C)C(=O)NCCN1C(=O)c1ccc[nH]1;Cn1ccc(CNC2C(=O)NCC2(C)C)cc1=O;Cc1cc[nH]c1C(=O)NC1CCC(=O)NC1(C)C;Cn1cccc1C(=O)NCCNC(=O)C1CCC1;COc1cccc(CN2CCC(C(N)=O)CC2)n1;COC1CC(C(=O)NCc2cccnc2)N(C)C1;CC(NC(=O)c1cccn1C1CCCC1)C(N)=O;CCc1ccnc(C(=O)NCC2CNCCO2)c1;CCc1cccnc1C(=O)NCC1CNCCO1;CN(C)c1ccnc(C(=O)N2CCCC(O)C2)c1;CC(C)n1ccc(CN2C(=O)CC(C)(C)C2=O)n1;NC(CNC(=O)C1COCCN1)c1ccccc1;CCc1[nH]ccc1C(=O)N1CCNC(=O)CC1C;COCCC(=O)NC(c1nccc(C)n1)C1CC1;Cc1cnc(C(=O)N2CCCC(CO)CC2)cn1;O=C(NCc1cccnc1)NC1(CO)CCCC1;CCCNC(=O)c1ccccc1NC(=O)C(C)N;CC1(CO)CCCN1C(=O)NCc1cccnc1;CC(=O)NCCCCCC(=O)Nc1ccncc1;Cc1cc(N2CCCC(O)(CC(N)=O)C2)ccn1;COCC1(C(=O)Nc2cccc(C)n2)CCNC1;Cc1ccc(C(=O)N2CCOC(CN)C2)c(C)n1
m_273696,O=C(c1ccncc1)N1CCN(C(=O)c2ccc(Cl)cn2)CC1;O=C(Nc1ncccc1Cl)C1CCCN1C(=O)c1ccccn1;NC(=O)c1ccc(NC(=O)N2CCc3cc(Cl)ccc3C2)cn1;O=C(c1cc2cc(Cl)ccc2[nH]1)N1CCCCC1c1ncon1;OC1CCCC1C1COCCN1Cc1ncc(Cl)cc1Cl;CN(C(=O)c1nccnc1C(=O)Nc1ccc(Cl)cc1)C1CC1;Cc1c(Cl)cnc(N2CCN(C(=O)c3ccco3)CC2)c1C#N;CCN(C)CC1CCN(C(=O)c2c(O)cc(Cl)cc2Cl)C1;O=C(NC1CC(O)C1n1cccn1)c1[nH]c2ccccc2c1Cl;NC(=O)c1nccnc1C(=O)NCC1(c2ccccc2Cl)CC1;O=C(c1oc2ccccc2c1Cl)N1CCN(c2ncc[nH]2)CC1;CN(C)C1(CNC(=O)c2ccc(Cl)c(Cl)c2)CCOCC1;COc1ccc(Cl)cc1C(=O)NC(C)c1nnc2ccccn12;COc1ccc(Cl)cc1N(C)C(=O)c1cnc2[nH]c(C)nc2c1;O=C(O)CCCN1CCN(Cc2cccc(Cl)c2Cl)CC1;CCC(NC(=O)c1ccc2n[nH]c(=O)n2c1)c1cccc(Cl)c1;N#Cc1ccc(Cl)c(C(=O)NCC2CCOC2c2cn[nH]c2)c1;COc1cc(Cl)c(CNC2CCN(C(C)=O)CC2)cc1Cl;Cc1ccc(CNC(=O)c2ccoc2C)c(-n2cc(Cl)cn2)n1;CC(NC(=O)N1CCCC(CO)C1)c1ccc(Cl)cc1Cl;CCOc1c(Cl)cccc1NC(=O)c1cnc2[nH]c(C)nc2c1;Cc1c(Cl)ccc2c(CC(=O)N3CCn4cnnc4C3)coc12;CCn1nnc2cc(C(=O)Nc3ccc(OC)c(Cl)c3)ccc21;O=C(Nc1ccncc1)NC1CCN(c2ccccc2Cl)C1=O;CCc1ncc(NC(=O)C(=O)N2CCc3cc(Cl)ccc32)cn1
m_27df2d,CC(C)n1c(SCC(=O)N2CCCC2)nc2ccccc2c1=O;CCCCn1c(SCC(=O)NC2CC2)nc2ccccc2c1=O;Cc1c(-c2ccccc2)[nH]c(SCCCC(=O)N(C)C)nc1=O;O=C(c1ccc2c(c1)[nH]c(=O)n2C1CCCC1)N1CCSCC1;Cc1nc(C2CCCN(C(=O)Cn3ccccc3=O)C2)sc1C;CCc1csc(C2CCCN(C(=O)Cn3ccccc3=O)C2)n1;CC(Sc1ncc(-c2ccccc2)n1CC1CCCO1)C(N)=O;Cc1cc(C)cc(-n2ccnc2SCC(=O)N2CCOCC2)c1;CCC1c2ccsc2CCN1C(=O)Cn1cnc(C)c(C)c1=O;Cc1nc2c(s1)CCCC2CN(C)C(=O)Cn1ccccc1=O;Cc1ccccc1-c1nnc(SCC(=O)N2CCC(C)CC2)o1;CCc1csc(C2CCCN(C(=O)c3ccc(=O)n(C)c3)C2)n1;Cc1ccc(SCC(=O)N2CCCC(c3nc(C)no3)C2)cc1;CC(=O)NC(Cc1c[nH]c2ccccc12)C(=O)N1CCSCC1;CCn1cc(CN2CCN(C(=O)c3cccs3)CC2)ccc1=O;O=C(O)c1cn(C2CC2)c2cc(N3CCNCC3)c(F)cc2c1=O;CC(C)CNC(=O)C1CSCN1C(=O)c1c[nH]c2ccccc12;Cc1nc(C2CCCN(C(=O)c3ccn(C)c(=O)c3)C2)sc1C;Cc1ccccc1-c1noc(CSCC(=O)N2CCCCC2)n1;CC(C)OC(=O)CSc1nnc2n1C(C)(C)Cc1ccccc1-2;CON(C)C(=O)CSc1nc2c(n1-c1ccccc1)CCCC2;O=C(C1CC(O)CN1)N1CCC(c2nc3ccccc3s2)CC1;Cc1nc2c(s1)CCCC2CN(C)C(=O)c1ccn(C)c(=O)c1;CCOc1ccc2nc3c(cc2c1)CN(CCOC)C(=NC)S3;O=C(CN1CCCCC1=O)NCCCc1nc2ccccc2s1
m_293ec0,O=C(NCc1cc2ccccc2o1)N1CCN(c2ccc(Cl)cn2)CC1;O=C1CCc2cc(C(=O)N3CCN(c4ccc(Cl)cn4)CC3)ccc2N1;COc1ccc(-c2noc(C3CCN(c4ccc(Cl)cn4)CC3)n2)cc1;COc1ccccc1-c1noc(C2CCN(c3ccc(Cl)cn3)CC2)n1;Cn1cc(N2CCN(C(=O)c3ccc(-c4ccccc4Cl)o3)CC2)cn1;O=C(NCc1ccco1)[C@@H]1Cc2[nH]cnc2CN1Cc1ccc(Cl)cc1;Cc1c(C(=O)N2CCN(c3cnccn3)CC2)sc2ncn(C)c(=O)c12;O=c1[nH]c(CN2CCN(c3ccccc3O)CC2)nc2cc(Cl)ccc12;O=C(CN1CCN(c2cnccn2)CC1)Nc1nc(-c2ccco2)cs1;Cn1ccc2c(Nc3cccc(Cl)c3)ncc(C(=O)N3CCOCC3)c21;O=C(NCc1cc(Cl)ccc1N1CCOCC1)c1cn2ccccc2n1;O=C(c1ccccc1OCc1ccccc1)[C@@H]1O[C@H]1c1cc2ccccc2o1;Oc1ccc(Cl)cc1Nc1nc(NCC2CCCO2)c2ccccc2n1;O=C(Nc1ccc(CN2CCOCC2)c(Cl)c1)c1cccc2cn[nH]c12;O=C(c1[nH]c2ccccc2c1Cl)N1CCCC(c2noc(C3CC3)n2)C1;COc1cc(NC(=O)C2CCCN(c3ncnc4sccc34)C2)ncn1;Cc1oc(-c2cnn(C)c2)nc1C(=O)N1CC(C)(C)c2c(Cl)cccc21;O=C(CCn1nc2ccccn2c1=O)N1CCC(c2ccc(Cl)cc2)C1;CCN(CC(=O)NCc1ccc(Cl)cc1)C(=O)c1n[nH]c2ccccc12;COc1ccc2c(c1)c(=O)oc1c(C)c3oc(C)c(-c4ccccc4)c3cc12;Cc1noc2nc(-c3cccc(Cl)c3)cc(C(=O)N3CCC(CN)C3)c12;O=C(NCCCn1nc2ccccn2c1=O)C1(c2cccc(Cl)c2)CC1;CN(Cc1ccc([S+](C)[O-])cc1)C(=O)Nc1cccnc1-n1cncn1;Cc1nc2c(c(C)c1CC(=O)N1Cc3cccc(Cl)c3C1)c(=O)[nH]n2C;Cc1oc2cc(OCC(=O)c3ccccc3)ccc2c(=O)c1-c1ccccc1
m_2a0e17,CC(C)n1nnnc1SCCOc1cccc2ccccc12;COc1ccc(CCSc2nc3nc(C)cc(C)n3n2)cc1;c1ccc2c(c1)ccc1nnc(SCCN3CCOCC3)n12;COc1ccccc1-c1nnc2n1N=CC=C(C(C)(C)C)S2;CCn1c(C)nnc1SCc1nc(-c2ccccc2)oc1C;CCOc1ccc2nc(N3CC(Cn4ccnc4)C3)sc2c1;CNCC1CCN(C(=O)C(C)Oc2ccc(F)cc2Cl)C1;COc1ccc(-c2nc(CNCCn3cccn3)cs2)cc1;COc1cccc(-c2nc(CNCCn3cccn3)cs2)c1;CC(Oc1ccc(F)cc1Cl)C(=O)N(C)C1CCNCC1;CCSc1nnc2c(n1)OC1(CCCC1)Nc1ccccc1-2;CC(C)C(C)Sc1nc2c(cnn2-c2ccccc2)c(=O)[nH]1;c1coc(Cn2ccnc2SCc2n[nH]c3c2CCCC3)c1;O=C1CCN(C(=O)Nc2cccnc2OCC(F)F)CCN1;O=C(CSc1ccc(-c2ccccn2)nn1)N1CCCCC1;CSc1nnc2c(n1)OC1(CCCCC1)Nc1ccccc1-2;CCCc1cc(=O)nc(SCc2nc3ccccc3n2C)[nH]1;Cc1ccc(C)c(CSc2n[nH]c3nc(=O)c(C)c(C)n23)c1;O=C(CSc1ccc(-c2ccccn2)nn1)NC1CCCC1;CCC(C)Sc1nc2n(-c3ccc(C)cc3)[nH]cc-2c(=O)n1;O=C(CSc1ccc(-c2ccncc2)nn1)N1CCCCC1;CC(=O)N(CCn1nc(C)cc1C)c1nc2ccccc2s1;CN1CCC(Nc2cncc(SCc3ccccc3)n2)C1=O;Cc1ccc2nc3n(c2c1)[C@@H](CNCc1nccs1)COC3;Cc1[nH]c2ccccc2c1CCN=C(O)c1c(F)cccc1F
m_2aa8ea,CC(Cc1ccc(NC(=O)C2CCCN(C(=O)N3CCCC3)C2)cc1)C(=O)O;Cc1ccc(C(CNC(=O)C2CCN(C(=O)N3CCCC3)CC2)C(=O)O)cc1;CC(NC(=O)C1CCCC1)C(=O)Nc1ccc(CC(=O)N2CCOCC2)cc1;Cc1ccc2c(c1)NC(=O)C[C@@H]1CCN(C(=O)N3CCOCC3)C[C@@H]1CCO2;Cc1cccc(N2CC(C(=O)N3CCC(N(C)CC(=O)O)CC3)CC2=O)c1C;CCN1CCCC1CN1CC(C(=O)NC(Cc2ccccc2)C(=O)O)CC1=O;CCOC(=O)C(=O)Nc1ccc(C(=O)NC[C@@H]2CCCN3CCCC[C@H]23)cc1;O=C(Cc1ccc(N2CCOC2=O)cc1)N1CCCC(CN2CCOCC2)C1;CCOC(=O)C(=O)Nc1cccc(C(=O)NC[C@@H]2CCCN3CCCC[C@H]23)c1;C=CCc1cc(CNC(=O)N2CCCC3C(=O)N(C)CC32)cc(OC)c1OC;CCNC(=O)N1CC[C@@H](CC(=O)O)[C@@H](CC2=NCCc3cc(OC)ccc32)C1;CCNC(=O)N1CC[C@@H](CC(=O)O)[C@@H](CC2=NCCc3ccc(OC)cc32)C1;O=C(CCc1ccc2c(c1)OCO2)N1CCN(C(=O)NC2CCCCC2)CC1;COCC(=O)N1CC[C@@H]2CC(=O)N([C@@H](Cc3ccccc3)C(N)=O)CC[C@H]2C1;CC1(C)C(=O)NCCN1C(=O)C1CCCN(C(=O)CCOc2ccccc2)C1;NCCCC[C@H]1C(=O)N2CCC[C@@H]2C(=O)N1[C@@H](CCc1ccccc1)C(=O)O;NC(=O)[C@@H]1CCCN1CC[C@H]1CN(C(=O)c2ccccc2)CC[C@H]1CC(=O)O;C[C@H](NC(=O)[C@@H]1Cc2ccccc2CN1)C(=O)NC[C@H]1CC[C@H](C(=O)O)CC1;COCC(=O)N1CC2(C1)[C@H](c1ccccc1)[C@H](CO)N2C(=O)NC1CCCC1;C[C@@]1(O)CCN(C(=O)N2CCOCC2)[C@@H](c2ccccc2)[C@@H]1NC(=O)C1CC1;CC1(C)C[C@H](NC(=O)CC[C@@H]2NC(=O)N(CCc3ccccc3)C2=O)CCO1;COc1ccc(C(=O)N2CCN3C(=O)N(C4CCCCC4)C[C@H]3C2)cc1OC;COCCN1C(=O)[C@@H]2C[C@@H](CN2C2CCN(C(C)=O)CC2)Oc2ccccc21;COc1ccc(C(=O)N2CC[C@H]3CC(=O)N(CCNC(C)=O)CC[C@@H]3C2)cc1;COc1cc2c(cc1OC)CN(CC(=O)N1CC(NC(=O)C3CCC3)C1)CC2
m_2ac2ed,CC(=O)N1CSCC1c1nc(-c2ccc(C(=O)NC3CC3)cc2)no1;CC(C)[C@@H]1NC(=O)c2ccccc2N(CC(=O)Nc2nccs2)C1=O;Cc1nc(NC(=O)CN2C(=O)[C@H](C)NC(=O)c3ccccc32)sc1C;O=C(O)C1CCN(C(=O)c2cc(C3CC3)nc3ccc(Cl)cc23)CC1;CNC(=O)C1(COC)CCCN1C(=O)c1cc(OC)cc(Cl)c1F;Cc1ccc2cc(Cl)cc(C(=O)N3CC4CCC3C(C(=O)O)C4)c2n1;Cc1csc(CCNC(=O)C[C@H]2NC(=O)c3ccccc3NC2=O)n1;NC(=O)C1(O)CCN(C(=O)c2cc(-c3ccccc3)ccc2Cl)CC1;O=C1CC(NS(=O)(=O)c2cccnc2)C(c2cccnc2)N1C1CC1;CC(C)c1scnc1C(=O)Nc1ccc(CN2C(=O)CNC2=O)cc1;CN(Cc1c(Cl)cccc1C(=O)O)C1CCN(c2ccccc2)C1=O;CN(Cc1ccccc1C(=O)O)C1CCN(c2ccccc2Cl)C1=O;O=C(c1cc2c([nH]c1=O)CCCC2)N1CC(Oc2ccccc2Cl)C1;O=C(Nc1ccccc1)C1CCN(C(=O)c2ccc(O)c(Cl)c2)CC1;CC(NC(=O)c1ccc(N2C(=O)CCC2=O)cc1)c1ccc(F)cc1F;Cc1cc(Cl)c(C(=O)N(C)C2CCN(S(C)(=O)=O)CC2)cc1C;CCc1nnc(NC(=O)c2ccc3c(c2)C(=O)N(C(C)(C)C)C3=O)s1;CCOc1ccc2c(c1)C(NC(C)=O)C(=O)N2Cc1cccc(Cl)c1;CCc1ccccc1S(=O)(=O)N1CCc2nc3cc[nH]n3c(=O)c2C1;O=C1CCc2cc(C(=O)N3CCOc4cccc(F)c4C3)c(F)cc2N1;CS(=O)(=O)Cc1nc2ccccc2n1CC(=O)NCc1ccccn1;Nc1c(C(=O)NC(=O)CCC(=O)O)ncn1[C@H]1O[C@H](CO)[C@@H](O)[C@@H]1O;COc1ccc(Cl)cc1C(=O)Nc1cccc(CN2CCCC2=O)c1;NC(=O)CC1CCN(C(=O)c2ccc(Oc3cccc(Cl)c3)cc2)C1;COc1cc(Cl)ccc1C(=O)N(Cc1cccc(C(N)=O)c1)C1CC1
m_2b524a,CCn1nccc1CNCC1CCOC2(CCC2)C1;CCOC1CC(NCc2c[nH]nc2C)C12CCCC2;c1cnn(CC2CN(CC3CCCCC3)CCO2)c1;CCC(NC(=O)c1cnn(C)c1C)C1CCCCC1;CCc1nn(C)cc1CNC(=O)C(C)(C)C1CCC1;CCCC1CCCN(C(=O)CCn2cccn2)CC1;CC(C)C1CCCN(C(=O)CCn2cccn2)CC1;Cc1cnn(CCC(=O)NC2(C)CCCCCC2)c1;CC1(C)CC(NC(=O)Cn2cccn2)CC(C)(C)C1;CCC(CC)C(=O)NC1CCCCC1n1cccn1;Cc1n[nH]c(C)c1CNC(=O)CC1CCCCC1C;Cc1cc(C2CCCN(CC3CCCCO3)C2)n[nH]1;Cc1nnc(CN2CCCC3(CCCCCC3)C2)o1;CC(NCC1CCN(CCO)CC1)c1cccnc1;Cc1n[nH]c(C(C)C)c1C(=O)N1CCCCC(C)C1;Cc1n[nH]c(C(C)C)c1C(=O)N1CCCC(C)CC1;Cc1ccnc(N2CC(C(C)(C)C)CCC2CO)n1;C[C@H]1NCCCOCCCN[C@H](C)c2cccc1n2;Cc1n[nH]c(C)c1NC(=O)CCCC1CCCCC1;Cc1ccc(O)c(CNC2CCN(C(C)C)CC2)n1;CCOc1ncccc1CNC1CCCN(CC)C1;CCCN1CC[C@@H](CO)N(C)c2nc(C)ccc2C1;Cc1ccc2c(n1)N(C)[C@H](CO)CCN(C(C)C)C2;CCCc1nccn1CC(=O)NC1CCCCCC1;CC(C)C1CCCN(C(=O)CCc2c[nH]cn2)CC1
m_2b7513,Cc1ccccc1CCC(=O)N(CCC(=O)O)CC1CCCO1;CC(C)c1ccc(CCC(=O)N2CCOC(CC(=O)O)C2)cc1;Cc1ccc(C)c(CC(=O)N(CCC(=O)O)C2CCOCC2)c1;COC1CC(CO)N(C(=O)COc2ccc3c(c2)CCCC3)C1;Cc1ccccc1C(CC(=O)O)NC(=O)CCC1CCOCC1;COc1ccc(CCC(=O)N2CCCCC2CCC(=O)O)cc1;O=C(O)CCC1CCCCN1C(=O)COCCc1ccccc1;CC(C)(C)Cc1ccccc1C(=O)N1CCOC(C)(C(=O)O)C1;COc1ccc(CCCCC(=O)N2CCCC(C(=O)O)C2)cc1;CCOC(=O)C(Cc1ccccc1)N(C)C(=O)C1CCOCC1;CC1CN(C(=O)C(O)C2CCOCC2)CC(c2ccccc2)O1;COc1ccc(CCCCC(=O)N2CCC(C)(C(=O)O)C2)cc1;COc1ccc(CCC(=O)N2CC(C3CCOC3)C2)cc1OC;COc1ccc(C2(C(=O)NC[C@H]3CCCO3)CCOCC2)cc1;CCC(CNC(=O)C1OC(C)CC1C)(C(=O)O)c1ccccc1;COc1ccc2c(c1)OCC2CC(=O)N(C)CC1CCCC1O;Cc1ccc(CC(=O)NCC(C(=O)O)C2CCOCC2)cc1C;CCc1ccc(OCC(=O)N2CCCC(CC(=O)O)CC2)cc1;COc1cccc(C2CC(O)CN2C(=O)C2OC(C)CC2C)c1;CC1(C)CN(C(=O)c2ccc(OCC3CCCO3)cc2)CCO1;CCOC(=O)C1CCCN(C(=O)C(C)Oc2cccc(C)c2)C1;CCC(CNC(=O)C1CCOC(C)C1)(C(=O)O)c1ccccc1;CC(C)(C)OC(=O)N1CCC(Cc2ccccc2)(C(=O)O)CC1;O=C(c1cccc(CO)c1)N1CCC(OCC2CCCO2)CC1;COc1ccc(O[C@H]2COCCN(C(=O)C3CCCC3)C2)cc1
m_2c1f87,Cn1nc(C2CC2)nc1Cn1cnc2c1c(=O)n(C)c(=O)n2C;Cc1nc2n(n1)CC(Nc1c(C#N)c(=O)n(C)c(=O)n1C)CC2;Cc1nnc2n1CC(Nc1c(C#N)c(=O)n(C)c(=O)n1C)CC2;COc1nc(C)cc(N(C)Cc2nnc3c(=O)n(C)ccn23)n1;O=C(NCc1n[nH]c(=O)n1C1CC1)Nc1ccc(C2CC2)nn1;CCCn1c(C)c(C(=O)OCC)c(O)c(-c2ccccc2)c1=O;COc1c2c(nc3occc13)[C@@](CC=C(C)C)(OC)C(=O)CC2;COC1=C(C)C(=O)O/C1=C1/O[C@@H]2CCCn3cccc3[C@H]2[C@@H]1C;COc1c2c(nc3occc13)[C@@](OC)([C@H](C)C(C)C)C(=O)C=C2;COc1c2c(nc3occc13)[C@@](CC=C(C)C)(OC)[C@H](O)C=C2;COc1cc2c(cc1OC)C1C(CC=C3CCN(C)C31)OC2=O;CO[C@H]1CN2Cc3cc4c(cc3[C@]13C=C[C@H](OC)C[C@H]23)OCO4;COc1cc2c(cc1O)CC[N@@+]1([O-])CC=C3C=C[C@H](OC)C[C@]321;COc1ccc2c3c1O[C@@H]1[C@@H](O)C=C[C@@]4(O)[C@H](C2)N(C)CC[C@@]314;COc1cc2c3c(c1OC)/C1=C/C[C@H](O)CC[C@@H](O1)C3=NCC2;COc1cc2c(cc1O)CCN1CCC3=CC(=O)[C@H](OC)C[C@]321;CC(=O)Oc1cc2c(cc1O)CO[C@H]1CN(C)[C@@H]3CCC=C[C@]213;CO[C@@H]1C[C@@]23C(=C[C@H]1O)CCN2CCc1cc2c(cc13)OCO2;CO[C@@H]1C=C[C@@]23c4cc5c(cc4CO[C@H]2CN(C)[C@H]3C1)OCO5;COc1cc2c(cc1O)CN1CCC3=CC[C@H](OC(C)=O)[C@@H]2[C@@H]31;CCc1cccc2c3c([nH]c12)C(CC)(CC(=O)OC)OCC3=O;COc1ccc2c3c1OC1C(=O)CCC4(O)C(C2)N(C)CCC314;COc1ccc2c3c1OC1C(O)C=CC4C(C2)[N+](C)([O-])CCC341;C=C(C)[C@H](Cc1c(OC)c2ccccc2n(C)c1=O)OC(C)=O;C=C1c2oc(/C=C/C=C/CCCCC)c(O)c(=O)c2C(=O)N1C
m_2c2340,Cc1cc(NC(=O)CN2CCCC(N(C)C)C2)n(C(C)(C)C)n1;CCN1CCC(N(C)C(=O)Nc2ccnn2CC(C)C)C(C)C1;CCN(CC)C1CCN(C(=O)Nc2c(C)nn(C(C)C)c2C)C1;Cc1cc(C)n(CCCNC(=O)NC2CCN(C(C)C)CC2)n1;CCCN1CCCN(C(=O)Nc2c(C)nn(C(C)C)c2C)CC1;CC(C)c1nn(C)cc1NC(=O)NC1CCN(C(C)(C)C)CC1;Cc1c(CNC(=O)NC(C)CN2CC(C)CC(C)C2)cnn1C;CC(C)C1CCN(C(=O)NCC(c2cnn(C)c2)N(C)C)CC1;CCn1nc(C)c(CN2CCCC2CN2CC(C)OC(C)C2)n1;CN(C)C(CNC(=O)NC1CCC(C)(C)CC1)c1cnn(C)c1;CC(C)(C)n1ncnc1CN1CCCC(CN2CCOCC2)C1;CC(C)(C)n1cc(CNC2CCN(CC3CCOC3)CC2)nn1;CCn1nnc(C)c1CN1CCC(O)(CN2CCCCC2)CC1;CC1CCN(CC(O)CN2CCCC(Cn3cncn3)C2)CC1;CCN(C(=O)N1CCC(Cc2n[nH]c(C(C)C)n2)CC1)C(C)C;CC(C)N1CCOC(CN2CCN(Cc3nccn3C)CC2)C1
m_2d1eba,CC1CCC(C)N1C(=O)c1csc(-c2cnccn2)n1;CC1CCN(C)c2ccccc2N1C(=O)c1csnn1;Cc1nnc2n1CCN(C(=O)c1sccc1C1CC1)C2;CC(CCc1ccccc1)NC(=O)c1cc(Cl)ccn1;CC1CCNC(=O)C1Nc1cc(-c2cccs2)ncn1;CC1CN(C)c2ccccc2N(C(=O)c2csnn2)C1;O=C(NC1CC1)C1CCCN1c1ncnc2ccsc12;CC(C(=O)Nc1nncs1)N1CCc2ccccc2C1;Cn1cc(C2CSCCN2C(=O)c2cccnc2)cn1;Cn1cc(C2CSCCN2C(=O)c2ccncc2)cn1;CN(CC(=O)Nc1nncs1)C1CCc2ccccc21;CSC1(CNC(=O)c2cnn(-c3cccnc3)c2)CC1;O=C(CN1CCCC1c1ccccc1)Nc1nncs1;Cc1ccccc1N1CCN(C(=O)c2cnns2)CC1;O=C1NCCCC1c1n[nH]c(=S)n1Cc1ccccc1;Cc1nnc(CC(=O)NCC2(c3ccncc3)CC2)s1;CC(NC(=O)Nc1nc(-c2ccccc2)ns1)C1CC1;Cc1nn(C)c(C)c1C(C)c1nc(-c2ccsc2)no1;COc1ccc2[nH]c3c(c2c1)CCNC3(NC#N)SC;CN1OC(c2ccc(Cl)cc2)C[C@]1(C)c1cccnc1;CC(Sc1n[nH]c(-c2ccc3c(c2)CCC3)n1)C(N)=O;CCc1cc2c(NCc3nocc3C)nc(C)nc2s1;O=C(NCC1CCCc2ccccc21)Nc1nncs1;CN1C(=O)C=NC(=C2CCCCC2)c2cc(Cl)ccc21;Cn1ccnc1C1OCCC1NCc1ccc(C#N)s1
m_2e265c,CCc1c(C(=O)NC2CCC(=O)NC2c2ccnn2C)ccn1C;COc1cccc(CNC2CCC(=O)N(C)C2c2ccnn2C)n1;CCc1[nH]ccc1C(=O)NC1CCC(=O)N(C)C1c1nccn1C;Cc1ccc(C(=O)NC2CCC(=O)N(C)C2c2cncn2C)n1C;CCn1cc(C2NC(=O)CCC2NCc2nc(C)ccc2O)cn1;Cn1nccc1C1C(CNC(=O)c2ccon2)CCCN1C1CC1;COCc1n[nH]c(C2CCCCN2C(=O)c2cc[nH]c2C2CC2)n1;Cc1c(C(=O)NCC2CCC(c3nc(C4CC4)n[nH]3)O2)ccn1C;Cc1cc[nH]c1C(=O)NCC1CCC(=O)N(C)C1c1cnn(C)c1;Cc1nocc1CNC1CCC(=O)N(C2CC2)C1c1nccn1C;Cc1cnn(C2C(O)CC2NC(=O)c2nn(C)c3c2CCCC3)c1;Cc1nn(C)c(C)c1C1OCCC1NC(=O)c1c[nH]nc1C1CC1;CCc1nnc(C)cc1C(=O)NCC1CCOC1c1nccn1C;Cc1nc2c(cc1C(=O)NC(C)CN1CCCC1=O)c(C)nn2C;COC1CC(c2nnc3n2CCC3)N(C(=O)c2c(C)ccn2C)C1;CN1C(=O)CCC(C(=O)NCc2ccn(C)c2)C1c1nccn1C;Cc1c(C(=O)N2CCCCC2c2nnc(C3CCC3)o2)cnn1C;CCn1cnc2c1CCN(C(=O)c1cnn(C)c1)C21CCOCC1;CCOc1ccc(CN2CCC(NC(=O)c3ccnn3C)C2)cn1;CCc1nc(C)c(C(=O)N2CCCC2c2ccc(N(C)C)nn2)o1;CNc1ccc(C(=O)NCC2CCCOC2c2ccnn2C)cn1;CCc1nnc(C2CCCN(C(=O)c3cc4n(n3)CCC4)C2C)o1;Cc1nc2c(cc1C(=O)N(C)CCN1CCCC1=O)c(C)nn2C;Cc1nn(C)cc1C(=O)N1CCCCC1c1nnc(C2CCC2)o1;CCc1nnc(C2CCCN(C(=O)c3n[nH]c4c3CCC4)C2C)o1
m_2efd6f,COc1ccc(SCc2ccc(C(N)=O)cc2)cc1;COc1cccc(SCc2ccc(C(N)=O)cc2)c1;COc1cccc(SCc2cccc(C(N)=O)c2)c1;CNC(=O)c1ccc(CSc2ccccc2O)cc1;CNC(=O)c1cccc(CSc2ccccc2O)c1;COc1ccc(NC(=O)c2ccccc2SC)cc1;COc1ccccc1C(=O)Nc1ccccc1SC;Cc1ccc(C(=O)Cc2ccc([S+](C)[O-])cc2)cn1;CC(C)(CNC(=O)c1cccc(F)c1)S(C)(=O)=O;CCS(=O)(=O)CCNC(=O)c1cc(C)ccc1F;COc1cc(S(=O)(=O)N2CCCCC2)ccc1F;C=C(C)CN(C)S(=O)(=O)c1ccc(F)c(OC)c1;COc1ccc(F)cc1S(=O)(=O)N1CCCCC1;CCCNC(=O)CCS(=O)(=O)c1ccc(F)cc1;N=C(O)C[S+]([O-])C(c1ccccc1)c1ccccc1;Cc1ccc(S(=O)(=O)N2C[C@@H]2c2ccccc2)cc1;CCc1ccc(S(C)(=O)=O)c2c1[nH]c1ccccc12;O=S(=O)(Cc1ccccc1F)NCC1(CO)CC1;Cc1cc(F)ccc1S(=O)(=O)N1CCC(O)CC1;CCS(=O)(=O)C(C)C(=O)Nc1cc(F)ccc1C;Cc1cc(S(=O)(=O)N(CCO)C2CC2)ccc1F;CCCS(=O)(=O)CC(=O)Nc1cccc(F)c1C;Cc1cc(S(=O)(=O)NC2CCOC2)cc(C)c1F;O=C(O[C@@H]1O[C@H](CO)[C@@H](O)[C@H](O)[C@H]1O)c1ccc[nH]1;Cn1cc(NC(=O)Cn2ccc(C(F)(F)F)n2)cn1
m_2f1128,CCc1nsc(N2CCOC(c3ccc(OC(F)F)cc3)C2)n1;CN1CC(c2nc(Cc3ccc(OC(F)(F)F)cc3)no2)CC1=O;O=C(NCc1cc2n(n1)CCCO2)c1cccc(OC(F)(F)F)c1;Cc1nnc(C2CN(C(=O)Cc3cc(F)c(F)cc3F)CCO2)o1;COc1ccc(OC(F)(F)F)c(C(=O)N2CCCc3n[nH]cc32)c1;NC(=O)C1Cc2ccccc2N1C(=O)COc1ccc([N+](=O)[O-])cc1;COCC1(C(=O)O)CCCN1C(=O)Cc1c(Cl)cccc1OC;CNC(=O)C1CN(C(=O)c2cc3ccc(OC(F)(F)F)cc3[nH]2)C1;Cc1nc(C)c(CNC(=O)NCc2cccc(OC(F)F)c2)s1;C=CCc1cc(CNc2nnc(C(F)F)s2)cc(OC)c1OC;O=C(c1ccc(F)cc1)C1CCN(c2ncnc3sccc23)CC1;CN(Cc1nccn1CC(F)(F)F)C(=O)c1ccc2c(c1)OCO2;COc1ccc(COC(=O)CN)c2nc3cccc(C(=O)O)c3nc12;CN1CCC(C)(c2nc(-c3ccc(OC(F)(F)F)cc3)no2)C1=O;Cc1nc(C(=O)N2CC(O)CC2c2ccccc2C(F)(F)F)no1;CCOc1c(Cl)cc(C(=O)N2CCCCC2C(=O)O)cc1OC;CCCOc1c(Cl)cc(C(=O)N2CCCC2C(=O)O)cc1OC;CCn1cc(S(=O)(=O)N2CCCc3cc(F)cc(F)c32)nc1C;CCOc1cc(Cl)ccc1C(=O)N1CCC(COC)(C(=O)O)C1;O=C(Cc1n[nH]c(=O)c2ccccc12)N1CCOC(C(F)(F)F)C1;CCn1nc(C)c(S(=O)(=O)N2CCc3c(F)cc(F)cc32)c1C;CC(C)n1cnc(S(=O)(=O)N2CCCc3cc(F)cc(F)c32)c1;O=C(c1ccc(-c2noc(C(F)(F)F)n2)cc1)N1CCCC(O)C1;Cc1cc(=O)oc2cc(OCc3noc(C(=O)NC4CC4)n3)ccc12;Clc1nc(Nc2cccc3ccccc23)nc(N2CCOCC2)n1
m_2f9ab1,Cn1cc(Cl)cc1C(=O)NC(C)(C(=O)O)C1CC1;Cn1cc(Cl)cc1C(=O)NC1(C(=O)O)CCCC1;Cn1cc(Cl)cc1C(=O)N1CCCCC1C(=O)O;Cn1cc(Cl)cc1C(=O)N1CCC(C(=O)O)CC1;Cn1cc(Cl)cc1C(=O)N1CCCC(C(=O)O)C1;Cn1cc(Cl)cc1C(=O)N1CCC(C)(C(=O)O)C1;COC1CC(CO)N(C(=O)c2ccc(Cl)cn2)C1;CC(C)[C@H](NC(=O)Nc1ccc(Cl)cc1)C(=O)O;CC(C)[C@H](NC(=O)Nc1cccc(Cl)c1)C(=O)O;NC(=O)CC1CCN(C(=O)c2ccc(Cl)o2)CC1;Cn1c(=O)oc2c(C(=O)Nc3cnccn3)cccc21;O=C(NCCCN1CCCC1=O)c1ccc(Cl)o1;Cc1cc2nc3c(=O)[nH]c(=O)nc-3n(C)c2cc1C=O;CCNC(=O)CNC(=O)c1cc(Cl)c(O)cc1C;COC(=O)CC1(NC(=O)Nc2nncs2)CCC1;Cc1cc2nc3c(=O)[nH]c(=O)nc-3n(C=O)c2cc1C;COC(=O)C1(C)CCN(C(=O)Nc2nncs2)C1;COC(=O)[C@H](C)NC(=O)NCc1ccccc1Cl;O=C1c2ccccc2-n2ccc3nc4ccccc4c-3c21;O=C1c2ccccc2-n2ccc3c4ccccc4nc-3c21;CC(C)(C)NC(=O)Nc1cc(C(=O)O)ccc1Cl;CC(C)(C)NC(=O)Nc1ccc(Cl)c(C(=O)O)c1;NC(=O)Nc1cc(Cl)ccc1OCC1CCOC1;CNCCc1c[nH]c2cccc(OP(=O)(O)O)c12;Cc1nn(C)cc1S(=O)(=O)NCc1ocnc1C
m_30024e,COCc1cccc(CN2CCOCC2C2CCCC2O)c1;COCc1cccc(C(=O)NCCOC2CCCCC2C)c1;CCOC1CC(O)C12CCN(Cc1cccc(OC)c1)CC2;CC(C)c1occc1C(=O)N1CCCC1C1CCCCC1O;CCCc1occc1C(=O)N1CCCC1C1CCCCC1O;CC(C)(C)OCc1ccccc1C(=O)NCC1CCCC1O;CCOC1CC(O)C12CCN(Cc1ccc(OC)cc1)CC2;COCc1ccc(C(=O)NCCOC2CCCCC2C)cc1;CC(C)CCN[C@H]1CO[C@H]2[C@@H]1OC[C@H]2OCc1ccccc1;CC(=O)O[C@@H]1CN2CC3C[C@H]4[C@@H]5C[C@H](C)C[C@@]42[C@@]3(C1)[C@H](O)C5;CN1[C@H](CCCCCC(=O)O)C[C@H](O)[C@@H]1Cc1ccccc1;COC(=O)C(C)(C)C(NC(C)C1CCOC1)c1ccccc1;COc1cc2c(cc1O)CCN1C[C@@H](CC(C)C)[C@H](O)C[C@H]21;COc1c(C)cc(CN(C)C(=O)CCC2CCCO2)cc1C;COC1CC(CO)N(C(=O)CCC(C)(C)c2ccccc2)C1;OC1(CNCc2ccccc2OC2CCCC2)CCOCC1;Cc1ccccc1CN(C)C(=O)C(C)OCC1CCCCO1;C/C=C(\C)C(=O)[C@H]1C[C@@H]2[C@@H](C(=O)/C(C)=C/C)[C@@H](O)[C@H](C1)N2C;CC(C)(C)c1ccc(CCCN2CC(O)CC2C(=O)O)cc1;Cc1ccccc1C1CN(CCC(C)(C)CC(=O)O)CCO1;CC(=O)O[C@@H]1C[C@@H]2C(=O)[C@H](C)C[C@]34[C@@H]2CCCN3CCC[C@H]14;CC(=O)OC1CCN2CCCC3C(=O)CC4CC(C)CC32C41;OC(COc1ccccc1)CN1CCOC2(CCCCC2)C1;CC(C)(C)C1OCCCC1CNC(=O)Cc1ccccc1O;Cc1ccccc1C1CN(CCOC2CCCCO2)CCO1
m_31ebaa,C#CCOc1cccc(-c2noc(C3CCCN(C(=O)C4CC4)C3)n2)c1;COc1ccc(CN2C[C@H](O)C[C@H]2c2nc(-c3ccccc3)no2)cc1;COc1ccc(-c2noc([C@@H]3C[C@@H](O)CN3Cc3ccccc3)n2)cc1;Cc1cccc(-c2noc([C@@H]3C[C@@H](O)CN3Cc3ccccc3O)n2)c1;COc1ccc2c(c1)OCCN(C(C)c1nc(-c3ccccc3)no1)C2;Cc1cc(C)c(C)c(OCC(=O)NCc2nc(-c3ccccc3)no2)c1;CCC(C)C(C(=O)OCc1nc(-c2cccnc2)no1)c1ccccc1;COc1ccc2cccc(CC(=O)N3CCCCC3c3ncon3)c2c1;CCc1csc(C2CCCN(C(=O)C3CC(O)CN3C(C)=O)C2)n1;Oc1ccccc1CN1C[C@H](O)C[C@H]1c1nc(Cc2ccccc2)no1;COc1ccccc1-c1nnc([C@H]2CCN(Cc3ccccc3O)C2)o1;CC12CC(c3ccccc3O1)C(C(N)=O)C(=O)N2CCc1ccccn1;O=C(C1CC1)N1CCC(O)(c2csc(CN3CCOCC3)n2)CC1;COC1CC(c2ncc[nH]2)N(C(=O)COc2ccc3ccccc3c2)C1;O=C(CN1C(=O)[C@H]2CCc3[nH]c4ccccc4c3[C@H]2C1=O)N1CCCC1;O=C(O)C1CC2CCCCC2N1C(=O)c1cnc(-c2ccccc2)nc1;COc1ccc(-c2cc(CCCC(=O)NCc3ccccn3)no2)cc1;O=C(NCC(=O)N1C[C@H]2C[C@@H](C1)c1cccc(=O)n1C2)c1ccccc1;CN1C(=O)c2ccc(-c3cccnc3)cc2O[C@H]2CN(C3COC3)C[C@H]21;CC12CC(c3ccccc3O1)C(C(N)=O)C(=O)N2CCc1ccncc1;COc1ccc2[nH]c([C@H]3CCN(Cc4ccc(C(=O)O)cc4)C3)nc2c1;COc1cccc(NC(=O)N2CC[C@]3(C2)C(=O)N(C)c2ccccc23)c1;O=C1CC(NCc2cccc3c2OCO3)C(c2cccnc2)N1C1CC1;COc1ccc2nc([C@H]3CCN(Cc4ccc5c(c4)OCO5)C3)[nH]c2c1;CC(=O)Nc1ccc2n(c1=O)C[C@@H]1C[C@@H]2CN(C(=O)c2ccccc2)C1
m_328338,CCc1nccn1S(=O)(=O)c1ccc(C)c(C)c1;CC(C)(C)c1ccc(S(=O)(=O)n2ccnc2)cc1;CC(C)(C)c1ccc(S(=O)(=O)n2cccn2)cc1;Cc1cc(C)c(S(=O)(=O)n2ccc(C)n2)c(C)c1;Cc1ccc(S(=O)(=O)CCc2cn[nH]c2)cc1C;CC1CCCN(S(=O)(=O)c2cccc(C#N)c2)C1;O=S1(=O)N=C(N2CCCCCC2)c2ccccc21;CSc1ccc(C)c(C(=O)N2CCNC(=O)C2)c1;CCSc1ccccc1C(=O)N1CCNC(=O)C1;O=C1CN(C(=O)c2csc3c2CCCC3)CCN1;Cc1oc(-c2ccsc2)nc1CC(=O)NC(C)C;Cc1coc(C)c1C(=O)NC(C)(C)c1nccs1;N#Cc1ccccc1CN1CCCS(=O)(=O)CC1;NC(=O)c1c(NC(=O)C2CC2)sc2c1CCCC2;Cc1ccc(C(=O)N(C)Cc2c(C)noc2C)s1;CCC(NC(=O)c1c(C)noc1C)c1cccs1;COc1ccc(OCCSc2nccn2C)cc1;Cc1cscc1C(=O)N1C2CCC1CC(=O)NC2;Cc1nc(C(C)C)sc1C(=O)NCc1ccco1;N#Cc1ccc(CS(=O)(=O)NC2CCCC2)cc1;CCN(CC)C(=O)Cn1ccc(=O)c2sccc21;CCCc1csc(CC(=O)NCc2ccco2)n1;Cc1csc(CNC(=O)c2c(C)oc(C)c2C)n1;CCCNC(=O)CCn1c(=S)oc2ccccc21;CO[C@H]1COCCN(c2nc3ccccc3s2)C1
m_347e26,CCOCC1CCN(Cc2ccc(CO)c3c2OC(F)(F)O3)C1;COc1cccc(C(=O)NC2CC(OC(C)C)C2)c1OC(F)F;Fc1ccc2c(c1)C(NCc1cccc3c1OCCO3)CCCO2;COc1cccc(OC)c1C(=O)N1CCC(c2cccc(F)c2)C1;COc1ccc(F)cc1C(=O)N1CCC(c2ccccc2OC)C1;Cc1cc(C(=O)NCC2CCC(CO)O2)cc(C)c1OC(F)F;COc1cc(C(=O)N2CCC(Oc3ccccc3)CC2)ccc1F;COc1ccccc1CC(=O)N1CC(O)CC1c1ccc(F)cc1;COc1cccc(C2CC(O)CN2C(=O)Cc2ccccc2F)c1;COc1cccc(C2CC(O)CN2C(=O)Cc2ccc(F)cc2)c1;COc1cc2c(cc1OC)CN(C(=O)Cc1ccc(F)cc1)CC2;COc1cccc(C2CC(O)CN2C(=O)Cc2cccc(F)c2)c1;COc1ccccc1C(=O)NC1(c2ccc(F)cc2)CCOCC1;Fc1ccc(C2CCNCC2COc2ccc3c(c2)OCO3)cc1;O=C(CCOc1ccccc1)N1CC(O)CC1c1ccc(F)cc1;COc1ccc(-c2ccc(C(=O)N3CCCC(O)C3)c(F)c2)cc1;O=C(CCOc1ccccc1)N1CC(O)CC1c1cccc(F)c1;COc1ccc(CC(=O)N2CC(O)CC2c2ccc(F)cc2)cc1;COc1ccc(-c2ccc(C(=O)NCC3(CO)CC3)c(F)c2)cc1;Cc1ccc(C(=O)NC2(c3ccc(F)cc3)CCOCC2)c(O)c1;CC(Oc1cccc(CO)c1)C(=O)NC1(c2ccc(F)cc2)CC1;COc1ccc(CC(=O)NC2CCc3cc(F)ccc32)cc1OC;CCOc1ccc(C(=O)N2CCOC(c3cccc(F)c3)C2)cc1;COc1cccc(C(=O)NC2(c3ccc(F)cc3)CCOCC2)c1;CC(C)C(NC(=O)c1ccccc1F)c1ccc2c(c1)OCCO2
m_34c00a,CC1C(=O)NCCN1S(=O)(=O)N1CCCC1c1ccco1;O=C1CCN(S(=O)(=O)N2CCCC2c2ccco2)CCN1;O=C1CCC(NS(=O)(=O)N2CCCC2c2ccco2)CN1;O=C1CCC(CNS(=O)(=O)N2CCCC2c2ccco2)N1;COCCS(=O)(=O)NC1CC(=O)N(C)C1c1cccnc1;CNC(=O)C1(COC)CCCN1S(=O)(=O)c1cccnc1;Cn1cc(C(=O)NC2CCCN(S(C)(=O)=O)C2)ccc1=O;COc1ccc(NC(=O)CN2CCCN(C)S2(=O)=O)cc1;Cc1ccc(C(=O)NC2CCCN(S(C)(=O)=O)C2)c(=O)[nH]1;Cn1nc(C2CC2)cc1S(=O)(=O)N1CCCC1(C)C(=O)O;CC(C)c1nc(S(=O)(=O)N2CC3(C)CC2(C(=O)O)C3)c[nH]1;CS(=O)(=O)N1CCC(CNC(=O)c2cccnc2O)CC1;CC1(C(=O)O)CCCN1S(=O)(=O)c1cnn(C2CCC2)c1;CN(C)c1ccc(S(=O)(=O)N2CCCCC2C(=O)O)cn1;CS(=O)(=O)NC1CCCC1CNC(=O)c1ncccc1O;CC(C)n1cc(S(=O)(=O)N2C3CCC2C(C(=O)O)C3)cn1;Cc1cnn(C)c1S(=O)(=O)N1CCC2(CC1)CC2C(=O)O;COC(CNS(=O)(=O)c1c(C)nn(C)c1C)c1ccco1;O=S(=O)(C1COC1)N1CCCC(c2noc(C3CC3)n2)C1;CCN(CC(=O)NC)S(=O)(=O)c1ccc(C)c(C(N)=O)c1;Cc1nc(C2CCN(S(=O)(=O)C3CC3)CC2)[nH]c1C(=O)O;CC1CN(S(=O)(=O)c2ccc(N(C)C)nc2)CC1C(=O)O;CCCCN(CC)S(=O)(=O)c1cc(-c2nnc(C)o2)co1;CCC(C(=O)O)N1CCN(S(=O)(=O)c2cccnc2)CC1;O=C(O)C1CCN(S(=O)(=O)c2cnn(C3CCC3)c2)CC1
m_34c315,Cc1cc(C)c(N2CCC(NC(=O)CCn3cncn3)C2=O)c(C)c1;CC1CC(NC(=O)N(C)Cc2cnn(C)c2)C(=O)N1c1ccccc1;Cc1nnc(CN2CCN(C3CCN(c4ccccc4)C3=O)CC2)o1;CN(C(=O)NCCc1cn[nH]c1)C1CCCN(c2ccccc2)C1=O;Cc1cnn(CCNCC(=O)N2c3ccccc3NC(=O)CC2C)c1;CNC(=O)Cc1ccc(NC2CCCN(c3cnn(C)c3)C2=O)cc1;Cc1ccc(N2CCN(CC(=O)NCCCn3ccnc3)C2=O)cc1;COc1ccc2c(c1)CCCN2C(=O)CN1CCn2c(C)nnc2C1;CN(Cc1cccc(C(N)=O)c1)C1CCCN(c2cnn(C)c2)C1=O;N#Cc1ccccc1NC(=O)CCN1CCCC(N2CCNC2=O)C1;Cc1nc(CN2CCN(C3CCc4ccccc4NC3=O)CC2)no1;O=C(NCCCn1cncn1)C1CC(=O)N(CCc2ccccc2)C1;Cc1ccc(CN2CC(C(=O)NCCCn3cncn3)CC2=O)cc1;CC(C)(C)C(=O)Nc1ccccc1C(=O)NC1CCCn2ncnc21;Cc1cccc(C)c1NC(=O)CN1CCN(c2ncc[nH]c2=O)CC1;Cn1cc(CC2CCN(CC(=O)Nc3ccccc3C(N)=O)C2)cn1;Cc1cc(C)n(CCNC(=O)CN2CCN(c3ccccc3)C2=O)n1;O=C(CCn1cncn1)N1CCN(Cc2ccc3c(c2)CCO3)CC1;CC(C)C(C(=O)Nc1cnn(Cc2ccccn2)c1)N1CCCC1=O;Cc1c(NC(=O)C2CCC(C(N)=O)N2Cc2ccccc2)cnn1C;Cc1cc(C(=O)Nc2ccc(C(N)=O)c(N3CCCCC3)c2)n(C)n1;Cc1cc(C)cc(-n2nc(NC(=O)C3CCCN3C(N)=O)cc2C)c1;Cc1nn(CC(C)C)c(C)c1CC(=O)N1CC(=O)Nc2cnccc21;CCn1nccc1NC(=O)C1CCC(C(N)=O)N1Cc1ccccc1;Cc1cc(C(=O)NCCC(=O)N2CCN(c3ccccc3)CC2)[nH]n1
m_36d3ce,CS(=O)(=O)C1CCN(C(=O)c2ccc3ccccc3c2)C1;O=C(c1cccc(OCc2cccs2)c1)N1CCC(O)C1;O=C(O)CC1CCCCN1C(=O)c1cccc2ccsc12;COc1ccc(F)cc1C(C)NC(=O)C(C)S(C)(=O)=O;CC(CN(C(=O)c1cc2ccccc2s1)C1CC1)C(=O)O;CC(Cc1ccsc1)N(C)C(=O)c1cccc(C(=O)O)c1;CCC(NC(=O)c1ccc2c(c1)OCCO2)c1cccs1;Cc1cscc1C(=O)NC(c1ccccc1)C(C)C(=O)O;CC(Cc1ccsc1)NC(=O)c1ccc2c(c1)OCCO2;O=C(O)C1CCN(C(=O)Cc2csc3ccccc23)CC1;Cc1ccc(C(C)NC(=O)c2ccc3c(c2)OCCO3)s1;CCc1ccc(C(=O)Nc2cccc(S(C)(=O)=O)c2)cc1;Cc1ccccc1CC(CNC(=O)c1ccsc1)C(=O)O;Cc1ccc(CC(CNC(=O)c2ccsc2)C(=O)O)cc1;Cc1cc(C)c(C(=O)NCC(C(=O)O)c2ccccc2)s1;Cc1ccc(C(=O)NCC(Cc2ccccc2)C(=O)O)s1;Cc1cccc(CC(CNC(=O)c2cccs2)C(=O)O)c1;Cc1ccc(CS(=O)(=O)CC(=O)Nc2ccccc2)cc1;O=C(O)c1ccccc1OCCN1CCc2sccc2C1;Cc1ccsc1C(=O)NCC(Cc1ccccc1)C(=O)O;Cc1ccccc1CC(CNC(=O)c1cccs1)C(=O)O;Cc1ccc(CNC(=O)CCc2ccc(C(=O)O)cc2)s1;COC(=O)C(NC(=O)CCc1cccs1)c1ccccc1;N#Cc1nccnc1NCCNC(=O)c1c(F)cccc1F;COC(=O)C(NC(=O)c1ccc(C)s1)c1ccc(C)cc1
m_370436,Cc1ccccc1CN(C)C(=O)Cc1c[nH]c2ccccc12;CCc1ccc(C(=O)NCCc2c[nH]c3ccccc23)cc1;OC(CN1CCc2ccccc2C1)c1c[nH]c2ccccc12;CC(C)c1ccc(NC(=O)Cc2c[nH]c3ccccc23)cc1;Cc1ccc(C(=O)NCCc2c[nH]c3ccc(C)cc23)cc1;Cc1cccc(C(=O)NCCc2c[nH]c3ccc(C)cc23)c1;Cc1ccc(C(=O)NCCc2c(C)[nH]c3ccccc23)cc1;C=CC=CC=CC=CC(=O)NCCc1c[nH]c2ccccc12;CCN(Cc1ccc2[nH]ccc2c1)C(=O)c1ccccc1C;CC(=O)NCCc1c(Cc2ccccc2)[nH]c2ccccc12;Oc1ccc2[nH]cc(CCNCC=Cc3ccccc3)c2c1;Cc1ccc(CC(=O)N2Cc3ccccc3C3(CC3)C2)cn1;CC(CCc1ccccc1)NC(=O)c1c[nH]c2ccccc12;CCC(NC(=O)c1c[nH]c2ccccc12)c1ccc(C)cc1;CC(C)C(NC(=O)c1c[nH]c2ccccc12)c1ccccc1;CCOc1ccc(C2NCCc3c2[nH]c2ccccc32)cc1;CC1=CCC2C(=O)N3CCc4c([nH]c5ccccc45)C3C2C1;COc1ccc(C2NCCc3c2[nH]c2ccc(C)cc32)cc1;CC1Cc2c([nH]c3ccccc23)C2C3CC=CCC3C(=O)N12;O=C1C2CC=CCC2C2c3[nH]c4ccccc4c3CCCN12;O=c1ccn(CCc2c[nH]c3ccccc23)c2c1CCCC2;CC=C1CN2C3CC1C(C=O)C2Cc1c3[nH]c2ccccc12;Cc1ccccc1CN(C)C(=O)NCC#Cc1ccccc1;C=C1C2CC(=O)c3[nH]c4ccccc4c3C1N(C)CC2=CC;CC(=O)C1=CC23CC(C1)CN2CCc1c3[nH]c2ccccc12
m_3883ef,Cc1nc(NC(=O)C(C)N2CCCC(Cn3cncn3)C2)sc1C;CCc1nc(NC(=O)CN2CCCC(Cn3cncn3)C2)sc1C;Cc1csc(NC(=O)CN2CCCC(Cn3nc(C)nc3C)C2)n1;Cc1nc(N2CCN(C(=O)NCCCn3cccn3)CC2)sc1C;Cc1nc(N2CCN(C(=O)NCCCn3ccnc3)CC2)sc1C;Cc1nc(N2CCN(C(=O)Nc3cnn(C(C)C)c3)CC2)sc1C;CCc1nc2n(n1)CC(NCc1csc(N(CC)C(C)=O)n1)CC2;Cc1csc(N2CCN(C(=O)Nc3cnn(CC(C)C)c3)CC2)n1;Cc1cc(C)n(CC2CCCCN2CC(=O)Nc2nnc(C)s2)n1;Cc1nn(C)c(C)c1NC(=O)C(C)N1CCN(c2nccs2)CC1;Cc1nn(C)c(C)c1NC(=O)CN1CCN(c2nccs2)C(C)C1;Cc1csc(N2CCN(C(=O)Nc3cnn(C(C)(C)C)c3)CC2)n1;CC(C)C(C(=O)N1CCCN(Cc2cscn2)CC1)n1cncn1;CCc1nc(C2CCN(C(=O)Nc3ncc(C(C)C)s3)CC2)n[nH]1;Cc1nc(CN2CCN(C(=O)C(C(C)C)n3cncn3)CC2)cs1;Cn1cnnc1C1CCN(C(=O)Nc2ncc(C(C)(C)C)s2)CC1;CC(C)c1nn(C)cc1NC(=O)N1CCCN(c2nccs2)CC1;Cc1ncsc1CN(C)CC1CCN(C(=O)Nc2cnn(C)c2)C1;C=C1CCN(C(C)C(O)(Cn2cncn2)c2ccc(F)cc2F)CC1;CCc1nc2n(n1)CCCC2NC(=O)NC(CC)c1ncc(C)s1;Cc1nc2n(n1)CCCC2NC(=O)NCc1csc(C(C)(C)C)n1;Cc1csc(CCNC(=O)CC2(Cn3cnnn3)CCCCC2)n1;CCc1nc(CN2CCC(CNC(=O)Nc3cn[nH]c3)CC2)cs1;CCn1nc(C)c(NC(=O)N2CCN(Cc3cscn3)CC2)c1C;CC(NC1CCCN(Cc2ccc(F)cc2F)C1=O)c1ccnn1C
m_38941f,Cc1ccccc1C1CC1NC(=O)c1c(C)nc(C(C)(C)C)[nH]c1=O;Cc1nc(C(C)(C)C)[nH]c(=O)c1C(=O)N1CCc2ccccc2CC1;CC(C)(C)c1ccc(CCC(=O)N2CCc3nc[nH]c(=O)c3C2)cc1;CC(C)Cc1ccc(CCC(=O)N2CCc3nc[nH]c(=O)c3C2)cc1;CCc1n[nH]c(=O)c(C(=O)N(C)C2CCc3ccccc3C2)c1CC;COc1ccccc1C1CCC(C)CN1C(=O)c1cnc(C)nc1C;Cc1nc(C(=O)N2CCc3cc(C(C)(C)C)ccc3C2)c(=O)[nH]c1C;Cc1nc(C(=O)N2CCc3ccc(C(C)(C)C)cc3C2)c(=O)[nH]c1C;Cc1n[nH]c(=O)c(C(=O)NC2CC(C)(C)CCc3ccccc32)c1C;Cc1n[nH]c(=O)c(C(=O)NC2CCCc3ccc(C(C)C)cc32)c1C;CCC1c2ccccc2CCN1C(=O)CCc1c(C)nc(=O)[nH]c1C;CCc1ncncc1C(=O)N1CCC(Oc2ccc(C)c(C)c2)CC1;CCc1ncncc1C(=O)N1CCC(Oc2cc(C)ccc2C)CC1;CCc1c(C(=O)N2c3ccccc3C(C)(C)C2C)[nH]c(C)c1C(N)=O;CCc1c(C(=O)N2CC(C(C)C)c3ccccc32)[nH]c(C)c1C(N)=O;COc1ccc(C2(CNC(=O)c3cn(C)nc3C3CC3)CCC2)cc1;Cc1ncn(CC(=O)N2CCC(Cc3ccccc3)CC2)c(=O)c1C;Cc1cccc(C2CCN(C(=O)c3c[nH]nc3C3CCOCC3)C2)c1;Cc1ccccc1CC(C)NC(=O)c1cncc(N2CCOCC2)c1;CC(C)C1CN(C(=O)c2c[nH]nc2C2CCOCC2)c2ccccc21;CC1c2ccccc2CCN1C(=O)c1cn(C)nc1C1CCOCC1;CC1C(c2ccccc2)CCN1C(=O)c1ncoc1C1CCNCC1;CCC(C)N1CC(=O)N2[C@@H](Cc3c([nH]c4ccccc34)C2(C)C)C1=O;CC(C)CN1CC(=O)N2[C@@H](Cc3c([nH]c4ccccc34)C2(C)C)C1=O;CCCCN1CC(=O)N2[C@@H](Cc3c([nH]c4ccccc34)C2(C)C)C1=O
m_3a5731,O=C(O)CCN(Cc1ccccc1)C(=O)C1C2Cc3ccccc3C21;CN(Cc1ccc(C(=O)O)cc1)C(=O)C1CC12CCc1ccccc12;O=C(O)CCN(C(=O)C1CC1c1cccc(F)c1)C1CCOCC1;O=C(O)C1CN(C(=O)c2ccc3c(c2)CCC3)CC1c1ccccc1;O=C(O)C1CN(C(=O)c2cccc3c2CCC3)CC1c1ccccc1;O=C(O)CCN(CC1CCCO1)C(=O)C1CCc2cc(F)ccc21;O=C(c1ccc2c(c1)CCC2)N1CCC(C(=O)O)(c2ccccc2)C1;O=C(O)c1ccc(CC(=O)N(C2CC2)C2CCc3ccccc32)cc1;C[C@@H]1c2ccccc2C(C)(C)C[C@@H]2c3cccc(C(=O)O)c3C(=O)N12;O=C(O)Cc1cccc(C(=O)N(C2CC2)C2CCc3ccccc32)c1;CC1CCN(C(=O)C2=CC(O)C(O)C(O)C2)C1c1cccc(F)c1;O=C(O)C1CCCN(C(=O)C2(c3cccc(F)c3)CCOCC2)C1;O=C(CCCCCCN1C(=O)c2ccccc2C1=O)c1ccccc1;O=C(O)C1(C(=O)N2CCC(O)(Cc3ccccc3F)CC2)CCC1;CC1(C(=O)O)CCN(C(=O)C2(c3cccc(F)c3)CCOCC2)C1;O=C(O)CC1CN(C(=O)C2(c3cccc(F)c3)CCCC2)CCO1;O=C(O)C(CNC(=O)C1(c2ccccc2F)CC1)C1CCOCC1;Cc1ccc(C)c(C(=O)N2CCC3(CC(=O)c4ccccc4O3)C2)c1;O=C(O)C1CCN(C(=O)C2(c3cccc(F)c3)CCOCC2)CC1;O=C(O)C(CNC(=O)C1CC1C1CCOCC1)c1ccc(F)cc1;O=C(CC1(C(=O)O)Cc2ccccc2C1)Nc1ccc2c(c1)CCC2;O=C(O)C1CCCN(C(=O)c2ccc(F)c(COCC3CC3)c2)C1;Cc1cccc2cc(C(=O)N3CCC(CO)(c4ccccc4)C3)oc12;CC(C)(C(=O)N1CC2COCCC2(C(=O)O)C1)c1ccc(F)cc1;O=C(O)C1CCN(C(=O)Cc2ccc3c(c2)CCC3)c2ccccc21
m_3aa487,COc1cccc(CCC(=O)NC2CC(O)C2n2cccn2)c1F;COc1ccc(CCC(=O)NC2CC(O)C2n2cccn2)cc1F;COc1ccc(CC(=O)NC2CCOC2c2ccnn2C)cc1F;COc1cccc(C2(NC(=O)c3c[nH]c(C)n3)CCOCC2)c1F;COc1ccc(CCC(=O)N2CCc3c(O)nn(C)c3C2)cc1F;Cc1ccc(F)c(OCC(=O)NC2CCOC2c2ccnn2C)c1;O=C(NC1CC(Cn2cccn2)CC1O)c1ccc(CO)c(F)c1;CCCn1nc(C(=O)NC(C)c2ccc(OC)c(F)c2)ccc1=O;COc1cccc(C(=O)NC2CCC(Cc3nnc(C)o3)C2)c1F;COc1ccc(C(=O)NCC2CCOC2c2cnn(C)c2)cc1F;COc1cccc(F)c1C(=O)NC1CC(Cn2ccnc2)CC1O;COc1ccc(CN(C)C(=O)Cn2cc3c(n2)CCOC3)cc1F;COCn1ccc(C(=O)NC2CC(C)(C)Oc3ccc(F)cc32)n1;COc1cc(C(=O)NC2CCC(Cc3nnc(C)o3)C2)ccc1F;COc1ccc(C(=O)NC2CCC(Cc3nnc(C)o3)C2)cc1F;CC(Cc1ccccc1F)C(=O)N1CCC(c2n[nH]c(=O)o2)CC1;CC(CC(=O)N1CCC(c2n[nH]c(=O)o2)CC1)c1ccccc1F;CCc1ccc(F)cc1C(=O)NC1COCC1Oc1cnn(C)c1;COc1ccc(F)cc1CC(=O)N1CC(OC)CC1c1ncc[nH]1;COc1cccc(F)c1C(=O)NC1CCC(Cc2nnc(C)o2)C1;COc1ccc(C(=O)NC2CCC(Cc3nnc(C)o3)C2)c(F)c1;Cc1noc(CCCC(=O)NC2CCCOc3cc(F)ccc32)n1;Cc1ccc(F)c(OCC(=O)NC2(c3nc(C)c[nH]3)CCOC2)c1;Cc1cc(-c2noc(CCC(=O)N3CCCC3CO)n2)ccc1F;Cc1noc(C2CC(O)C(CNC(=O)Cc3ccccc3F)C2)n1
m_3ae355,Cc1nc(N2CCN(c3ccncc3)C(C)C2)c(Cl)cc1C#N;CN1CCC(CNc2ncc(C#N)cc2Cl)C1c1cccnc1;Cc1ccc(N2CCCN(c3ccc(C#N)c(Cl)c3)CC2)nn1;Cc1ccc(Cl)cc1N1CCN(c2nccn3nccc23)CC1;CC(c1ccc(Cl)cc1)N1CCN(c2nccnc2C#N)CC1;CSc1nc(C)cc(N(C)C2CN(c3nccnc3C#N)C2)n1;CCOC(=O)c1ccc(N2CCC(NS(C)(=O)=O)CC2)nc1;COc1ccnc(N2CCN(S(=O)(=O)C3CCOC3)CC2)c1;Cc1nc(N2CCCC2c2ccc(Cl)cc2)c2cnn(C)c2n1;Clc1ccc(Cn2ncc3c(N4CCCCC4)ncnc32)cc1;Cc1cc(Cl)ccc1-n1ncc2c(N3CCCCC3)ncnc21;O=C(c1ccncc1F)N1CCN(c2cncc3ncnn23)CC1;Cn1cnc2ncnc(N3CC4CN(c5nccs5)CC4C3)c21;Cc1nc(N2CCN(C(=O)OC(C)(C)C)CC2)sc1C(=O)O;COc1ccc(NC(=O)CC2CS(=O)(=O)CCN2C)c(C)n1;Cc1ccc(C(=O)NC2CCCN(S(C)(=O)=O)C2)c(=O)n1C;COc1ncc(C)cc1NC(=O)CC1CS(=O)(=O)CCN1C;CNS(=O)(=O)c1ccccc1N1CCN(C(C)C(=O)O)CC1;COc1ccc(N(C)C(=O)CC2CS(=O)(=O)CCN2C)cn1;CN(C)c1ccc(S(=O)(=O)N2CCCCC2CC(=O)O)cn1;CCOc1ncccc1C(=O)N1CCCN(S(C)(=O)=O)CC1;CC1CN(C(C)C(=O)Nc2ccc(S(N)(=O)=O)cc2)CCO1;CNS(=O)(=O)c1ccccc1N1CCN(CC(=O)OC)CC1;COc1ccncc1CNC(=O)CC1CS(=O)(=O)CCN1C;CC(C)c1c(NCc2cncnc2)cnn1-c1ccccc1Cl
m_3aecdc,COCC1(C(=O)O)CCCN1S(=O)(=O)c1cccc2c1OCCCO2;O=C(O)C1(CNS(=O)(=O)c2ccc3c(c2)OCCCO3)CCOCC1;COC(=O)C[C@H]1C=C[C@@H](NS(=O)(=O)c2ccc(OC)cc2)[C@H](CO)O1;COC(=O)C[C@@H]1C[C@@H]2c3cc(NS(C)(=O)=O)ccc3O[C@@H]2[C@H](CO)O1;COc1ccc(Cl)cc1-c1ccc2c(c1)C(=O)N1CC[C@H](N)[C@H]1C(=O)N2;CC(=O)Nc1ncccc1NC(=O)C1CC12CCOc1ccc(Cl)cc12;COc1ccc2cc(-c3n(C)c4ccc(S(C)(=O)=O)cc4[n+]3C)oc2c1;Cc1ccc2c(c1)N1C(=O)OC[C@@H]1CCN(C(=O)c1ccnc(Cl)c1)C2;Cc1nnc(NC(=O)CN2C(=O)[C@@H]3CCCN3C(=O)c3ccccc32)s1;Cc1cc(S(N)(=O)=O)cc(NC(=O)c2cccc(-n3ccnn3)c2)c1C;Cn1nc2c(c1NC(=O)C[C@@H]1NC(=O)c3ccccc3NC1=O)CSC2;CCC(=O)Nc1ccc(S(=O)(=O)Nc2cc(-c3ccncc3)n[nH]2)cc1;Cc1ccnc(NC(=O)CN(C)C(=O)C2=Cc3cc(Cl)ccc3OC2)c1;O=C(COc1ccc(Cl)cc1Cl)OC[C@@H]1CCCN2CCCC[C@H]12;Cc1c(C(=O)NC2CCS(=O)(=O)C2)nnn1-c1cccc2ncccc12;Cc1cccc(OCCNC(=O)Cn2cnc3ccc(Cl)cc3c2=O)c1;COc1ccc(Cl)cc1-c1ccc2c(c1)C(=O)N1CCNC[C@@H]1C(=O)N2;COCc1nc2cc(NC3CCN(c4cccc(Cl)c4)C3=O)ccc2o1;COc1ccc(NC(C)=O)cc1NC(=O)c1c(Cl)c2ccccc2n1C;CC(Oc1cc(Cl)cc(Cl)c1)C(=O)N1CCC(C2CCOCC2)C1;O=C(CCN1CCCS1(=O)=O)N1CCNCC1c1cccc(Cl)c1;Cn1c(=O)[nH]c2cc(C(=O)N3CCC(Oc4ccccc4Cl)C3)ccc21;O=C(c1ccc2ncn(-c3ccc(Cl)cc3)c2c1)N1CC(O)CC1CO;CC1(Cn2cc(C(=O)Nc3nc(-c4cccc(O)c4)cs3)nn2)COC1;COCc1nc2cc(NC3CCN(c4ccc(Cl)cc4)C3=O)ccc2o1
m_3ba5ce,Cc1cc(C)n(CC(=O)Nc2ccnn2C2CCCC2)n1;CCn1ccnc1CNC(=O)c1ccnn1C1CCCC1;CN(Cc1nccn1C)C(=O)c1ccn(C2CCCC2)n1;CC(NC(=O)c1cc2n(n1)CCC2)c1cnn(C(C)C)c1;N#CCCn1ccc(NC(=O)N2CCCC2C2CCC2)n1;CCc1nn(C)c2[nH]nc(NC(=O)C3CC4CCC3C4)c12;Cc1cnn(CC2CCCCN2C(=O)c2ccnn2C)c1;CCc1c(NC(=O)c2ccnnc2)cnn1CCC(C)C;Cc1nn(C)c(C)c1CC(=O)NC1CCc2nccn2C1;Cc1cccnc1C(NC(=O)Nc1ccnn1C)C(C)C;CC(C)n1ccc(C(=O)N(C)c2cccnc2N(C)C)n1;Cc1nn(C)c(C)c1C(=O)NCc1cccc(N(C)C)n1;CCn1nccc1C(=O)N1CCCC(c2nccn2C)C1;CC(C)n1nccc1C(=O)N(C)c1cccnc1N(C)C;Cc1[nH]nc(C(=O)N2CCCCC2c2ccnn2C)c1C;CCOc1cc(N2CCC(Cn3cccn3)CC2)ncn1;CCn1cc(C2OCCC2CNc2ccnc(C)n2)cn1;COc1c(C)ncnc1N1CCC(Cn2cccn2)CC1;CC(C)Nc1ncccc1C(=O)N(C)CCn1cccn1;Cc1nc2c([nH]1)CCC(C(=O)NC(C)Cn1cccn1)C2;Cc1c(CNC(=O)c2c(C3CCC3)cnn2C)cnn1C;CCc1ccc(NC(=O)Cn2nnnc2C(C)(C)C)cc1;CCc1nn(C)cc1C(=O)NCC1CCc2nccn2C1;Cc1n[nH]c(C)c1CNC(=O)c1c(C2CCC2)cnn1C;Cc1cnn(CC2CCCN2Cc2noc(C3CC3)n2)c1
m_3ce578,Cc1c(C(=O)Nc2ccc(C(=O)NC3CC3)cc2)cnn1-c1ccccc1Cl;Cc1cn(-c2ccccc2Cl)nc1C(=O)Nc1ccc2c(c1)CCCC(=O)N2;Cc1cn(-c2ccccc2Cl)nc1C(=O)Nc1ccc2c(c1)CCC(=O)N2C;Cc1cc(C(=O)Nc2ccc3c(c2)C(=O)N(C)CC3)nn1-c1cccc(Cl)c1;Cc1cc(NC(=O)c2cc(N3CCCC3=O)ccc2Cl)n(-c2ccccc2)n1;CC(NC(=O)c1ccn(-c2cccc(Cl)c2)n1)c1ccc2c(c1)CCC(=O)N2;CN(C)c1cccc(-c2c3c(=O)n(-c4ccccc4Cl)[nH]c3cc(=O)n2C)c1;Cn1cc(N2CCC(NC(=O)c3cc(F)cc(Cl)c3)CC2)c(=O)n(C)c1=O;Cn1cc(CN(C(=O)c2ccc(F)cc2Cl)C2CCNC2)c(=O)n(C)c1=O;Cc1cc2c(cc1Cl)N(C(=O)Nc1ccc(Oc3cccnc3C)nc1)CC2;CCc1nnc(NC(=O)COc2ccc(C)cc2-n2nc3ccccc3n2)s1;O=C(NC1CC(=O)N(C2CC2)C1)NC1CCN(c2ccc(F)c(Cl)c2)C1=O;CN(C)CC1CN(C(=O)Nc2ncc(Cc3ccccc3Cl)s2)CCO1;O=C1CN(C(=O)NC2CCN(c3ccc(F)c(Cl)c3)C2=O)CN1CC1CC1;COc1cc(S(=O)(=O)N2CCN(C(=O)c3ccco3)CC2)c(OC)cc1C;COC1CC(CNC(=O)COc2ccc(F)cc2Cl)N(c2ccncn2)C1;O=C(CCc1nc2ccccc2[nH]c1=O)NCCc1c[nH]c2ccc(Cl)cc12;Cc1cc(S(N)(=O)=O)ccc1CNc1ccc2nnc(-c3ccccc3)n2n1;C[C@@H](O)[C@@H]1N=C(Nc2ncnc3c2ncn3[C@@H]2O[C@H](CO)[C@@H](O)[C@H]2O)OC1=O;COc1cc(C(=O)NCCc2ccc(S(N)(=O)=O)cc2)cc(OC)c1OC;C[C@@H]1C/C=C/CC/C=C/[C@H](O)CC(=O)Cc2c(Cl)c(O)cc(O)c2C(=O)O1;CC(C)(C)c1ccc(S(=O)(=O)N2CCN(c3ncncc3Cl)CC2)cc1;COc1cc2c(cc1OC)CC(=O)N(CC(=O)NC1CCS(=O)(=O)C1)C=C2;COc1ccc(-c2nnc(SCc3c[nH]nn3)n2-c2ccc(OC)cc2)cc1;Cn1c(=O)c2c(nc(NN=Cc3cccs3)n2Cc2ccccc2)n(C)c1=O
m_3d62dd,Cc1ccc(CNC(=O)N2CCCC2C(C)(C)O)c(N(C)C)c1;Cc1ccc(CNC(=O)N2CCC(C)(CO)CC2)c(N(C)C)c1;COC1CCCCC1NC(=O)NCc1ccc(CN(C)C)cc1;CCC(NC(=O)N1CCCC1(CO)CC(C)C)c1ccncc1;CC1CCC(O)C(C2CCCN2C(=O)NCc2cccn2C)C1;CCN(CCNC(=O)N1CC(C)C(CO)C1)c1ccccc1C;CC1CN(CCN(C)C(=O)c2ccccc2N(C)C)CC(C)O1;CCC1(CC)C(OC)CC1N(C)C(=O)NCc1ccncc1C;CN(C)CC1(CNC(=O)NC(CO)c2ccccc2)CCCC1;Cc1ccc(CN2CCC(CNC(=O)NCC(C)O)CC2)cc1;CC1(C)CC(NC(=O)NC(CO)c2ccccc2)CC(C)(C)N1;CC1CCN(C(C)CNC(=O)NC(CO)c2ccccc2)CC1;CN(C)CCN(Cc1cccc(O)c1)C(=O)NCC1CCCC1;CCCN1CCC(NC(=O)NCc2ccccc2COC)CC1;Cc1ccc(C(C)(C)CNC(=O)N2CCOC(CN)C2)c(C)c1;COC1(CNC(=O)N2CCCC2c2cccn2C)CCCCC1;COc1c(C)cnc(CNC(=O)N(C)C2CCCCCC2)c1C;CCN(C(=O)N1CCC(Nc2cccc(OC)c2)CC1)C(C)C;Cc1cc(C)c(NC(=O)NC(C)(CO)C2CCCCC2)c(C)n1;CCC1(C)CN(C(=O)NC(c2ncccc2C)C(C)C)CCO1;CCC(COC)NC(=O)N1CCC(CN)(c2ccccc2)CC1;CC(C)Nc1cccc(C(=O)NCCCN2CCC(O)CC2)c1;CCCN(CC)C(=O)NC1CCCN(c2cccc(OC)c2)C1;CN1c2cccnc2CN([C@H]2CC[C@H](CO)CC2)CC[C@H]1CO;CC[C@@H]1CN(C(=O)c2ccncc2)[C@H](CO)[C@@H]1CN(CC)CC
m_3db789,CS(=O)(=O)CCn1ccc(NC(=O)c2ccc3ccccc3c2)n1;CNS(=O)(=O)c1cc(NC(=O)c2ccc3[nH]ccc3c2)ccc1C;O=C(NCCS(=O)(=O)Nc1ccccc1)c1cccc2cc[nH]c12;CCCS(=O)(=O)c1ccccc1C(=O)Nc1nc2ccccc2[nH]1;O=C(NCCS(=O)(=O)Nc1ccccc1)c1cc2ccccn2c1;CC(C)Cn1c(=O)c(C(=O)Nc2nccs2)c(O)c2ccccc21;CC(=O)Nc1cc(C(=O)Nc2ccc3c(c2)oc(=O)n3C)ccc1F;CCCc1nnc(NC(=O)c2cc(=O)c3cc(C)c(C)cc3o2)s1;CCOC(=O)c1c(NC(=O)c2c(C)cnn2C)sc2ccccc12;CCCc1nnc(NC(=O)c2cc(=O)c3cc(C)cc(C)c3o2)s1;CC(=O)Nc1ccc(F)c(C(=O)Nc2ccc3c(c2)oc(=O)n3C)c1;CS(=O)(=O)c1ccc2ncnc(NC(CO)c3ccccc3)c2c1;COc1cccc(CNc2ncnc3ccc(S(C)(=O)=O)cc23)c1;COc1cc(F)c(S(=O)(=O)Nc2ccnn2C(C)C)cc1OC;Cc1cc(Cl)c(C(=O)N2CCC(C(=O)O)c3ccccc32)cc1C;Cc1cc(Cl)c(C(=O)Nc2ccc(C3CC3C(=O)O)cc2)cc1C;CN(C)C(=O)OCCn1nc(-c2cccs2)c2ccccc2c1=O;CS(=O)(=O)CCC(=O)Nc1ccc(-n2cnc3ccccc32)cc1;CCCn1cc(NC(=O)c2csc(-c3ccc(C)o3)n2)ccc1=O;CS(=O)(=O)CC(=O)NCc1ccc(-n2cnc3ccccc32)cc1;Cc1cccn2cc(CC(=O)Nc3ccccc3S(C)(=O)=O)nc12;COC1CC(c2nc(C)no2)N(C(=O)c2ccc3sccc3c2)C1;Cc1ccccc1CN(C)C(=O)Cn1nc(-c2cccs2)oc1=O;COc1ccc(NC(=O)C2CSCN2C(=O)c2ccncc2)cc1;CCCCn1c(=O)c(C(O)=Nc2nccs2)c(O)c2ccccc21
m_3dc915,COCCN1CCC(CNC(=O)N2CCCCC2c2cn[nH]c2)C1;CCC(NC(=O)N1CCCN(C(C)=O)CC1)c1c(C)nn(C)c1C;CCCN(Cc1cnn(C)c1)C(=O)NC1CCC(C(=O)NC)CC1;COC1CCC(NC(=O)N2CCCN(Cc3cnn(C)c3)CC2)C1;CN(Cc1cnn(C)c1)C(=O)NCCNC(=O)CC1CCCCC1;CCN(Cc1cnn(C)c1)C(=O)CCNC(=O)NC1CCCCC1;CCCn1cc(CN2CCCN(C(=O)N3CCOCC3)CC2)cn1;Cc1nonc1CNC(=O)N1CCCC(CN2CCC(C)CC2)C1;Cc1nn(C(C)(C)C)cc1C(C)NC(=O)NCC(=O)N1CCCC1;CCNC(=O)N1CCC(NC2CCCOC2c2cnn(C)c2)CC1;COC1CC(C(=O)N2CCCN(Cc3cnn(C)c3)CC2)N(C)C1;CCc1cc(CNC(=O)C2CCCN(C(=O)NCC(C)C)C2)[nH]n1;CC(C)(C)n1cc(NC(=O)N2CCC(CN3CCOCC3)C2)cn1;CN(C)C(CNC(=O)CN1CCCCCCC1=O)c1cnn(C)c1;Cc1nn(C)c(C)c1CC(C)NC(=O)N1CCCC(CC(N)=O)C1;CN1CCN(C(=O)CCN2CC(CO)C(c3cnn(C)c3)C2)CC1;CC(C)CNC(=O)N1CCCC(C(=O)N(C)CCn2cccn2)C1;CNC(=O)C1CCN(C(=O)NCC(C)Cn2nc(C)cc2C)CC1;CCC1(C)CN(C(=O)NC2CCCN(c3cnn(C)c3)C2)CCO1;CC(=O)NC1CCCN(C(=O)NCC(C)Cn2nc(C)cc2C)C1;CC1CC(CNC(=O)N2CCn3c(C(C)C)nnc3C2C)CCO1;CC(=O)N1CCC(NC(=O)NCC(C)Cn2nc(C)cc2C)CC1;CC(=O)N1CCCN(C(=O)NCC(C)Cn2nc(C)cc2C)CC1;CC(C)c1nnc2n1CCN(C(=O)NCC1CC(C)(C)CO1)C2C;COCCn1ccc(NC(=O)NC2CCN(C3CCCC3)CC2)n1
m_3f6bab,CNC(=O)CSc1nc2ccccc2c2nc3ccccc3n12;Cn1c(SCc2nc3ccccc3[nH]2)nc(=O)c2ccccc21;Cn1c(CSc2nc(=O)c3ccccc3[nH]2)nc2ccccc21;CC#Cc1ccc2c(=O)[nH]c(CSc3ncccn3)nc2c1C;COc1ccc(-c2nn3cnc4cc(F)ccc4c3nc2=O)cc1;Cc1nc2ccccc2nc1Cn1cnc2c(C)csc2c1=O;c1coc(C(CNc2ncnc3ncccc23)c2ccsc2)c1;O=C(Cc1c[nH]c2ccc(Cl)cc12)NCC1CCSCC1;COc1ccc(-c2nc(-c3ccc4nccnc4c3)no2)c(F)c1;O=C(c1ccc(Cl)c2cccnc12)N1CCCC(F)(CO)C1;Cn1c(-c2nc(-c3ccc(F)cn3)no2)cc2ccccc2c1=O;Cc1ocnc1CNc1ncnc2sc(-c3ccccc3)cc12;N#CCSc1nnc(COc2ccccc2)n1-c1ccccc1;COC(=O)c1cc(F)ccc1CSc1nnc(N)n1C1CC1;O=C(Nc1nc(C2CC2)cs1)c1cnc(-c2ccccc2)nc1;N#Cc1ccccc1Cn1nc(-c2cccs2)n(C2CC2)c1=O;Cc1cc(Sc2ncccn2)ccc1NC(=O)c1ccncc1;Cn1cc(Cl)cc1C(=O)N1CC(O)CC1c1cccc(F)c1;COc1cccc(C2CC(O)CN2c2ncc(Cl)cc2F)c1;O=C(c1csc(-c2cnccn2)n1)N1CCCc2ccccc21;Nc1c(C(=O)N2CCc3c(F)ccc(F)c3C2)[nH]c(=O)[nH]c1=O;O=C(NCCC1CCCNC1)c1sc2ccccc2c1Cl;Cn1cc(Cl)cc1C(=O)N1CC(O)CC1c1ccc(F)cc1;CC(C)n1cnc(S(=O)(=O)NC(C#N)c2ccccc2F)c1;Cc1noc(Cl)c1CCC(=O)NC1CCc2cc(F)ccc21
m_3f8028,CN(C)C(=O)c1ccc(NCc2ccncc2)cc1;CCNC(=O)c1ccc(NCc2ccncc2)cc1;CNC(=O)c1ccc(C)c(NCc2ccncc2)c1;CCN(C)c1ccc(C(=O)Nc2cccnc2)cc1;Cc1cccnc1NC(=O)c1cccc(N(C)C)c1;CNC(=O)c1cccc(CCNc2ccccn2)c1;CCc1cc(NC(=O)c2ccnnc2C)ccc1C;CN1CCN(C(=O)c2ccnc3ccccc23)CC1;CNc1cc(C(=O)N2CCCC2)c2ccccc2n1;Cc1cncc(C(=O)N(c2cccnc2)C(C)C)c1;Cc1cnc(C(=O)Nc2ccc(C(C)C)cc2)cn1;CCN(C(=O)c1ccc(C)nc1)c1cccnc1C;CC1CN(C(=O)c2cccc3ncccc23)CCN1;Cc1ccccc1CNC(=O)Nc1ccncc1C;O=C(c1cccc2cnccc12)N1CCCNCC1;Cc1ccc(CNC(=O)NCc2cccnc2)cc1;N/C(CN(Cc1ccccc1)c1ccccc1)=N\O;O=C(c1ccc(Cn2ccnc2)cc1)N1CCCC1;CCC(NC(=O)Nc1cccnc1)c1ccccc1;CCC(CC#N)NC(=O)c1ccc2cc(C)cn2c1;Cc1ccccc1CNC(=O)NCc1cccnc1;Cc1cccc(C(C)C)c1NC(=O)c1cnccn1;Cc1ccccc1N(C(=O)c1cnccn1)C(C)C;O=C(NC1CCNCC1)c1cccc2cccnc12;CC1CCCN1c1cc(C(N)=O)c2ccccc2n1
m_3ff7be,Cc1ccc2c(c1)OC(C)CN2C(=O)Cc1c(C)nn(C(F)F)c1C;Cc1nn(C(F)F)c(C)c1CC(=O)N1Cc2ccccc2OCC1C;Cc1ccc2c(c1)C(NC(=O)c1nn(CC(C)C)cc1C(F)F)CO2;CC(C)Cn1ncc(C(=O)NC2CCOc3ccccc32)c1C(F)F;CCc1c(C(=O)NC2COc3cc(F)cc(F)c32)cnn1CC(C)C;Cc1c(C2OCCC2C(=O)NCCc2ccc(F)c(F)c2)cnn1C;CCC1(CNC(=O)c2cnn(C)c2C(F)F)OCCc2ccccc21;Cc1nn(C)c(C)c1C(=O)NC1(c2ccc(F)cc2F)CCOCC1;Cc1noc(C)c1C(C)C(=O)N1CCN(c2cc(F)ccc2F)CC1;Cc1n[nH]c(C)c1C1COCCN1C(=O)Cc1cccc(C(F)F)c1;Cc1cc(C)n(Cc2ccc(C(=O)N3CC(F)(F)CC3CO)cc2)n1;Cn1cc(C2CCCN2C(=O)CCCOc2ccc(F)cc2F)cn1;COCc1nn(C)cc1C(=O)N1CC(C)(C)OC(C)(C(F)(F)F)C1;COCC1CN(C(=O)c2cn(CC(F)(F)F)nc2C)CC(C)(C)O1;COCC1CN(C(=O)c2cc(C)c(F)cc2F)CC1c1cnn(C)c1;COc1nn(C)cc1CNC(=O)C1(c2cc(F)cc(F)c2)CCCC1;Cc1cnn(CC2CN(C(=O)CCc3cc(F)ccc3F)CCO2)c1;COc1ccccc1-n1ncc(C(=O)NCC2CCCC2(F)F)c1C;COCCn1ccc(C(=O)N2CCC(Cc3ccc(F)c(F)c3)C2)n1;Cc1cc(C)n(CCN2CCC3(CC2)OCCc2cc(F)sc23)n1;CC(C)n1cc(C2CN(C(=O)COCC(F)(F)F)CC2CO)cn1;Cn1cc(C2OCCC2CNC(=O)c2ccc(C(C)(F)F)cc2)cn1;COCCn1ccc(C(=O)NCC2(c3c(F)cccc3F)CCC2)n1;Cc1noc(C)c1CC(C)NC(=O)N1CCc2c(F)ccc(F)c2C1;COc1ccc(NC(=O)C2CCN(CC(F)F)CC2)c2cccnc12
m_402004,COCc1nc(C)cc(N2CCCC(O)(Cc3nc(C)no3)C2)n1;Cc1noc(CC2(O)CCCN(c3cc(OC(C)C)ncn3)C2)n1;Cc1noc(CC2(O)CCCN(C(=O)c3ccnn3C(C)C)C2)n1;COCc1cc(N2CC(N3CC(C(=O)N(C)C)CC3=O)C2)ncn1;Cc1noc(C2C(C)OCCN2Cc2nc(C3CCCC3)no2)n1;CCc1noc(CN2CCC(OC)(c3nc(C4CC4)no3)CC2)n1;COC1CC(c2nc(C)no2)N(C(=O)c2cc(CC(C)C)n[nH]2)C1;COC1CC(c2nc(C)no2)N(C(=O)c2cc(C(C)(C)C)n[nH]2)C1;Cc1nc(C2(NCc3cc(=O)n(C)c(=O)n3C)CCCCC2)no1;CC(C)c1nc(C2CCCN2Cc2cc(=O)n(C)c(=O)n2C)no1;Cc1noc(C2C(C)OCCN2C(=O)c2cnn(C(C)C)c2C)n1;Cn1cnnc1CC1(O)CCCN(CC(=O)NCc2ccco2)C1;Cc1noc(C2CN(C(=O)CCc3cnn(C)c3C)CC(C)O2)n1;Cc1noc(COC2CN(C(=O)CC(C)c3c(C)n[nH]c3C)C2)n1;COCc1n[nH]c(C2CN(Cc3cc(OC)no3)CC2C2CC2)n1;CC(C)C(NC(=O)c1cc(CN(C)C)on1)c1nc(C2CC2)no1;CC1(C)NC(=O)N(CCN2CCC(c3nc(C4CC4)no3)C2)C1=O;CCn1nc(C(=O)N(C)Cc2nc(C)no2)c2c1C(C)OC(C)C2;CCc1nc(C)c(C(=O)NCc2nc(CN3CCCCC3)no2)o1;Cc1cc(CNC(=O)N2CCC(C(=O)O)C2)nc(N2CCCC2)n1;CCc1noc(C(C)N2CCN(C(=O)NCc3ccco3)CC2)n1;Cc1nc([C@H]2CC[C@@H](O)[C@H](NC(=O)c3c(C)noc3C)C2)n(C)n1;Cc1noc(C)c1C(=O)NCC1OCCN(C)C1c1cncn1C;COC1CN(C(=O)c2c(C)noc2C(C)C)CC1c1cn(C)nn1;CC(C)C(=O)N1CCC(Nc2c(C#N)c(=O)n(C)c(=O)n2C)CC1
m_417c79,O=C(Nc1ccc(Cl)cc1)N1CCCC(C(=O)N2CCOCC2)C1;CC(C)C(=O)N1CCCC(C(=O)Nc2ccc(Cl)c(C(N)=O)c2)C1;CCN1OC2(CCN(C(=O)Nc3ccc(Cl)c(C)c3)CC2)CC1=O;CCN1OC2(CCN(C(=O)Nc3ccc(C)c(Cl)c3)CC2)CC1=O;NC(=O)C1CN(C(=O)NCC2(c3ccc(Cl)cc3)CCC2)CCO1;CC(C)(C)C(=O)N1CCCC1C(=O)Nc1ccc(C(N)=O)c(Cl)c1;O=C(CN1CCN(C(C(=O)O)C2CC2)CC1)Nc1ccccc1Cl;CN(C)C(=O)c1cc(NC(=O)CCCNC(=O)C2CC2)ccc1Cl;COc1cccc(Cl)c1CNC(=O)C1CC(=O)N(C2CN(C)C2)C1;COc1cc(Cl)ccc1CNC(=O)N1CC(NC(=O)C2CCC2)C1;Cc1cc(Cl)ccc1C(=O)N1CCN(C2(C(N)=O)CCOC2)CC1;N#Cc1cccc(NC(=O)CCN2CCC(NS(N)(=O)=O)CC2)c1;Cc1cccc(C(=O)N2CCN(C3(C(N)=O)CCOC3)CC2)c1Cl;CN1CCC(N2CCC(NC(=O)c3cc(O)ccc3Cl)CC2)C1=O;NC(=O)N1CCCN(C(=O)c2ccc(OC3CCC3)cc2Cl)CC1;CC1(C)COC(c2cccc(Cl)c2)CN1CCN1C(=O)CNC1=O;CC(=O)N(C)CC(=O)N1CCCN(C(=O)c2ccc(Cl)cc2)CC1;NC(=O)C1CCOC1CC1CCN(C(=O)c2ccc(Cl)cn2)CC1;Cc1c(Cl)cncc1C(=O)N1CCC(C2CCC(C(N)=O)O2)CC1;O=C1NCCN1C1CCCN(Cc2cc3c(cc2Cl)OCCO3)C1;NC(=O)C1CCOC1CC1CCN(C(=O)c2ncccc2Cl)CC1;O=C(NCC1CCCNCC1)C(=O)NC1COc2ccc(Cl)cc21;O=C(N[C@H]1CCN2C(=O)c3ccccc3NC(=O)[C@@H]2C1)c1cnccn1;O=C(Nc1ccc2nncn2c1)C1CCCN1C(=O)c1ccccc1O;O=C(c1cnccn1)N1CCN2C(=O)N(Cc3ccccc3)C(=O)[C@H]2C1
m_43683b,CCn1nncc1C(=O)NCC1(O)Cc2ccccc2C1;CCn1cc(CN2CCc3ccccc3C2C(=O)O)nn1;Cn1cc(CN2CCc3ccccc3C2CC(=O)O)nn1;CCn1cc(C(=O)Nc2c(OC)ccc3c2CCC3)nn1;Cc1c(C(=O)N2CC(C)(C)Oc3ccccc32)nnn1C;CN(Cc1nnc[nH]1)C(=O)C1(O)CCc2ccccc2C1;COc1ccc2c(c1)CCCCN2C(=O)c1cn(C)nn1;COc1ccccc1CC1CCCN1C(=O)c1c[nH]nn1;CC(NC(=O)c1cnn(-c2ccccc2)n1)C1CCCO1;CC1CN(C(=O)c2cnn(-c3ccccc3)n2)C(C)CO1;Cn1nncc1CN1CCCC1c1ccc2c(c1)OCO2;O=C1CCCn2cc(nn2)COC[C@H](c2ccccc2)N1;Cc1ccc(C)c(C(=O)N2CC(n3cc(CO)nn3)C2)c1;Cc1ccc2c(c1)CCC(C(=O)NCc1cnn(C)n1)O2;O=C1CCCc2cnnn2COC[C@@H](c2ccccc2)N1;CCOc1cc(C(=O)NCC2CC2c2cccnc2)n[nH]1;CCn1ncnc1CN1Cc2ccccc2C(C(=O)O)C1;CCN1CCc2c(cccc2-n2nnc(C(=O)O)c2C)C1;CCn1nc(C)cc1C(=O)Nc1ccc(C(N)=O)cc1C;Cc1ccc(O)c(C(=O)N2CCCC(n3ccnn3)C2)c1;O=C(NC1CC(O)C1n1cccn1)c1[nH]ccc1C1CC1;CC1Cc2c(C(=O)NCc3ccccn3)n[nH]c2C(C)O1;O=C(c1cccc2nn[nH]c12)N1CCC2OCCCC2C1;Cn1[nH]c(=O)c2c(C(=O)NCC3CC3)cc(C3CC3)nc21;Cc1n[nH]c(C(C)N2Cc3ccccc3C(C(=O)O)C2)n1
m_436a8d,Cn1cc(C(=O)N2CCC(CCO)C2)c(-c2ccccc2Cl)n1;COCC(NC(=O)c1cn(C)nc1-c1ccccc1Cl)C1CC1;COC(=O)C1CCN(Cc2cn(C)nc2-c2ccccc2Cl)C1;Cn1cc(CN2CCCC2CC(=O)O)c(-c2ccccc2Cl)n1;CC(O)C1CCN(C(=O)c2cc(-c3ccccc3Cl)[nH]n2)CC1;CNCC1CCN(C(=O)c2conc2-c2ccc(Cl)cc2)CC1;CNCC1CCCN(C(=O)c2conc2-c2ccc(Cl)cc2)C1;CC(N)C1CCCN(C(=O)c2conc2-c2ccc(Cl)cc2)C1;Cc1c(C(=O)N2CCC(Oc3ccccc3Cl)CC2)cnn1C;Cc1ccc(C(=O)N2CC(CO)C(c3cnn(C)c3)C2)c(Cl)c1;Cn1cc(C(=O)NCC2(c3ccccc3Cl)CCOCC2)cn1;Cn1cc(C(=O)NCC2(c3cccc(Cl)c3)CCOCC2)cn1;CC(N)C1CCCN(C(=O)c2ncoc2-c2ccccc2Cl)C1;Cc1nn(C)c(C)c1C(=O)N1CCC(O)C1c1ccc(Cl)cc1;CC(O)C1CCN(C(=O)c2cnn(-c3cccc(Cl)c3)c2)CC1;Cc1cnn(C)c1C(=O)N1CC(CO)C(c2ccc(Cl)cc2)C1;Cc1c(C2CN(Cc3ccccc3Cl)CC2C(=O)O)cnn1C;CCn1nc(C)c(C(=O)NC2CCOc3c(Cl)cccc32)c1C;Cn1cc(C2CCN(C(=O)COc3ccccc3Cl)CC2)cn1;CCc1cc(C(=O)N2CCC(Oc3ccccc3Cl)C2)n(C)n1;Cn1cc(C2CCN(C(=O)COCc3ccccc3Cl)C2)cn1;CNC(=O)C1CCCN(Cc2ncc(-c3ccccc3Cl)o2)C1;Cc1nc(CC2CCCN(C(=O)c3cccc(Cl)c3C)C2)no1;NC(=O)CC1CCN(Cc2ncc(-c3ccccc3Cl)o2)CC1;Cc1c(C(=O)NCC2CCCOC2)cnn1-c1cccc(Cl)c1
m_436c77,CCC1CN(C)CCCN1C(=O)C1CC(=O)N(C2CCCCCC2)C1;CN1CCC(C(=O)NC2CCCCC2NC(=O)C2CCCCC2)CC1;CC(=O)N1CCC(CC(=O)N2CCCCC2CCN2CCCC2)CC1;NC1CCCCCCC1C(=O)N1CCC(CC(=O)N2CCCC2)CC1;COCCC1(C(=O)N2CCN(C3CC4CCC(C3)N4C)CC2)CCC1;CC1CN(C(=O)CC2CCCCC2)CC1CNCC(=O)NCC1CC1;O=C(NCC1(N2CCCCC2)CCCCC1)N1C2CCC1CC(O)C2;CC(=O)NC[C@@H]1C=C(C)[C@H](CC(=O)N2CCN(C)CC2)C[C@H]1C(C)C;CCNC(=O)NC[C@@H]1C=C(C)[C@H](CC(=O)N2CCCC2)C[C@H]1C(C)C;CCCc1nnc(C[C@@H]2C[C@@H](C(C)C)[C@H](CN(C)CCO)C=C2C)o1;CCCCCCN[C@@H]1C[C@@H](O)[C@H](CO)[C@H]1Cc1ccnc(C(C)C)n1;CC(C)CCN[C@@H]1C[C@@H](O)[C@H](CO)[C@H]1Cc1ccnc(C(C)(C)C)n1;CC(C)(C)CN[C@H]1C[C@@H](Cc2cc(CN3CCOCC3)on2)C1(C)C;CC(C)c1nccc(C[C@@H]2[C@@H](CO)[C@H](O)C[C@H]2NCCC(C)(C)C)n1;CC(C)(C)CN[C@@H]1C[C@@H](O)[C@H](CO)[C@H]1Cc1ccnc(C(C)(C)C)n1;CCCCCCCCCCC=CCNC(Cc1cncn1C)C(=O)O;C=C(C)[C@H]1C[C@H]2CC[C@@H]1[C@H]1[C@H](CC[C@@]1(O)CCNC(=N)NC)[C@]2(C)O;CCCCCCCCCCCCCCCCNCCP(=O)(O)O
m_43e809,Cc1nc(S(=O)(=O)NC2CCCOC2c2cnn(C)c2)cn1C;CCn1cc(C2OCCC2NS(=O)(=O)c2cn(C)c(C)n2)cn1;CCn1cc(S(=O)(=O)NC2CCOC2c2cnn(C)c2C)cn1;COC1CC(c2nc(C)c(C)[nH]2)N(S(=O)(=O)c2cn(C)cn2)C1;COC1CC(c2ncc[nH]2)N(S(=O)(=O)c2cn(C(C)C)cn2)C1;COC1CC(c2nc(C)c(C)[nH]2)N(S(=O)(=O)c2ccnn2C)C1;COC1CC(c2nc(C)c(C)[nH]2)N(S(=O)(=O)c2cnn(C)c2)C1;COC1CC(c2ncc[nH]2)N(S(=O)(=O)c2cnn(C(C)C)c2)C1;Cc1noc(C)c1S(=O)(=O)NC1CCCn2nc(C(C)C)nc21;CN(C)C1C2CN(C(=O)c3cc4n(n3)CCN(C)S4(=O)=O)CC21;CCN(CC(=O)N(C)C)S(=O)(=O)c1cnc2c(c1)c(C)nn2C;C#CCNC(=O)CN1CCN(S(=O)(=O)c2cnn(CC)c2)CC1;CCn1cnnc1CNS(=O)(=O)N1CCCC1c1ccc(C)o1;COCc1cn(C[C@H]2C[C@@H](NCc3nccs3)[C@H](O)[C@@H]2O)nn1;CC1CN(Cc2cc(-c3cnn(C)c3)no2)CCN1S(C)(=O)=O;Cn1c(=O)c2c(nc(SCC(=O)NC(C)(C)C)n2C)n(C)c1=O;Cn1nccc1-c1ccc(CNC(=O)C2(c3ccc(F)cc3)CC2)o1;Cn1cc(-c2cc(CN3CCCN(S(C)(=O)=O)CC3)on2)cn1;CCn1ccnc1CN1CCN(S(=O)(=O)Cc2ccon2)CC1;CC(C)CSCC1OC(n2cnc3c(N)ncnc32)C(O)C1O;CC(C)n1[nH]c(-c2ccc(F)cc2)c(C(=O)Nc2ccccc2)c1=O;Cc1ccc(C(=O)Nc2ccc3[nH]c(C4CCCO4)nc3c2)c(F)c1;COc1c(C(=O)N(C)Cc2cccc(OC(F)F)c2)c(C)nn1C;O=C(NC1(c2cccc(F)c2)CCOCC1)c1n[nH]c2ccccc12;COc1cccn2ncc(C(=O)NCC3(O)CCC(F)(F)CC3)c12
m_444a56,CCN(C)S(=O)(=O)NCC1(Cc2ccccc2)CCC1;CCN(CC)S(=O)(=O)N1CCC(c2ccccc2)CC1;CC(C)C(NCCc1ccc(S(N)(=O)=O)cc1)C1CC1;CNCC1CCN(S(=O)(=O)c2ccc(C)cc2C)CC1;CCS(=O)(=O)NCC(C)(C)N1CCc2ccccc2C1;CCCS(=O)(=O)NCC(C)N1CCc2ccccc2C1;CC(CNS(=O)(=O)C(C)C)N1CCc2ccccc2C1;CC(C)c1ccccc1S(=O)(=O)N(C)C1CCNCC1;CCS(=O)(=O)NC1CCN(Cc2ccccc2C)CC1;CC(C)(C)c1ccccc1S(=O)(=O)N1CCC(N)CC1;CC1CCN(Cc2ccccc2CNS(C)(=O)=O)CC1;Cc1cccc(CN2CCC(NS(C)(=O)=O)CC2)c1C;CCNS(=O)(=O)C1CCN(Cc2cccc(C)c2C)C1;CCC1(CO)CCN(C(=O)NCCc2ccsc2)CC1;Cc1ccc(NC2CCCCCC2)cc1NS(C)(=O)=O;CC(Cc1ccsc1)NC(=O)NC1CCCCC1CO;CN1CCN(Cc2ccc(S(C)(=O)=O)cc2)C(C)(C)C1;CC(CNC(=O)NC1CCC(O)CC1)Cc1cccs1;CC(CNC(=O)NC1CCCCC1O)Cc1cccs1;CC(CNC(=O)NC1CCCCC1CO)c1ccsc1;CCC(CC)C(NC(=O)CN(C)C(C)=O)c1cccs1;CCC1CN(C)c2ccccc2CN1CCS(C)(=O)=O;Cc1ccc(CC(C)NC(=O)NCCC2CCCO2)s1;CCC(NC(=O)N1CCCC1(CC)CO)c1cccs1;O=C(NCCCc1cccs1)N1CCCCC1CCO
m_44cb82,O=C(NC(Cc1ccccc1)C1CC1)N1CCN(C(=O)C2CC2)CC1;O=C(NC(c1ccccc1)C1CC1)N1CCCN(C(=O)C2CC2)CC1;O=C(CN1CCN(C(=O)C2CC2)CC1)NCC1(c2ccccc2)CC1;O=C(NCc1ccc2c(c1)CCC2)N1CCN(C(=O)C2CCC2)CC1;O=C(NCC1CC(=O)N(C2CC2)C1)N1CCC(Cc2ccccc2)C1;CN(C)C(=O)CC1CCN(C(=O)NC2C3Cc4ccccc4C32)CC1;Cc1cc(C)cc(C2(C(=O)N3CCCC(N4CCNC4=O)C3)CC2)c1;CC1(CNC(=O)N2CC(NC(=O)C3CCC3)C2)Cc2ccccc2C1;CC1Cc2ccccc2C1NC(=O)N1CCN(C(=O)C2CCC2)CC1;Cc1cccc(C2(C(=O)N3CCCC(N4CCNC4=O)C3)CCC2)c1;O=C(NC1CC1)C1CCCN1C(=O)NCCC1Cc2ccccc2C1;Cc1ccccc1C1(C(=O)N2CCCC(N3CCNC3=O)C2)CCC1;CC(C(=O)NC1CC1)N1CCN(C(=O)C2(c3ccccc3)CC2)CC1;CC1(CNC(=O)N2CC(=O)NC3CCCCC32)Cc2ccccc2C1;O=C(Cc1ccc2c(c1)CCCC2)N1CCC(N2CCNC2=O)CC1;CC(=O)N1CCCN(C(=O)NCC2CC23CCc2ccccc23)CC1;O=C(NCCC1Cc2ccccc2C1)NCC1CC(=O)N(C2CC2)C1;O=C(NCC(=O)N1CCC=C(c2ccccc2)C1)NC1CCCCC1;Cc1noc(CCCC(=O)NC(Cc2ccccc2)C2CCCC2)n1;O=C(C1CCCN1C(=O)Cc1ccccc1)N1CCC2(CCCN2)C1;O=C(NCCc1ccc2[nH]ccc2c1)N1CCCC2(CCOCC2)C1;CCc1noc(CCCC(=O)N2CCCCC2Cc2ccccc2)n1;O=C(CN1CCN(C(=O)Cc2ccc3c(c2)CCC3)CC1)NC1CC1;O=C(C1CC1)N1CC2(CN(Cc3ccccc3)C[C@@H]3COCCN32)C1;C[C@H]1C[C@@H]2[C@@H](CC(=O)N2C2CC2)[C@@H]1CNC(=O)NCc1ccccc1
m_451ad6,CCCCC(CC)C(=O)N(C)Cc1nnc2n1CCNC2=O;COC1CC(C(=O)NCc2nnc3n2CCCCC3)N(C)C1;O=C(c1nc(=O)[nH][nH]1)N1CCCN(CC2CCCCC2)CC1;CC1(O)CCCN(C(=O)NCc2nnc3n2CCCCC3)C1;CN1CCC2OCCN(C(=O)c3ncn(C(C)(C)C)n3)C2C1;CCC(NC(=O)CC(C)NC(=O)C1CCCC1)c1nnc[nH]1;CCN(CC(=O)N1CC(OC)CC1c1nc(C)n[nH]1)C1CC1;COCC1(CNC(=O)NCCc2nnc3n2CCC3)CCC1;CCc1nc(CNC(=O)N2CC(COC)(C3CCC3)C2)n[nH]1;CC(C)COC(=O)N1CCN(Cc2nc(C3CC3)n[nH]2)CC1;Cc1nc(C)n(C2CCCN(CC(=O)N3CCOCC3)C2)n1;CC1CCN(CC(=O)N2CCOC(c3nncn3C)C2)CC1;CCN1C(=O)CC[C@H]1c1nc(CNC2CCN(C)CC2)no1;CC(=O)N(C)Cc1cn(CC(=O)NC2CCC(C)CC2)nn1;Cc1nc2n(n1)CC(NC(=O)NCC1CC(C)(C)CO1)CC2;CCCC1(NC(=O)NC2CCc3nc(C)nn3C2)CCOC1;CN(C)C(=O)[C@H]1CN2CC[C@@H]1C[C@@H]2Cn1cc(CCO)nn1;CC(C)NC(=O)[C@H]1C[N@]2CC[C@H]1C[C@@H]2Cn1cc(CO)nn1;C1CC(Cn2nnnc2CN2CCOCC2C2CC2)CCO1;CCNC(=O)N1CCC(NC(=O)c2cc(C(C)C)nn2C)C1;CCn1nc(C)c(CNC(=O)C(CC2CCC2)NC(C)=O)n1;CC(C(=O)N1CCCCC1Cc1nn[nH]n1)C1CCOCC1;CCn1nncc1C(=O)NC1CCCC1N1CCC(OC)C1;CNC(=O)C1(COC)CCCN1Cc1cn(CC2CC2)nn1;CC(Cn1ccnc1)NC(=O)NCCN1CCCCCC1=O
m_45d613,CCNC(=O)C1CCCN(c2ccc(C#N)cc2C(F)(F)F)C1;CCNC(=O)C1CCCN(c2ccc(C(F)(F)F)c(C#N)c2)C1;N#Cc1cccc(NC(=O)CCN2C(=O)C3CCCCC3C2=O)c1;O=C(O)c1cccc(N2CCCC(C(=O)Nc3ccccc3)C2)n1;COc1ccc(N2CC(C(=O)NCc3ccccn3)CC2=O)cc1;CCN(C(=O)CCc1cnn(C)c1)c1ccc(C(F)(F)F)cc1;O=C(C1CC1)N1CCC2CN(c3ccc(C(F)(F)F)cn3)CC21;COc1ccc(N2CC(C(=O)Nc3cc(C)ccn3)CC2=O)cc1;CN1CC(C(=O)N(C)Cc2cccc(C#N)c2)C(C(F)(F)F)C1;CN1CC(C(=O)NCC(=O)Nc2cccc3ccccc23)CC1=O;COc1cc(OC)c2ncc(C#N)c(N3CC4C(CO)C4C3)c2c1;O=C(Nc1onc2c1CCCC2)C1CC(=O)N(c2ccccc2)C1;CCN(C(=O)Cn1ccc(C(F)(F)F)n1)c1cc(C)ccc1C;COc1ccc(NC(=O)Nc2ccc3c(c2)CCN3C(C)=O)cc1;Cc1ccc(N2CCC(NC(=O)c3ccn(C)c(=O)c3)C2=O)cc1;CC(=O)N1CCC(NC(=O)c2c[nH]c(=O)cc2C)c2ccccc21;O=C(O)c1ccc(C(=O)NC2CCN(c3ccncc3)CC2)cc1;CC1CN(CC(=O)Nc2ccccc2C(N)=O)c2ccccc2O1;Cn1cc(C(=O)NCC(=O)N2CCCc3ccccc32)ccc1=O;COc1ccccc1N1CCC(NC(=O)Cc2ccncc2)C1=O;OCCN1CCN(c2ccnc3cc(C(F)(F)F)ccc23)CC1;O=C(NCC(=O)N1CCCc2ccccc21)c1cc(C2CC2)on1;O=C(Nc1ccccc1O)C1CCN(C(=O)c2cccnc2)CC1;O=C(Nc1ccccc1)C1CCN(C(=O)Oc2cccnc2)CC1;Cc1ccc(N2CCC(NC(=O)c3cc(C4CC4)on3)C2=O)cc1
m_466863,CCOc1ccc(S(=O)(=O)NC2CCOc3ccc(F)cc32)cn1;CCc1cnc(CN(C)S(=O)(=O)c2ccc3c(c2)CC(C)O3)s1;Cc1cc(C(=O)O)c(F)c(S(=O)(=O)N(C)C(C)c2ccccn2)c1;Cc1cc(S(=O)(=O)NC(Cc2ccncc2)C(=O)O)cc(C)c1F;COCc1cccc(S(=O)(=O)NC2(c3nccs3)CCCC2)c1;CCNC(=O)c1ccc(NS(=O)(=O)c2ccc(OC)cc2F)cc1;CNS(=O)(=O)c1cc(C(=O)N(Cc2cccc(F)c2)C2CC2)co1;CS[C@@]12Cc3ccccc3N1C(=O)[C@@]1(Cc3ccccc3O1)NC2=O;CSc1ccc(Oc2ccc(S(N)(=O)=O)cc2CN(C)C)cc1;Cc1cc(C)c2c(N)c(-c3cc(=O)oc4cc(C)c(O)cc34)sc2n1;Cc1cc(C)c2c(N)c(-c3cc(=O)oc4c(C)c(O)ccc34)sc2n1;N#Cc1cc(F)ccc1CS(=O)(=O)N1CC2CCCC2C1C(=O)O;Cc1cc(C(=O)NCc2ccccc2S(=O)(=O)N(C)C)sc1C;COc1ccccc1/N=N/c1c(N)nn2c(C(F)(F)F)cc(O)nc12;CCOC(=O)C(C)CCc1nc2sc3c(c2c(=O)[nH]1)CCCS3;Cc1cc(C)c(C#N)c(SCc2cc(=O)oc3cc(C)c(O)cc23)n1;Cc1cc(C)c(C#N)c(SCc2cc(=O)oc3c(C)c(O)ccc23)n1;Cc1cc(O)c2c(CSc3nc(C)cc(C)c3C#N)cc(=O)oc2c1;CCOC(=O)CSC(=S)N1C[C@@H]2C[C@H](C1)c1cccc(=O)n1C2;C[C@@H]1SC(c2ccccc2O)=N[C@H]1[C@H]1SC[C@](C)(C(=O)O)N1C;CS(=O)(=O)c1ccc(-c2nc(CN3CCCC3CO)cs2)cc1;CN(C)Cc1c(O)ccc2cc(-c3nc4ccccc4s3)c(=O)oc12;CN(C)Cc1c(O)ccc2c(=O)c(-c3nc4ccccc4s3)coc12;O=C(Nc1ccccc1)c1cccc(S(=O)(=O)Nc2ccccc2)c1;CCNS(=O)(=O)C1CCN(C(=O)Cc2csc3ccccc23)C1
m_4690d3,Cc1ncc(C(=O)N(C)C(C)c2ccccc2)c(C(C)C)n1;Cc1ccc(C(C)N(C)C(=O)c2cn3c(n2)CCC3)c(C)c1;CC(C)C(c1ccccc1)N(C)C(=O)c1cn2c(n1)CCC2;CCC1c2ccccc2CCN1C(=O)c1c(C)nn(C)c1C;CC(C)c1[nH]ccc1C(=O)N1CCCC(c2ccccn2)C1;Cc1ccc(C(=O)N2CCCC2c2c(C)n[nH]c2C)c(C)c1;CC(C)c1[nH]ncc1C(=O)NCC1CCCc2ccccc21;CC(C)(CNC(=O)c1cc[nH]c1C1CCC1)c1cccnc1;Cc1nn(C)cc1C(=O)N1CCCC(c2ccccc2)CC1;CC(C)C1CCc2ccccc2C1NC(=O)c1cnn(C)c1;Cc1ccc(C(C)N(C)C(=O)c2cc3n(n2)CCC3)c(C)c1;CN(C)Cc1cccc(CNC(=O)c2[nH]ccc2C2CC2)c1;Cc1ccccc1CN1CCC(NC(=O)c2cc[nH]c2)CC1;Cc1n[nH]c(C)c1CCC(=O)N1CCc2ccccc2C1C;Cn1cc(CCC(=O)N2CCc3ccccc3C2(C)C)cn1;CCN(CC)C(=O)c1ccc(NCc2cccnc2C)cc1;O=C(CN1CCCCC1)N1CCc2[nH]c3ccccc3c2C1;CNCC1CCCN(C(=O)c2cccc3ccc(C)nc23)C1;CCn1c(C)cc(C(=O)Nc2ccc3c(c2)CNCC3)c1C;CCN(CC)C(CNC(=O)c1ccccn1)c1ccccc1;Cc1ccccc1C1(CNC(=O)c2c(C)nn(C)c2C)CC1;Cc1cc(NCc2cccnc2C)ccc1C(=O)NC(C)C;CC(C)C1N(C(=O)c2cccc3ncn(C)c23)CC12CCC2;CCC1c2ccccc2CCN1C(=O)CCc1cnn(C)c1;Cc1cc(C)c2c(c1)CCN(C(=O)CCc1cncn1C)C2
m_471696,Cc1cnc(C(C)NC(=O)N2CCCCC2c2nnc3n2CCCC3)s1;Cn1c(C2C(C3CC3)CCN2C(=O)NCCc2ncccc2F)n[nH]c1=O;Cc1nnc2n1CC(C(=O)NCC1(c3cccc(F)c3F)CCCC1)CC2;CCN(CC1CC1)C(=O)NC1CCc2nc(-c3ccc(F)cc3F)cn2C1;Cc1csc(C2CCCN(C(=O)c3nnn(C4CCNCC4)c3C)C2)n1;Cc1csc(C2CCN(C(=O)c3nnn(C4CCNCC4)c3C)CC2)n1;Cn1c(CN(CC2CCCO2)C2CCCC2)nnc1-c1ccc(Cl)cc1;CN(Cc1nccc(N)n1)C1CCN(C(=O)c2csc(C(C)(C)C)n2)C1;CC1CCc2nc(NC(=O)Nc3ccn(C4CCN(C)CC4)n3)sc2C1;Cc1nc(C)n(CC2CCCN(C(=O)C(C)Cc3ccccc3Cl)C2)n1;Cc1ncc(C(=O)NC2CCN(C(C)C)C2c2ccc(F)c(F)c2)c(C)n1;CCCCc1cn(C[C@H]2C[C@H]3CC[N@]2C[C@@H]3C(=O)Nc2nccs2)nn1;CC(C)(C)c1cn(C[C@H]2C[C@H]3CC[N@]2C[C@@H]3C(=O)Nc2nccs2)nn1;Cc1c(C(=O)N2CCNC(c3ccccc3Cl)C2)cnn1CCC(C)C;CC(NC(=O)C1CCN(C)C(C)C1)C(c1ccccc1Cl)n1cccn1;Cc1cc(C(=O)NC2CCN(c3c(F)cccc3F)C2)nn1C(C)C1CC1;CN(CC1CC(F)CN1c1ccnc(N(C)C)n1)C(=O)c1ncccc1O;CCCn1cnc2c(NCc3ccc(C)s3)nc(NC(CC)CO)nc21;CCSc1cncc(N2CC3CN(C)CCC3(c3nc(CC)no3)C2)n1;CC(C)(C)n1cc(C(=O)NCC2CCCNC2)c(-c2ccccc2Cl)n1;Cc1nnnn1C(Cc1ccc(F)cc1)C(=O)N1CCC(CC(N)=O)CC1;CCN(C)CC1CCN(C(=O)c2ccc(-n3nc(C)c(Cl)c3C)cc2)C1;Cc1c(Cl)c(C(=O)NC2CCN(Cc3ccccc3)CC2(C)C)nn1C;Cn1cc(C2CC2C(=O)NC2CCN(Cc3ccc(F)c(F)c3)CC2)cn1;Cc1nn(C)c(C)c1CC(=O)N1CCCN(Cc2ccc(Cl)cc2)CC1
m_47617a,CCC(C)C(=O)N1CCC(C2CCCN(c3nc(C)cc(C#N)n3)CC2)CC1;CN(C)c1ccc(C2CCCN2CC(=O)NC2C3CC4CC(C3)CC2C4)nn1;Cc1nn(C)c2nc(C(C)C)cc(C(=O)NC[C@@H]3CCCN4CCCC[C@H]34)c12;CCn1nc(C)c(CNCc2cccc(CN3CCCC(C(N)=O)C3)c2)c1C;CCCCCCCCC(C)C(OC(C)=O)C(C)C(=O)N1CCCC1C(=O)O;Cc1ccc(CN2CCC3(CC2)N(CC2CC2)C(=O)[C@H]2CN(C)CCN23)cn1;CCCNC(=O)NC[C@@H]1C=C(C)[C@H](Cc2nc3ncccc3[nH]2)C[C@H]1C(C)C;CC(C)c1ocnc1CN1CCN(c2nc(C(C)(C)C)nc3c2CCC3)CC1;CC(C)n1nc(-c2ccccc2)cc1NC(=O)NC1CCC(CN(C)C)CC1;CCCN(Cc1cn(C(C)(C)C)nn1)C1CCN(C(=O)c2ccccc2)CC1;CCN1CCC(CCNC(=O)Nc2nn(C(C)c3ccccc3)cc2C)CC1;CCCC[N+]12C(O)C(CC)C3CC1C1N(C)c4ccccc4C14CC2C3C4O;CCn1cnnc1C1CCCN(CC(=O)N(Cc2ccccc2)C(C)(C)C)C1;CC(C)n1nc(-c2ccccc2)cc1NC(=O)NC1CCN(C(C)(C)C)CC1;CC1=C[C@@H](CN2CCCC2)[C@H](C(C)C)C[C@H]1Cc1nnc(-c2cncn2C)o1;CCC(C)(C)N1CCN(C(=O)NC(Cc2nccn2C)c2ccccc2)CC1;Cc1ccccc1-n1ncc(NC(=O)NC2CCN(C(C)C)CC2)c1C(C)C;CN(C)C(CNC(=O)N1CCc2ccc(C(C)(C)C)cc2C1)c1cnn(C)c1;CCCCCCCCc1ccc(-c2noc(CC3CCCN3C(=N)N)n2)cc1;CCCCCCC=CCCCCCCCC(=O)NC(CCC(=O)O)C(=O)O;CCCCCCC=CCCCCCCCCC(=O)NC(CC(=O)O)C(=O)O;CCCCC=CCCCCCCCCC(=O)NC(CCCC(=O)O)C(=O)O;CCCCCCCCCCCCCC=CC(=O)NC(CCC(=O)O)C(=O)O;CCCCCC/C=C/C=C/CC(O)CC(=O)O[C@@H](CCC(=O)[O-])[N+](C)(C)C;CCCCCCC(=O)CCCCCC/C=C/CC1OC(=O)C(N)(CO)C1O
m_478c2e,COc1ccnc(N2CCN(C(=O)CNCC(F)(F)F)CC2)c1;CN(CC(N)=O)CC1CN(c2cccc(C(F)(F)F)n2)CCO1;CCOC(=O)c1nccc(N2CCCC(NCC(F)(F)F)C2)n1;CCOc1cncc(N2CCCC(C(=O)NCC(F)(F)F)C2)n1;CCOc1ccc(N2CCCC(C(=O)NCC(F)(F)F)C2)nn1;CN1CCCN(C(=O)Nc2ccnc(OCC(F)(F)F)c2)CC1;COc1cccc(NC(=O)N2CCN3C(=O)[C@@H](C)NC(=O)[C@@H]3C2)c1;O=C(C1CC1c1ccc(F)cc1F)N1CCN(c2ncc[nH]2)CC1;COc1cc(NC(=O)N2CCC(C(F)(F)F)C(C)(C)C2)ncn1;Cc1ccn(C)c(=O)c1NC(=O)N1CCN(CC(F)(F)F)CC1;COc1cc(C(=O)N2CCC(Oc3cccnc3N(C)C)C2)on1;COCCC(=O)N1CCC(Nc2ccc(C(F)(F)F)nn2)CC1;Cc1nccc(NC2COCCC2NC(=O)CCC(F)(F)F)n1;COc1ncc(NC2CCN(CC(F)(F)F)CC2)cc1C(N)=O;CN(C)C(=O)CC1(O)CCCN(c2ccc(C(F)(F)F)nn2)C1;CC(C)COc1cncc(N2CC(C(N)=O)C(C(F)(F)F)C2)n1;CN(C)C(=O)c1ccc(N2CC(C(F)(F)F)OC(C)(C)C2)nn1;Cn1ccnc(NCC2CN(C(=O)Cc3ccoc3)CCO2)c1=O;COc1cc(NC(=O)N2CC[C@H](c3nnc(C)o3)C2)cc(OC)c1;Cc1c[nH]c(=O)c(CNC(=O)NC2CCN(CC(F)(F)F)C2)c1;CN(Cc1ccc(F)c(F)c1)C(=O)c1ccc(N2CCCC2)nn1;CC(C)CN1CCN(C(=O)c2cc(C(F)(F)F)n(C)n2)CC1=O;Cc1ccc(N2CCCC(C(=O)Nc3ccc(F)cc3F)C2)nn1;Cc1occc1C(=O)N1CCOC(CNc2nccn(C)c2=O)C1;CC(C)(C)C1CN(C(=O)Nc2ccc(C(F)(F)F)nn2)CCO1
m_47ae67,CCC(CC)n1nc(C(=O)N2CCC(c3ncc(C)s3)CC2)cc1C;CCC(C)(NC(=O)c1cc(C2CC2)n(C(C)(C)C)n1)c1nc(C)cs1;CCn1nccc1C1OCCC1CNCc1cnc(C2CCCC2)s1;CCc1nc(CN2CCC(CNC(=O)c3c(C)ccn3C)CC2)cs1;CCN1CCCC(CN(C)C(=O)c2sccc2C)C1c1cnn(C)c1;CCN1CCCC(CN(C)C(=O)c2cscc2C)C1c1cnn(C)c1;Cc1nn(C)c(=O)c(-c2nc(CN(CCC(C)C)C3CC3)cs2)c1C;CCN(CC)Cc1nc(C2(O)CCN(Cc3ccccn3)CC2)cs1;CC(C(=O)N(C)CC1CCCN(C)C1c1cnn(C)c1)c1cccs1;CCN1CCCC(CN(C)C(=O)Cc2cccs2)C1c1cnn(C)c1;CC(C)N1CCC(O)(c2csc(CN(C)Cc3cccnc3)n2)CC1;CN1CCCC(CN(C)Cc2nnc(-c3cc4c(s3)CCCC4)o2)C1;Cc1ncnc(N2CC3CN(C(=O)CSC4CCCC4)CC3C2)c1C;C#CCN(C)C[C@H]1CN2CC[C@H]1C[C@@H]2CNC(=S)NCc1ccco1;CC[C@H](C)[C@H](N)C(=O)N[C@@H](CCC(N)=O)C(=O)N[C@H](C(=O)O)[C@@H](C)O;CC[C@H](C)[C@H](NC(=O)[C@@H](N)CCC(N)=O)C(=O)N[C@H](C(=O)O)[C@@H](C)O;CC[C@H](C)[C@H](NC(=O)[C@@H](N)[C@@H](C)O)C(=O)N[C@@H](CCC(N)=O)C(=O)O;CC[C@H](C)[C@H](N)C(=O)N[C@H](C(=O)N[C@@H](CCC(N)=O)C(=O)O)[C@@H](C)O;CC[C@H](C)[C@H](NC(=O)[C@H](CCC(N)=O)NC(=O)[C@@H](N)[C@@H](C)O)C(=O)O;CC[C@H](C)[C@H](NC(=O)[C@@H](NC(=O)[C@@H](N)CCC(N)=O)[C@@H](C)O)C(=O)O;CC(C)C[C@H](N)C(=O)N[C@@H](CCC(N)=O)C(=O)N[C@H](C(=O)O)[C@@H](C)O;CC(C)C[C@H](NC(=O)[C@H](CCC(N)=O)NC(=O)[C@@H](N)[C@@H](C)O)C(=O)O;CC(C)C[C@H](NC(=O)[C@@H](N)[C@@H](C)O)C(=O)N[C@@H](CCC(N)=O)C(=O)O;CC(C)C[C@H](NC(=O)[C@@H](N)CCC(N)=O)C(=O)N[C@H](C(=O)O)[C@@H](C)O;CC(C)C[C@H](N)C(=O)N[C@H](C(=O)N[C@@H](CCC(N)=O)C(=O)O)[C@@H](C)O
m_47e099,CN1CCN(C)CCN(Cc2nnnn2-c2ccc(Cl)cc2C(F)(F)F)CC1;COCCc1nsc(N2CCOCC2c2c(C)nn(-c3ccccc3F)c2C)n1;COc1ccc2[nH]c3c(c2c1)CCN(C1CC(=O)N(c2ccc(C(C)=O)cc2)C1=O)C3;C=CC(C)(C)[C@]12C[C@@H]3C(=O)Nc4ccccc4C(=O)N3[C@H]1N(C=O)c1ccc(O)cc12;COC(=O)[C@H](Cc1ccccc1)N1C(=O)N2CCc3c([nH]c4ccccc34)[C@@]2(C)C1=O;CCOC(=O)c1ccc(N2C(=O)CC(N3CCc4c([nH]c5ccccc45)C3)C2=O)cc1;CCc1ncnc(N(C)CC2CCN(C3=NS(=O)(=O)c4ccccc43)CC2)c1F;COc1ccccc1N1C(=O)[C@H]2[C@@H](C1=O)[C@]1(C(=O)Nc3ccc(C)cc31)N1CCC[C@@H]21;COc1ccc2c(c1)[C@]1(C(=O)N2)[C@@H]2C(=O)N(c3ccc(C)cc3)C(=O)[C@@H]2[C@@H]2CCCN21;CCOC(=O)c1ccc(N2C(=O)[C@@H]3Cc4c([nH]c5ccccc45)C(C)(C)N3C2=O)cc1;CO[C@]1(C)N(C[C@H](O)c2ccccc2)C(=O)c2cc3c4ccccc4n(C)c3c(=O)n21;COc1ccc(C(C)NC(=O)CCc2c(C)nc3nc(SC)nn3c2C)cc1F;COc1ccc(C2C3=C(CN(C(C)=O)C3=O)Nc3cccc4c3c2cn4C)cc1OC;CC(=O)c1ccc(N2C(=O)[C@H]3[C@@H](C2=O)[C@]2(N[C@H]3C(C)C)C(O)=Nc3ccccc32)cc1;COc1ccc(C2C3=C(CN(C(C)=O)C3=O)Nc3cccc4c3c2cn4C)c(OC)c1;COc1ccc(-c2c3cnn(C(C)C)c3nc3c2oc2c(C)c(O)ccc23)cc1OC;COc1ccc2c(c1)c(C(=O)Cn1nc(-c3ccccc3OC)ccc1=O)c(C)n2C;COc1ccc(-c2ccc(=O)n(CC(=O)c3c(C)n(C)c4ccc(OC)cc34)n2)cc1;COc1ccc(-c2cc3n(c(=N)c2C#N)CCc2cc(OC)c(OC)cc2-3)cc1OC;COc1ccc(-n2c(C)cc(C(=O)COC(=O)Cn3cnc4ccccc43)c2C)cc1;COc1ccc(-c2nc(C(=O)N3CCOCC3)cc3c2[nH]c2ccccc23)cc1OC;CCCCN(CC)C(=O)CSc1nnc2c(=O)n(Cc3ccccc3F)ccn12;COCC(=O)N[C@@H]1C[C@H](Cn2cc(CN3CCS(=O)(=O)CC3)nn2)[C@@H](O)[C@H]1O;COc1ccc(OC)c(-c2cc(C(=O)NCc3ccc(-c4ccoc4)cc3)n(C)n2)c1;COc1ccccc1-c1ccc(=O)n(C2CN(C(=O)C3OCCc4ccccc43)C2)n1
m_48bfe1,COc1cc(C)c(S(=O)(=O)N2CCc3cnccc32)cc1OC;CCN(c1cccnc1)S(=O)(=O)c1ccc2c(c1)OCCCO2;COc1ccc(C)cc1S(=O)(=O)N1CCOc2ncc(C)cc21;CCOC(=O)c1ccc(S(=O)(=O)N(CC)c2ccncc2)cc1;COc1ccc(C)cc1S(=O)(=O)N1CCOc2nc(C)ccc21;COC(=O)c1cc(S(=O)(=O)N2c3ccccc3CC2C)cn1C;Cc1cc(C(=O)O)cc(S(=O)(=O)NC(C)c2cccnc2)c1C;Cc1cc(S(=O)(=O)N2c3ccccc3NC(=O)CC2C)c(C)o1;CCc1ccc(OC)c(S(=O)(=O)Nc2ccccc2C(N)=O)c1;Cc1cnccc1CNS(=O)(=O)c1ccc2c(c1)OCCCO2;Cc1ccc(C)c(S(=O)(=O)NC(Cc2ccncc2)C(=O)O)c1;Cc1ccc(S(=O)(=O)NC(Cc2ccncc2)C(=O)O)c(C)c1;COc1ccc(C)cc1S(=O)(=O)Nc1ccc(NC(C)=O)cc1;Cc1ccncc1CNS(=O)(=O)c1cc(C(=O)O)cc(C)c1C;CCc1ccccc1S(=O)(=O)NC(Cc1ccncc1)C(=O)O;CCc1ccccc1S(=O)(=O)N(CC(=O)O)Cc1cccnc1;COC(=O)c1cccc(S(=O)(=O)NCc2ccc(C)nc2)c1C;CC(C)c1ccc(N(C)S(=O)(=O)c2cc(C(=O)O)ccn2)cc1;CCNS(=O)(=O)c1ccc2c(c1)N(C(=O)c1ccoc1C)CC2;CCNS(=O)(=O)c1ccc2c(c1)N(C(=O)c1occc1C)CC2;CCc1ccc(C(=O)O)cc1S(=O)(=O)NCc1ccc(C)cn1;CC(C)c1cccc(N(C)S(=O)(=O)c2cc(C(=O)O)ccn2)c1;CC(C)c1ccc(C(=O)O)cc1S(=O)(=O)NCc1ccncc1;CCc1ccnc(CNS(=O)(=O)c2ccc(C(=O)O)cc2C)c1;CN(C)S(=O)(=O)c1ccc2c(c1)CCCN2C(=O)c1ccco1
m_4b55af,Cc1cc(C)c(C(=O)N2CC(O)CC2c2cccc(F)c2)[nH]1;Cc1ccn(C)c1C(=O)N1CC(O)CC1c1cccc(F)c1;O=C(c1ccc2ccccc2c1)N1CCCC1c1cccnc1;COc1c(C)cnc(CN(C)C(=O)c2cccc(F)c2)c1C;O=C(c1cc2c(F)cccc2[nH]1)N1CCOC2CCCCC21;COc1c(C)cnc(CN(C)C(=O)c2ccccc2F)c1C;CCc1ocnc1C(=O)NC1(Cc2cccc(F)c2)CCC1;Cn1c(C(=O)NCC2(CO)CC2)ccc1-c1ccc(F)cc1;NCc1cc(C(=O)N2CCCC2Cc2cccc(F)c2)co1;O=C(NCC12CCCC1OCC2)c1cc2c(F)cccc2[nH]1;COc1ccc(CN2CCC(Oc3ccncc3)C2)cc1F;Cc1cc(C(=O)N2CCCCC2Cc2ccc(F)cc2)on1;Cc1cc(C(=O)N2CCc3ccccc3C2)c2ccccc2n1;O=C(Cc1ccon1)NC(c1ccccc1F)C1CCCC1;COc1cccc(CN2CCC(Oc3cccnc3)C2)c1F;CC1CN(C(=O)c2ncoc2-c2ccccc2F)C(C)C1C;OCc1cccc2c1C=C1c3[nH]c4ccccc4c3CCN1C2;CN(C(=O)c1cc2cc(F)ccc2nc1O)C1(C)CCCC1;O=C(/C=C/c1ccccc1)N1CCc2[nH]c3ccccc3c2C1;N#Cc1cccc(C2(NC(=O)c3ccc4c(c3)CCC4)CC2)c1;CC(C)(C)c1ncc(CNC2c3ccccc3CC2O)s1;O=C(c1ccccc1F)N1CCC(NCc2ccco2)CC1;Cn1ccc(CN2CCOC(c3ccc(F)cc3)C2)cc1=O;Cc1cc(C(=O)NCC2(c3ccc(F)cc3)CCCC2)on1;Cc1ncsc1-c1ccc(CN2CCCC(C)(O)C2)cc1
m_4b86b5,CC(C1CC1)N(C)C(=O)Cc1cc(Cl)c2c(c1)OCCCO2;O=C(Cc1cccc(Cl)c1)N1CCOCC1C1CCCC1O;CC1CC(CCNC(=O)C2COc3ccc(Cl)cc32)CCO1;CC(C)C(C(=O)N1CCC(C(=O)O)CC1)c1cccc(Cl)c1;CCC(Oc1ccccc1Cl)C(=O)N1CC2(CCOCC2)C1;O=C(O)CC1CCCN1Cc1cc(Cl)ccc1OCC1CC1;O=C(c1ccc(O)c(Cl)c1)N1CCC(C2CCOCC2)CC1;CC1CN(C(=O)Cc2ccccc2Cl)CC2(CCOC2C)O1;COc1ccc(Cl)cc1CN1C(C(=O)O)CC2CCCCC21;CCOC1CN(C(=O)C2(c3ccccc3Cl)CCOCC2)C1;CC1CN(C(=O)CC(C)(C)CC(=O)O)Cc2c(Cl)cccc21;CC(C)(Cc1cccc(Cl)c1)C(=O)N1CCC(C(=O)O)CC1;COCC1(C(=O)N2CCOC(c3cccc(Cl)c3)C2)CCC1;COCC1(C)CN(C(=O)C2CC2c2cccc(Cl)c2)CCO1;Cc1cc(Cl)ccc1C(=O)N1CCCC1C1COCCC1O;O=C(COCC1CC1)N1CC(CO)C(c2ccc(Cl)cc2)C1;N#CCCN(Cc1ccccn1)C(=O)c1cccc2c1OCCO2;Cc1c(Cl)cccc1C(=O)N1CCCC1C1COCCC1O;CCOC(=O)C1CCCN(C(=O)CCc2ccc(Cl)cc2)C1;COCC1(C(=O)N2CCOC(c3ccc(Cl)cc3)C2)CCC1;CC(Cc1ccccc1Cl)C(=O)NC1CCC(C(=O)O)CC1;O=C(COc1ccc(Cl)cc1)N1CCC(C2CCOC2)CC1;O=C(NC1CCCC(c2cccc(Cl)c2)C1)C1(O)CCOC1;O=C(NC1CCOC2(CCCCC2)C1)c1ccc(Cl)c(O)c1;CC(O)(CC(=O)N1CCOC(c2ccc(Cl)cc2)C1)C1CC1
m_4bb17c,OC1(Cc2nc(C3CC3)no2)CCCN(CCn2cncn2)C1;CCCc1noc(CCC(=O)N2CCCC(n3cncn3)C2)n1;CCc1noc(CCCC(=O)N2CCCC(n3cncn3)C2)n1;CCn1ncnc1CN1CCOC(C)C1c1nc(C2CC2)no1;CC(C)c1nc(C2CCCN2C(=O)CCCn2cncn2)no1;CCOc1cc(N2CCCC(O)(Cc3nncn3C)C2)ncn1;CCc1nc(CN2CC(OC)CC2c2nc(C3CC3)n[nH]2)no1;Cc1n[nH]c(C2CCOC2CN(C)C(=O)Cn2nccc2C)n1;CCn1cc(CN2CCC(NC(C)=O)(c3nc(C)no3)C2)cn1;Cc1cc(C)n(CC(=O)N(C)CC2OCCC2c2ncn[nH]2)n1;Cc1nc(C2CCCN2C(=O)Nc2cnn(CC(C)C)c2)no1;CC(C)c1noc(CN2CCCC(c3cc(C(N)=O)[nH]n3)C2)n1;Cc1c(CC(=O)N(C)CC2OCCC2c2ncn[nH]2)cnn1C;Cc1cc(NC(=O)CCN2CCCC(Cn3cncn3)C2)no1;Cn1c(CN2CCCCC2Cn2cncn2)cc(=O)n(C)c1=O;Cc1cc(C)n(CC(=O)NCC2CCC(c3nc(C)n[nH]3)O2)n1;CCn1cc(C2OCCCC2NC(=O)C(C)n2cncn2)cn1;Cc1cc(NC(=O)CN2CCCC2Cn2nc(C)nc2C)on1;CC(C)c1[nH]ncc1C(=O)N1CCCC(O)(Cn2ccnn2)C1;CCCc1nc(CNC2CC(=O)N(C)C2c2ccnn2C)no1;Cc1n[nH]c(C)c1CC(=O)N(C)CC1OCCC1c1ncn[nH]1;CCCc1noc(CNC2CC(=O)N(C)C2c2ccnn2C)n1;CC(C)c1nc(CNC2CC(=O)N(C)C2c2ccnn2C)no1;Cc1noc(CN2CCCCC(NCc3nccn3C)C2=O)n1;Cc1nc(Cn2cc(C(=O)NCC3(C)CCCCC3)nn2)no1
m_4bc064,CSC(C)C(=O)Nc1cc(C(=O)O)ccc1OC(C)C;Cc1ccc(OCC(=O)NC2CCS(=O)(=O)C2)c(C)c1;CC1CCCCC1OCC(=O)Nc1cc(C(=O)O)cs1;COc1cc(C=CCNC(CCS)C(=O)O)ccc1O;C=CCSCC(NCc1ccc(O)c(OC)c1)C(=O)O;CCOc1cccc(C(=O)N2CCC(S(C)(=O)=O)C2)c1;CC(C)S(=O)(=O)NC(=O)c1ccc2c(c1)C(C)(C)CO2;Cc1ccc(C(=O)N2CCS(=O)(=O)C(C)(C)C2)cc1O;CSc1c(C)cc(OC(=O)NCCCC(=O)O)cc1C;COC(=O)c1ccc(CN(C)C2CCS(=O)(=O)C2)cc1;CCOC(=O)[C@@H]1CS[C@H](c2ccc(OC)c(OC)c2)N1;COc1ccccc1CNC(=O)CC1CCS(=O)(=O)C1;COc1cccc(CN(C)C(=O)C2CCS(=O)(=O)C2)c1;CC(C)C1(S(=O)(=O)NCc2ccc(C(=O)O)cc2)CC1;CC(C)C1(S(=O)(=O)NCc2cccc(C(=O)O)c2)CC1;C=CCC(C)NS(=O)(=O)c1cc(C(=O)O)cc(C)c1C;Cc1ccc(O)c(C(=O)N2CCC(C)S(=O)(=O)CC2)c1;CC1CC(C)CN(S(=O)(=O)c2cccc(C(=O)O)c2)C1;COCc1ccc(C(=O)N(C)C2CCS(=O)(=O)C2)cc1;C[S+]([O-])c1cccc(NC(=O)COCC2CCCO2)c1;COc1ccc(C)cc1S(=O)(=O)N1CC(O)(C2CC2)C1;COC(=O)c1ccc(CS(=O)(=O)NC2CCCC2)cc1;COCC(=O)Nc1sc2c(c1C(=O)OC)CCC(C)C2;COc1cc(C(=S)N2CCOCC2)cc(OC)c1OC;CSCCC(NC(Cc1ccccc1)C(=O)O)C(=O)O
m_4fb975,CC1CCN(CC2CCCN(C(=O)NCc3cccc4c3OCO4)C2)CC1;O=C(NCc1cccc2c1OCO2)N1CCCC(CN2CCCCCC2)C1;CC1CCN(CCNC(=O)N2CCCC2c2cccc3c2OCCO3)CC1;CC(NC(=O)NC1CCN(C2CCCCC2)CC1)c1ccc2c(c1)OCO2;CCN(CC)C[C@H]1CN2CC[C@H]1C[C@@H]2CNC(=O)c1ccc2c(c1)OCO2;O=C(NCc1ccc(OC2CCCC2)cc1)N1CCC(N2CCOCC2)C1;CNC(=O)CC1CCN(C(=O)NCC2(c3ccccc3OC)CCC2)CC1;CC[C@H]1CN(C(=O)N2CCOCC2)CC[C@H]1CC(=O)NCc1ccccc1;CN(C[C@@H]1CCCN2CCCC[C@H]12)C(=O)NCC1COc2ccccc2O1;CC[C@H]1CN(Cc2ccc(OC)cc2O)CC[C@H]1CC(=O)N(C)CCC#N;COc1ccccc1CN(C)C(=O)CN1CC2(CCNCC2)C2COCC21;Cc1cccc(C)c1OC1CCN(C(=O)NC(C)CN2CCCC2=O)CC1;CNC(=O)c1cccc(CCNC(=O)N2CCCC(C3CCCCO3)C2)c1;CN(C[C@@H]1CCCN2CCCC[C@H]12)C(=O)Nc1ccc2c(c1)OCCCO2;COc1cccc(CN[C@@H]2CCC[C@@H](C(=O)NC3CC3)CC(=O)N(C)C2)c1;CC(=O)N1CCC(CNC(=O)N2CCC(OCc3ccccc3)CC2)CC1;COc1cccc(N2CCC(CNC(=O)N3CCOCC4(CCC4)C3)C2)c1;O=C(NCC1(N2CCOCC2)CCCCC1)NC1COc2ccccc2C1;Cc1ccc(CNC(=O)C2CCN(CCC(=O)N3CCOCC3)CC2)cc1;COc1ccc(CN2CCN(C(=O)C3CCCN3C(=O)C(C)C)CC2)cc1;COc1cccc(C(=O)N2C[C@@H]3COCCN3C3(CN(CC(C)C)C3)C2)c1;COc1ccc(CCC2CCN(C(=O)CN3CCN(C)C(=O)C3)CC2)cc1;CCCC(=O)N1CCCC(C(=O)NC(C)c2ccc(NC(=O)CC)cc2)C1;CC(=O)N1CCN(C(=O)NCCCc2ccccc2)CCC12CCOCC2;COCCN1CCC(NC(=O)C2CCCN(C(=O)c3ccccc3)C2)CC1
m_517c87,Cc1cccc(Cl)c1OCC(=O)N1CCC2(CCN(C)CC2)C1;Cc1ccc(Cl)cc1OCC(=O)N1CC2(CCNCC2)CC1C;COc1cc(CCNC(=O)N2CCCC3(CCC3)C2)ccc1Cl;O=C(CN1CCC(Oc2ccccc2Cl)CC1)NCC1CCC1;O=C(COc1ccc2ccccc2c1)N1CCC(c2nnc[nH]2)CC1;O=C(Cc1ccc(Cl)cc1)N1CCC(CN2CCOCC2)CC1;CC(C)Oc1ccc(Cl)cc1C(=O)N1CCC(N2CCCC2)C1;O=C(NCC1CCN(Cc2ccccc2Cl)CC1)C1(O)CCC1;COc1ccc2c(c1Cl)C(NC1CCN(C(C)=O)CC1)CCC2;COc1ccc(CCNC(=O)CC2CC3CCC(C2)N3)c(Cl)c1;COCC(=O)NC(c1ccc(Cl)cc1)C1CC2CCC(C1)N2C;CNCC1CCN(C(=O)C2(c3cccc(Cl)c3)CCOCC2)C1;CC1(C)C(NC(=O)Cc2ccc(Cl)cc2)CC1N1CCOCC1;Cc1ccccc1OCC(=O)NCCn1ccc(-c2ccccn2)n1;O=C(Cc1ccc(Cl)cc1)N1CCC(CO)(NCC2CC2)CC1;Cc1ccc(C(=O)N2CCCC(CC(C)(C)C(N)=O)C2)c(Cl)c1;CN1CCOC2CN(C(=O)C(C)(C)Cc3cccc(Cl)c3)CC21;CNCC1CCN(C(=O)C2(c3ccccc3Cl)CCOCC2)C1;O=C(CCc1ccccc1Cl)N1CCN(C2CCCC2O)CC1;CC(O)C(=O)NC(c1ccc(Cl)cc1)C1CC2CCC(C1)N2C;CC(C)CCC(=O)N1CCC[C@H]1C(=O)NCc1cccc(Cl)c1;COCC1(C2CCC2)CN(C(=O)NC(C)c2cccc(Cl)c2)C1;O=C(Cc1ccccc1Cl)N1CCCCC1CN1CCOCC1;CN1CCCC1C1CCCN1C(=O)CC(O)c1ccc(Cl)cc1;COCC1(C2CCC2)CN(C(=O)NCCc2ccccc2Cl)C1
m_53dfe2,Cc1ccccc1CS(=O)(=O)NC1(CN)CCCC1;NC1(CNS(=O)(=O)c2ccccc2)CCCCCC1;Cc1ccccc1CN1CCCN(S(C)(=O)=O)CC1;CC(C)(CNS(C)(=O)=O)N1CCc2ccccc2C1;CCS(=O)(=O)NCC(C)N1CCc2ccccc2C1;CS(=O)(=O)Cc1ccc(CNC2CCCNC2)cc1;CCS(=O)(=O)N1CCC(Nc2ccc(C)cc2)CC1;CC(C)c1ccccc1S(=O)(=O)NC(CN)C1CC1;CCCS(=O)(=O)NCCN1CCc2ccccc2C1;CCc1ccccc1S(=O)(=O)NC1CCNCC1C;CC(C)c1ccccc1S(=O)(=O)N1CCCC1CN;CN(C)C1CCCCC1NS(=O)(=O)c1ccccc1;Cc1ccc(S(=O)(=O)NCCC2CCNC2)c(C)c1;CC1CCCCN1S(=O)(=O)c1ccc(CCN)cc1;Cc1ccc(S(=O)(=O)NCC2CCCNC2)c(C)c1;Cc1ccc(C)c(S(=O)(=O)NCCC2CCNC2)c1;Cc1ccc(S(=O)(=O)N2CCC(CN)CC2)c(C)c1;CC(C)C(C)NS(=O)(=O)N1CCc2ccccc2C1;Cc1cccc(C(C)N2CCN(S(C)(=O)=O)CC2)c1;Cc1ccc(S(=O)(=O)N(C)C2CCNCC2)c(C)c1;CC(N)CCNS(=O)(=O)c1ccc2c(c1)CCCC2;Cc1ccccc1C1CC(C)N(S(=O)(=O)N(C)C)C1;CN(C)S(=O)(=O)N1CCC(Cc2ccccc2)CC1;CNCC1CCN(S(=O)(=O)c2cc(C)ccc2C)C1;O=S(=O)(NCC1CCCCCCC1)c1cccnc1
m_55fde0,Cc1cn2c(=O)c(C(=O)NC(C)(CO)C3CCCCC3)cnc2s1;CC1CCCCC1N(C)C(=O)c1nc(S(C)(=O)=O)n2ccccc12;Cn1cc(C(=O)N2CCCCC2CNS(C)(=O)=O)c2ccccc21;CC(CO)N(C)C(=O)CCn1cnc2sc3c(c2c1=O)CCCC3;CCSc1ccc(C(=O)N2CCCC2C(=O)N2CCOCC2)cn1;COCc1nc(OC)c2c(C)c(C(=O)N3CCCCCC3)sc2n1;COc1nc(C)ccc1CNC(=O)C1CSCN1C(=O)C1CCC1;CCOCC1CCN(C(=O)c2sc(-c3c(C)noc3C)nc2C)C1;Cc1ccc2[nH]c(C(=O)N3CCCCC3CS(N)(=O)=O)cc2c1C;Cc1cccn2cc(CS(=O)(=O)C(C)C(=O)NC3CCCC3)nc12;Cc1sc(-c2ccco2)nc1C(=O)NCC(C)CN1CCOCC1;CC(C)(CNC(=O)Cn1ccc(=O)c2sccc21)N1CCOCC1;CSCC[C@@H](CO)NC(=O)CCCc1nc2ccccc2c(=O)[nH]1;COCc1ccc(CN2CCC(NC(C)=O)(c3nc(C)cs3)C2)o1;Cc1ccc(-c2nc(C(=O)N3CCC(N(C)CCO)C3C)cs2)o1;CCOC(=O)C(C)(C)c1csc(-c2c(CC)c(CC)n[nH]c2=O)n1;Cn1ccc2c(C(=O)NCC3CCN(S(C)(=O)=O)CC3)cccc21;Cc1cc(C)c2cc(C(=O)N3CCCC(CS(N)(=O)=O)C3)[nH]c2c1;CC(C)C[C@H]1NC(=O)[C@@H]2C[C@@H](NC(=O)c3cccs3)CCN2C1=O;Cc1oc(-c2ccccc2)c(C(=O)N2CCC(O)(C(F)F)CC2)c1C;CS(=O)(=O)CCN1CCC(NC(=O)c2cc3ccccc3[nH]2)CC1;CCN(C1CCN(C(=O)c2ccc3cc[nH]c3c2)CC1)S(C)(=O)=O;CC(C)c1ccoc1C(=O)NC1(c2ccc(F)cc2F)CCOCC1;CCC(C)c1csc(N(C)C(=O)c2[nH]c(C)c(C(=O)OC)c2C)n1;CC1CCN(CC(O)CNC(=O)c2csc(-c3ccoc3)n2)CC1
m_5667e2,CC(C)(C)C(=O)N1CCC(C(=O)N(CCO)Cc2ccccc2)CC1;CC1CC(O)CN(C(=O)CC2(O)CCCN(Cc3ccccc3)C2)C1;CN(CC1(O)CCN(Cc2ccccc2)C1)C(=O)C1(O)CC(C)(C)C1;CN(CC(=O)N1CCC(C(=O)O)CC1)Cc1ccc(C(C)(C)C)cc1;CCN(CC)CC[C@@H]1CN(C(=O)c2ccccc2)CC[C@H]1CC(=O)O;CCOCC(=O)N1CCC2(CC1)CN(Cc1ccccc1)CC(C)O2;CC(NC(=O)CC1(O)CCCN(Cc2ccccc2)C1)C1CCOC1;CCC(C)(CCO)NC(=O)C1CCCN(C(=O)c2ccc(C)cc2)C1;Cc1cc(C)cc(C(=O)N2CCCC(C(=O)NC(C)(C)C(C)O)C2)c1;COc1ccc(C(C)CN2CCC(C(=O)N3CCOCC3)CC2)cc1;O=C(C1CCCCN1Cc1ccccc1)N1CCCC(OCCO)C1;CC1CN(C(=O)c2ccc(CN3CCC(CO)CC3)cc2)CCCO1;COc1ccc(C2CCCCCN2C(=O)CNC(=O)C(C)(C)C)cc1;CCC(O)(CC)CNC(=O)C1(c2ccccc2)CCN(C(C)=O)CC1;CC1CC(C)CN(Cc2ccc(CNC(=O)C3COCCO3)cc2)C1;CN(CC1OCCN(C)C1c1ccccc1)C(=O)C1CCC(O)CC1;COC(=O)C(C)N1CCC2(CC1)CN(Cc1ccccc1)CC(C)O2;COc1ccc(CN2CCCN(C(=O)C3CCOC(C)C3)CC2)cc1;CCC(CC)C(=O)N1CC[C@@](C)(O)[C@@H](NC(C)=O)[C@@H]1c1ccccc1;CN(C)C(C(=O)N1CCC(C(=O)OC(C)(C)C)CC1)c1ccccc1;COCC1(C(=O)N2CCCN(Cc3ccc(OC)cc3)CC2)CCC1;NC(=O)c1cccc(CN(CC2(O)CCCC2)CC2(O)CCCC2)c1;CC(=O)N[C@H]1[C@H](c2ccccc2)N(C(=O)CC(C)(C)C)CC[C@@]1(C)O;CC[C@@H]1CN(C(=O)c2cccc(C)c2)[C@H](CO)[C@@H]1CN1CCOCC1;C=CCN(C)CC[C@@H]1CC[C@H](O)[C@@H](C(=O)N(C)Cc2ccccc2)O1
m_568a04,CCc1cc(C(=O)N2CC(O)C(CC(=O)NC)C2)ccc1Br;CN(Cc1ccccc1Br)C(=O)CN1CCCC(C(=O)O)C1;CC(NC(=O)CN1CCCC(C(=O)O)C1)c1ccc(Br)cc1;CC(C(=O)O)N(C)C(=O)C(c1cccc(Br)c1)N1CCCC1;Cc1cc(Br)ccc1NC(=O)CN(C)C(=O)C1CCOCC1;CC(=O)N1CCCN(Cc2cc3c(cc2Br)OCCO3)CC1;CC(C)(CC(=O)NC1CCN(c2ccccc2Br)C1)C(=O)O;CCOC1CC2(CCN(C(=O)Cn3cc(Br)ccc3=O)C2)C1;CC(CNC(=O)N1CC2CCC(C1)O2)Oc1ccccc1Br;CC(C)(C)N1CC(NC(=O)COc2ccc(Br)cc2)CC1=O;O=C(CSc1nncn1C1CC1)NC(=O)c1ccc(OC(F)F)cc1;NC(=O)C1CN(C(=O)c2csc(Nc3cc(F)cc(F)c3)n2)CCO1;O=C(NCCc1cccs1)N1CCOC(c2ccc(F)c(Cl)c2)C1;CC1CSc2ccccc2N(C(=O)c2cnc(-c3ncccn3)s2)C1;CN1c2ccc(F)cc2N(CCNC(=O)c2ccncc2F)S1(=O)=O;N=C1N(O)[C@@H](CO)[C@@H]2N=C(N)N[C@]23N1C[C@H](OS(=O)(=O)O)C3(O)O;O=C(Nc1cc(Cl)ccc1OCC1CCCO1)c1ncc(F)cc1F;COC(=O)[C@H](CC(=O)O)[C@@H](OC(=O)/C=C/c1ccc(O)c(O)c1)C(=O)O;CC(Sc1nnc2sc3ccccc3n12)C(=O)NCc1ccccc1;O=S(=O)(c1ccccc1)N1CCN(Cc2c(F)cccc2Cl)CC1;O=S1(=O)CCC2(CCCN(c3ccnc4cc(F)c(Cl)cc34)C2)C1;COC(=O)C(O)(CC(=O)O)C(OC(=O)C=Cc1ccc(O)cc1)C(=O)O;O=C(O)C1OC(Oc2ccc3cc(CO)oc(=O)c3c2)C(O)C(O)C1O;Cc1cccc(-c2nnc(SCc3coc(-c4cccs4)n3)n2C)c1;COc1cc2ccc(=O)oc2cc1OC1OC(C(=O)O)C(O)C(O)C1O
m_56bcbe,Clc1ccc(CN2CCC(n3ccnn3)C2)c2ncccc12;N#Cc1cnc(N2CCN(Cc3cccnc3)CC2)c(Cl)c1;N#Cc1ncccc1N1C2CCC1CC(n1cc(Cl)cn1)C2;Cc1nc2ccccc2nc1N1CC(Cn2cc(Cl)cn2)C1;Cc1nccn1CC1CN(c2ncnc3ccc(Cl)cc23)C1;COCCS(=O)(=O)NC1CC(=O)N(C)C1c1cccnc1;COCC1CC(OC)CN1Cc1c(Cl)cccc1C(=O)O;Clc1cnc2nc(N3CCC(c4ncc[nH]4)CC3)ccc2c1;O=C(O)c1cccc2c(-c3ccccc3)c(-c3ccccc3)[nH]c12;COCC1CC(OC)CN1Cc1cccc(C(=O)O)c1Cl;CS(=O)(=O)N1CCC(CNC(=O)c2cccnc2O)CC1;Cn1cc(C(=O)NC2CCCN(S(C)(=O)=O)C2)ccc1=O;CCOCC1CN(Cc2cc(C(=O)O)ccc2Cl)CCO1;Cc1ccc(C(=O)NC2CCCN(S(C)(=O)=O)C2)c(=O)[nH]1;CCOCC1CN(Cc2ccc(C(=O)O)c(Cl)c2)CCO1;COCC1(C)CN(Cc2cc(C(=O)O)ccc2Cl)CCO1;COCC1(C)CN(Cc2ccc(C(=O)O)c(Cl)c2)CCO1;COCC1(C)CN(Cc2c(Cl)cccc2C(=O)O)CCO1;Clc1cnccc1N1CCCC(c2nnc3ccccn23)C1;O=c1c(-c2ccccc2)c(O)c2ccccc2n1-c1ccccc1;N#Cc1ccc(N2CCC(Nc3ccc(Cl)cn3)CC2)nc1;O=C(c1ccc(F)cc1O)N1CCC2(C1)OCc1ccccc12;O=C(O)COc1ccc(C(=O)N2CCC(C(F)F)CC2)cc1;CC(C)Oc1ccc(CN2CCOCC2C(=O)O)cc1Cl;Cc1cc(F)c(C(=O)N(CC(=O)O)C2CCOCC2)cc1F
m_572a36,Cc1cc(C2CCCN(C(=O)c3c[nH]nc3-c3cccc(Cl)c3)C2)[nH]n1;Cc1n[nH]cc1C1CCN(C(=O)c2ccn(-c3ccccc3Cl)n2)CC1;Cn1cc(C2CCCCN2C(=O)c2cn(-c3cccc(Cl)c3)cn2)cn1;CC(C)c1c(NC(=O)c2c[nH]nc2C2CC2)cnn1-c1ccc(Cl)cc1;NC(=O)c1cnn2c1CC(CNCc1cc(Cl)cc3cccnc13)CC2;O=C(c1[nH]c2ccccc2c1Cl)N1CCC(c2nncn2C2CC2)CC1;Cc1ccc(Cl)cc1N1CCC(CNC(=O)c2cnn3cccnc23)C1;O=C(NCC(c1cccc(Cl)c1)N1CCCC1)c1ccc2nncn2c1;CC(c1ccccc1Cl)N1CCN(C(=O)c2cnn3cccnc23)CC1;Cc1[nH]nc(NC(=O)C2CCn3c(cnc3C)C2)c1-c1ccc(Cl)cc1;Cn1nnc2cc(C(=O)N(Cc3ccccc3Cl)C3CCCC3)cnc21;COc1ncccc1C(=O)N1CCCC(S(=O)(=O)N2CCOCC2)C1;Cc1nnc(N2CCN(C(=O)Cc3ccccc3Cl)CC2)c(C#N)c1C;COCCC(=O)Nc1ccc2n(c1=O)C[C@@H]1C[C@@H]2CN(S(C)(=O)=O)C1;CNc1ccc(-c2noc([C@@H]3CCCN3Cc3ccc(Cl)cc3)n2)cn1;COc1cccc(C(=O)N2CCCC(S(=O)(=O)N3CCOCC3)C2)n1;Cc1cn(-c2ccccc2Cl)nc1NC(=O)N(C)C(C)c1ccccn1;COC(=O)[C@H]1CN(C(=O)c2ccc(N(C)C)cc2)CCN1S(C)(=O)=O;CCOC(=O)C1CCN(S(=O)(=O)c2cc3n(c2)CCCNC3=O)CC1;CC(Nc1ncc(C(=O)N(C)C)cc1Cl)c1cccc(-n2ccnc2)c1;Cc1noc(C)c1S(=O)(=O)NC(=O)C1CC(=O)N(C2CCCCC2)C1;COc1cccc(C=C2C(=O)N(c3cccc(C)c3)C(=O)c3ccccc32)c1;Cc1noc(C)c1S(=O)(=O)N1C[C@@H]2[C@H](OCC3CC3)C(=O)N(C)[C@@H]2C1;Cc1ccnc(N2CCN(Cc3nc4ccc(Cl)cc4c(=O)[nH]3)CC2)c1;Cc1cc(O)c(CN2CCOCC2)c2c1C(=O)/C(=C/c1cccc(F)c1)O2
m_57bec0,O=C(Nc1ccc2nncn2c1)c1ccccc1OCC1CCCO1;Cc1nn(C)c2ncc(NC(=O)c3ccc4c(c3)OCCCO4)cc12;COc1ccccc1C(=O)Nc1cccc(OCCn2cncn2)c1;O=C1CCN(Cc2cc(Cl)ccc2OCC2CCCO2)CCN1;CC1COc2ccccc2CN1C(=O)c1cnc2c(cnn2C)c1O;O=C(NCc1nc(-c2ccco2)n[nH]1)c1ccccc1OCC1CC1;O=C(Nc1cnn(CC2CCCO2)c1)c1cc(O)nc2ccccc12;COc1ccc(Cl)cc1C(=O)N1CCN(CC2CCCO2)CC1;COC1Cc2ccccc2N(C(=O)c2cnc3c(cnn3C)c2O)C1;CC(C)C(NC(=O)c1ccc2c(c1)OCO2)c1nnc2ccccn12;O=C1COc2c(cccc2C(=O)NC2CCN(c3ccccn3)C2)N1;COc1cccc(C(=O)Nc2cccc(OCCn3cncn3)c2)c1;COc1cc(NC(=O)c2ccc3nc(C4CC4)cn3n2)cc(OC)c1;COc1ccccc1C(=O)NC[C@H]1COCc2nc3cccnc3n21;CCOc1ccc(C(=O)Nc2cccc(-c3ncn[nH]3)c2)cc1OC;CN(Cc1nnc2ccccn12)C(=O)CCc1ccc2c(c1)OCO2;CCCNC(=O)c1cccc(C(=O)Nc2cnc3onc(C)c3c2)c1;Cn1ncc2c(O)c(C(=O)N3CCOCC3c3ccccc3)cnc21;O=C(OCC1CCN(c2ccccc2)C1)c1ccc2n[nH]c(=O)n2c1;Cc1nn(-c2ccccc2)c2ncc(NC(=O)C3(O)CCOC3)cc12;COc1cc(OC)cc(C(=O)Nc2ccccc2-c2nncn2C)c1;CC(NC(=O)CCc1ccc2c(c1)OCO2)c1nnc2ccccn12;CCOc1cc(Cl)ccc1C(=O)N1CCC(N2CCOCC2)C1;CC1(c2ccccc2)CN(C(=O)c2cccn3c(=O)[nH]nc23)CCO1;COc1ccc(-c2nc(CNC(=O)c3ccccc3OC)n[nH]2)cc1
m_57f31b,CC(=O)N1CCC(Nc2ccc(C)cc2OCC(F)(F)F)CC1;CC(=O)N1CCC(Nc2cccc(OCC(F)(F)F)c2C)CC1;CC(N)C1CCCN(C(=O)COc2cccc(C(F)(F)F)c2)C1;CCOc1ccc(NC(=O)CN2CCC(C(F)(F)F)CC2)cc1;CNC1CCN(C(=O)C(C)Oc2ccccc2C(F)(F)F)CC1;COc1ccc(C)c2c1N(C(=O)CCN1C(=O)CCC1=O)CCC2;CC(N)C1CCCCN1C(=O)c1ccc(OCC(F)(F)F)cc1;CC(C)(O)C(=O)NC1CCN(c2cccc(C(F)(F)F)c2)CC1;CC1CC(N)CCN1C(=O)CCc1ccc(OC(F)(F)F)cc1;CC(N)C1CCCN(C(=O)Cc2ccc(OC(F)(F)F)cc2)C1;COc1cccc(C2CCN(CC(=O)NCC(F)(F)F)CC2)c1;COc1cccc(CNC2CCC(C(F)(F)F)N(C(C)=O)C2)c1;O=C(CC1CCNCC1)NCc1ccc(OCC(F)(F)F)cc1;CC(C)Oc1ccc(C#N)cc1NC(=O)CC1(C(=O)O)CCCC1;CNCC1CCN(C(=O)C(C)Oc2ccccc2C(F)(F)F)C1;COc1cccc(NC(=O)CN2CCC(C(F)(F)F)C2(C)C)c1;COc1ccc(CNC2CCC(C(F)(F)F)N(C(C)=O)C2)cc1;COc1ccc(C#N)cc1NC(=O)CC1(C(=O)O)CCCCCC1;COc1ccc2c(c1)CN(C(=O)C1CCC1)CC[C@H]1COC(=O)N21;COc1ccccc1CNC1CCC(C(F)(F)F)N(C(C)=O)C1;CN1C(=O)[C@@H]2C[C@@H](CN2C(=O)C2CCOCC2)Oc2ccccc21;COCC(=O)N1C[C@@H]2C[C@H]1C(=O)N(CC1CC1)c1ccccc1O2;COCCN1C(=O)[C@@H]2C[C@@H](CN2C(=O)C2CC2)Oc2ccccc21;CC1CN(CC(F)(F)F)CCN(C(=O)Cc2cccc(O)c2)C1;COc1cccc(NC(=O)CN2C(=O)CC3(CCCCC3)C2=O)c1
m_59b1bd,CC1(C(=O)O)CCN(C(=O)c2ccccc2OCC2CCCO2)C1;O=C(O)C1CCCN(C(=O)c2ccccc2OCC2CCCO2)C1;CC1(C(=O)O)CCN(C(=O)c2ccc(OCC3CCCO3)cc2)C1;CC1(C(=O)O)CCN(C(=O)c2cccc(OCC3CCCO3)c2)C1;O=C(O)C1CCCN(C(=O)c2cccc(OCC3CCCO3)c2)C1;O=C(O)C1CCN(C(=O)c2ccc(OCC3CCCO3)cc2)CC1;O=C(O)C1CCN(C(=O)c2cccc(OCC3CCCO3)c2)CC1;O=C(O)C1CN(C(=O)c2ccccc2OC2CCCCC2)CCO1;COc1c(C)cc(C(=O)N2CC3COCCC3(C(=O)O)C2)cc1C;COc1cc(C)c(C(=O)N2CC3CCCC3(C(=O)O)C2)cc1OC;CC1N(C(=O)c2cccc(OCC(=O)O)c2)CCC12CCOCC2;O=C(O)COc1cccc(C(=O)N2CCCC3(CCOCC3)C2)c1;O=C(O)C1CCN(C(=O)c2ccc(OC3CCOCC3)cc2)CC1;O=C(O)COc1cccc(C(=O)N2CCC(C3CCOCC3)C2)c1;O=C(O)CC1CN(C(=O)c2cccc(OC3CCCC3)c2)CCO1;O=C(O)COc1ccc(C(=O)N2CCC(C3CCOC3)CC2)cc1;CC1(C(=O)O)CCN(C(=O)CCc2ccc3c(c2)OCCCO3)C1;COc1ccccc1OCCC(=O)N1CC2CCCC2(C(=O)O)C1;COc1cccc(CN(CC2CCCO2)C(=O)C2CC2C(=O)O)c1;O=C(O)CN(C(=O)c1ccc(OCC2CC2)cc1)C1CCOCC1;COc1cccc(CNC(=O)C2CC2C(=O)O)c1OC1CCCC1;CC1(C)Cc2cccc(OCC(=O)N3CCCC(C(=O)O)C3)c2O1;O=C(O)C1COCCN1C(=O)c1cccc(OC2CCCCC2)c1;O=C(O)C1c2ccccc2OCCN1C(=O)CCC1CCOCC1;O=C(O)c1ccc(C(=O)N2CCC(OC3CCOCC3)CC2)cc1
m_59bced,Cc1cc(Br)ccc1C(=O)NCC1CN(C)CCO1;O=C(NCCCN1CCOCC1)c1ccccc1Br;Cc1cc(C(=O)NCC(C)(C)C(N)=O)c(C)cc1Br;Cc1ccc(CN2CC(C)OC(C(N)=O)C2)c(Br)c1;CCCNC(=O)CCNC(=O)c1cc(C)cc(Br)c1;COC1CNC(C(=O)NCc2ccc(Br)cc2C)C1;CNC1CCN(C(=O)c2ccc(Br)cc2OC)CC1;CNCC1CCN(C(=O)c2cc(OC)ccc2Br)C1;CC(C)Oc1cc(Br)ccc1C(=O)N1CCC(N)C1;CC1CCN(C(=O)NCc2ccc(Br)cc2)CC1O;NC(=O)CC1(O)CCCN(Cc2cccc(Br)c2)C1;COC1CC(C(N)=O)N(Cc2ccc(C)cc2Br)C1;NC(=O)CN(Cc1cccc(Br)c1)C1CCOCC1;CC(C)C(O)CNC(=O)c1cc(Br)cnc1C1CC1;COc1ccc(CN2CC(C)C(C(N)=O)C2)cc1Br;CC(O)C1CCN(C(=O)NCc2ccc(Br)cc2)C1;NC(=O)CC1(O)CCCN(Cc2ccccc2Br)C1;COc1ccc(Br)cc1CNC(=O)C1CCNCC1;CC1CC(CCNC(=O)c2ccc(Br)cn2)CCO1;Cc1ccc(OC(C)C(=O)N2CCC(N)C2)c(Br)c1;Cc1cccc(CNC(=O)N2CCCC2CO)c1Br;CC(C)NC(=O)N1CCOC(c2ccccc2Br)C1;COc1ccc(Br)cc1CC(=O)N1CCC(CN)C1;CC1CC(CCNC(=O)c2ncccc2Br)CCO1;Cc1ccc(OCCC(=O)N2CCC(N)C2)c(Br)c1
m_5ae66f,Cc1n[nH]c(C)c1C1COCCN1C(=O)c1cccc(C(C)C)n1;Cc1nn(C)c(C)c1C1COCCN1C(=O)c1cc[nH]c1C1CC1;Cc1cccc(NC(=O)N2CCOCC2c2c(C)nn(C)c2C)c1;Cc1cc(C(=O)N(C)CC2OCCN(C)C2c2ccccc2)[nH]n1;CCN1CCOC(CNC(=O)c2cn[nH]c2C)C1c1ccccc1;Cc1nn(C)cc1C(=O)NCC1OCCN(C)C1c1ccccc1;CC(C)Oc1cccc(C(=O)N2CCC(c3ccnn3C)CC2)n1;CCc1ccnc(C(=O)N2CCN(Cc3c(C)noc3C)CC2)c1;CCc1cnccc1C(C)NC(=O)c1c[nH]nc1C1CCOCC1;Cc1n[nH]c(C)c1CNC(=O)N1CCOC(Cc2ccccc2)C1;Cc1nn(C)c2nc(C3CC3)cc(C(=O)N3CCOCC(C)C3)c12;CCn1cc(C(=O)NC(C)c2cccnc2)c(C2CCOCC2)n1;Cc1cc(C)nc(CN2CCOC(C)C2c2nc(C3CC3)no2)c1;COCCn1ncc2c1C(NC(=O)c1[nH]ccc1C1CC1)CCC2;Cc1nn(C)c(C)c1C1OCCC1C(=O)N(C)Cc1ccccn1;Cc1cnc(CCNC(=O)c2n[nH]c3c2CC(C)OC3C)c(C)c1;Cc1cc2ncc(C(=O)N3CCOCC4(CCCC4)C3)c(C)n2n1;CCOc1cccnc1C(=O)N1CCC(c2cnn(CC)c2)CC1;Cc1cccc(C(=O)NCC2OCCN(C)C2c2cncn2C)c1;CN(C)Cc1cc(OC2CCN(C(=O)c3cccn3C)C2)ccn1;Cc1c(C(=O)N(C)C2CCOC2c2cccnc2)cnn1C(C)C;Cc1n[nH]c(C)c1CNC(=O)N1CCOC(C)(c2ccccc2)C1;Cc1n[nH]cc1CNc1ccc(C(=O)N2CC(C)OC(C)C2)cc1;CCc1ccnc(C(=O)NC2CCCOC2c2cnn(CC)c2)c1;CCC(NC(=O)NC1COc2ccccc21)c1c(C)nn(C)c1C
m_5bfac3,CC(C(=O)N1CCC(Cc2occc2C(=O)O)CC1)c1ccccc1;O=C(O)c1ccccc1CCC(=O)N1CCCCCC1c1ccco1;CC(C)C1CCc2ccccc2C1NC(=O)c1ccoc1CC(=O)O;CCc1cc(C)c(C(=O)N2CCC(C(=O)O)(c3ccccc3)CC2)o1;CCC(C(=O)NCCC(O)c1ccc2c(c1)OCO2)c1ccccc1;COC[C@@H]1CN(C(=O)c2cc(C)oc2C)[C@H]2c3ccccc3OC[C@@H]12;Cc1c(C(=O)N2CCC(C3CCOC3)CC2)oc(=O)c2ccccc12;CCO[C@@H](c1ccc(O)cc1)[C@H]1C(=O)N(C)C[C@@H]1c1ccc(O)cc1;Cc1oc2cc3oc(=O)c(CC(=O)NCC(C)C)c(C)c3cc2c1C;COc1ccc(C2CCN(C(C(=O)O)c3cccc(OC)c3)C2)cc1;COc1cccc(C(C(=O)O)N2CCC(c3ccccc3OC)C2)c1;Cc1oc2c(C)c3oc(=O)c(CC(=O)NC(C)C)c(C)c3cc2c1C;Cc1coc2cc3oc(=O)c(CC(=O)NCCC(C)C)c(C)c3cc12;COc1ccc2cccc(CC(=O)N3CCOC4(CCOC4)C3)c2c1;COc1ccc(CC(=O)N2CCOC[C@H](Oc3ccccc3)C2)cc1;COc1ccc(CC(=O)N2CC(O)CC2c2cccc(OC)c2)cc1;Cc1oc2c(c(C)cc3oc(=O)c(CC(=O)NC(C)C)c(C)c32)c1C;COc1coc(C(=O)NCC2(c3ccc(C)c(C)c3)CCC2)cc1=O;COc1ccccc1CN(CCO)C(=O)C1OCCc2ccccc21;Cc1ccccc1[C@H]1C[C@@H](O)[C@@H](O)[C@@H]1NC(=O)COc1ccccc1;COc1ccc(CC(=O)N[C@H]2[C@H](O)[C@H](O)C[C@@H]2c2ccccc2)cc1;CC1c2ccccc2CCN1CC(O)COc1ccc(C(=O)O)cc1;CC1CC(C)CN(C(=O)COC(=O)c2cc3ccccc3cc2O)C1;COc1ccc2cccc(CC(=O)N3CCOCC34CCOC4)c2c1;CCCNC(=O)CCc1c(C)c2cc3c(C)c(C)oc3cc2oc1=O
m_5c710b,O=C(CCc1nnc[nH]1)N1CCN(c2ccccc2Cl)CC1;O=C(NCc1cc[nH]n1)N1CCN(c2ccccc2Cl)CC1;Cn1cc(NC(=O)N2CCN(c3ccccc3Cl)CC2)cn1;CC(C(=O)N1CCN(c2cccc(Cl)c2)CC1)n1cncn1;O=C(NCc1cc[nH]n1)N1CCN(c2cccc(Cl)c2)CC1;Cc1n[nH]nc1C(=O)NC1CCCN(c2ccccc2Cl)C1;O=C(CCn1cccn1)N1CCN(c2ccc(Cl)cn2)CC1;O=C(CCn1cc(Cl)cn1)N1CCN(c2ccccn2)CC1;Cc1c(NC(=O)C2CCN(c3ccccc3Cl)C2)nnn1C;Cc1cc(C(=O)N2CCN(c3ccncc3Cl)CC2)n(C)n1;Cn1cc(CC(=O)N2CCN(c3ccc(Cl)cn3)CC2)cn1;O=C(CCn1cncn1)N1CCNC(c2cccc(Cl)c2)C1;C=CCNC(=O)CN1CCN(c2ncc(C#N)cc2Cl)CC1;CN1CCN(c2ccncc2Cl)CC1c1nc(C2CC2)no1;Cc1ccc(Cl)cc1N1CCC(CNC(=O)c2c[nH]nn2)C1;Cc1cc(C(=O)N2CCN(c3ccc(Cl)cn3)CC2)n(C)n1;O=C(c1cc(Cl)c[nH]1)N1CCC(c2nnc3n2CCC3)CC1;Cc1ccc(C(=O)N2CCCC2c2nc(N)n(C)n2)c(Cl)c1;CN(C(=O)c1cc(Cl)c[nH]1)C1CCCN(c2cccnn2)C1;Clc1cccnc1NCC1CCC(c2nc(C3CC3)n[nH]2)O1;Cc1nccc(N2CCN(C(=O)c3cc(Cl)cn3C)CC2)n1;Cc1nc(N2CC(N3CCNC(=O)C3)C2)c(C#N)c(C)c1Cl;Cc1nc(C(=O)N2CCNCC2C)nn1-c1ccccc1Cl;Cc1cc(C)nc(N2CCN(C(=O)c3cc(Cl)c[nH]3)CC2)n1;Cc1nc(C(=O)N2CCC(CN)C2)nn1-c1ccccc1Cl
m_5c8d41,O=C(CCn1cccn1)NC1CCCOc2cc(Cl)ccc21;O=C(CCCn1cccn1)NC1CCOc2c(Cl)cccc21;Cc1cc(CC(=O)NC2CCCOc3cc(Cl)ccc32)n[nH]1;O=C(NCCCn1cccn1)C1COc2ccc(Cl)cc2C1;OC1CC(NCc2cc(Cl)cc3c2OCC3)C1n1cccn1;Cn1nccc1CCNC(=O)C1COc2ccc(Cl)cc2C1;COc1ccccc1CC(=O)N1CC(Cn2cc(Cl)cn2)C1;O=C(NCCCn1ccnc1)C1COc2ccc(Cl)cc2C1;CCOc1ccccc1C(CC)NC(=O)c1ncncc1Cl;CCc1nn(C)cc1NC(=O)C1COc2ccc(Cl)cc2C1;Cc1cccc(OCC(=O)N2CC(Cn3cc(Cl)cn3)C2)c1;O=C(COc1ccc(Cl)cc1)NCc1cnn2c1CCCC2;CC(NC(=O)Cn1cc2c(n1)CCOC2)c1ccc(Cl)cc1;COc1cc(C(=O)N2CCCCC2c2cn[nH]c2)ccc1Cl;COc1cccc(Cl)c1CC(=O)N1CCCC1c1ncc[nH]1;Cc1nnc(CC(=O)N2CCCCC2c2cccc(Cl)c2)o1;Cc1c(CCC(=O)Nc2cc(Cl)cc3c2OCC3)cnn1C;CC(Oc1ccccc1)C(=O)N1CC(Cn2cc(Cl)cn2)C1;Cc1nn(C)c(C)c1CC(=O)Nc1cc(Cl)cc2c1OCC2;Cc1cc(CNC(=O)N2CCCC2c2cccc(Cl)c2)no1;COc1ccccc1CNC(=O)CSc1nnnn1C1CC1;Cc1cc(C(=O)N2CCC(Oc3cccc(Cl)c3)C2)n(C)n1;Cc1cc(Cl)ccc1OC(C)C(=O)N1CCc2[nH]ncc2C1;CC1CN(C(=O)CCc2cnn(C)c2)c2cc(Cl)ccc2O1;Cc1nn(CC(=O)N2CCc3ccc(O)cc3C2)c(C)c1Cl
m_5da1ef,Cc1ccc(CC(C)NC(=O)c2c(C)c(C)n[nH]c2=O)c(C)c1;CCc1cc(NC(=O)c2c(CC)c(CC)n[nH]c2=O)ccc1C;CCCn1nc(C)c(C(=O)NC2c3ccccc3CC2O)c1C;Cc1c(C(=O)NC2c3ccccc3CC2O)cnn1CC(C)C;CCn1nc(C)c(C(=O)NC2COc3c2ccc(C)c3C)c1C;Cc1ccc(C)c(C2CN(C(=O)c3cc(C)n[nH]3)C(C)CO2)c1;Cc1ccc2c(c1)C(NC(=O)c1cnn(CC(C)C)c1C)CO2;CCCc1[nH]ncc1C(=O)NCC1CCOC1c1ccccc1;CCc1[nH]c(=O)c(C(=O)N2CCCC2c2cccn2C)cc1C;COCc1nn(C)cc1C(=O)N(C)CC1(c2ccccc2)CC1;Cc1cccc(CN(C)C(=O)c2n[nH]c3c2CC(C)OC3C)c1;Cc1nn(C)c(C)c1C(=O)N1CC(C)OC(c2ccccc2)C1;Cc1ccccc1CC(=O)N1CCOCC1c1c(C)n[nH]c1C;COc1ccccc1CC1CCN(C(=O)c2cn[nH]c2C)CC1;COc1c(C)cc(CN(C)C(=O)c2n[nH]c3c2CCC3)cc1C;COc1ccc2c(c1)C(C(=O)NC(C)c1cn(C)nc1C)CC2;CCOc1cc(C)ccc1CNC(=O)c1cnn2c1CCCC2;CCOc1ccccc1C(C)NC(=O)c1cnn2c1CCCC2;Cc1cccc(C)c1C(=O)NC1CCOC(c2ccnn2C)C1;CC(C)Cn1cc(C(=O)N2CCc3ccccc3C2CO)cn1;CCc1c(C(=O)NC2COc3ccccc32)cnn1CC(C)C;CCn1nc(C(C)C)cc1C(=O)N1CCc2ccc(O)cc2C1;Cc1cccc(CC2(C)CCCN2C(=O)c2cc(O)n(C)n2)c1;Cc1cc(C(=O)NCC(C)(C)N2CCc3ccccc3C2)on1;CCC(CC)n1ccc(C(=O)NC2c3ccccc3CC2O)n1
m_5dda21,COCc1ccc(CNc2cccc(N3CCCS3(=O)=O)c2)cc1;Cc1ccc(NC(=O)C2CC3C=CC2C3)cc1N1CCCS1(=O)=O;CCS(=O)(=O)Nc1ccc(NC2CCc3ccccc32)cc1OC;CC(=O)NCCCN(c1ccccc1)S(=O)(=O)c1cccc(C)c1;CCOc1ccc(S(=O)(=O)N2CCN(C)Cc3ccccc32)cc1;O=S(=O)(Cc1ccccc1)Nc1cccc(CN2CCOCC2)c1;COc1cc(NC2CC(c3ccccc3)C2)ccc1NS(C)(=O)=O;CC(=O)N(C)c1cccc(NC(C)c2ccc(S(C)(=O)=O)cc2)c1;CCOCc1cccc(S(=O)(=O)Nc2cccc3c2CN(C)C3)c1;CCC(=O)Nc1cccc(NS(=O)(=O)c2cc(C)ccc2C)c1C;Cc1ccc(CC(=O)NC(C)c2ccccc2NS(C)(=O)=O)cc1;CCCCNS(=O)(=O)c1ccc(NC(=O)c2cccc(C)c2)cc1;CC(NC(=O)CCc1ccccc1)c1ccccc1NS(C)(=O)=O;CCS(=O)(=O)c1ccc(N(C)Cc2ccc(C(=O)NC)cc2)cc1;Cc1ccc(C(=O)NC(C)c2ccccc2NS(C)(=O)=O)cc1C;Cc1ccc(CN2CCOCC2)cc1NS(=O)(=O)c1ccccc1;Cc1ccc(C(=O)NC(C)c2ccccc2NS(C)(=O)=O)c(C)c1;COc1cc(C)c(S(=O)(=O)N2CCc3cnccc32)cc1C(C)C;Cc1cc(C)cc(C(=O)NC(C)c2ccccc2NS(C)(=O)=O)c1;Cc1cccc(S(=O)(=O)Nc2cccc(CN3CCOCC3)c2)c1;CN(c1ccccc1)S(=O)(=O)c1ccc(NC(=O)C(C)(C)C)cc1;CCN(CC)S(=O)(=O)c1ccc(C(=O)Nc2cccc(C)c2)cc1;CCN(CC)S(=O)(=O)c1cccc(C(=O)Nc2cccc(C)c2)c1;Cc1ccc(CC(C)C(=O)Nc2cccc(CS(N)(=O)=O)c2)cc1;CCN(CC)S(=O)(=O)c1cccc(C(=O)Nc2ccccc2C)c1
m_5fef1c,CC(c1ccccc1)N(CC1CCC1)C(=O)NC1CCC(=O)N(C)C1;CC(NC(=O)N1CCCC1c1ccccc1)C(=O)N1CCCCC1C;CN(CC1CCC1)C(=O)NC1CCN(C(=O)CCc2ccccc2)C1;Cc1ccc(CN2C[C@H]3CN(C(=O)CC(C)(C)C)CCN3C2=O)cc1;O=C(NCCC(=O)N1CCCC1c1ccccc1)NC1CCCCC1;CC(C)NC(=O)NC[C@H]1[C@@H]2CC(=O)N(Cc3ccccc3)[C@@H]2C[C@@H]1C;O=C1NCCCCC1NC(=O)N1CCC(CCc2ccccc2)CC1;Cc1ccccc1C1CCCN1C(=O)C1CC(=O)N(CCN(C)C)C1;CN(CC1CCCCN1Cc1ccccc1)C(=O)C1CCCC(=O)N1;CC(C)C1CCCN1C(=O)NC1CCN(C(=O)c2ccccc2)CC1;CC(C)C(=O)N1CCC(C(=O)NC2CN(C)Cc3ccccc32)CC1;CC(C)N1C(=O)C[C@H]2[C@H](CNC(=O)NCc3ccccc3)[C@@H](C)C[C@H]21;CC(=O)NC(CC(=O)N1CC2CCCN2CC1C)c1ccc(C)cc1;CNC(=O)[C@@H](c1ccccc1)N1CCC[C@H]1C(=O)NC1CCCCC1;CC(C)(C)c1ccc(CNC(=O)NCC2CC(=O)N(C3CC3)C2)cc1;CN1CCC2CCN(C(=O)NCc3ccccc3OC3CCC3)C2C1;CC(C)C(=O)N1CCN(C(=O)NC2CC(C)(c3ccccc3)C2)CC1;CN(C)C(=O)NC1CCCN(C(=O)Cc2ccc3c(c2)CCCC3)C1;CC1CC(NC(=O)C2CCCC(=O)N2)CC(C)N1Cc1ccccc1;CN(C)CCN1CC[C@H]2CN(C(=O)c3ccccc3)CC[C@H]2CC1=O;CC1CN(Cc2ccccc2)CCCN1C(=O)CCN1CCCC1=O;COc1ccc(CN2CCN3C(=O)N(C4CCCCC4)C[C@H]3C2)cc1;COc1cccc(CN2CCN3C(=O)N(C4CCCCC4)C[C@H]3C2)c1;CCC(Cc1ccccc1)NC(=O)N1CCCN(C(=O)C2CC2)CC1;CC1(CNC(=O)NC2CCN(C(=O)c3ccccc3)CC2)CCCC1
m_6007c7,CCn1ccnc1CN(C(=O)c1ccc(C(N)=O)cc1)C1CC12CCNCC2;O=C(NC1CCN(C(=O)c2ccccc2)CC1)N1CCC(n2ccnc2)CC1;Cn1cncc1CN1CC2(C1)CN(C(=O)c1ccccc1)C[C@@H]1COCCN12;Cc1nnc2n1CCN(C(=O)C1Cc3ccccc3CN1C(=O)CC(C)C)C2;O=C1OC2(CCN(Cc3cnc[nH]3)CC2)C2CN(Cc3ccccc3)CCN12;COc1nccc(NC(=O)N2CCC3(CCN(Cc4ccccc4)CC3)C2)n1;O=C(c1cccc(-n2cncn2)c1)N1CCC(C(=O)N2CCCCCC2)CC1;O=C(NC1CCCCC1)c1cn(CC2CC(=O)N(Cc3ccccc3)C2)nn1;Cn1cc(C(=O)N2CCN(C3CCCN(Cc4ccccc4)C3=O)CC2)cn1;O=C(c1ccc(OCC2CC2)nc1)N1CCC(c2nnc3n2CCCC3)CC1;NC(=O)NC1CCN(C(=O)c2nc(-c3ccccc3)n3c2CCCCC3)CC1;COc1ccc(CCN(CC(C)(C)C)C(=O)c2cnc3c(c2)nnn3C)cc1;Cn1ccnc1N1CCN(C(=O)C2CCCN2C(=O)Cc2ccccc2)CC1;CCC1CN(c2ccccc2)CCN1C(=O)c1ccnc(N2CCOCC2)n1;CC(C)NC(=O)N1CC2(C1)[C@H](c1ccccc1)[C@H](CO)N2Cc1cncnc1;Cc1nnc(NC(=O)C2Cc3ccccc3CN2C(=O)CC(C)C)n1C1CC1;Nc1nc(O)cc(C2CCN(C(=O)C3CCN(Cc4ccccc4)CC3)C2)n1;NC1CN(C(=O)c2cc3n(n2)CC2(CCNCC2)OC3)CC1c1ccccc1;O=C(NCc1ccccc1)[C@@H]1Cc2[nH]cnc2CN1C(=O)NC1CCCCC1;CC1CN(c2ccc(CNC(=O)N(Cc3ccccn3)C3CC3)cn2)CCO1;CC1(C)Nc2ccccc2C1NC(=O)c1cc2n(n1)CC1(CCNCC1)OC2;CN(C)Cc1ccc(C(=O)NCC(=O)N2CCN(c3ccccc3)CC2)cn1;CNc1cc(N2CC(O)CC2CNC(=O)c2ccc3c(c2)CCCC3)ncn1;CCN(C(=O)c1cc(-c2c(C)nn(C)c2C)n[nH]1)C(C)c1cccc(OC)c1;CCn1nc(C(=O)NCCn2c(C)nc3ccccc32)c2c1C(C)OC(C)C2
m_60e7b1,CS(=O)(=O)c1ccc(N2CCCC(Cn3ccnn3)C2)nc1;CS(=O)(=O)c1ccc(N2CCCC(n3ccnn3)CC2)nc1;O=S(=O)(NC1CCN(c2nccn3nccc23)CC1)C1CC1;CN(C1CCCN(c2ncnc3cnccc23)C1)S(C)(=O)=O;CN(CC1CN(c2nccn3nccc23)C1)S(=O)(=O)C1CC1;CN(C1CCN(c2ccn3nccc3n2)C1)S(=O)(=O)C1CC1;Cc1c(Cl)cnc(N2CCCC2C2COCCC2O)c1C#N;Cc1cc2c(N3CCN(S(=O)(=O)C4CC4)CC3)nccn2n1;CN(C1CCN(c2ncnc3[nH]ccc23)C1)S(=O)(=O)C1CC1;CS(=O)(=O)N1CCC(CNc2ncnc3cnccc23)CC1;CN(CC1CN(c2ncnc3[nH]ccc23)C1)S(=O)(=O)C1CC1;Cc1nc(N2CC(CN(C)S(C)(=O)=O)C2)c2ccncc2n1;CN(CC1CN(c2ccc3nccn3n2)C1)S(=O)(=O)C1CC1;Cn1ccc2c(N3CCN(S(=O)(=O)C4CC4)CC3)ncnc21;Cc1c(Cl)cnc(N2CC(C)OC3(CCCOC3)C2)c1C#N;CN(C1CCCN(c2nccc(C#N)n2)C1)S(=O)(=O)C1CC1;CCN1CCN(S(=O)(=O)c2cccnc2)CC1c1ncc[nH]1;COCc1nc(O)cc(N2CCCC2c2ccc(F)cc2F)n1;Cn1cnnc1S(=O)(=O)N1CC(CN)C(c2ccccc2)C1;O=C1C2CCCN2C(=O)N1C1CCN(c2c(F)cccc2F)C1;CC(C)(C)NC(=O)C1CCN(c2nc3ccc(Cl)cc3o2)C1;Cc1nccnc1N1CCOC(c2cccc(OC(F)F)c2)C1;COCc1nsc(N2CCC(COc3cnccn3)CC2)n1;COc1cccc(C2(C(=O)Nc3ccn(CC(F)F)n3)CC2)c1;CN(C)C(=O)CC1(O)CCCN(c2ccc(Cl)cc2C#N)C1
m_6105c1,NC(=O)CC1(O)CCCN(Cc2nncn2-c2ccccc2)C1;NC(=O)CC1(O)CCCN(Cc2cnn(-c3ccccc3)n2)C1;O=C(NCc1nncn1-c1ccccc1)NC1CCC(O)CC1;COCC1(C(N)=O)CCCN1Cc1ncnn1-c1ccccc1;CCOC(=O)C1CCCN(Cc2nnnn2-c2ccccc2)C1;CCOC(=O)C1CCN(Cc2nnnn2-c2ccccc2)CC1;COCC1(C(N)=O)CCCN1Cc1cnn(-c2ccccc2)n1;CCC(NC(=O)c1ccc(-n2cnnc2)cc1)(C(N)=O)C(C)C;COC1CC(C(=O)NCc2cccc(-n3cncn3)c2)N(C)C1;CN1CC(O)C(CC(=O)NCc2cccc(-c3nnc[nH]3)c2)C1;CCc1cccnc1C(=O)N1CCCC(O)(Cn2ccnn2)C1;Cn1nc(C2CCCN2C(=O)C(CO)c2ccccc2)nc1N;CCc1ccnc(C(=O)N2CCCC(O)(Cn3ccnn3)C2)c1;Cc1cc(C#N)nc(N2CCCC(O)(C(=O)N3CCCC3)C2)n1;CC1CN(C(=O)Cc2ccc(-n3cnnn3)cc2)CC(C)(C)O1;CC(=O)N[C@@H]1C[C@@H](c2nc(C)nn2-c2cccnc2)CC[C@H]1O;COC1CC(c2ncn[nH]2)N(C(=O)c2cccc(N(C)C)c2)C1;O=C(NCCOc1ccccc1)c1ncn(C2CCCNC2)n1;CCc1cncc(C(=O)N2CCCC(O)(Cn3ccnn3)C2)c1;COCC1(C)CCN(C(=O)c2ccc(-n3cncn3)nc2)CC1;Cn1ncnc1CNC(=O)N1CCOC(Cc2ccccc2)C1;COCc1n[nH]c(C2CCCCN2C(=O)c2ccc(C)nc2)n1;COCC(C)(NC(=O)c1nc2n(n1)CCCN2)c1ccccc1;COC1CC(c2nc(C)n[nH]2)N(C(=O)c2cc(C)c(C)cn2)C1;CC1(CNC(=O)Nc2cnn(-c3ccccc3)n2)CCCCO1
m_610a9f,COc1ccccc1-n1ncc(C(=O)N2CC(CN(C)C)C2)c1C;CCc1c(C(=O)N2CC(C)OC(C)(C)C2)cnn1-c1ccccn1;Cc1nn(-c2ccccc2)c(C)c1CNC(=O)NCC1CCOC1;Cc1ccccc1-n1nc(C)c(CNC(=O)N2CCOCC2)c1C;Cc1nn(-c2ccccc2)cc1CNC(=O)N(C)CC1(CO)CC1;Cc1nn(-c2ccccc2)c(C)c1CNC(=O)C1NCCOC1C;NC(=O)c1cn(-c2ccccc2)nc1C1CCCN(CCCO)C1;COc1ccccc1N1CCN(C(=O)c2c(C)nn(C)c2C)CC1;COC(=O)C1(C)CCN(Cc2c(C)nn(-c3ccccn3)c2C)C1;CC(C)c1nn(-c2ccccc2)cc1CNC(=O)C1COCCN1;CCOc1ccc(CN2CCN(C(=O)c3cn[nH]c3C)CC2)cc1;Cc1cc(C)n(-c2ccccc2CNC(=O)N2CCCC2CO)n1;Cc1ccccc1-n1nccc1CN1CCCC(O)(CC(N)=O)C1;Cc1nn(C)c(C)c1C(=O)N1CCC(COc2ccccn2)CC1;Cc1ccc(-n2nnc(C(=O)N3CCOC(C)C3)c2C(C)C)cc1;COCCN1CCCN(Cc2ccn(-c3ccccc3)n2)CC1=O;CNCC1CCN(C(=O)c2cnn(Cc3ccc(OC)cc3)c2)C1;Cc1cc(NC(=O)N2CC(C)(C)OCC2C)nn1-c1ccccc1;Cc1ccc(OC2CCN(C(=O)c3c(C)nn(C)c3C)CC2)nc1;COc1cccc(NC2CCN(C(=O)c3n[nH]c(C)c3C)CC2)c1;CCn1nc(C)c(C(=O)N2CCC(c3cccnc3OC)C2)c1C;CCN1CCOC(CNC(=O)c2cn[nH]c2C)C1c1ccccc1;Cc1cc(C)cc(-n2nc(NC(=O)NCC3CCCO3)cc2C)c1;COCC(=O)NC1CCN(Cc2ccc(-n3cccn3)cc2)CC1;Cc1nn(C)cc1C(=O)NCC1OCCN(C)C1c1ccccc1
m_612431,Cc1cnn(CCNC(=O)c2cc(C3CC3)nn2C(C)(C)C)c1;CCCc1cc(C(=O)N2CCCCC2Cn2cc(C)cn2)[nH]n1;CCn1nc(C)cc1C(=O)N(CCN(C)C)Cc1ccccn1;Cc1n[nH]c(C)c1CC(=O)NC1CCCc2cnn(C(C)C)c21;CC(C)c1cc(C(=O)N2CCCC(Cc3nccn3C)C2)n[nH]1;Cc1nn(C)c(C)c1CC(C)NC(=O)c1cnn(C2CCC2)c1;Cc1nn(C)c(C)c1CCC(=O)N1CCCC(n2cccn2)C1;OC1CC(Cn2cccn2)CC1NCc1cc(C2CCC2)[nH]n1;CNC(=O)c1ccc(C2CCCCN2CCn2cccn2)n1C;CC(C)n1ccc(CC(=O)N2CCCC(c3ccnn3C)C2)n1;Cc1cc[nH]c1C(=O)NCC1CCCN(C)C1c1ccnn1C;Cc1nn(C(C)(C)C)cc1C(C)NC(=O)NCc1ccncc1;CCn1cc(CN2CCCN(C(=O)c3cccn3C)CC2)cn1;Cc1nn(CCC#N)c(C)c1[C@@H]1C=C[C@@H](NC(=O)NC(C)C)C1;CNC(=O)c1ccc(C2CCCCN2Cc2n[nH]cc2C)n1C;CCc1nnc(C23CCC2CCN3Cc2ccn(C(C)C)n2)o1;Cc1cn2c(n1)CCC(NC(=O)C(C)c1c(C)nn(C)c1C)C2;Cc1nn(C)c(C)c1C1CCCN1C(=O)CCCn1cccn1;Cc1n[nH]c(C)c1CC(=O)Nc1cc(C2CCCCC2)nn1C;CCn1ccnc1C1CCCCN1C(=O)c1c(C)nn(C)c1C;Cc1c(CNC2CCOC2c2cnn(CC3CC3)c2)cnn1C;CCOc1cc(N2CCC(Cn3nc(C)cc3C)CC2)ncn1;CC(c1nc(C2CC2)no1)N1Cc2cnn(C)c2CC(C)(C)C1;Cc1cc(C(=O)NCCc2nncn2C2CC2)c(C)n1C(C)C;CC1CN(c2ccc(CNC(C)c3ccnn3C)cn2)CCO1
m_62973b,O=C(CS(=O)(=O)C1CCOCC1)N1CCCCC1;CC(C(=O)NC1CCCC1)S(=O)(=O)C1CCOC1;COC1CCN(C(=O)C(C)(C)S(=O)(=O)C2CC2)C1;COCC1(C(=O)N2CCCS(=O)(=O)CC2)CCC1;CC1COCCN1C(=O)C1(S(C)(=O)=O)CCCC1;CC1(C(=O)N2CCC(CS(C)(=O)=O)CC2)COC1;COC1CCCC1NC(=O)C1(S(C)(=O)=O)CCC1;CC1CC(C)C(C(=O)NC2(C)CCS(=O)(=O)C2)O1;CCOC(=O)C1CN(C(=O)OC(C)(C)C)CCS1;O=C(NS(=O)(=O)CC1CCCCO1)C1CCCC1;O=C(O)C1CCN(S(=O)(=O)CC2CCCCC2)C1;C=CCSCC(NC(CC(C)C)C(=O)O)C(=O)O;COC1CC(N(C)S(=O)(=O)C2COC2)C12CCC2;O=C(c1cn[nH]n1)N1CCN(c2ccc(F)cc2)CC1;Cn1nnnc1SCCNCC=Cc1ccccc1;O=C(NCc1nc(-c2ccc(F)cc2)n[nH]1)NC1CC1;Cc1cc(N2CCN(c3nccs3)CC2)nc(C)n1;COc1ccc(Cc2nnnn2CCCC#N)cc1F;CCn1c(SC(C)C2CC2)nnc1-c1cnccn1;CNCCN(Cc1ccc(Cl)cc1)c1ccccn1;C=CCNC(=O)NCc1nc(-c2ccc(F)cc2)n[nH]1
m_62dd85,O=C(NCCS(=O)(=O)Nc1ccccc1)C1C2CCCCC21;O=C1CCCN1c1ccc(NS(=O)(=O)C2CCCCC2)cc1;CC(C)S(=O)(=O)Nc1ccc2c(c1)CN(C(=O)C1CC1)CC2;CN(c1ccc(C(=O)NC2CC3CCC2C3)cc1)S(C)(=O)=O;CC(C)(C#N)c1ccc(NS(=O)(=O)CC2CCCCO2)cc1;CS(=O)(=O)c1ccccc1CCNC(=O)C1CC(N)C2CC12;C[C@H]1C[C@H]2NC(=O)C[C@H]2[C@@H]1CNS(=O)(=O)Cc1ccccc1;O=C(NC1CCCC1)c1ccc(N2CCCCS2(=O)=O)cc1;CC1CC1C(=O)N1CCN(S(=O)(=O)Cc2ccccc2)CC1;Cc1ccccc1C1CC1C(=O)N1CCCC1CS(N)(=O)=O;Cc1ccccc1C1CC1C(=O)N1CCCC(S(N)(=O)=O)C1;C=CCNC(=O)C1(NS(=O)(=O)c2ccccc2)CCCCC1;CCS(=O)(=O)N1CCC(C(=O)N2CCc3ccccc32)CC1;O=C(C1CCC1)N1CCN(S(=O)(=O)Cc2ccccc2)CC1;CCN1CCN(C(=O)CC2CCS(=O)(=O)C2)c2ccccc21;CS(=O)(=O)N1CCC(C(=O)NC2(c3ccccc3)CC2)CC1;NS(=O)(=O)Cc1cccc(C(=O)NC2CC23CCCCC3)c1;CC(=O)Nc1ccc(S(=O)(=O)NCC2CC3CCC2C3)cc1;O=C(Nc1cccc(S(=O)(=O)N2CCCCC2)c1)C1CCC1;CC1Cc2ccccc2N1C(=O)C1CCN(S(C)(=O)=O)CC1;CNS(=O)(=O)C1CCN(C(=O)Cc2ccc3c(c2)CCC3)C1;Cc1ccccc1S(=O)(=O)NC1CCN(C(=O)C2CC2)CC1;O=C(CCN1CCCS1(=O)=O)NCC1(c2ccccc2)CC1;CCS(=O)(=O)N1CCN(C(=O)C2(c3ccccc3)CC2)CC1;O=C(c1ccccc1)N1CCCC(S(=O)(=O)N2CCCC2)C1
m_637284,CCC(Cc1ccccc1C(F)(F)F)NC(=O)Cc1ncc[nH]1;CN1C(=O)CC(NC(=O)Cc2cccc(O)c2)C1c1cccnc1;Cc1c[nH]nc1CN1CCOC(c2ccccc2C(F)(F)F)C1;CC(CCc1ccccc1)NC(=O)Cn1ccc(C(F)(F)F)n1;Cn1cc(CNC(=O)C(C)(C)c2cccc(C(F)(F)F)c2)cn1;CCNC(=O)C1CCCN(c2ccc(C(F)(F)F)c(C#N)c2)C1;O=C(Cc1c[nH]c2ncccc12)N(CC1CCC1)CC(F)(F)F;O=C(Nc1ccncc1)C(Cc1ccccc1)N1CCCOC1=O;Cc1ccn(CC(=O)N2Cc3ccccc3CC2C(N)=O)c(=O)c1;CCN(C(=O)CCc1cnn(C)c1)c1ccc(C(F)(F)F)cc1;O=C(CCc1nc2ccccc2[nH]1)N1CCCC(C(F)(F)F)C1;Cn1nccc1-c1ccc(CCNC(=O)CCC(F)(F)F)cc1;Cn1cncc1CN1CC(O)CC1c1cccc(C(F)(F)F)c1;O=C(NC(Cc1ccccc1)C(=O)NC1CC1)c1cccnc1O;O=C(Cc1cc2ccccc2c(=O)[nH]1)N1CC(N2CCCC2=O)C1;C#CCCC1(CCC(=O)NC2CC(C(=O)O)c3ccccc32)N=N1;O=C(O)c1cnc(C(=O)N2CCCC2CCc2ccccc2)cn1;O=C(Nc1ncccc1O)C1CCCN1C(=O)Cc1ccccc1;COc1ccc(C(=O)NCCc2nc3ccccc3[nH]2)cc1OC;Cc1ccnc(C(NC(=O)c2ccc(CC(=O)O)cc2)C2CC2)n1;COc1ccccc1N1CCC(NC(=O)Cc2ccncc2)C1=O;Cc1ccoc1C(=O)NC1CC(=O)N(C2CC2)C1c1cccnc1;Cn1ccc(CN2CC(O)CC2c2ccc(C(F)(F)F)cc2)n1;CCCc1cc(C(=O)NCC(c2ccccc2)C(F)(F)F)[nH]n1;CN(C)C(=O)CN1C(=O)[C@H]2CCc3[nH]c4ccccc4c3[C@H]2C1=O
m_64030c,Cc1ccc(-c2nnc(CCC(=O)N3CCCC(C)CC3)o2)cc1;CC1(C)CCC(C(=O)NCCc2nnc(-c3ccccc3)o2)CC1;COc1ccc(-c2nnc([C@H]3CCN(C4CCCCC4)C3)o2)cc1;COc1ccccc1-c1nnc([C@H]2CCN(C3CCCCC3)C2)o1;OC1CCCCC1C1CCCN1Cc1nnc(-c2ccccc2)o1;CC1=C[C@@H](CO)[C@H](C(C)C)C[C@H]1Cc1nnc(-c2ccncc2)o1;CC1=C[C@@H](CO)[C@H](C(C)C)C[C@H]1Cc1nnc(-c2cccnc2)o1;Cc1nc(CCC(=O)N2CC(C)NC(C)C2)oc1-c1ccccc1;CC1CN(C)CCN1C(=O)CCCc1ncc(-c2ccccc2)o1;Cc1nnc(CC(=O)NCC2(c3ccccc3C)CCCCC2)o1;Cc1cccc(CCCN2CC3COCC3(c3nnc(C)o3)C2)c1;CCc1nnc(CNC(=O)C2(c3ccccc3C)CCCCC2)o1;CC(=O)N1CCC(N2CC[C@H](c3nc4cc(C)ccc4o3)C2)CC1;Cc1nnc(C2CCCN(Cc3ccccc3OC3CC3)C2C)o1;COc1cccc(CCC(=O)N2CCCC(n3cc(C)cn3)C2)c1;CC(C)c1oc(-c2ccccc2)nc1C(=O)N1CCNC(C)(C)C1;COc1ccccc1CCC(=O)N1CCCC(n2cc(C)cn2)C1;CN(C(=O)NCCc1coc(-c2ccccc2)n1)C1CCCCC1;CCOc1ccc(CC(=O)N2CCC(c3ccnn3C)CC2)cc1;COc1cc(CC(=O)N2CCC(c3cc(C)n[nH]3)CC2)ccc1C;CC(C)c1ccccc1NC(=O)CN1CCC(c2ncco2)CC1;CCOc1ccccc1CCC(=O)N1CCCC(n2cccn2)C1;COC(C(=O)N1CCCC(c2nc3cc(C)ccc3[nH]2)C1)C1CC1;COc1ccc(CCC(=O)N2CCCCC2Cn2cccn2)cc1;COc1cccc(CCC(=O)N2CCCCC2Cn2cccn2)c1
m_64306c,CCOc1ccc(S(=O)(=O)NC2CCCN(c3ccnn3CC)C2=O)cn1;CCOc1ccc(S(=O)(=O)NC2CCCN(c3cc(C)nn3C)C2=O)cn1;Cc1cc2n(n1)C1(CCN(S(=O)(=O)c3c(C)noc3C)CC1)CC(=O)N2C;O=C1C2Cc3c([nH]c4ccccc34)C(c3ccccc3)N2C(=O)N1c1ccccc1;CCOC(=O)NC1CCCN(C(=O)C2CC(=O)N(c3ccc(Cl)cc3)C2)C1;O=C(c1cccc(F)c1)N1C[C@H]2[C@@H](c3ccccc31)[C@@H](CO)N2Cc1cocn1;COc1cc(CNC(=O)c2c3c(nn2C)C(C)OC(C)C3)cc(Cl)c1OC;CS(=O)(=O)Nc1cc(-c2noc([C@@H]3CCCN3C3CCOCC3)n2)ccn1;CN1CC2C(CCCN2C(=O)NCCc2cc(Cl)c3c(c2)OCCO3)C1=O;CC(C)C[C@H](NC(=O)c1cc2cc(Cl)ccc2n1C)C(=O)N[C@@H](C)C(=O)O;CS(=O)(=O)N1CCNC[C@@H]1C(=O)N[C@H](Cc1c[nH]c2ccccc12)C(N)=O;CC[C@H](C)[C@H](NC(=O)c1cc2cc(Cl)ccc2n1C)C(=O)N[C@@H](C)C(=O)O;CC1NC(C(=O)NCCN2CCS(=O)(=O)CC2)=NN(c2ccccc2)C1=O;CCC(C(=O)Nc1ccc(C(=O)N2CCOCC2)c(Cl)c1)N1CCCC1=O;CC[C@H](C)[C@H](NC(=O)[C@H](C)NC(=O)c1cc2cc(Cl)ccc2n1C)C(=O)O;CCOC(=O)C1CCCN(C(=O)CN2CCN(c3cccc(Cl)c3)C2=O)C1;COC(=O)C1Cc2ccccc2CN1C(=O)c1cc(C)n(-c2cccc(F)c2)n1;CC(C)C(NC(=O)Cn1cnc2c(oc3ccccc32)c1=O)c1ccc(F)cc1;O=C(Cn1c(=O)cc(C(=O)N2CCCC2)c2ccccc21)Nc1ccc(F)cc1;CC(C)C[C@H](NC(=O)[C@H](C)NC(=O)c1cc2cc(Cl)ccc2n1C)C(=O)O;O=C(Nc1ccc(OCc2noc(C3CC3)n2)cc1)C1(c2ccc(F)cc2)CC1;CCOC(=O)N1CCC(NC(=O)C2CC(=O)N(C)C2c2cccc(Cl)c2)C1;O=C(c1cc(=O)n(CC(O)=Nc2ccccc2F)c2ccccc12)N1CCCC1;NCC(=O)N1CCN(C(=O)c2cccs2)C[C@@H]1C(=O)N[C@H]1CCCNC1=O;Cc1c(C(=O)N2CCN(C(=O)c3ccc(F)cc3)CC2)c(O)nc2ccccc12
m_65a7ff,Cc1nc(COc2ccc(C(=O)N3CCCC3c3ccncc3)cc2)no1;O=C(c1ccc(Oc2cccnc2)cc1)N1CCCCCC1c1ncon1;COc1cnccc1-c1noc(C2CCC(=O)N(C)C2c2ccccc2)n1;Cc1ccc2nc(C3CC3)cc(C(=O)N3CCOCC3c3ncon3)c2c1;O=C(c1cnc2[nH]c(=O)[nH]c2c1)N1CC2(CCOCC2)C1c1ccccc1;C[C@@H](c1ccccc1)N1C(=O)[C@@H]2CN(C(=O)c3cccnc3)CCN2C1=O;Cc1noc(-c2ccccc2C(=O)N2CCN(c3ccccc3O)CC2)n1;COc1ccc(C(=O)N2CCN(c3ccc(-c4ccco4)nn3)CC2)cc1;O=C(c1cnc2[nH]c(=O)[nH]c(=O)c2c1)N1CCCC1CCc1ccccc1;COC(=O)c1ccc(C(=O)N2CCC(c3nnc4ccccn34)CC2)cc1;COc1cc2c(cc1OC)CN(C(=O)c1cc(-c3cccnc3)n[nH]1)CC2;O=C(c1cocn1)N1CC2CCCC2(c2nc(Cc3ccccc3)no2)C1;COc1cc(-c2noc(C3CC(=O)N(CCc4ccccc4)C3)n2)ccn1;O=C1N[C@H](Cc2ccccc2)C(=O)N2CCN(C(=O)c3cccnc3)C[C@@H]12;O=C(Cn1nc(-c2ccco2)ccc1=O)N1CCCC[C@H]1c1cccnc1;COc1cc(C(=O)N2CCN(C3CC4CCC3C4)CC2)cc(Cl)c1O;CC1(Cc2ccccc2)CCCN1C(=O)c1cnc2[nH]c(=O)[nH]c(=O)c2c1;O=C(Cn1c(=O)[nH]c2ccccc2c1=O)N1CCCC[C@@H]1c1cccnc1;COc1ccccc1Cn1cnc2cc(C(=O)N3CCNC(=O)C3)ccc21;O=C(CN1C(=O)[C@@H]2CCCN2C(=O)c2ccccc21)NCc1ccncc1;O=C(Cn1ccc2c([N+](=O)[O-])cccc21)N1CCCC[C@H]1c1cccnc1;Cc1noc2ncc(C(=O)N3CCN(C(=O)Cc4ccccc4)CC3)cc12;COCc1nnc(C23CCC2CCN3C(=O)c2ccc3ccccc3n2)o1;CC1(O)CCCN(C(=O)C2CCCN(C(=O)c3ccc(Cl)cc3)C2)C1;O=C(c1ccn2c(-c3ccccc3)nnc2c1)N1CCC2(CC1)OCCO2
m_6817b1,O=C(c1cnccn1)N(Cc1c(F)cccc1F)C1CCCC1;Cc1nccnc1C(=O)N1CCC(c2ccc(F)c(F)c2)C1C;O=C(NCc1ccncc1)N(Cc1ccc(F)cc1F)C1CC1;CN1CCC(NC(=O)c2ccccn2)C1c1ccc(F)c(F)c1;O=C(c1cccc(F)c1F)N1CCN(Cc2cccnc2)CC1;CC1(C)CN(CC(F)(F)F)CCN1C(=O)c1cccc(=O)[nH]1;O=C(c1n[nH]c2c1CCC2)N1CCCC1c1ccc(F)c(F)c1;CC(=O)N1CC(NC(=O)c2[nH]ccc2C)CCC1C(F)(F)F;O=C(c1cc2n(n1)CCCC2)N1CCc2c(F)ccc(F)c2C1;CC1CN(c2ccncc2)CCN1C(=O)c1cc(F)cc(F)c1;CC1CN(c2ccncc2)CCN1C(=O)c1ccc(F)c(F)c1;Cc1ccc2c(c1)C(NC(=O)c1cc(C(F)F)ncn1)CCC2;CC1COCCN1CCNC(=O)c1ccc(C(F)(F)F)cn1;CC1CN(C)c2ccccc2N(C(=O)c2ncc(F)cc2F)C1;CC(O)CN1CCN(C(=O)c2ccc(C(F)(F)F)nc2)CC1;CC1CN(C(=O)c2ccc(OCC(F)(F)F)nc2)CC(C)N1;Cn1cc(C(=O)NC2CCN(CC(F)(F)F)CC2)ccc1=O;CC(NC(=O)c1c[nH]c(C(F)(F)F)c1)C(=O)N1CCCCC1;Cc1ccnc(C(NC(=O)Cc2ccc(F)c(F)c2)C2CC2)n1;CCn1cc(C(=O)N2CCCC3OCCC32)c(C(F)(F)F)n1;O=C(c1cc(C(F)(F)F)n[nH]1)N1CCC(C2CCOCC2)C1;O=C(c1conc1C(F)(F)F)N1CCN(C2CCCC2)CC1;CC(CN1CCOCC1)NC(=O)c1cccnc1C(F)(F)F;COCCN1CCN(Cc2ncccc2C(F)(F)F)CC1=O;O=C(NCc1ncccc1O)C1CCCN(CC(F)(F)F)C1
m_6b66aa,Cc1cc(S(=O)(=O)Nc2cc(Cl)ccc2O)ccc1F;COc1cccc(S(=O)(=O)Nc2ccc(F)c(Cl)c2)c1;COc1ccccc1S(=O)(=O)Nc1ccc(F)c(Cl)c1;COc1ccc(Cl)cc1S(=O)(=O)Nc1ccccc1F;COc1ccc(Cl)cc1C[S+]([O-])Cc1csc(C)n1;Nc1c(S/C=C/Cl)ccc2c1C(=O)c1ccccc1C2=O;O=C1c2cc([N+](=O)[O-])ccc2-c2c1cc([N+](=O)[O-])cc2[N+](=O)[O-];O=C(CSc1nnc2sc3ccccc3n12)c1ccco1;O=C(OCc1cccnc1)c1cc2c(nc3sccn32)s1;O=c1c2sccc2ncn1Cc1cc(-c2cccs2)on1;O=c1c2sccc2ncn1Cc1ncc(-c2cccs2)o1;Brc1ccc2ncnc(NCc3ncccn3)c2c1;O=C(Nc1ccc(I)cc1)C1CCCC1;Nc1nc(N)nc(-c2cc3ccccc3cc2Br)n1;C[As](C)(=O)CCCC(=O)NCCS(=O)(=O)O
m_6d224e,CCN1CCN(C(=O)Cc2csc(NC(=O)c3cccs3)n2)CC1;COc1ccccc1C(CNC(=O)c1ccc(Cl)s1)N1CCCC1;CCNC(=O)N1CCC(NC(=O)c2sc(-c3ccsc3)nc2C)C1;CC(C)C(=O)N1CCC(C(=O)Nc2nc(-c3cccs3)ns2)CC1;CC(C)c1cnc(NC(=O)C2(c3ccc(Cl)cc3)CCOCC2)s1;CC1CCC(C(=O)O)C(C)N1Cc1csc(-c2ccc(Cl)cc2)n1;Cc1sc2ncnc(SCCC(=O)NC3CCCNC3=O)c2c1C;COCc1nc(C(=O)NCC2(c3ccc(Cl)cc3)CCCC2)cs1;CC(C)(C)NC(=O)NC(=O)CSc1ncnc2sc3c(c12)CCC3;CC1CCc2c(sc3nc(SCCN4CCOC4=O)nc(N)c23)C1;COc1cc(-n2cnnn2)c(Cl)cc1C(=O)N1CCC(NC(C)=O)C1;O=C(NCc1nccs1)C1CCC(C(=O)NCc2nccs2)CC1;Cc1nc(C(F)(F)F)ccc1C(=O)N1Cc2ccccc2CC1C(=O)O;O=C(c1cc(=O)c2ccccc2o1)N(Cc1ccc([N+](=O)[O-])cc1)C1CC1;O=C1Nc2cc(Cl)ccc2SC1CC(=O)N(C1CCCC1)C1CC1;CC[C@@]1(O)C(=O)OCc2c1cc1n(c2=O)[C@@H](O)c2cc3ccccc3nc2-1;COC(=O)c1ccccc1NC(=O)c1c(O)n2c3c(cccc3c1=O)CC2;CCC1(O)C(=O)OCc2c1cc1n(c2=O)Cc2cc3c(O)cccc3nc2-1;COC(=O)c1ccccc1NC(=O)c1c(O)c2cccc3c2n(c1=O)CC3;COc1ccc(-c2oc3cc4c(cc3c2CC(=O)NCC#N)OCO4)cc1;CCC1(O)C(=O)OCc2c1cc1n(c2=O)Cc2cc3cc(O)ccc3nc2-1;CC[C@@]1(O)C(=O)OCc2c1cc1n(c2=O)Cc2cc3ccc(O)cc3nc2-1;O=C1OCc2c(cc3n(c2=O)Cc2cc4ccccc4nc2-3)[C@@]1(O)CCO;COc1cc([C@@H]2Oc3ccc4[nH]cc5c4c3[C@H]2C(=O)NCC5=O)ccc1O;Cn1c(-c2c(CCC(=O)O)oc3cc(O)ccc3c2=O)nc2ccccc21
m_6d3dc0,CN(C)S(=O)(=O)N1CCN(C(=O)Cc2ccccc2F)CC1;O=S(=O)(N1CCOCC1)N1CCN(c2ccccc2F)CC1;O=S(=O)(N1CCOCC1)N1CCN(c2ccc(F)cc2)CC1;CN(Cc1cccc(F)c1)C(=O)C1CCN(S(N)(=O)=O)CC1;CC(NC(=O)C1CCN(S(N)(=O)=O)CC1)c1cccc(F)c1;CS(=O)(=O)N1CCC(NC(=O)NCc2ccccc2F)CC1;NS(=O)(=O)N1CCN(C2c3ccccc3-c3ccccc32)CC1;O=C(Cc1ccccc1C(F)(F)F)N1CCOCC12CCOC2;CS(=O)(=O)N1CCC(CNC(=O)NCc2ccc(F)cc2)C1;Cc1ccc(C)c(CC(=O)N2CCC(C(=O)O)(C(F)(F)F)C2)c1;CCC(C(=O)N1CCN(c2nccs2)C(=O)C1)c1ccccc1;NS(=O)(=O)CC1CCN(C(=O)NCc2cccc(F)c2)CC1;NC(=O)C(NC(=O)CN1CCc2sccc2C1)c1ccccc1;CCCN1CCN(C(=O)CS(=O)(=O)NC)c2cc(F)ccc21;Cc1ccccc1C1C(=O)NCCN1Cc1cc(C(N)=O)cs1;O=C(O)c1ccc(CCC(=O)N2CCC(C(F)(F)F)CC2)cc1;CC1CN(C(=O)CCc2ccccc2C(F)(F)F)CC1C(=O)O;CN(C)S(=O)(=O)c1cccc(CN2CC(F)CC2C(N)=O)c1;CC(CC(=O)N1CCC(C(=O)O)C1)c1cccc(C(F)(F)F)c1;NC(=O)CCN1CCC(NS(=O)(=O)c2ccc(F)cc2)CC1;O=C(O)c1ccc(CCC(=O)N2CCCC(C(F)(F)F)C2)cc1;CC(CC(=O)N1CCC(C(=O)O)C1)c1ccccc1C(F)(F)F;CC(=O)N1CCc2ccc(NC(=O)NCc3cccs3)cc2C1;CC(Cc1cccc(C(F)(F)F)c1)C(=O)N1CCC(C(=O)O)C1;O=C(O)C1CCCN(C(=O)CCc2ccc(C(F)(F)F)cc2)C1
m_6d9287,Cc1cncc(C(=O)N(c2cccnc2)C(C)C)c1;CCN(C(=O)c1ccc(C)nc1)c1cccnc1C;CCN(C)c1ccc(C(=O)Nc2cccnc2)cc1;Cc1ccccc1N(C(=O)c1cnccn1)C(C)C;Cc1cccnc1NC(=O)c1cccc(N(C)C)c1;CCC(CC#N)NC(=O)c1ccc2cc(C)cn2c1;CCNC(=O)c1ccc(NCc2ccncc2)cc1;Cc1c(C(=O)N2CCCc3ccccc32)cnn1C;Cc1cc(C(=O)N2CCCCc3ccccc32)[nH]n1;Cc1ccc2c(c1)CCCN2C(=O)c1cc(C)n[nH]1;CN(C)C(=O)c1ccc(NCc2ccncc2)cc1;O=C(NC1CCNCC1)c1cccc2cccnc12;CC1CCCN(C(=O)c2cc[nH]n2)c2ccccc21;Cc1ccc2c(c1)OC(C)CN2Cc1cncnc1;CNC(=O)c1cccc(CCNc2ccccn2)c1;CCC(NC(=O)Nc1cccnc1)c1ccccc1;Cc1ccc2c(c1)N(Cc1cncnc1)CC(C)O2;CNC(=O)c1ccc(C)c(NCc2ccncc2)c1;CCc1cc(NC(=O)c2ccnnc2C)ccc1C;CCC1CN(Cc2cncnc2)c2ccccc2O1;Cc1cccc(C(C)C)c1NC(=O)c1cnccn1;N/C(CN(Cc1ccccc1)c1ccccc1)=N\O;Cc1cnc(C(=O)Nc2ccc(C(C)C)cc2)cn1;O=C(NCC1(C2CC2)CC1)c1c[nH]c2cccnc12;CNc1cc(C(=O)N2CCCC2)c2ccccc2n1
m_6e1c94,O=c1cc(CN2CCOC(c3ccccc3F)C2)[nH]c2ccnn12;Cc1cc(C2CN(c3ncnc4onc(C)c34)CCO2)ccc1F;Cc1n[nH]c(=O)c(C(=O)NCCc2c[nH]c3ccc(F)cc23)c1C;O=C(NCCn1ccn2nccc12)C1(c2cccs2)CCCC1;N#Cc1ccc(CNC(=O)C2CCCOC2c2cn[nH]c2)cc1F;Cn1cc(C2OCCC2CNC(=O)c2ccc(F)c(C#N)c2)cn1;CN1CCn2nc(NC(=O)C3CC3c3ccc(F)cc3)cc2C1=O;Cc1cc(N2CC(O)CC2c2nnc(C)o2)c2cccc(F)c2n1;O=C(C1CC(O)CN1c1ccncn1)N1Cc2cccc(F)c2C1;N#Cc1cc(C(=O)NCC2CCCOC2c2cn[nH]c2)ccc1F;COc1ccc(C(C)NC(=O)c2cnc3[nH]c(C)nc3c2)cc1F;CCN1CCC(NC(=O)C(C)OC)C1c1ccc(Cl)c(F)c1;Cc1cc(N2CC(O)CC2c2nnc(C)o2)c2cc(F)ccc2n1;CN1C[C@H]2[C@@H](c3ccccc31)[C@@H](CO)N2Cc1ccccc1Cl;NC(=O)c1ccc(C(=O)N2CCN(C3CC3)c3ccc(F)cc32)[nH]1;Cc1cc(N)nc(SC(C)C(=O)N2CCc3ccccc3C2)n1;O=C(CN1CCN(c2ccc(F)cc2)C1=O)NCc1ccccn1;Cc1nc(C2CCN(C(=O)c3cc4c(C)ccc(F)c4o3)C2)n[nH]1;CN1C(=O)CC(CNC(=O)c2ccncc2F)C1c1cccnc1;Cn1cc(C(=O)NCc2cc(C#N)ccc2F)c(C2CCOC2)n1;COC1CC(c2nnc(C)o2)N(c2ccnc3cc(F)ccc23)C1;CCn1ccnc1Cc1nc2sc3c(c2c(=O)[nH]1)CCCCC3;CCn1nc(C2CC2)cc1C(=O)N1CC(=O)Nc2c(F)cccc21;Cc1cn2c(CNCCc3cccc(C(N)=O)c3)c(C)nc2s1;CN1C(=O)CC(CNC(=O)c2ccncc2F)C1c1ccncc1
m_6ebcf9,COC1CC(c2nc(C3CC3)n[nH]2)N(Cc2ccc3c(c2)CCO3)C1;COC1CC(c2nc(C)n[nH]2)N(C(=O)Cc2ccc3c(c2)CCC3)C1;COC1CC(c2nncn2C)N(C(=O)c2ccc3c(c2)CCCC3)C1;COC1CC(c2nncn2C)N(C(=O)c2ccc(C3CCC3)cc2)C1;COC1CC(c2nc(C)n[nH]2)N(C(=O)CCC=Cc2ccccc2)C1;COC1CC(c2ncn[nH]2)N(C(=O)Cc2ccc3c(c2)CCCC3)C1;COC1CC(c2nncn2C)N(C(=O)Cc2ccc3c(c2)CCC3)C1;COC1CC(c2nc(C)c(C)[nH]2)N(CCOc2ccc(C#N)cc2)C1;CCOc1ccccc1C(=O)N1CCC(c2nc(C3CC3)n[nH]2)CC1;CCOc1cccc(C(=O)N2CCC(c3n[nH]c(C4CC4)n3)CC2)c1;Cc1ccccc1OCC(=O)N1CCC(c2n[nH]c(C3CC3)n2)CC1;Cn1c(CNC(=O)CC2CCOc3ccccc32)nnc1C1CCC1;COc1ccc(CC(=O)N2CCC(c3n[nH]c(C4CC4)n3)CC2)cc1;CC(C)c1nnc2n1CCN(C(=O)c1ccc(OCC3CC3)cc1)C2;NC(=O)c1cc(C2CCCN(CCc3ccc4c(c3)CCO4)C2)n[nH]1;CNC(=O)C1CN(Cc2ccc3c(c2)CCO3)CC1c1cnn(C)c1;COC1CC(c2ncc[nH]2)N(CC(=O)N2CCCc3ccccc32)C1;CCc1ccc(O)c(C(=O)N2CCC(c3nnc4n3CCC4)CC2)c1;Cc1cccc(OCC(=O)N2CCC(c3n[nH]c(C4CC4)n3)CC2)c1;CCOC1CCCN(C(=O)c2ccc(-c3nc(C4CC4)n[nH]3)cc2)C1;CN(C)c1nccc(CN2CCCC2c2cccc3c2OCCO3)n1;CCOc1ccc(C(=O)N2CCCC(c3nnc4n3CCC4)C2)cc1;O=C(COc1ccc2c(c1)CCC2)NCc1nnc2n1CCCCC2;CN(C)c1ncc(CN2CCCC2c2cccc3c2OCCO3)cn1;CC(C)c1nnc2n1CC(NC(=O)c1ccccc1OC1CC1)CC2
m_6f127a,O=C(c1coc(C2CCC2)n1)N1CC(O)CC1c1cccc(F)c1;O=C(c1coc(C2CCC2)n1)N1CC(O)CC1c1ccc(F)cc1;O=C(c1coc(CC2CC2)n1)N1CC(O)CC1c1cccc(F)c1;O=C(c1coc(CC2CC2)n1)N1CC(O)CC1c1ccc(F)cc1;O=C(NC1CCCOc2c(F)cccc21)c1coc(CC2CC2)n1;COc1cc(C(=O)N2CC(O)CC2c2cccc(F)c2)cc(C)n1;O=C(c1coc(C2CCOCC2)n1)N1CCCc2ccc(F)cc21;COc1cc(C(=O)N2CC(O)CC2c2ccc(F)cc2)cc(C)n1;COc1cccc(CC(=O)N2CC(O)CC2c2cccc(F)c2)n1;COc1ccc(CC(=O)N2CC(O)CC2c2cccc(F)c2)nc1;CC(=O)NCc1ccc(C2CCCN2C(=O)c2ccccc2F)o1;O=C(NC1CCCOc2c(F)cccc21)c1noc2c1CCCC2;O=C(NC1CCCOc2cc(F)ccc21)c1noc2c1CCCC2;CC1CN(C(=O)c2csc(CCc3ccccc3)n2)C(C)CO1;Cc1nc(C2CC2)oc1C(=O)Nc1ccc(F)cc1OCC1CC1;CC(C)Oc1ncccc1C(=O)NC1CCOc2ccc(F)cc21;CC(C)CN(Cc1ccccc1F)C(=O)c1cc(C(=O)O)ccn1;O=C(c1c(O)cccc1F)N(Cc1ccncc1)CC1CCCO1;COc1ccc(C(=O)N2CCC(Oc3ccc(C)cn3)C2)cc1F;Cc1occc1C(=O)NCC(=O)NC1(c2ccc(F)cc2)CCC1;NC(=O)c1ccc(C(=O)NC(c2ccc(F)cc2)C2CCCC2)o1;Cc1cnccc1OC1CCN(C(=O)c2cccc(F)c2O)CC1;CC1(C)COCCN1C(=O)c1csc(CCc2ccccc2)n1;CN1CC[C@@](C)(O)[C@@H](NC(=O)c2ccccc2)[C@@H]1c1cccs1;CC1CN(C(=O)c2csc(-c3ccc(C(C)C)cc3)n2)CCO1
m_6f3a5c,Cc1n[nH]c(C)c1C1CCCN1C(=O)Cc1ccc2c(c1)CCO2;Cc1n[nH]c(C)c1C1CCCN1C(=O)c1cccc2c1OC(C)C2;Cc1cc(C2CCCN(C(=O)Cc3ccc4c(c3)CCO4)C2)n[nH]1;Cc1cnn(CC2CCCN2C(=O)Cc2ccc3c(c2)CCO3)c1;COc1ccccc1C1CCCN1C(=O)c1[nH]nc2c1CCCC2;CC(C)Cn1[nH]c(CC(=O)N2C3CCC2c2ccccc23)cc1=O;COc1ccc(CC(=O)N2CCCCCC2c2ccncc2)nc1;Cc1n[nH]c(C)c1CC(=O)N1CCOC2(CCc3ccccc32)C1;CC(C)Cn1ncc(C(=O)NC2COc3ccccc32)c1C1CC1;O=C(c1n[nH]c2c1CCC2)N1CCCC(COc2ccccc2)C1;COc1ccccc1C1(CNC(=O)c2cn(C)nc2C2CC2)CC1;CC(Cc1ccc(O)cc1)NC(=O)N1CCCC1c1ccncc1;Cc1n[nH]c(C)c1CCC(=O)N1CCC2(C1)OCc1ccccc12;CCOc1ccc(C2CC2NC(=O)c2cn(C)nc2C2CC2)cc1;Cc1cccc2c1CN(C(=O)c1n[nH]c3c1CC(C)OC3C)CC2;Cc1nn(C)c(C)c1CC(=O)N1CCC2(C1)OCc1ccccc12;COc1cccc(C2(C(=O)N3CCCC(c4ccn[nH]4)C3)CC2)c1;O=C(c1ccccc1OC1CCC1)N1CCCC(c2ccn[nH]2)C1;COc1cccc(C2CC2CNC(=O)c2cnn(C)c2C2CC2)c1;Cn1nccc1C1CCCN(C(=O)c2ccccc2OC2CC2)C1;Cc1ccc(C2CN(C(=O)c3n[nH]c4c3CCC4)CCO2)c(C)c1;COc1ccc2c(c1)CCN(C(=O)C1CCc3nc(C)[nH]c3C1)C2;CCCC1c2ccccc2CCN1C(=O)c1nc(C)c(C)[nH]c1=O;O=C(NCc1ccccc1OCC1CC1)c1cnn2c1CCCC2;COc1ccccc1C1CC1C(=O)N1CCCC(c2ccn[nH]2)C1
m_6f414f,Cc1cccc(S(=O)(=O)Nc2cccc(-c3ccc(=O)[nH]n3)c2)c1;Cc1ccc(S(=O)(=O)Nc2cccc(-c3ccc(=O)[nH]n3)c2)cc1;Cn1nc(-c2ccccc2NS(=O)(=O)c2ccccc2)ccc1=O;CN(c1ccccc1C(N)=O)S(=O)(=O)c1cccc2ncccc12;CCCn1cc(NS(=O)(=O)c2cc(C(=O)O)cc(F)c2C)cn1;CCc1nn(C)cc1NS(=O)(=O)c1cc(F)c(C)c(C(=O)O)c1;CC(C)c1nn(C)cc1NS(=O)(=O)c1cccc(C(=O)O)c1F;CCN(c1cnn(C)c1)S(=O)(=O)c1cc(F)c(C)c(C(=O)O)c1;CC(C)Cn1cnc(S(=O)(=O)Nc2ccc(C(=O)O)cc2F)c1;NS(=O)(=O)c1ccc2c(c1)N(C(=O)c1cc3ccccn3c1)CC2;Cc1cc(C(=O)O)c(F)c(S(=O)(=O)N(C)CCn2cccn2)c1;COC(=O)C(C)(C)NS(=O)(=O)c1ccc(-n2cccn2)c(F)c1;CCOc1ccc(-c2csc(Nc3ccccc3)n2)cc1[N+](=O)[O-];CS(=O)(=O)c1ccc2ncnc(Nc3ccc4c(c3)COC4)c2c1;NS(=O)(=O)c1ccc(C(=O)N2C3CCC2CC(=O)NC3)c(F)c1;NS(=O)(=O)c1ccc(C(=O)N2C3CCC2CC(=O)NC3)cc1F;CN(C)C(=O)CNS(=O)(=O)Cc1cc(-c2ccc(F)cc2)no1;Cc1noc(C2OCCC2CNS(=O)(=O)c2ccccc2F)n1;O=C(NCC(C(=O)O)c1ccccc1)c1cc(-c2cccs2)[nH]n1;COc1ccc2c(c1)CCN2C(=O)c1cc(C#N)c(SC)[nH]c1=O;COC(=O)c1sc(-c2ccccc2)cc1NC(=O)c1ccn(C)n1;CC(C)n1cnc(S(=O)(=O)NCc2cc(C(=O)O)ccc2F)c1;COc1ccc(-c2n[nH]c(=S)n2-c2ccc3c(c2)OCCO3)cc1;Cc1cccc(C(=O)Nc2ccc(-c3ccc(CO)o3)c(Cl)c2)c1;O=C(Nc1nc(-c2ccccc2C(F)(F)F)cs1)C1CCNC1
m_6f45e5,O=C(NC1CCN(CCc2ccccc2)CC1)N1CCCC(n2cncn2)C1;O=C(Nc1ncn(C2CCCCC2)n1)NC(CN1CCCC1)c1ccccc1;O=C(NCC1CCCN1Cc1ccccc1)Nc1ncn(C2CCCCC2)n1;CN1CCN(C(=O)NCCc2nnc3n2CCCCC3)C(c2ccccc2)C1;Cc1cc(-n2cncn2)ccc1C(=O)NC1CCN(C2CCN(C)CC2)CC1;CN(C)Cc1cn(C[C@H]2C[C@H]3CC[N@]2C[C@@H]3C(=O)NCc2ccccc2)nn1;CC(C)N1CCCC(CNC(=O)N2CCn3c(nnc3-c3ccccc3)C2)C1;CCCCc1cn(C[C@H]2C[C@H]3CC[N@]2C[C@@H]3C(=O)NCc2cccnc2)nn1;CC(C)(C)c1cn(C[C@H]2C[C@H]3CC[N@]2C[C@@H]3C(=O)NCc2cccnc2)nn1;CCCN1CCC(CNC(=O)N2CCn3c(nnc3-c3ccccc3)C2)CC1;Cc1cc(C)n(-c2ccc(CNC(=O)NC3CCN(CC4CC4)CC3)cn2)n1;CC(C)n1nnc(-c2ccc(C(=O)NC[C@@H]3CCCN4CCCC[C@H]34)cc2)n1;CN(C)CC1(CNC(=O)N2CCn3c(nnc3-c3ccccc3)C2)CCCC1;CC1(C)Cc2c(cnn2-c2ccncc2)CN(C(=O)NC2CCCCNC2)C1;Cn1nccc1C1CN(C(=O)CCN2CCN(c3ccccc3)CC2)CC1N;CC1CCCc2cc(C(=O)Nc3ccc(N4CCC(N(C)C)CC4)cn3)nn21;CCN(Cc1cccnc1)C(=O)c1nc(C)c(C)c(N2CCC(N(C)C)C2)n1;Cc1ccc(Nc2cccc(C(=O)NCC(C)CN3CCN(C)CC3)c2)nn1;Cc1ccc(CN(C)C(=O)c2nc(C)c(C)c(N3CCC(N(C)C)C3)n2)nc1;CCCC[C@H](N[C@@H](C)C(=O)N1[C@H](C(=O)OCC)C[C@@H]2CCCC[C@@H]21)C(=O)O;C[C@H]1CC[C@H](NC[C@H]2O[C@@H]3C[C@@H](CC(=O)N4CCOCC4)O[C@@H]3[C@@H]2O)CC1;C=C1[C@H]2CC[C@@](C(=O)CCc3ccccc3)([C@]1(C)C1CCCCC1)[C@]2(O)OC;C=C1[C@H]2[C@@H](CO)C[C@](C(=O)CCc3ccccc3)([C@@H]2OC)[C@]1(C)C1CCCC1;CC(C)(C)C(=O)N1CC[C@@H](CC(=O)O)[C@@H](CCN2CCC(C(=O)O)CC2)C1;CC(C)N1CCN(CC#CCOC2CCN(c3nccnc3C#N)CC2)CC1
m_70464b,Cc1occc1C(=O)N1CCS(=O)(=O)C(C)C1C;Cc1occc1C(=O)N1CCS(=O)(=O)C(C)(C)C1;CCCN(C(=O)c1ccoc1)C1CCS(=O)(=O)C1;C=CCSCC(NCc1ccc(CO)o1)C(=O)O;O=C(O)C1CC(NC(=O)C2CC3CCC2O3)CS1;COCCS(=O)(=O)N1CCOc2cc(C)ccc21;COCC(C)N(C(=O)C(=O)O)c1c(C)csc1C;Cn1cnc2c1CCN(c1ncnc3ccsc13)C2;CC(C)(C)OC(=O)NC(CC(=O)O)c1ccsc1;COc1cc(CNC(CCS)C(=O)O)ccc1O;COC(=O)CN(c1c(C)cccc1C)S(C)(=O)=O;COc1ccc(S(=O)(=O)N2CCOCC2)c(C)c1;COc1cc(C)ccc1S(=O)(=O)N1CCOCC1;Cc1ccc(C(=O)Nc2ccnc3ncnn23)c(F)c1;CCN(CC)S(=O)(=O)c1cc(C(=O)O)ccc1C;CCOC(=O)[C@@](C)(N)c1ccc(S(C)(=O)=O)cc1;COc1ccc(S(=O)(=O)N2CCCC2)cc1OC;CC(C)c1ccc(C(=O)O)cc1S(=O)(=O)N(C)C;CCCC(NS(=O)(=O)c1ccc(C)cc1)C(=O)O;CCN(CCO)S(=O)(=O)c1ccc2c(c1)CCO2;Cc1cc(C)c(C)c(S(=O)(=O)NCC(=O)O)c1C;CS(=O)(=O)N[C@H]1[C@H](O)[C@H](O)C[C@@H]1c1ccccc1;Cc1ccc(C)c(S(=O)(=O)NCCCC(=O)O)c1;Cc1cc(C)c(S(=O)(=O)NCCC(=O)O)c(C)c1;Cc1ccc(S(=O)(=O)N[C@H](C(=O)O)C(C)C)cc1
m_70fe91,Cn1ccnc(NC2CCN(c3ccc(Br)cc3)C2)c1=O;Cn1ccnc(NC2CCN(c3ccccc3Br)C2)c1=O;Cn1cnc(C(=O)NC2CCN(c3ccccc3Br)C2)c1;Cc1nc(C(=O)NC2CCN(c3ccccc3Br)C2)c[nH]1;O=C1NCCC1Nc1ccc(CCn2cc(Br)cn2)cc1;O=C(O)c1ccc(C(=O)NC2CCN(c3ccccc3F)C2=O)s1;O=C(c1cn[nH]c1)N1CCCC(Nc2cccc(Br)c2)C1;CN1CCC(CNc2ccnc3cc(Br)cnc23)CC1=O;Cc1nc(C(=O)N2CCN(c3cccc(Br)c3)CC2)c[nH]1;CC(C)C(Nc1ccnc(-c2ccc(Br)cc2)n1)C(N)=O;CCNC(=O)C(C)Nc1ccnc(-c2ccc(Br)cc2)n1;Cc1ncnc(N2CCC(Oc3ccncc3Br)C2)c1C;CCc1cc(Br)cc2c1N(C(=O)c1ncn(C)n1)CCC2;CCN(C(=O)c1cc(C2CC2)nn1C)c1ccc(Br)cn1;COc1nc(C)cc(N2CCCC2c2cncc(Br)c2)n1;Cn1nncc1C(=O)N1CCC(C)(C)c2ccc(Br)cc21;COCc1cc(N2CCCC2c2cncc(Br)c2)ncn1;Cc1cc(NC(=O)C2CCNC2)n(-c2cccc(Br)c2)n1;CCc1cnc(N2CCC(Oc3ccncc3Br)C2)nc1;CCn1nncc1C(=O)N1CCCc2ccc(Br)c(C)c21;COc1ccc(NC(=O)C2CSCN2C(=O)c2ccsc2)cc1;Cc1nn(CC(=O)Nc2cc(C(F)(F)F)c[nH]c2=O)c(C)c1Cl;O=C1OCCN1c1ccc(S(=O)(=O)N2CC(OC(F)F)C2)cc1;Cc1ccc(NC(=O)Cn2nc(C(F)(F)F)n(C)c2=O)cc1Cl;Cn1cnc(C(=O)N2CCCC2Cc2ccc(Br)cc2)n1
m_70ff2a,Cc1n[nH]cc1CNc1ccc(C(=O)N2CC(C)OC(C)C2)cc1;Cc1c(CNc2ccc(C(=O)N3CCC(O)CC3)cc2)cnn1C;CCN1CCOC(CNC(=O)c2cn[nH]c2C)C1c1ccccc1;CCn1cc(C2CN(C(=O)c3ccc(N(C)C)cc3)CCO2)cn1;Cc1nn(C)cc1C(=O)NCC1OCCN(C)C1c1ccccc1;Cc1n[nH]c(C)c1CNC(=O)N1CCOC(Cc2ccccc2)C1;CCOc1ccc(CN2CCN(C(=O)c3cn[nH]c3C)CC2)cc1;Cc1n[nH]c(C)c1CNC(=O)N1CCOC(C)(c2ccccc2)C1;Cc1cc(C(=O)N(C)CC2OCCN(C)C2c2ccccc2)[nH]n1;CCc1c(C(=O)N2CC(C)OC(C)(C)C2)cnn1-c1ccccn1;COc1cccc(NC2CCN(C(=O)c3n[nH]c(C)c3C)CC2)c1;Cc1cccc(NC(=O)N2CCOCC2c2c(C)nn(C)c2C)c1;CN(CC1OCCN(C)C1c1ccccc1)C(=O)Cc1ccn[nH]1;Cc1n[nH]c(C)c1C1COCCN1C(=O)c1cccc(C(C)C)n1;Cc1cc(C(=O)N2CCCC2CN2CCOCC2)c2n[nH]cc2c1;Cc1nn(C)c(C)c1CNC(=O)N1CCOC(c2ccccc2)C1;COc1ccccc1N1CCN(C(=O)c2c(C)nn(C)c2C)CC1;CCC(C)NC(=O)c1ccc(NCc2nnc(C3CC3)o2)c(C)c1;Cc1cc(CN2CCN(C(=O)c3cccc(N(C)C)c3)CC2)no1;N#Cc1ccc(NCC(=O)N2CCN(CC3CCCO3)CC2)cc1;CC1CN(C(=O)NCCc2ccn(-c3ccccc3)n2)CC(C)O1;Cc1nn(C)c(C)c1C1COCCN1C(=O)c1cc[nH]c1C1CC1;Cc1cc(C(=O)NCc2ccnn2C)ccc1NC(=O)CC(C)C;Cc1ccc(OC2CCN(C(=O)c3c(C)nn(C)c3C)CC2)nc1;CC(=O)N1CCN(Cc2ccccc2NCc2cc(C)no2)CC1
m_7108be,COCC1COCCN1C(=O)C1OCCC1C(C)C;COCC1CC(OC)CN1C(=O)C1CCC(O)CC1;COC1CC(CO)N(C(=O)COC2CCCCC2)C1;COC1CC(CO)N(C(=O)CC2(O)CCCCC2)C1;CCOC(=O)C1CCN(C(=O)COC(C)CC)CC1;CC1CCCC(OCC(=O)NC(C(=O)O)C(C)C)C1;CCCCCCC(O)CC(=O)N1CCCC1C(=O)O;CC1CCC(CCC(=O)NC(C(=O)O)C(C)(C)C)O1;CC1CCC(OCC(=O)NC(C)C(C)C(=O)O)CC1;CCCCCCCC(O)CC(=O)NC1CCOC1=O;CC[C@@](C)(O)[C@@H](O)C(=O)OC[C@@H]1CCN2CCC[C@@H]12;CCCCCC=CC(C)C(O)C(=O)NC(C)C(=O)O;CC(C)(C)OC(=O)NC(CC1CCCCC1)C(=O)O;C=CCCCCCCCCC(=O)NC(CO)C(=O)O;CCOC(=O)C1CCCCC1NC(=O)OC(C)(C)C;CC(NC(=O)OC(C)(C)C)C1CCC(C(=O)O)CC1;CC(C)(C)OC(=O)NC(CC(=O)O)C1CCCCC1;CC(C)=CCCC(C)CNC(CCC(=O)O)C(=O)O;CC(C)(C)OC(=O)NCC1(CC(=O)O)CCCCC1;CCCCCCCCC=CC(=O)NC(CO)C(=O)O;CCCCCC=CCCCNC(CC(=O)O)C(=O)O;CCCCCCCCCC(=O)N=C(CCO)C(=O)O;CC1(C)CC2CC(C)(CN2c2ncnc3[nH]cnc23)C1;CCCCCCCC(=O)C(C)N=C(O)CCC(=O)O;N#Cc1ccc(N2CCC(N3CCCCC3)C2)nc1N
m_7125ae,COc1cc(C(=O)NC(C)(CO)C2CCCCC2)on1;COc1cc(C(=O)NCC2CCOC2C(C)(C)C)on1;CCOC1CC(CO)(NC(=O)c2cc(C)on2)C1(C)C;COCc1cc(C(=O)NCC(O)C2CCCCC2)no1;COCc1nocc1C(=O)NCC1(O)CCCC1(C)C;COCC(=O)N[C@H]1C[C@@H](Cc2cc(CO)on2)C1(C)C;CCOC(=O)NC(CNC(=O)c1ccco1)CC(C)C;COCc1ccc(CN2CCCC(O)(CC(N)=O)C2)o1;OCCc1cc(CC2(NC3CCOCC3)COC2)no1;COc1cc(CNC(CCCCN)C(=O)O)ccc1O;COc1ccc(CNCC(O)CCC(N)C(=O)O)cc1;COC(=O)[C@@H]1[C@@H](NC(=O)C2CCCC2)CCN1C(C)=O;CO[C@@H]1C(=O)N(C)[C@@H]2CN(C(=O)C3CCOCC3)C[C@H]12;CC1CC(=O)NC(C(=O)N2CCOC3(CCOC3)C2)C1;O=C(CN1CCCCC(O)C1=O)N1CC2(CCOC2)C1;C=C[C@H]1C[N@]2CC[C@H]1C[C@@H]2CNC(=O)COCC(=O)O;CC(=O)N1CCCC1C(=O)NC1CCC(C(=O)O)CC1;COCC(=O)N1C[C@@H]2[C@H](OCC3CC3)C(=O)N(C)[C@@H]2C1;O=C(NCC1(NC(=O)C2CCCO2)CC1)C1CCCO1;COc1cn(CC(=O)NCCC(C)C)c(CO)cc1=O;NC(=O)C1CCCN(C(=O)C2CCCC(C(=O)O)C2)C1;N[C@@H](CCCCNC(=O)OC1C[C@@H]2C=C[C@H]1C2)C(=O)O;CCN(CC(=O)O)C(=O)C1CC(=O)N(C2CCCC2)C1;CO[C@@H](CC(=N)C1=C(O)C(=C(C)C)NC1=O)C[C@H](C)O;CO[C@H](C/C(N)=C1\C(=O)NC(=C(C)C)C1=O)C[C@H](C)O
m_741f2c,O=C(NCc1ccc(Br)cn1)C1NCC12CCCC2;NC1CC2CC(C(=O)NCc3ccc(Br)cn3)CC12;O=C(NCc1ncccc1Br)C12CCCC1NCC2;Cc1ccc(Br)c(C(=O)NC23CCCC2NCC3)n1;Cc1ccc(Br)c(C(=O)N2CC(N)C3(CCC3)C2)n1;Cc1ccc(Br)c(C(=O)N2CC3CCCC3(N)C2)n1;CN1CC2CCCN(C(=O)c3ncccc3Br)C2C1;CCC(C)C(NCc1ccc(C#N)cc1Br)C(N)=O;CN(C)C(=O)C(C)(C)NCc1ccc(C#N)cc1Br;CC1CCN(Cc2nc3cc(Br)ccc3[nH]2)CC1O;NC(=O)C1(O)CCCN(c2ncc(C(F)(F)F)cc2Cl)C1;CC(C)C(OC(=O)c1cccs1)C(=O)NCc1cccs1;O=C(NCC1(O)CSCCSC1)c1cc2ccccc2o1;Cc1c(C(=O)N2CCOCC2C(=O)O)sc2cccc(F)c12;CC[C@H](C)N/C=C1\N=C(c2ccc(Br)[nH]2)C=C1OC;CCc1ccc(CNC(=O)C[S+]([O-])c2ccc(O)cc2)s1;COC1=CC(c2ccc(Br)[nH]2)=N/C1=C\NCC(C)C;NC(=O)c1cnc(N2CCc3c(F)ccc(F)c3C2)c(Cl)c1;COC1=CC(c2[nH]ccc2Br)=N/C1=C\NCC(C)C;COc1ccc(Br)cc1CNCCCn1ccnc1;Cc1ccc(C(=O)NC(C)c2ccc(S(C)(=O)=O)cc2)s1;COc1cc(-c2ccc(Br)[nH]2)[nH]c1C=NCC(C)C;COc1cc(-c2[nH]ccc2Br)[nH]c1C=NCC(C)C;N#Cc1ccc(N2CCC(NCCO)CC2)c(Br)c1;Cc1cc(Br)ccc1NCc1nc(C(C)(C)C)no1
m_75100f,O=C(NCCN1CCN(c2ccc(F)cc2)CC1)NC1COc2ccccc21;CCNC(=O)N1CCN(C(C(=O)Nc2ccc(F)cc2)c2ccccc2)CC1;CC(NC(=O)NC1CCN(c2ccccc2F)C1)C(=O)NCc1ccccc1;O=C(Nc1ccc(N2CCOCC2)nc1)NC1(c2ccc(F)cc2)CCCC1;CC1CN(c2ccccc2F)CCN1C(=O)c1cccnc1N1CCOCC1;COc1ccnc(N2CCN(C3CCCN(c4ccccc4F)C3=O)CC2)c1;Oc1ccc(N2CCN(Cc3c(-c4ccccc4)nc4ccccn34)CC2)cc1;CN(C)C(CNC(=O)CCn1c(=O)n(C)c2ccccc21)c1cccc(F)c1;CC(c1ccc(-n2cnc3ccccc32)cc1)N(C)C(=O)NCc1ccccc1;O=C(C1CCN(c2cnccn2)CC1)N1CCC(Oc2ccc(F)cc2)CC1;O=C(NC1CCN(Cc2ccccc2F)CC1)c1cnc(OCC2CC2)cn1;Cc1c(-c2cc(CN3CCC(CO)(Cc4ccc(F)cc4)C3)on2)cnn1C;CN(C[C@H]1CN2CC[C@H]1C[C@@H]2CNC(=O)Nc1ccsc1)c1ccccc1;Cc1cc(CNC(=O)C2CCC(=O)N(C3CC3)C2c2ccnn2C)ccc1F;Cn1ncc2c1CC(C(=O)N1CCN(C(=O)Cc3ccccc3F)CC1)CC2;Cn1ncc2c1CC(C(=O)N1CCCN(C(=O)c3cccc(F)c3)CC1)CC2;CC1CCc2n[nH]c(C(=O)NC3CCN(C(=O)c4ccccc4F)CC3)c2C1;Fc1cccc(CN2C[C@@H]3N[C@H](C2)C3c2ccc(C=Cc3ccccc3)cc2)c1;O=C(CNCCc1cc2ccccc2[nH]1)Nc1c2c(nc3ccccc13)CCC2;O=C(Nc1ccccc1)NC1CCN(Cc2cnc(C3CCCC3)s2)CC1;Cc1ccc(CC2CN(C(=O)NCCc3csc(N4CCCC4)n3)C2)cc1;CC(=O)N(Cc1cncnc1)C1CCCN(C(=O)c2ccc(F)cc2C)CC1;CCc1cccc(C)c1NC(=O)CSc1nccnc1N1CCCC(C)C1;Cc1ccc(-c2c[nH]c([C@@H]3COCCN3Cc3cnc4ccccc4c3)n2)cc1;CC(=O)Nc1ccc(C2CC(c3ccc(C)nc3)=NN2c2ccc(C)cc2)cc1
m_75dece,Cn1c(=O)[nH]c2ccc(NC(=O)CCC3CCCC3)cc21;Cn1c(=O)[nH]c2ccc(NC(=O)C3CCCCCC3)cc21;CC(=O)Nc1cccc2c1ccn2CC(=O)NCC(C)C;Cn1c(C[C@H]2CNCC[C@H]2CC(=O)O)nc2ccccc21;COCCC(=O)Nc1nc2ccccc2n1C1CCCC1;CCn1c(NC(=O)C2CCCOC2C)nc2ccccc21;CCC1CCC(C)N(C(=O)c2ccc3[nH]c(=O)[nH]c3c2)C1;CC(C)CNC(=O)CCc1nc2ccccc2n(C)c1=O;CC1CN(C(=O)CCn2cnc3ccccc32)CC(C)O1;Cc1cc(NC(=O)C23CC4CC(CC(C4)C2)C3)nc(=O)[nH]1;O=C(Nc1ccccc1CN1CCNC1=O)C1CCCC1;COC(=O)CN1CCCCC1c1nc2ccccc2n1C;Cc1nc2ccc(C(=O)N3CCOCCC3C)cc2n1C;CCN1CCCCC1C(=O)Nc1ccc2c(c1)CC(=O)N2;Cc1ccc2[nH]c(CNC(=O)C3(O)CCCCC3)nc2c1;CCn1c(C2CCCN2CCC(=O)O)nc2ccccc21;Cc1nc2ccccc2c(=O)n1CCNC(=O)CC(C)C;CC(CNc1nc2ccccc2c(=O)n1CCO)C1CC1;Cc1ccc2ncnc(N[C@@H](C(=O)O)[C@@H](C)C(C)C)c2c1;CC(C)[C@@H]1Nc2cccc3[nH]cc(c23)C[C@@H](CO)NC1=O;COc1ccc2nc3n(c2c1)[C@@H](CNC1CCC1)COC3;CN1CC[C@@H](CC(=O)O)[C@@H](Cc2nc3ccccc3[nH]2)C1;CC(=O)Nc1ccc(C(C)=NNC(=O)C2CCCC2)cc1;COc1ccc(NC(=O)CCn2nc(C)c(C)c2C)cc1;COc1cc2ncnc(NC3CCCCC3)c2cc1OC
m_762dcf,Cc1cccc(C(NC(=O)c2ccnn2C)C(=O)O)c1C;Cc1cc(C)cc(C(NC(=O)c2ccnn2C)C(=O)O)c1;Cc1cc(C(=O)NCCc2ccc(C(=O)O)cc2)n(C)n1;CCCn1nccc1C(=O)NCc1cccc(C(=O)O)c1;Cc1cc(C(=O)Nc2cccc(C(C)C(=O)O)c2)n(C)n1;Cc1cc(C(=O)N(C)Cc2ccc(C(=O)O)cc2)nn1C;CCCn1nccc1C(=O)Nc1ccc(CC(=O)O)cc1;CCn1nc(C)cc1C(=O)NC(C)CS(=O)(=O)CC;Cn1nc(C(=O)NC(CC2CC2)C(=O)O)c2ccccc21;COC(=O)CC(NC(=O)c1cccn1C)c1ccncc1;CC(C)n1ccc(C(=O)Nc2ccccc2CC(=O)O)n1;Cc1nc(C(=O)NC(CO)c2ccccc2)c(=O)[nH]c1C;CCn1nc(C)cc1C(=O)Nc1ccc(C(=O)O)c(C)c1;CCn1nc(C)cc1C(=O)Nc1ccc(C)cc1C(=O)O;Cn1cc(C(=O)N2CCOc3ccccc3C2CO)cn1;COC(=O)C(Cc1ccncc1)NC(=O)c1cccn1C;COc1cccc(C(O)C(=O)N2CCc3cn[nH]c3C2)c1;COCCn1ccc(C(=O)N2CCOc3ccccc32)n1;Cc1cc(CN2CCOc3c(C(=O)O)cccc32)n(C)n1;O=C(NCCCO)c1cc(-c2ccc3c(c2)CCO3)n[nH]1;COC(=O)c1cc(NC(=O)Cc2ccccc2C)n(C)n1;O=C(NCC1CCCO1)c1nn(-c2ccccc2)cc1O;CC(C)c1cc(C(=O)NCC(C)(C)S(C)(=O)=O)n[nH]1;CNC(=O)c1nn(C)c2c1Cc1cc(OC)c(OC)cc1-2;CC(C(=O)NCc1ccc(CC(=O)O)cc1)n1cccn1
m_76b47b,CCOc1ccccc1NC(=O)C(C)Nc1cccc(N2CCCC2=O)c1;CC(CNC(=O)NCCCN1C(=O)COc2ccccc21)c1ccccc1;CCOc1ccccc1NC(=O)C(c1ccccc1)N1CC(C)(C(N)=O)C1;CCC1CN(CC(=O)Nc2cccc(C(=O)N(C)C)c2)c2ccccc2O1;COc1cccc(CC(=O)N2CCc3ccc(NC(=O)CC(C)N)cc32)c1;COc1ccccc1N1CCN(C(=O)CNC(=O)Cc2ccccc2)CC1;O=C(CC1(Cn2cccc2)CCCCC1)Nc1ccc2c(c1)OCC(=O)N2;CC(=O)N1CCN(c2ccccc2NC(=O)COc2ccccc2C)CC1;CN(C(=O)NCCc1cccc(O)c1)C1CCCN(c2ccccc2)C1=O;CC(NC(=O)C1CCCC1)C(=O)Nc1cccc(OCc2ccccn2)c1;O=C(CN1CCCCCCC1=O)Nc1cccc(OCc2ccccn2)c1;NC(=O)COc1cccc(NC(=O)C2CCN(Cc3ccccc3)CC2)c1;COc1cccc(NC(=O)CN(C)C(=O)CN2CCc3ccccc3C2)c1;CC(=O)N1CCC(CCC(=O)Nc2cnccc2Oc2ccccc2)CC1;Cc1cc(C(=O)Nc2ccc3c(c2)NC(=O)CO3)c(C)n1C1CCCCC1;COc1cccc(NC(=O)NCC#CCN(C)Cc2ccccc2)c1OC;Cc1ccc(OCCCC(=O)N2CCCc3ccc(C(N)=O)nc32)cc1C;CC(=O)Nc1ccc(O)c(C(=O)N(C)Cc2ccccc2N2CCCC2)c1;O=C(NCC(=O)N1CCc2ccccc21)C1CC=CCC1C(=O)NC1CC1;Cc1ccc(C(C)C)c(OC(C)C(=O)N2CC(=O)Nc3c(C)ccnc32)c1;O=C(Nc1ccc2c(c1)OCCCO2)c1ccc(N2CCCCCC2)nc1;CCOc1ccc(C(=O)N2CCCC(C(=O)Nc3cccc(C)n3)C2)cc1;O=C(Nc1ccccc1N1CCC(O)CC1)c1ccnc(OC2CCC2)c1;CCOC(=O)Nc1ccc2c(c1)N(C(=O)CN(C)C)c1ccccc1CC2;COc1cc(CN(C(=O)c2cc(N3CCCC3)ccn2)C2CC2)ccc1O
m_76ffc5,COc1ccc2c(c1)CCN2C(=O)c1ccn(-c2cccc(Br)c2)n1;COc1ccc2c3c([nH]c2c1)C1(NCC3)C(=O)Nc2ccc(Br)cc21;CSc1nnc2c(n1)O[C@@]1(Nc3ccccc3-2)C(=O)Nc2ccc(Cl)cc21;Cn1c(C(=O)Nc2ccccc2C(N)=O)ccc1-c1ccccc1Br;Cn1nc(-c2ccc(NC(=O)Cc3ccc(Br)cc3)cc2)ccc1=O;O=C(Cc1ccc(Br)cc1)Nc1cccc(-c2noc(C3CC3)n2)c1;CN1CCOC2CN(C(=O)c3csc(-c4ccc(Cl)c(Cl)c4)n3)CC21;O=C1/C(=C/c2cccnc2)Oc2cc(OS(=O)(=O)c3ccc(F)cc3)ccc21;O=C1/C(=C/c2ccncc2)Oc2cc(OS(=O)(=O)c3ccc(F)cc3)ccc21;O=C(Oc1ccc(F)cc1C(=O)/C=C/c1cccs1)c1ccc([N+](=O)[O-])cc1;O=C(NNC(=O)c1ccccc1Cl)c1cc2cc(OC(F)(F)F)ccc2[nH]1;CSCCC(NC(=O)c1ccc(Cl)cc1Cl)C(=O)Nc1cccnc1;O=C(CCCC[C@@H]1SC[C@@H]2NC(=O)N[C@@H]21)Nc1cccc(Br)c1;O=C(CCCCC1SCC2NC(=O)NC21)Nc1ccc(Br)cc1;O=C(/C=C/c1cccc([N+](=O)[O-])c1)C(C(=O)c1ccccc1)=C1SCCS1
m_773a95,CCC(CC#N)NS(=O)(=O)c1ccc(C)c(F)c1;CCN(CCC#N)S(=O)(=O)c1ccc(C)c(F)c1;CCC(CC#N)NS(=O)(=O)c1c(C)cccc1F;O=S1(=O)NC2CCCCCN2c2ccc(F)cc21;CCCS(=O)(=O)N(C)Cc1ccc(F)cc1C#N;CC(C)C(Sc1ccccc1F)C(=O)NC(N)=O;CC1(C)CN(C(=O)c2cncc(F)c2)CC[S+]1[O-];CC(C)(C#N)c1ccc(NC(=O)c2cccs2)cc1;CC1CN(C(=O)c2cncc(F)c2)CC[S+]([O-])C1;N#CCc1ccc(NC(=O)CCc2ccsc2)cc1;N/C(=N\c1ccccc1)SCC(=O)c1ccccc1;Cc1ccc(C)c(C(=O)c2c(C)nc3sccn23)c1;N=C(N)SCC(=O)c1ccc(-c2ccccc2)cc1;Cc1ccccc1Oc1ncnc2sc(C)c(C)c12;Cc1cccc(-c2nc(-c3c(C)noc3C)cs2)c1;O=C1CCc2cc(-c3csc(C4CC4)n3)ccc2N1;Cc1ccc(-c2nc(-c3c(C)noc3C)cs2)cc1;O=C(Nc1nccs1)C1CC12CCc1ccccc12;Cc1cccc(Oc2ncnc3sc(C)c(C)c23)c1;CNC(=O)c1cc(OC)c(OC)c(OC)c1[N+](=O)[O-];C[S@+]([O-])CCCCNC(=S)Nc1ccccc1;N=c1ccn([C@@H]2O[C@H](CO)[C@@H](O)[C@H]2O)cc1C(=O)O;NC(=O)c1cn([C@H]2O[C@H](CO)[C@@H](O)[C@H]2O)ccc1=O;CN(C(=O)c1ccccc1)c1ccccc1C(N)=S;COC(=O)C1OC(n2cc(C)c(=O)[nH]c2=O)CC1O
m_77b2b0,CC1(C)CC(NC(=O)c2n[nH]c(=O)c3ccccc23)c2ccccc21;Cc1ccc2c(c1)C(NC(=O)c1n[nH]c(=O)c3ccccc13)CCC2;CC1CCCN(C(=O)c2n[nH]c(=O)c3ccccc23)c2ccccc21;O=C(c1n[nH]c(=O)c2ccccc12)N1CCCCCc2ccccc21;CCN(C(=O)c1nn(-c2ccccc2)c(=O)c2ccccc12)C1CC1;CN1Cc2ccccc2C(NC(=O)c2c[nH]c(=O)c3ccccc23)C1;CCCn1nc(C(=O)NC(C)c2ccc(OC)c(F)c2)ccc1=O;Cn1nc(C(=O)N(Cc2ccccc2)Cc2ccccc2)ccc1=O;COCn1ccc(C(=O)NC2CC(C)(C)Oc3ccc(F)cc32)n1;O=C(Cc1n[nH]c(=O)c2ccccc12)Nc1cccc2c1CCCC2;O=C(CC1NC(=O)c2ccccc21)NCCc1c[nH]c2ccccc12;CC1Cc2ccccc2N(C(=O)Cc2n[nH]c(=O)c3ccccc23)C1;Cn1ncc(C(=O)NC2c3ccccc3CC2O)c1-c1ccccc1;C[C@@H](O)c1cncc2c1C[C@@H]1c3[nH]c4ccccc4c3CCN1C2=O;O=C1N[C@H]2[C@H]3CC[C@@H]2c2ccccc2[C@H]3NC(=O)N1c1ccccc1;O=C(c1cc2ccccc2[nH]1)N1C[C@H]2C[C@@H](C1)c1cccc(=O)n1C2;COc1cccc(C2(NC(=O)c3c[nH]c(C)n3)CCOCC2)c1F;CC(c1ccccn1)N(C(=O)c1cc(O)nc2ccccc12)C1CC1;Cn1cc(C(=O)N2CCc3c(cccc3C(N)=O)C2)c2ccccc21;NC(=O)C1c2ccccc2CCN1C(=O)Cc1c[nH]c2ccccc12;C[C@H](NC(=O)c1ccc2c(=O)n3c(nc2c1)CCC3)c1ccccc1;Cc1ccccc1C1C(=O)NCCN1C(=O)c1cccc(CC#N)c1;Cc1cccc2c(=O)n(CC(=O)N3CCc4ccccc4C3)cnc12;O=C(c1c[nH]c2ccccc12)N1C[C@H]2C[C@@H](C1)c1cccc(=O)n1C2;O=C(c1cccc2[nH]ccc12)N1C[C@H]2C[C@@H](C1)c1cccc(=O)n1C2
m_7874d0,O=C(c1ccc2ccc(Cl)cc2n1)N1CCC(N2CCCCC2=O)CC1;CC1(C)CN(C(=O)C2CC2)CCN1C(=O)c1ccc2ccc(Cl)cc2n1;O=C(c1cc(Cl)cc2cccnc12)N1CCC(N2CCCCC2=O)CC1;CC(C)(C(=O)N1CCN(C(=O)c2ccc(Cl)cn2)CC1)c1ccccc1;O=C(CCc1cccc(Cl)c1)NC1CCN(C(=O)c2ccncc2)CC1;COc1ccc2[nH]cc(C3CCN(C(=O)c4cc(Cl)cn4C)CC3)c2c1;O=C(NCC1(c2ccccc2Cl)CC1)c1cc(N2CCOCC2)ccn1;O=C(CNC(=O)c1cccc(Cl)c1)NC1CCN(Cc2ccccc2)C1;Cc1csc(NC2CCN(C(=O)c3ccc4[nH]c(=O)n(C)c4c3)CC2)n1;CCNC(=O)C1(NC(=O)c2cncc(-c3ccc(Cl)cc3)c2)CCCC1;O=C(c1cc2c([nH]c1=O)CCCC2)N1CCNCC1c1cccc(Cl)c1;O=C(Cn1cnc2ccc(Cl)cc2c1=O)NC12CC3CC(CC(C3)C1)C2;CC(C)N(CC(=O)O)Cc1nc2cc(Cl)ccc2n1Cc1ccccc1;O=C(c1ccc(N2CCCC2)nc1)N1CCOC(c2ccc(Cl)cc2)C1;CC(C)c1csc(C2CCCN(C(=O)c3ccc4n[nH]c(=O)n4c3)C2)n1;O=C(CCN1CCCC1C(=O)Nc1ccccc1)Nc1cccc(Cl)c1;O=C(NCc1ccc(Cl)s1)NC1CCN(C2CCCCC2O)CC1;CCC(CNC(=O)c1ccnc2c(C(N)=O)cnn12)Oc1ccccc1F;CCC(CNC(=O)c1ccnc2c(C(N)=O)cnn12)Oc1cccc(F)c1;O=C(NC1CC1)c1noc(C2CCCN2Cc2nc3cc(F)ccc3o2)n1;CC1CN(C)c2ccccc2N(C(=O)CNC(=O)c2cccc(Cl)c2)C1;CCCCCOn1cc(CC(=O)N=c2cc[nH]cc2Cl)c2ccccc21;CCC1(N2CCOCC2)CCN(C(=O)Nc2c(C)csc2Cl)CC1;CN(C)c1nc2c([nH]1)c(C(=O)c1ccc(O)cc1)nc1[nH]c3ccccc3c12;Oc1ccc(Cl)cc1C1=NC2(CCNCC2)N[C@H](c2ccccc2O)C1
m_78c402,CCn1cc(S(=O)(=O)NC(CN)C2CC2)nc1C;CCn1cc(S(=O)(=O)N2CC(N(C)C)C2)nc1C;Cc1nc(S(=O)(=O)NC2CCNCC2C)cn1C;Cc1nc(S(=O)(=O)NCCC2CCCN2)cn1C;CN1CCCC(N(C)S(=O)(=O)c2cn(C)cn2)C1;CC1CCCN(S(=O)(=O)c2cnn(C)c2)C1CN;Cc1nn(C)c(C)c1S(=O)(=O)NC1CCCNC1;Cc1cnn(C)c1S(=O)(=O)NC1CCCNC1C;CC(N)C1CCCCN1S(=O)(=O)c1cnn(C)c1;CC(N)C1CCCN(S(=O)(=O)c2cnn(C)c2)C1;CNCC1CCCN(S(=O)(=O)c2cnn(C)c2)C1;Cc1nc(C)n(CC2CCCN(S(C)(=O)=O)C2)n1;CC(C)CS(=O)(=O)N1CCCC1c1nncn1C;Cc1[nH]ncc1CNS(=O)(=O)N1CCCCC1C;CCCS(=O)(=O)N1CCCC(Cn2cncn2)C1;CC1CCN(S(=O)(=O)N(C)Cc2cnn(C)c2)C1;CN(C)S(=O)(=O)C1CCCN(Cc2ncc[nH]2)C1;CCc1nc2n(n1)CC(NCCS(C)(=O)=O)CC2;Cn1cc(C2CCCN2CCCS(N)(=O)=O)cn1;COCCc1nsc(N2CCN(C)C(CO)C2)n1;CCN(CC)C(=O)CSc1nncn1CCOC;CC(C)N(C(=O)CSc1n[nH]c(=O)n1C)C(C)C;c1ccc2c3ccn4cc5c(cc4c-3nc2c1)CCCC5;C1=C2C=C3C4=Nc5ccccc5C4=CCN3C=C2CCC1;CN(C(=O)C(N)Cc1ccccc1)c1ccc(F)cc1
m_78cd05,O=C(NC1CC(C(=O)O)C2CC12)c1ccccn1;Cn1c(C(=O)NCCC(=O)O)cc2ccccc21;C[C@H](NC(=O)c1cc2ccccc2n1C)C(=O)O;COC(=O)CNC(=O)c1cc2ccccc2n1C;CC(CC(=O)O)NC(=O)c1ccc(CC#N)cc1;Cc1cccc(C(=O)NC2CCC(=O)NC2=O)c1;O=C(O)C1CC1C(=O)N1CCNc2ccccc21;N#Cc1cccc(C(=O)NCC2(O)CCOC2)c1;C[C@H](NC(=O)c1ccc2ccn(C)c2c1)C(=O)O;C[C@H]1N[C@H](C(=O)O)Cc2c1[nH]c1cc(O)ccc21;C[C@H]1N[C@@H](C(=O)O)Cc2c1[nH]c1ccc(O)cc21;Cn1ccc2c(C(=O)NCCC(=O)O)cccc21;C[C@H](NC(=O)c1cccc2c1ccn2C)C(=O)O;C[C@H](NC(=O)c1ccc2c(ccn2C)c1)C(=O)O;O=C(O)C1CCCN(c2nc3ccccc3o2)C1;COC(=O)C(C)NC(=O)c1ccc2[nH]ccc2c1;COc1ccc2c(c1)C(=O)N1CCC[C@H]1C(=O)N2;COc1ccc2[nH]c3c(c2c1)CCNC3C(=O)O;CN(CCC(=O)O)C(=O)c1ccc(CC#N)cc1;Cc1nc2c(C(=O)N3CC(C)(O)C3)cccc2o1;COc1cc2c(cc1O)N=C[C@H]1CCCN1C2=O;COc1ccccc1CNC(=O)c1coc(C)n1;O=C1N[C@@H](c2ccc(O)cc2)C(=O)N2CCC[C@@H]12;O=C(c1ccccc1)N1CCN2C(=O)OC[C@H]2C1;O=C(O)CCNC(=O)Cc1c[nH]c2ccccc12
m_79cf07,COC(=O)C1CC1C(=O)Nc1cc(C2CCCC2)[nH]n1;COC(=O)C1CCN(C(=O)c2cc(C3CC3)[nH]n2)CC1;O=C(O)Cn1ccc(NC(=O)CC2CC3CCC2C3)n1;CCOC(=O)c1cn(C)nc1NC(=O)CC1C=CCC1;CC(=O)Nc1cccnc1NC(=O)C1CCCOCC1;O=C(NC1CCC(C(=O)O)C1)c1n[nH]c2c1CCCC2;CC(=O)Nc1cccnc1NC(=O)C1CCCOC1C;CNC(=O)c1ccc(NC(=O)C2CCCOC2C)nc1;COC(=O)c1ccc(N2CC(C)OC(C3CC3)C2)nn1;Cn1cc(CCC(=O)NC2CC(C(=O)O)C3CC23)cn1;COc1c(C)nc(C2CC2)nc1N1CCC(C(=O)O)C1;Cn1nccc1C(NC(=O)C1CCC=CCC1)C(=O)O;CN1CCCCC(C(=O)Nc2ncccc2CO)C1=O;O=C(CC1CCCCNC1=O)Nc1cnccc1CO;O=C(NC1CC(C(=O)O)C1)c1ccnn1C1CCCC1;Cc1cnn(CCC(=O)NC2CC(C(=O)O)C3CC23)c1;Cc1n[nH]c(C(=O)NC2CC3CC(C(=O)O)CC32)c1C;CC1CCN(C(=O)C2CC2C(=O)O)CC1n1ccnc1;Cc1[nH]ncc1C(=O)N1C(C(=O)O)CC2CCCCC21;Cc1cnn(C)c1C(=O)N1CCC2(C(=O)O)CCCC12;COc1ncc(NC(=O)C2CCCCC2)cc1C(N)=O;Cn1nccc1C(=O)N1C(C(=O)O)CC2CCCCC21;Cc1nc(N)nc2c1C(=O)[C@]1(O)[C@H]2C[C@H](O)CC1(C)C;Cc1cn(C)nc1C(=O)NC1CC2CC(C(=O)O)CC21;Cc1ncccc1NC(=O)CN1CCCCC(O)C1=O
m_7b993b,CC(NC(=O)CN1CCN(Cc2ccc3c(c2)OCO3)CC1)C1CC1;O=C(NC1CCCCC1)N1CCN(Cc2ccc3c(c2)OCO3)CC1;CC1CN2CCCC2CN1C(=O)NCc1ccc2c(c1)OCCCO2;O=C(NCc1cccc2c1OCO2)N1CCC(CN2CCCC2)CC1;CC(NC(=O)CN1CCOCC1=O)C1CCN(Cc2ccccc2)C1;COc1cccc(CN2CCN3C(=O)N(C4CCOCC4)C[C@H]3C2)c1;COc1ccc(CN2CC(C(=O)NC3CCCN(C)C3)CC2=O)cc1;CCc1cc(OC)ccc1CN1CC(N2CC(C(=O)NC)CC2=O)C1;COc1cccc(C(=O)N2CCN(C(=O)C3CCN(C)C3C)CC2)c1;COc1ccc(CN2CC3(C2)CN(C(C)=O)C[C@@H]2C[C@@H](O)CN23)cc1;CC(=O)N1CCC(NC(=O)N(Cc2cccc(O)c2)CC2CC2)CC1;CC1CN(C(=O)C2CC2)CCC1NCc1ccc(OCC(N)=O)cc1;COc1cc(C(=O)NC2CCN(C3CCN(C)C3=O)CC2)ccc1C;COc1ccccc1CNC(=O)CN1C(C(N)=O)CC2CCCCC21;CNC(=O)c1ccc(CN(C)CC(=O)N2CCOCC2C2CC2)cc1;O=C(NCCc1ccc2c(c1)OCCO2)NC1CCN2CCCCC12;COc1ccc(CN2CCN3C(=O)N(C4CCOCC4)C[C@H]3C2)cc1;COc1cc(C(=O)N2CCC(N3CCCC3C(N)=O)CC2)ccc1C;COc1cc(C#N)ccc1OCC(=O)NCC(C)N1CCC(C)CC1;CNC(=O)[C@@H](c1ccccc1OC)N1CCC[C@H]1C(=O)NCC1CC1;COc1ccccc1CN1CC2(C1)CN(C(C)=O)C[C@@H]1C[C@@H](O)CN12;COc1ccc(CN2C[C@H]3CN(C4CCOCC4)CCN3C2=O)cc1;COc1cc(C#N)ccc1OCCCC(=O)N1CC(C)C(N(C)C)C1;O=C(NCCC(=O)N1CCOCC1)C1CCCN1Cc1ccccc1;COc1ccc(C(CNCc2cc[nH]c2)N2CCOCC2)cc1OC
m_7d4c58,O=C(Nc1cnn(CC2CC2)c1)N1CC(O)C2(CC2)C1;CC(C1CC1)n1cc(NC(=O)NC2C3COCC32)cn1;Cc1cc(NC(=O)N2CCC3CCC(O)C32)nnc1C;NC(=O)Cn1cc(NC(=O)CC2CC3CCC2C3)cn1;COC1(CNC(=O)Nc2cnc(C3CC3)nc2)CCC1;O=C(Nc1cccnn1)N1CCC2(CCOCC2)CC1;CC1(O)CN(C(=O)Nc2cccnc2N2CCCC2)C1;COCc1ccnc(NC(=O)N2CC3CCC3(N)C2)c1;Cn1cc(CN2CC3(CC(=O)N(CC4CC4)O3)C2)cn1;CCc1nn(C)cc1NC(=O)N(C)C(C)c1ccco1;CC(=O)N(C)C1CCN(C(=O)Nc2ccncc2)CC1;O=C(NCc1ncccn1)N1CCC2(CCOCC2)C1;Cn1nccc1CN1CC2(CC(=O)N(CC3CC3)O2)C1;Cn1ccc(CN2CC3(CC(=O)N(CC4CC4)O3)C2)n1;CCn1cc(C(=O)N2CC(=O)NC3CCCCC32)cn1;CCN(C(C)=O)c1ccc(NC(=O)N2CCCC2)cn1;CCn1nc(C)c(NC(=O)c2cc(C(C)C)on2)c1C;CC1CN(C(=O)Nc2cccnc2N2CCOCC2)C1;CC1C(=O)NCCN1C(=O)Cc1cnn2c1CCCC2;O=C(NCCN1CCCCCC1=O)Nc1cccnc1;Cc1cc(NC(=O)C2CCCOC2C)nn1CCC#N;O=C1CO[C@H]2CN(Cc3ncc[nH]3)C[C@H]2N1CC1CC1;CNc1cnc(C(=O)N2CCOC3(CCCC3)C2)cn1;CCc1ncc(NC(=O)C23CNCC2CCOC3)cn1;CC(=O)N1CCCN(C(=O)Nc2ccncc2C)CC1
m_7e912f,O=C(CCc1ccccc1)N1CCC(NC(=O)N2CCC3(COC3)C2)CC1;CC(=O)N1CCN(C(=O)NC2Cc3ccccc3C2)CCC12CCOCC2;O=C1COC2(CCN(C(=O)NCC3(Cc4ccccc4)CCCC3)CC2)N1;CCC(=O)N1[C@@H](CO)[C@@H](c2ccccc2)C12CN(C(=O)NC1CCCC1)C2;O=C(NCC1CCOc2ccccc21)N1CCC(N2CCCCC2=O)CC1;C[C@H]1C[C@@H]2[C@@H](CC(=O)N2Cc2ccccc2)[C@@H]1CNC(=O)N1CCOCC1;CCCNC(=O)N1CC2(C1)[C@@H](c1ccccc1)[C@@H](CO)N2C(=O)CC1CC1;O=C(NC[C@@H]1[C@H](c2ccccc2)[C@H](CO)N1C(=O)C1CC1)NC1CCCC1;O=C1CC(NC(=O)C2(c3ccccc3)CCC2)CN1CCN1CCOCC1;CCN1CCN(C2CCN(C(=O)c3cccc(C4CCOC4)c3)CC2)C1=O;CC(C)C(=O)N1C[C@H]2C[C@@H](O)CN2C2(CN(C(=O)Cc3ccccc3)C2)C1;C=CCNC(=O)N1CC[C@H]2CC(=O)N(Cc3ccc(OC)cc3)CC[C@@H]2C1;CC(C)NC(=O)N1CC[C@@H](CC(=O)O)[C@@H](CC2=NCCc3ccccc32)C1;O=C(NCC1(c2ccc3c(c2)OCCO3)CCCC1)N1CC2CCC1CN2;O=C(NCC(=O)N1CCN(Cc2ccccc2)CC1)C1CC12CCOCC2;CC(=O)NCC12CC(C(=O)NCCc3ccccc3)(C1)C1(CCNCC1)O2;O=C1CC(C(=O)N2CCCC2c2ccccc2)CN1CCN1CCOCC1;O=C1CCC(C(=O)NC2CCOC3(CCN(Cc4ccccc4)CC3)C2)N1;CCCNC(=O)N1CC[C@@H](CC(=O)O)[C@@H](CC2=NCCc3ccccc32)C1;CCS(=O)(=O)N(C)C1CCN(C(=O)NCC2(C3CCC3)CCC2)CC1;O=C(NCc1ccco1)N1CCN(C(=O)C23CC4CC(CC(C4)C2)C3)CC1;COc1cccc2[nH]cc(CC(=O)NC3CCN(CC4CCOC4)CC3)c12;CN(C)C(CNC(=O)CCN1C(=O)C2CCCCC2C1=O)c1ccccc1;CC(C)N1CCN(C(=O)C(=O)N2CCC(c3ccccc3)C2(C)C)CC1=O;O=C(c1ccccc1)N1CCN(C2CCCN(C3CCOCC3)C2=O)CC1
m_7ee70f,Cc1noc(COCC(=O)N2CCCNC(=O)C2C)n1;CC(=O)NC(C)C(=O)N1CC(OCc2nc(C)no2)C1;O=C1NCC(=O)N2CCN(C(=O)N3CCOCC3)C[C@H]12;CC(NC(=O)CN(C)C(=O)C(C)n1cccn1)C(=O)O;O=C(CN1CCCC1=O)NNC(=O)CN1CCCC1=O;C[C@H]([C@H](C)N1CC(=O)NC(=O)C1)N1CC(=O)NC(=O)C1;CC(C)C(=O)NCC(=O)NC(Cc1c[nH]cn1)C(=O)O;O=C(Cc1cc(=O)[nH]c(=O)[nH]1)NCCN1CCOCC1;CC(=O)CNCCC(=O)NC(Cc1cnc[nH]1)C(=O)O;COc1nccc(NC(=O)NCC2(O)CCOCC2)n1;COc1cncnc1NC(=O)NCC1(O)CCOCC1;OCC1CC(n2cnc3c2NC=NCC3O)C(O)C1O;CC(=O)/C=N/c1c(NCCCCCO)[nH]c(=O)[nH]c1=O;N=C(N)NOCCC(NCc1ccccc1O)C(=O)O;OCC(CO)(CO)CO[C@@H]1OCOCC1(CO)CO
m_80401f,CCC1C(=O)NCCN1C(=O)CCOCC(F)(F)F;CC1C(=O)NCCCN1C(=O)CCOCC(F)(F)F;CNC(=O)C1(COC)CCCN1C(=O)CC(F)(F)F;NC(=O)CN(C(=O)COCC(F)(F)F)C1CCCC1;CN(CC(F)(F)F)C(=O)CN1CCCCC(O)C1=O;O=C(Cc1cccc(F)c1F)N1CCOC2CNCC21;COC[C@@H](NCC(=O)O)C(=O)NCc1ccc(O)cc1;C[C@@H](O)[C@H](N)C(=O)N[C@@H](Cc1ccc(O)cc1)C(=O)O;CC(O)C(NC(=O)C(N)Cc1ccc(O)cc1)C(=O)O;CN1CCC(NC(=O)Cc2cccc(F)c2F)CC1=O;Cc1noc(C)c1C(C)C(=O)N1CCOCC1C(=O)O;Cc1noc(C)c1CC(=O)N1CCOCC1CC(=O)O;COc1ccc(C[C@H](NC(=O)[C@@H](N)CO)C(=O)O)cc1;CCc1ocnc1C(=O)N1CCCC1(COC)C(=O)O;CC1CN(C(=O)Cc2ccc(F)c(F)c2)CC1C(N)=O;CSCc1cc(C(=O)N2CCCC(N)C2)ccc1F;NC(=O)C1(NC(=O)c2cc(F)ccc2F)CCCCC1;COC(=O)CCCNC(=O)CNC(=O)c1ccoc1C;CC1(C(=O)Nc2ccccc2C(F)F)CCNC(=O)C1;CCc1ncoc1C(=O)N1CCC(COC)(C(=O)O)C1;NC(Cc1ccc(O)c(O)c1)C(=O)NCCCC(=O)O;COC(=O)CNC(=O)CCCn1c(C)cc(O)cc1=O;NC(=O)C1CCN(CCSc2ccccc2F)CC1;CC(=O)N1CCN(Cc2oc(CO)cc(=O)c2O)CC1;Cc1ocnc1C(=O)N(CCC(=O)O)CC1CCCO1
m_8071e1,COC1CCC(NC(=O)N2CCCCCC2c2ccco2)CC1;Cc1ccc(CN(C)C(=O)NC2CCOC3(CCCCC3)C2)o1;COC1(CNC(=O)N(Cc2ccoc2)C2CCCCC2)CCC1;CCC(=O)N(Cc1ccco1)C(CC)C(=O)NC1CCCCC1;Cc1ccc(C(CNC(=O)C2(C)CCOCC2)N2CCCC2)o1;Cc1cc2c(o1)CC(C)(C)CC2NC(=O)NC1CCC(O)CC1;Cc1ccc(CN(CCO)C(=O)NC2CC(C)OC(C)C2)cc1;Cc1ccccc1C(CC(C)C)NC(=O)N1CCOC(CO)C1;O=C(C1CCN(Cc2ccc(CO)o2)CC1)N1CCCCCC1;Cc1ccc2c(c1)C(NC(=O)N(CC(C)O)C(C)CO)CCC2;CCc1oc(C(=O)N2CCN(CC3CCOCC3)CC2)cc1C;COC1CCN(C(=O)NCCc2cc(C)c(O)c(C)c2)C(C)C1;CC(C)COc1ccc(C(C)NC(=O)N2CCC(CO)C2)cc1;CCc1ccc(C(NC(=O)N2CCOC(CO)C2)C(C)C)cc1;CCC(C)(C)c1ccc(CNC(=O)N2CC(O)CC2CO)cc1;CCCN1CC[C@@](C)(O)[C@@H](NC(=O)COC)[C@@H]1c1ccccc1;Cc1cc(C)c(CNC(=O)N2CCCC(OCCO)C2)c(C)c1;CCOc1cccc(CCNC(=O)N2CCCC2C(C)(C)O)c1;CCOc1ccccc1CCNC(=O)N1CCCC1C(C)(C)O;CC(C)C(CNC(=O)N1CC(O)CC1CO)Cc1ccccc1;COc1ccc(CCC(C)NC(=O)NC2CCC(O)CC2)cc1;CC(NC(=O)NCC1CCOC1C(C)(C)C)c1cccc(O)c1;CCCOc1ccc(CNC(=O)NC2CCCOCC2)c(C)c1;CCOC1CCN(C(=O)NC(C)Cc2cccc(OC)c2)CC1;CCOC1CC(NC2CCN(C(=O)c3ccoc3)CC2)C1(C)C
m_808712,COC1CC(C(N)=O)N(Cc2ccc(Cl)c3cccnc23)C1;COC1CC(C(N)=O)N(Cc2cc(Cl)cc3cccnc23)C1;CC1OCCN(Cc2cc(Cl)cc3cccnc23)C1C(N)=O;CNC(=O)C1CCCN1C(=O)c1[nH]c2ccc(C)cc2c1Cl;CC1CNCCN1C(=O)COc1ccc(Cl)c2cccnc12;O=C(NCC1(C2(O)CCC2)CC1)c1cnn2cccc(Cl)c12;CC(=O)N1CCOC2CCN(c3ccc(C#N)c(Cl)c3)CC21;CC(=O)N1CCOC2CCN(c3cc(Cl)ccc3C#N)CC21;COC(=O)[C@@H]1Cc2ncn(C)c2CN1Cc1ccc(Cl)cc1;CC1CCOCCN1C(=O)c1cnn(-c2cccc(Cl)c2)c1;CCC1C(=O)NCCN1Cc1ncc(-c2cccc(Cl)c2)o1;O[C@@H]1C[C@@H](c2nc(C3CC3)no2)N(Cc2ccc(Cl)cc2)C1;Clc1cccc(CN2CCOC[C@H](Oc3cnccn3)C2)c1;O=C(CCc1cc(Cl)no1)N1CCCC[C@H]1c1cccnc1;Cc1cc(C(=O)N2CCC(Oc3cccc(Cl)c3)C2)n(C)n1;COc1ccc2ncc(Cl)c(N(C)CC(=O)NC3CC3)c2c1;O=C(O)C(c1cccc(Cl)c1)N1CCC(c2cn[nH]c2)CC1;Cc1[nH]ncc1C(=O)N1CCC(Oc2ccccc2Cl)CC1;COc1cc(C(=O)N2CCCCC2c2cn[nH]c2)ccc1Cl;COC(=O)[C@@H]1Cc2ncn(Cc3ccc(Cl)cc3)c2CN1C;Cc1cc(Cl)ccc1OC(C)C(=O)N1CCc2[nH]ncc2C1;CC1(C(=O)O)CCN(Cc2c[nH]nc2-c2cccc(Cl)c2)C1;CC1(C)C(=O)NCCN1Cc1coc(-c2cccc(Cl)c2)n1;Cc1nnc(CC(=O)N2CCCCC2c2cccc(Cl)c2)o1;CNC1CCCN(C(=O)c2conc2-c2ccc(Cl)cc2)C1
m_80b537,COc1ccc(C(=O)N2CCC(N(C)C(C)=O)CC2)cc1-c1ccccn1;CCN1CCN(C(=O)c2ccc(OC)c(-c3ccccn3)c2)C(C)(C)C1=O;CC(=O)N(C)C1CCN(C(=O)c2ccc(OCc3ccccc3)nc2)CC1;CC(=O)NC1CCN(C(=O)c2cccc(COc3ccc(C)nc3)c2)CC1;COc1ccccc1CCC(=O)NC1CCN(C(=O)c2ccncc2)CC1;CNC1CCN(C(=O)c2cccc(COc3ccccc3C(N)=O)c2)CC1;O=C(c1cccc(OCc2cccnc2)c1)N1CCC(N2CCOCC2)C1;CNC(=O)C1CCN(C(=O)c2cccc(COc3ccc(C)nc3)c2)CC1;CCOc1ccc(C(=O)N2CCCC(C(=O)Nc3cccc(C)n3)C2)cc1;CN(C(=O)c1cccc(COc2ccccc2C(N)=O)c1)C1CCNCC1;COc1cc(C(=O)N2CCCC(C(=O)Nc3ccc(C)cn3)C2)ccc1C;Cc1ccc(OCc2cccc(C(=O)N3CCC(CC(N)=O)CC3)c2)cn1;COc1cccc2[nH]c(C(=O)N3C[C@H]4C[C@@H](C3)C3CCCC(=O)N3C4)cc12;Cc1cccc(-c2ccc(C(=O)NC3C(=O)NCC34CCOCC4)n2C)c1;COc1ccc2[nH]c(C(=O)N3C[C@H]4C[C@@H](C3)C3CCCC(=O)N3C4)cc2c1;COc1cc(CN(C(=O)c2cc(N3CCCC3)ccn2)C2CC2)ccc1O;CN(C)C(=O)N1CCN(C(=O)c2ccc(COc3ccccc3)cc2)CC1;CC(C)C(=O)Nc1cc(C(=O)N2CCC(O)(c3ccccc3)CC2)ccn1;COc1ccc(NC(=O)c2ccc(CN3CCCC(C(N)=O)C3)cc2)cc1;CC(C)c1cc(C(=O)NC2CCCN(Cc3ccccc3)C2=O)cc(O)n1;COc1cccc(CN2C[C@@H]3[C@H](OC)C(=O)N(Cc4ccccc4)[C@@H]3C2)n1;CN(C)C(=O)c1cccc(CN2CCCCC2CCNS(C)(=O)=O)c1;COc1cccc(C(CNC(=O)c2cccc(C(N)=O)c2)N2CCCC2)c1;CN1CCN(C(=O)c2ccnc(OC3CCOC3)c2)C(c2ccccc2)C1;COc1ccc2c(c1)CC(C(=O)NC1CCN(c3ccccn3)CC1)CO2
m_8114e3,CC(C)OC(=O)c1ccc(NC(=O)c2ccc(-n3cncn3)cc2)cc1;CCCOC(=O)c1ccc(NC(=O)c2ccc(-n3cncn3)cc2)cc1;CCOC(=O)c1ccc(NC(=O)c2cn(Cc3ccccc3)nn2)cc1;CCOC(=O)c1ccccc1NC(=O)c1cnn(-c2ccccn2)c1C;COC(=O)c1ccc(C)c(NC(=O)c2cnn(-c3ccccn3)c2C)c1;COC(=O)c1cccc(NC(=O)c2cnn(-c3ccccn3)c2C)c1C;O=C(Nc1cccc(OCCO)c1)c1ccc(Nc2ncccn2)cc1;COCOc1ccc(NC(=O)c2cccc(Nc3cnccn3)c2)cc1;O=C1CN(C(=O)c2ccc(NC(=O)NC3CC3)cc2)c2ccccc2N1;CCN(Cc1ccc2c(c1)OCO2)C(=O)c1ccc(-n2cccn2)nc1;Cc1noc(C)c1CC(=O)Nc1cccc(C(=O)Nc2cccnc2)c1;Cc1noc(C)c1CC(=O)Nc1cccc(C(=O)Nc2ccccn2)c1;CNC(=O)c1ccc(NC(=O)CCc2nc3ccccc3c(=O)[nH]2)cc1;Cn1cc(C(=O)Nc2ccc(Cc3ccncc3)cc2)c(=O)n(C)c1=O;Cc1nc([C@H]2CC[C@@H](O)[C@H](NS(C)(=O)=O)C2)n(-c2ccccc2)n1;NC(=O)c1ccc(NC(=O)C(=O)NCCc2c[nH]c3ccccc23)cc1;COC(=O)C1Cc2ccccc2N1C(=O)c1cnc2c(c1)c(C)nn2C;CC(C)n1ncc2cc(NC(=O)C3Cc4ccccc4C(=O)O3)cnc21;NC(=O)C1COCCN1C(=O)c1ccc(-n2cnc3ccccc32)cc1;CCCNC(=O)c1ccccc1NC(=O)c1cc(-c2ccncc2)on1;CCCn1c(NC(=O)c2ccc3c(c2)OCC(=O)N3)nc2ccccc21;C=C(C)C(=O)Nc1cccc(-c2ncnc3[nH]cc(C(=O)OCC)c23)c1;O=C(c1cc(N2CCCC2=O)ccc1Cl)N1CCCCC(CO)C1;COC(=O)c1cccc(C(=O)N2CCCC2c2nnc3ccccn23)c1;NC(=O)c1ccccc1NC(=O)CCCn1cnc2ccccc2c1=O
m_82f2e2,Cc1nc(C2CC2)ccc1C(=O)NCC1CCC2(CCCCC2)O1;NC1CCOC(C2CCN(C(=O)c3ccc4c(c3)CCC4)CC2)C1;CCC(C#CCN1CCCC[C@H]1c1cccnc1)(CC)OC(C)=O;O=C(NC1COCC1C1CC1)c1cccc(CN2CCCCC2)c1;Cc1ccc(C(=O)NC2CCCC2N2CCC(O)C2)c2c1CCC2;Cc1cccc(C(C)NC(=O)NCC23CC2COC32CCC2)c1C;O=C(Cc1ccc(C2CCC2)cc1)N1CCOC2(CCNCC2)C1;C/C=C(/CO)[C@H](CCO)C[C@@H]1c2[nH]c3ccccc3c2CCN1C;CCC12CCc3c(c4ccccc4n3C)CCN(C[C@H](O)[C@H]1O)C2;CC[C@H]1CN2CCc3c([nH]c4cc(OC)ccc34)[C@@H]2C[C@@H]1CCO;O=C(CC1CC2CCC1C2)N1CCC(O)(Cc2ccccn2)CC1;O=C(CCN1CCC2OCCCC2C1)N1CCc2ccccc2C1;CC[C@H]1CN2CCc3c([nH]c4ccc(OC)cc34)[C@@H]2C[C@@H]1CCO;O=C(NC1CCCC1N1CCC(O)C1)c1cccc2c1CCCC2;O=C(CN1CCOC2CCCCC21)NC1CCCc2ccccc21;CCn1cc(CC(=O)NCC(C)(O)C2CCCC2)c2ccccc21;O=C(NCCC1=CCCCC1)c1ccc(CN2CCOCC2)cc1;CC(C)n1cc(CC(=O)N[C@@H]2CCOC(C)(C)C2)c2ccccc21;CC1(C)CC(NC(=O)NC2CCOC(C3CC3)C2)c2ccccc21;CC(C)(C#N)c1ccccc1CN1CCOCC1C1CCCC1O;Cn1cc(CCCC(=O)N[C@@H]2CCOC(C)(C)C2)c2ccccc21;O=C(NC1CCCC1N1CCC(O)C1)c1cccc(C2CCC2)c1;Cc1cccc(C(CNC(=O)C2C3CCCC32)N2CCOCC2)c1;CCN(C)C(=O)c1cccc(C(=O)N2CCCC2C2CCCC2)c1;CN(C)C(=O)C1CCN(C(=O)c2cccc(C3CCCC3)c2)CC1
m_83ac87,COc1cccc(Cl)c1CC(=O)Nc1c[nH]c(=O)c(C)c1;COc1ccc(NC(=O)Cc2cc(Cl)ccc2OC)cn1;COc1ccc(NC(=O)COc2ccc(Cl)cc2C)cn1;COc1cccc(NC(=O)CSc2nc(=O)cc(N)[nH]2)c1;O=C1CC(N(C(=O)Cc2ccccc2Cl)C2CC2)C(=O)N1;COc1cn(C)c(C(=O)NCc2ccc(Cl)cc2)cc1=O;O=C1NC(=O)C2CN(Cc3cc(Cl)cc4c3OCC4)CC12;O=C(Cc1c[nH]c2ccc(Cl)cc12)NCC1(C(=O)O)CC1;O=C(Cc1c[nH]c2ccc(Cl)cc12)NC1CC(C(=O)O)C1;COc1ncccc1CNC(=O)C(=O)Nc1nc(C)cs1;CC(C)c1ocnc1C(=O)N1CCOc2c(Cl)cccc21;C[C@@]1(C(=O)O)c2[nH]c3ccccc3c2CCN1C(=O)CCl;CC(C)OC(=O)c1ccn(Cc2ccc(Cl)cn2)c(=O)c1;O=C1CC(N(C(=O)Cc2ccc(Cl)cc2)C2CC2)C(=O)N1;O=C(O)C1CC1C(=O)NCCc1c[nH]c2ccc(Cl)cc12;C=CCO[C@@H]1C[C@H]2C(=O)Nc3cc(Cl)ccc3C(=O)N2C1;O=S(=O)(c1ccc2c(c1)CCO2)N1CC(n2nccn2)C1;C=CCO[C@@H]1CCN2C(=O)c3ccc(Cl)cc3NC(=O)[C@H]12;Cn1c(C(=O)NC2(C(=O)O)CCC2)c(Cl)c2ccccc21;Cn1cc(S(=O)(=O)N2CCc3cnccc32)cc1C(N)=O;O=C(Nc1ccc(N2CCOCC2)c(Cl)c1)c1ccco1;CC(=O)Nc1ccc(S(=O)(=O)Nc2nccc(C)n2)cc1;COC(=O)CC(C)NC(=O)c1ccc2ccc(Cl)cc2n1;CN(Cc1ccccc1Cl)C(=O)CNC(=O)c1ccco1;O=C(Cc1ccon1)N1CCOC(c2cccc(Cl)c2)C1
m_83e861,CCn1ccnc1C1OCCCC1Nc1nc2cc(F)ccc2o1;Cn1cnnc1C1CN(C(=O)C2CC2c2ccc(F)cc2)CCO1;O=C(NCC1CCOC1c1ncn[nH]1)C1(c2ccccc2F)CC1;Cc1cc(N2CCOC(c3nc(C)cs3)C2)nc(C2CCC2)n1;O=C1C(Nc2ncnc3ccc(F)cc23)CCN1C1CCOCC1;O=C(NCC1CCC(c2nc(C3CC3)n[nH]2)O1)c1ccccc1F;CN1C(=O)CCC(C(=O)NCC(F)(F)CO)C1c1nccn1C;Cc1cc(F)ccc1-n1cc(C(=O)N2CCOCC2C2CC2)nn1;COc1ccc2c(NC3CC(=O)N4CCCCC34)ncnc2c1F;CSC1(CNC(=O)NCc2nc3ccccc3n2C2CC2)CC1;Cn1c(CNC(=O)C2Cc3cccc(F)c3O2)nnc1C1CCC1;O=C(c1c(O)cccc1F)N1CCC(c2nncn2C2CC2)CC1;N#CCn1c(CN2CCCc3ccccc32)nc2ccccc2c1=O;O=C(NCC1CN(C2CC2)CCO1)c1cc2nccnc2cc1F;C1=CC2(CCCN(c3ccc4nccnc4n3)C2)Oc2ccccc21;Cc1nnc2n1CC(NC(=O)c1cc3c(s1)CCCCC3)CC2;CN1CCOC2CN(C(=O)c3cncn3-c3ccc(F)cc3)CC21;CCCn1c(NC(=O)c2ccc3ccccc3n2)nc2ccccc21;O=C(c1cc2nccnc2cc1F)N1CCC(N2CCOCC2)C1;c1cnc2nc(C3CCN(c4nccc5occc45)CC3)ccc2c1;Cc1nnc2n1CC(NC(=O)c1cc3c(s1)CCC(C)C3)CC2;Cc1ccc(F)cc1C(=O)NC1CC(=O)N(C)C1c1ccnn1C;O=C(c1cc2c(F)cccc2[nH]1)N1CCCC(N2CCNC2=O)C1;Cc1c(C(C)NC(=O)CCCn2cncn2)oc2ccc(F)cc12;O=C(NCc1cccc(F)c1)Nc1cccnc1N1CCOCC1
m_83fdb3,CC(C(=O)NCc1cccs1)N1CC(O)CC1CO;CC(C)N[C@@H]1CO[C@H](CNC(=O)c2cccs2)[C@H]1O;CCCCNC(=O)[C@H](CO)NC(=O)Cc1cccs1;COCC1CC(O)CN1C(=O)CCc1scnc1C;COCC(=O)NC(C(=O)NCc1ccsc1)C(C)C;CCc1ccsc1C(=O)N(CCOC)C(C)C(N)=O;COCC(=O)N[C@H]1[C@H](c2cccs2)NCC[C@@]1(C)O;CCCCC(COC)NC(=O)c1cc(C(N)=O)cs1;COC(CNC(=O)c1cc(C(N)=O)cs1)C(C)(C)C;COC(=O)c1sccc1CN(CC(N)=O)C(C)(C)C;CC(C)(C)c1ncc(C(=O)NC2CC(O)C(O)C2)s1;COCc1ncsc1C(=O)NC1CCCCC1OC;Cc1nc(C)c(C(=O)N(C)CC2(O)CCOCC2)s1;CCOC(=O)CN(CC(C)C)C(=O)c1scnc1C;CCCN(CC(=O)O)C(=O)c1scnc1C(C)(C)C;CCCNC(C)C(=O)Nc1c(C)csc1C(=O)OC;CCOC(=O)C(C)(NC(=O)c1scnc1C)C(C)C;COCC(NC(=O)c1cc(C)sn1)C1CCOCC1;CCOC(=O)c1csc(CNC(=O)C(C)(C)CC)n1;CCOC1CC(O)(CNC(=O)c2cscn2)C1(C)C;CCOC(=O)C=C1SC(N2CCCCC2)C(=O)N1C;COC(=O)CCNC(=O)[C@@H](CCSC)n1cccc1;CC(C)(C)c1ncc(C(=O)NCC2(CO)COC2)s1;Cc1[nH]ccc1C(=O)N1CCCC(S(C)(=O)=O)CC1;CCCC(NC(=O)CS(=O)(=O)NC)c1ccccc1
m_847112,O=S(=O)(c1cccs1)N1CCCC1c1nc(CCC(F)(F)F)no1;O=S1(=O)N[C@@H]2CN(S(=O)(=O)c3ccccc3)C[C@@H]2Oc2ncccc21;CC(=O)Nc1nc(C)c(S(=O)(=O)N2c3ccccc3CC2C(=O)O)s1;CC(=O)Nc1nc(C)c(S(=O)(=O)N2CCc3cccc(C(=O)O)c32)s1;COC(=O)C1C(=N)Oc2c(oc(CO)cc2=O)C1c1c(F)cccc1Cl;COC(=O)C1=C(N)Oc2c(oc(CO)cc2=O)C1c1c(F)cccc1Cl;O=C(CSc1ccncc1)NC1C(=O)N2C(C(=O)O)=C(CO)CSC12;Cc1ccc(S(=O)(=O)NCC(=O)OCC(=O)c2ccccc2Cl)cc1;CCn1c(SCC(O)=Nc2ccc(F)c(Cl)c2)nc2c(O)ncnc21;O=[N+]([O-])c1ccc(O[C@@H]2O[C@H](COP(=O)(O)O)[C@H](O)[C@H](O)[C@H]2O)cc1;CCCN(CCOc1c(Cl)cc(Cl)cc1Cl)C(=O)N(C=N)CO
m_875d74,Cc1cnccc1NS(=O)(=O)c1ccc2c(c1)CCC2;Cc1ccncc1NS(=O)(=O)c1ccc2c(c1)CCC2;CCc1ccc(S(=O)(=O)N2CCc3cnccc32)cc1;C=Cc1ccc(S(=O)(=O)NC(C)c2cccnc2)cc1;C/C(=N/NS(=O)(=O)c1ccc(C)cc1)c1ccccc1;O=S(=O)(c1ccccc1)N1CCCC1c1cccnc1;CNS(=O)(=O)c1ccc(NC2CCCC2O)c(F)c1;CC(=O)Nc1ccc(F)c(S(=O)(=O)NC(C)(C)C)c1;CN(CC1(O)CCCC1)S(=O)(=O)c1cncc(F)c1;COc1ccc(S(=O)(=O)N2CCCC(N)C2)cc1F;COc1ccc(S(=O)(=O)N2CCCNCC2)cc1F;CN(C)S(=O)(=O)Nc1ccc2c(c1)Cc1ccccc1-2;COc1ccc2c(c1)CCCN2C(=O)c1scnc1C;Cc1cc(O)ccc1NC(=O)CCSc1ccccn1;CC1(CNC(=O)c2ccncc2)OCCc2sccc21;CCc1cc(NC(=O)c2ccc(C(N)=O)s2)ccc1C;NC(=O)Cc1ccccc1NC(=O)CCc1ccsc1;O=C(Nc1nccs1)C1(c2ccccc2)CCOCC1;Cc1cccc2c1CCN(Cc1nccs1)C2C(=O)O;CC(NS(C)(=O)=O)C(=O)NCCc1ccc(F)cc1;CCc1c(C(=O)Nc2ccccc2C(N)=O)csc1C;Cc1cc(C(=O)Nc2ccc(CC(N)=O)cc2)c(C)s1;O=C(C1CCCO1)N(Cc1ccsc1)c1cccnc1;Cc1cc(C(=O)Nc2ccc(CC(N)=O)cc2)sc1C;Cc1cc(-c2ncccc2NC(=O)C2CCCO2)cs1
m_88505f,Cc1noc(C2CN(Cc3cc(Br)c[nH]3)CCN2C)n1;CC(C)c1noc(CN2CC(Cn3cc(Br)cn3)C2)n1;CC(C)c1nnc(CNC(=O)c2cc(Br)cn2C)n1C;CCn1cc(Br)cc1C(=O)NCC(C)c1nncn1C;CS(=O)(=O)c1nc(C(=O)N2CCCSCC2)c2ccccn12;Cc1ccc2snc(C(=O)N3CCCC(S(N)(=O)=O)C3)c2c1;Cc1ccc2snc(C(=O)N3CCC(CS(N)(=O)=O)C3)c2c1;Cc1nc(C(C)C)nc(Nc2cnn(CCO)c2)c1Br;O=C(Cc1cn2ccsc2n1)N1CCS(=O)(=O)CC1C1CC1;Cn1cc(C(=O)N2CCC(S(C)(=O)=O)C2)c(-c2cccs2)n1;Cn1c(NC(=O)c2ccn(CC(F)F)n2)nc2cccc(Cl)c21;COC(=O)c1c(NS(=O)(=O)c2cccc(F)c2)nc2n1CCC2;Cc1cnc(CNS(=O)(=O)c2cc3c(cc2F)NC(=O)CC3)o1;CCn1c(=O)c(-c2nc(-c3cccs3)no2)c(O)c2ccccc21;CCOC(=O)c1cn[nH]c1S(=O)(=O)N1CCc2c(F)cccc21;Cc1ccc2c(C)c(C(=O)Nc3nonc3-c3cccs3)oc2c1;O=S(=O)(c1ncc[nH]1)N1CCC2(CC1)OCCc1ccsc12;O=C(CN1CCN(c2ncc(Br)cn2)CC1)NC1CC1;C=CCN(C(=O)Cc1cn2ccsc2n1)C1CCS(=O)(=O)C1;CCCCn1nnc(NCc2cc(Br)ccc2OC)n1;CCn1ncc(Br)c1C(=O)N(C)Cc1cnn(C)c1C;CC(NC(=O)C1(O)CCSCC1)c1cc2cc(Cl)ccc2o1;Cc1cc(C)nc(OC2CCN(S(=O)(=O)c3cccs3)C2)n1;Cn1cc(-c2nsc(NC(=O)c3ccn(CC(F)F)n3)n2)cn1;COC(=O)CC(C)(NC(=O)c1ccoc1Cl)c1ccc(F)cc1
m_88a263,CC1CN(C)c2ccccc2N(C(=O)c2ncc(F)cc2F)C1;CN1CCC(NC(=O)c2ccccn2)C1c1ccc(F)c(F)c1;CC1CCn2ncc(C(=O)N3CCc4c(F)cc(F)cc43)c2C1;CC1CCn2ncc(C(=O)N3CCc4cc(F)c(F)cc43)c2C1;COc1cccnc1N(C)C(=O)c1coc(C2CCOCC2)n1;CC1(C)CN(CC(F)(F)F)CCN1C(=O)c1cccc(=O)[nH]1;CC1COCCN1CCNC(=O)c1ccc(C(F)(F)F)cn1;CC1CN(c2ccncc2)CCN1C(=O)c1ccc(F)c(F)c1;CC1CN(c2ccncc2)CCN1C(=O)c1cc(F)cc(F)c1;Cc1ccc2c(c1)cc(C(=O)N[C@@H](C)C(=O)NCC(=O)O)n2C;O=C(O)COCC1CCN(C(=O)c2cc3cccnc3[nH]2)CC1;O=C(c1cnccn1)N(Cc1c(F)cccc1F)C1CCCC1;O=C(NC1CC1)C1CCCN1c1ccnc2c(F)cc(F)cc12;Cc1nccnc1C(=O)N1CCC(c2ccc(F)c(F)c2)C1C;O=C(O)C1CCN(C(=O)C2CC(=O)N(Cc3ccccn3)C2)C1;CC(C)N(CC(=O)O)C(=O)CNC(=O)c1cc2ccccc2[nH]1;COCC(=O)N[C@H]1CCN2C(=O)c3ccccc3NC(=O)[C@@H]2C1;O=C(NCc1ncccc1O)C1CCCN(CC(F)(F)F)C1;CC(=O)N1CC(NC(=O)c2[nH]ccc2C)CCC1C(F)(F)F;COCC(=O)N1CC[C@H]2NC(=O)N(c3ccc(C)cc3)C(=O)[C@@H]21;CC(=O)N1CC(C(=O)NC(C)c2ccc3c(c2)NC(=O)CO3)C1;O=C(c1cc2n(n1)CCCC2)N1CCc2c(F)ccc(F)c2C1;Cc1cc(OCC(=O)O)ccc1NC(=O)c1ccn(C(C)C)n1;CC(=O)Nc1ccc(O)c(C(=O)N2C3CCC2CC(=O)NC3)c1;O=C(c1cccc(F)c1F)N1CCN(Cc2cccnc2)CC1
m_895051,Cc1nccc(CCC(=O)N2CCNC(=O)CC2c2ccccc2)n1;Cc1nccc(CNC(=O)C2CCC(=O)N(C)C2c2ccccc2)n1;Cc1nccc(CNC(=O)C2CC(=O)N(C(C)c3ccccc3)C2)n1;CC(=O)N1CCc2ccccc2C1CC(=O)N(C)Cc1cnccn1;CN1C(=O)CC(CNCc2ccc(C(N)=O)cc2)C1c1ccncc1;CCN1C(=O)CC(CNC(=O)c2cccnc2C)C1c1cccnc1;CCN1C(=O)CC(CNC(=O)c2cccc(C)n2)C1c1cccnc1;CN1C(=O)CCC(C(=O)N2Cc3ccccc3C2)C1c1cnn(C)c1;CCN1C(=O)CC(CNC(=O)c2cncc(C)c2)C1c1cccnc1;Cc1cc[nH]c1C(=O)NCC1CC(=O)N(C2CC2)C1c1cccnc1;NC(=O)NC(CC(=O)NCCN1CCOCC1)c1ccccc1F;CC(NC(=O)N1CCNC(=O)CC1)c1ccc(-c2ccncc2)cc1;Cc1nc(C2CCCN2C(=O)CCc2c[nH]c3c(C)cccc23)no1;CCc1nc(C2CCCN2C(=O)CCc2c[nH]c3ccccc23)no1;CC(c1ccccn1)N(CC(=O)N1CCNC1=O)Cc1ccccc1;CN1CC(C(=O)N2CCCC2c2cnn(C)c2)c2ccccc2C1=O;CC(=O)N1Cc2ccccc2CC1C(=O)NC1CCc2nccn2C1;CC(NC(=O)N1CCNC(=O)CC1)c1ccc(-c2cccnc2)cc1;Cc1ccc(C2CC2)c(C(=O)N2CCC(c3cc(O)nc(N)n3)C2)c1;Cc1cc(CN2CCN(C(=O)CCc3ccc(C#N)cc3)CC2)no1;NC(=O)C(c1ccccc1)N1CCCN(C(=O)c2ccncc2)CC1;Cc1cccc(C2CCCN2C(=O)NCc2ccc(C(N)=O)cc2)n1;Cc1cc(NC(=O)NCC2CC(=O)N(Cc3ccccc3)C2)ccn1;CN(CC1OCCN(C)C1c1ccccc1)C(=O)c1c[nH]c(C#N)c1;Cc1noc(C)c1CCC(=O)NC(Cc1ncc[nH]1)c1ccccc1
m_89a6f2,CC(C(=O)Nc1ccnn1C(C)C)N1CCN(c2cnccn2)CC1;CN(C)CCn1ccc(NC(=O)C2CCN(c3cnccn3)CC2)n1;Cc1cc(N2CCCC(NC(=O)c3cnc(N(C)C)cn3)C2)n(C)n1;Cc1ccc(N2CCCC(NC(=O)Nc3ccn(C(C)C)n3)C2)nn1;Cc1nccc(N2CCN(C(=O)Nc3cnn(CC(C)C)c3)CC2)n1;CC1CCCCN1C(=O)CN1CCN(c2ncnc3nc[nH]c23)CC1;Cc1cc(N2CCC(NC(=O)Nc3cc(C)nn3C)CC2)nc(C)n1;CCN(CC)c1ccc(N2CCN(C(=O)Cn3cccn3)CC2)nn1;CCn1nc(C)c(NC(=O)N2CCN(c3ccnc(C)n3)CC2)c1C;CCn1cc(NC(=O)NC2CCN(c3cc(C)nc(C)n3)CC2)cn1;Cc1nc(N2CCN(C(=O)C3CCC(N)C3)CC2)c2cnn(C)c2n1;Cc1ccc(NC(=O)C(C)N2CCN(C)CC2)cc1-n1nnnc1C;Cc1nc(N2CCN(C(=O)C3CCCC3N)CC2)c2cnn(C)c2n1;Cc1nc2n(n1)CCCC2NC(=O)Nc1ccnn1C1CCCCC1;Cc1c(NC(=O)C2Cn3c(C)nnc3CN2C)cnn1C1CCCC1;O=C(NC1CCCCC1)NC1CCN(c2ncnc3nc[nH]c23)CC1;CNC(=O)c1nc(C)c(C)c(N2CCC(NCc3ccn(C)n3)C2)n1;Cc1nc(C(=O)NCc2cc[nH]n2)nc(N2CCC(N(C)C)C2)c1C;CNc1cc(N2CCCC2CNC(=O)c2cc(C(C)C)[nH]n2)ncn1;CCc1nn(C)c(CC)c1CNC(=O)Nc1nn(C(C)C)cc1C#N;CC(C)C(C(=O)N1CCC(N(C)c2cccnn2)CC1)n1cncn1;CCN(CC)C(=O)N1CCN(c2ccc(-n3ccc(C)n3)nn2)CC1;Cc1nc(C)nc(N2CC(C)N(c3ccnc(C(C)O)n3)C(C)C2)n1;Cc1c(C(=O)N2CCCC2c2ccc(N(C)C)nn2)nnn1C(C)C;COC1CC(CNc2nccc(C)n2)N(c2cc(N(C)C)ncn2)C1
m_89b9d2,COC1(C(C)NC(=O)c2cc(F)c(O)c(Cl)c2)CCC1;CC(C)(O)C1CCCN1C(=O)c1cc(F)c(O)c(Cl)c1;COC1CN(C(=O)c2cc(F)c(O)c(Cl)c2)CCC1C;COc1cc(Cl)c(F)c(C(=O)NCC2CCCC2O)c1;COC(=O)C(CC(C)C)NC(=O)c1ccc(F)cc1Cl;CC(C)C(C)(CC(=O)O)NC(=O)c1ccc(Cl)c(F)c1;CCC(CC)(CNC(=O)c1cc(Cl)ccc1F)C(=O)O;CC(C)CC(CNC(=O)c1cccc(F)c1Cl)C(=O)O;COC(=O)C(NC1CCCOC1)c1ccc(Cl)c(F)c1;COC1CC(CO)N(C(=O)Cc2ccc(F)cc2Cl)C1;COc1cccc(Cl)c1C(=O)N1CCCC(F)(CO)C1;CC(CO)(NC(=O)COc1ccc(Cl)c(F)c1)C1CC1;Cc1cc(Cl)ccc1OCC(=O)N1CC(F)CC1CO;CCC(C(=O)O)N1CCOC(c2ccc(F)cc2Cl)C1;O=C(O)CCCN1CCOC(c2ccc(F)c(Cl)c2)C1;Cc1cc(OCC(=O)N2CC(F)CC2CO)ccc1Cl;Cc1c(Cl)cccc1OCC(=O)N1CC(F)CC1CO;CNS(=O)(=O)c1cc(C(=O)N2CCNCC2)ccc1F;Cc1ccc(Cl)cc1CNC(=O)C1COc2ccccc21;CCCC1(O)CCN(C(=O)c2scc(C)c2Cl)CC1;COc1ccc(C(=O)NC(=S)Nc2ncccc2C)cc1;O=C1CC2(CCN(C(=O)c3cnc4ccsc4c3)C2)CN1;O=C(COc1ccccc1Cl)N1CCCc2ccccc21;CC(NC(=O)c1ccoc1)c1nc(-c2cccc(F)c2)no1;CN(C)c1ccc(C=CC(=O)c2cc(Cl)ccc2O)cc1
m_8b6b8e,Cc1nn(C)c(C)c1CC(=O)Nc1ncccc1O;Cc1nn(C)c(C)c1CC(=O)Nc1cccnc1O;CCCc1cc(NC(=O)c2ncccc2O)n(C)n1;CCCCc1cc(NC(=O)c2cncc(O)c2)[nH]n1;CC(C)n1nccc1NC(=O)Cn1ccccc1=O;Cc1cc(C(=O)Nc2ccnn2C(C)C)cc(O)n1;CC(C)c1cc(C(=O)Nc2ccnn2C)cc(O)n1;COc1nc(C)ccc1C(=O)N(C)c1ccn(C)n1;Cc1cc2c(N3CCC(C)(C(=O)O)C3)nccn2n1;Cc1cc(C)c(CNC(=O)Cn2cccn2)c(=O)[nH]1;N#Cc1c(C2CC2)n[nH]c1NC(=O)COCC1CC1;CCCCc1cc(NC(=O)c2ccc(O)nc2)[nH]n1;Cc1cc(CNC(=O)c2cc(C3CC3)n(C)n2)on1;COC(=O)N1CCCN(c2ncccc2C#N)CC1;CC(O)C(=O)N1CCN(c2cccc(C#N)n2)CC1;CC(CNC(=O)c1cccnc1O)Cn1cccn1;CC(C)NC(=O)CNc1cc(=O)n2ccccc2n1;CCCc1cc(C(=O)Nc2ccc(NC)nc2)no1;Cc1cc(CN2CCc3nn(C)c(=O)cc3C2)on1;CC(C)Oc1ncccc1CNC(=O)c1cc[nH]n1;CC(O)(C(=O)Nc1ccc2nncn2c1)C1CCC1;Cc1nc(NC(=O)C(C)Oc2ccccc2)n(C)n1;CCc1ccc(OCC(=O)Nc2n[nH]c(C)n2)cc1;COc1ncccc1C(=O)NCCCn1ccnc1;Cc1cc(C)c(C(=O)NCCc2c[nH]cn2)c(=O)[nH]1
m_8bb047,Cc1ncccc1NC(=O)Cc1c[nH]c2ncccc12;O=C(CCc1cccnc1)Nc1nc2ccccc2[nH]1;Cc1ccc(NC(=O)c2ccc3nncn3c2)c(C)c1;Cn1ccc2cc(NC(=O)Nc3cccnc3)ccc21;Cc1ccnc2c1NC(=O)c1cccnc1N2C1CC1;Cc1cc(C)n2ncc(C(=O)Nc3ccccc3)c2n1;CC(NC(=O)c1ccccn1)c1nc2ccccc2[nH]1;CC(NC(=O)c1cccnc1)c1nc2ccccc2[nH]1;Cc1cc(NC(=O)c2ccc3ccccc3n2)n(C)n1;CN(C(=O)c1cccnc1)c1nc2ccccc2n1C;CNC(=O)c1ccc(CNc2ccc(C#N)cn2)cc1;c1ccc2c(c1)OCCN2Cc1cnc2cnccn12;O=C1CCC(c2ccc(Nc3ccncc3)cc2)=NN1;CN(Cc1ccc(C(N)=O)cc1)c1ccc(C#N)cn1;Cc1noc(C)c1C=NNc1ccc2ccccc2n1;CC(C)(C(=O)N1CCC(N)C1)c1ccccc1Cl;NCC1CCCN(C(=O)Cc2cccc(Cl)c2)C1;Cc1ccc(-c2[nH]nc3c2C(C)C(C#N)=C(N)O3)cc1;CC1CCN(CC(=O)Nc2cccc(Cl)c2)CC1;CN(C(=O)CCc1ccccc1Cl)C1CCNC1;O=C(CCl)Nc1ccc(N2CCCCCC2)cc1;CC(NC(=O)c1cc(Cl)c[nH]1)C1CC2CCC1C2;CC(N)C(=O)N1CCCC1Cc1ccccc1Cl;c1ccc(C2CC2Cc2nc(-c3ncc[nH]3)no2)cc1;NC1CCCN(C(=O)CCc2ccccc2Cl)C1
m_8c72d4,O=C(NCC1CCN(CC(F)(F)F)CC1)c1nc(N2CCCC2)ncc1Cl;O=c1ccc(-n2cccn2)nn1CC1CCN(c2nccc(C(F)(F)F)n2)CC1;C[C@@]1(O)CCN(Cc2nccs2)[C@@H](c2cccs2)[C@@H]1NC(=O)C1CCCC1;COC(=O)C1CCN(C(=O)c2cccc3c(=O)c(C)c(-c4ccccc4)oc23)CC1;Cc1ccc(F)c(S(=O)(=O)N2CCC(Oc3cccnc3N3CCCC3)C2)c1;O=C1/C(=C\c2ccc3c(c2)OCO3)Oc2c1ccc1c2CN(C2CCCCC2)CO1;Cc1ccc(S(=O)(=O)N2CCC(Oc3cccnc3N3CCCC3)C2)cc1F;C[C@H](NC(=O)[C@H]1CC(=O)N(c2ccc3c(c2)OCCO3)C1)C(=O)NCCC(=O)O;CN(C[C@H]1CN2CC[C@H]1C[C@@H]2CNS(=O)(=O)c1cccs1)c1ccccc1;CCCCn1c(Cc2cc(OC)c(OC)c(OC)c2Cl)nc2c(N)ncnc21;C[C@@H]1Oc2ccccc2C=C1/C=C1\Oc2c(ccc(O)c2CN2CCOCC2)C1=O;COC(=O)c1ccc(COc2cccc3c2CCN(Cc2cccc(C)c2)C3=O)o1;CC(C)N(CC(=O)N1c2ccc(S(N)(=O)=O)cc2CC1C)c1ccc(F)cc1;COc1ccc2c(c1OC)C(CC(C)=O)N(C)c1c-2ccc2cc3c(cc12)OCO3;Cc1scc(C(=O)NCCN2CCN(C(=O)c3csc(C)c3C)CC2)c1C;COc1cc2c(cc1OC)C(CC(C)=O)N(C)c1c-2ccc2cc3c(cc12)OCO3;Cc1oc2cc3oc(=O)c(CC(=O)NCCCO)c(C)c3cc2c1-c1ccccc1;Cc1c(CC(=O)NCc2ccco2)c(=O)oc2c(C)c3oc4c(c3cc12)CCCC4;Cc1c(CC(=O)N[C@@H](CCCNC(N)=O)C(=O)O)c(=O)oc2c(C)c(O)ccc12;CC(=O)C1OCc2c(O)cccc2C2C1C(C)=NC21C=Cc2cccc(O)c2CO1;COc1ccccc1NC(=O)c1oc2ccc3c(c2c1C)C(=O)CC1(CCCC1)O3;CCN(CC)C(=O)Oc1ccc2c(c1)O/C(=C\C1=Cc3ccccc3O[C@H]1C)C2=O;COC(=O)c1ccc(N2COc3c(cc4c5c(c(=O)oc4c3C)CCCC5)C2)cc1;Cc1cc(O)c2c(C)c(CC(=O)NC(CCCNC(N)=O)C(=O)O)c(=O)oc2c1;COCCNC(=O)Cc1c(C)c2cc3c(-c4ccccc4)c(C)oc3cc2oc1=O
m_8d19fa,Cc1cccc2c1OCCC2NC(=O)c1coc(CC2CC2)n1;O=C(c1coc(C2CC2)n1)N1CCC(CO)(c2ccccc2)C1;O=C(NC1(c2ccc3c(c2)OCCO3)CCCC1)c1ccc[nH]1;COc1ccc2c(c1)CCCN(C(=O)c1ncoc1C1CC1)C2;COc1ccc2c(c1)OCC(C(=O)N(C)Cc1ccccn1)C2;O=C(NC1CCc2ccccc2OC1)c1noc2c1CCCC2;CC1Cc2cc(CNC(=O)c3noc4c3CCCC4)ccc2O1;COc1ccc2c(c1)OCCN(C(=O)c1ncc(C)cc1C)C2;Cc1ccc(-c2ocnc2C(=O)N2CCC3(CCOC3)C2)cc1;O=C(c1nc(-c2ccccc2)oc1C1CC1)N1CCC(O)CC1;CC(NC(=O)c1c(O)c2c([nH]c1=O)CCCC2)c1ccccc1;COc1ccccc1C1CCN(C(=O)c2cncc(C)c2O)C1;COc1cc2c(cc1OC)[C@@H](C)N(C(=O)c1ccccn1)CC2;COc1cccc(C2CCCN2C(=O)c2ccc(=O)n(C)c2)c1;COc1cc(CNc2cccc(C(N)=O)c2)c2c(c1)CC(C)O2;COc1ccccc1CCNC(=O)c1cc2c([nH]c1=O)CCC2;Cc1cccc([C@H]2C[C@@H](O)[C@@H](O)[C@@H]2NC(=O)c2ccccn2)c1;Cc1ccccc1[C@H]1C[C@@H](O)[C@@H](O)[C@@H]1NC(=O)c1ccccn1;CC1CN(C(=O)CCn2ccccc2=O)Cc2ccccc2O1;COc1ccccc1-c1ccc(C(=O)NC2CCOCC2)nc1;Cc1ccc2c(c1)CN(C(=O)C(C)Oc1cccnc1)CCO2;COc1nc(C)ccc1C(=O)N1CCOCC1c1ccccc1;CNc1ccccc1C(=O)N1CCOc2cc(OC)ccc2C1;Cc1ccc([C@H]2C[C@@H](O)[C@@H](O)[C@@H]2NC(=O)c2ccccn2)cc1;COc1ccccc1CC(=O)NC1CCOC1c1cccnc1
m_8d374f,Cc1nc(Nc2ccccc2)cc(N2CCS(=O)(=O)CC(C)C2)n1;CC1(C)CCN(c2cc(Nc3ccccc3)ncn2)CCS1(=O)=O;CS(=O)(=O)CC1CCN(c2cc(Nc3ccccc3)ncn2)CC1;CS(=O)(=O)C1CCCN(c2cc(Nc3ccccc3)ncn2)CC1;CCc1ccc(S(=O)(=O)NCc2nccc(N3CCCC3)n2)cc1;Cc1ccc(C2CN(c3cc(N4CCSCC4)ncn3)CCO2)o1;CCc1cc(N2CCN(S(=O)(=O)Cc3ccccc3)CC2)ncn1;COc1nc(C)cc(N2CCC(NC(=O)c3ccc(C)s3)CC2)n1;CCS(=O)(=O)c1ccccc1NC1CCN(c2cccnn2)CC1;Cc1nccc(NCc2cccc(S(=O)(=O)N3CCCCC3)c2)n1;Cc1nc2ccccc2nc1N1CCCC(NS(=O)(=O)C2CC2)C1;CCS(=O)(=O)c1ccccc1N1CCCN(c2cccnn2)CC1;Cc1cc(C)nc(Nc2ccc(S(=O)(=O)N3CCCCC3)cc2)n1;CC(C)S(=O)(=O)c1ccc(N2CCN(c3ccccc3)CC2)nn1;CN(C)c1cc(CN2CCCc3ccc(S(N)(=O)=O)cc32)ccn1;Cc1nc2c(c(NCc3ccc(S(N)(=O)=O)c(C)c3)n1)CCCC2;Cc1ccc(N2CC(N(C)S(=O)(=O)CCc3ccccc3)C2)nn1;Cc1cc(C)c(C)c(S(=O)(=O)NC2CN(c3cnccn3)C2)c1C;Cc1cnc(N2CCN(S(=O)(=O)Cc3ccccc3)CC2)nc1C;Cc1ccc(S(=O)(=O)Nc2c(C)nc(N3CCCC3)nc2C)cc1;CNS(=O)(=O)c1ccc2c(c1)N(Cc1ccnc(N(C)C)c1)CC2;Cc1nc(C)c(C(C)NC(=O)c2cccnc2N2CCOCC2)s1;COc1ccc(N2CCN(C(=O)c3scnc3C(C)C)CC2)nc1;Cc1csc(N(C)C(=O)c2cc(N3CC(C)OC(C)C3)ccn2)n1;O=S(=O)(c1cccc(NCc2nccn2C2CC2)c1)N1CCCC1
m_8d75c7,Cc1nc(C2CCCN2C(=O)c2nn(C)cc2Br)cs1;Cc1ccc(NC(=O)COc2ccc(Cl)cc2Cl)c([N+](=O)[O-])c1;NC(=O)NC(=O)C(Oc1ccc(Cl)cc1)Oc1ccc(Cl)cc1
m_8db7e3,Cn1ncc(NC(=O)NC2CCNCC(C)(C)C2)c1C(F)F;CN1CC2CCCN(Cc3cn(-c4ccc(F)cc4)nn3)C2C1;CC12CNCC1(C)CN(Cc1ccc(-n3cncn3)c(F)c1)C2;CC1CC(C(=O)N2CCCC2CS(C)(=O)=O)CC(C)(C)C1;CC1(C)CC(NC(=O)CC2CCS(=O)(=O)C2)CC(C)(C)C1;CCc1ncnc(N2CCCC2c2nc3c([nH]2)CCCC3)c1F;CCS(=O)(=O)C1CCN(C(=O)C2(C)CCCCCC2)CC1;CCC1CCCCC1C(=O)NC1CCCC(S(C)(=O)=O)C1;CCS(=O)(=O)CCN1CC(C)(C)OC2(CC3CCC2C3)C1;CN(Cc1cccnc1)CC1CC(F)CN1Cc1ncccn1;CN(C(=O)CC1(CS(C)(=O)=O)CC1)C1CCCCCCC1;CC1CCC(CN(C)C(=O)CC2(CS(C)(=O)=O)CC2)CC1;Cc1ccc(F)c(NCc2cnc(N3CCN(C)CC3)nc2)c1;CC(CS(C)(=O)=O)N(C)C(=O)C1CCCC2CCCCC21;CN(C)c1nccc(N2CCCN(c3ccccc3F)CC2)n1;CC(C)(C)C1CCCN(C(=O)CC2CCS(=O)(=O)C2)CC1;CS(=O)(=O)C1CCCC(NC(=O)CCC2CCCCC2)C1;CC(C)(C)S(=O)(=O)CC(=O)N(C1CCCC1)C1CCCC1;CCCCC1CCC(C(=O)NCCC2CS(=O)(=O)C2)CC1;CCCCC1CCC(C(=O)NCC2CCS(=O)(=O)C2)CC1;C=CCCCCCCCCC(=O)NC(CCSC)C(=O)O
m_8e45f7,Cc1ncsc1C(=O)N(C)Cc1nccn1CC(F)(F)F;COc1nc(-c2ccnc(NC(=O)C3CC3)c2)sc1C(N)=O;COc1ncccc1C(=O)N1CCN(c2nccs2)C(=O)C1;O=C(O)c1ccc(C(=O)N2CCN(c3ncccn3)CC2)s1;Cn1cc(Cl)cc1C(=O)N1Cc2ccccc2CC1C(=O)O;CC1CN(C(=O)c2ocnc2C2CC2)c2cccc(Cl)c2O1;O=C(O)C1CCCN(C(=O)c2csc(-c3ncccn3)n2)C1;O=C(O)C1CCCCN1C(=O)c1csc(-c2ncccn2)n1;Cc1onc(-c2ccccc2Cl)c1C(=O)N1CCC12COC2;FC(F)(F)CCc1noc(C2CCCN2c2nccs2)n1;C#CCN(C)C(=O)c1onc(-c2ccc(Cl)cc2)c1[C@H](C)O;CC(NC(=O)c1sccc1NC(=O)c1ccncc1)C(N)=O;O=C(O)C1CCCN(C(=O)c2cc(Cl)cc3cccnc23)C1;O=C(c1cccc(Oc2ccc(Cl)cc2)n1)N1CCOCC1;O=C(O)C1CCN(C(=O)c2cc(Cl)cc3cccnc23)CC1;Cc1cc(=O)c(C(=O)N2CC(C)Oc3c(Cl)cccc32)c[nH]1;O=C(O)C1CCCN(C(=O)c2ccc3ccc(Cl)cc3n2)C1;COc1ccnc(C(=O)N2CC(C)Oc3c(Cl)cccc32)c1;CNC(=O)CNC(=O)c1cccc(NC(=O)c2cscn2)c1;O=C(CNC(=O)c1cccs1)NCC(=O)Nc1ccncc1;COc1nscc1CN(C)c1nc(C)cc(C(F)(F)F)n1;COc1cccc(-c2nnc(NCc3cscn3)o2)c1OC;C#CCNC(=O)c1ccccc1NS(=O)(=O)c1cn(C)cn1;CS(=O)(=O)c1nccn1Cc1nc(Cc2ccccc2)no1;O=C1CCC2(CCN(C(=O)c3oc4ccccc4c3Cl)C2)N1
m_8eaf01,Cc1ncc(C(=O)N2CCC(NCC3CC3)CC2)c(N)n1;CC1CCC(C(N)=O)CN1c1cc(NCC2CC2)ncn1;Cc1cc(NC(=O)N2CCC(N3CC=CC3)CC2)nn1C;CCC(C)N(C(=O)c1cnc2c(c1)nnn2C)C(C)CC;CN1CCCC1C(=O)N1CCC(Nc2cccnn2)CC1;NC(=O)CC1CCN(c2cc(N3CCCC3)ncn2)CC1;Cc1cnc(CCNC(=O)N2CC(N)C3(CCC3)C2)cn1;C=CCNC(=O)CN1CCN(c2ncc(C)c(C)n2)CC1;O=C(CNCC1CCCN1c1cccnn1)NCC1CC1;O=C(NC1CC=CCC1)N1CCC(Cn2cncn2)CC1;O=C1C(N2CCCC(Cn3ccnn3)C2)CCN1C1CC1;CC(C)n1cc(C2CN(Cc3cnc[nH]3)CC2CO)cn1;CC(C)c1noc(C(C)N2CCCc3c(cnn3C)C2)n1;CCC(CC)NC(=O)c1c(C)nn(C)c1-n1ccnc1C;CCN(CC)C(=O)c1cc(C(C)(C)C)n2nc(C)nc2n1;CN(CCO)C1(CNc2nccnc2C#N)CCCCC1;Cc1oncc1CN1CCCCC1c1n[nH]c(C(C)C)n1;CNC(=O)c1ccc(N2CCC3(CCCN(C)C3)C2)nn1;Cc1nn(C)c(C)c1CCC(=O)N(C)Cc1cnn(C)c1;Cc1nnc(C2CCCN(Cc3cn(C)nc3C)C2C)o1;NC(=O)c1ncn(C2CCCN(CC3CC=CCC3)C2)n1;CCn1cncc1CNCC1CCCOC1c1cn[nH]c1;Cc1nn(C)cc1CNC1CCCOC1c1nccn1C;CC(C)(C)c1c[nH]c([C@@H]2COCCN2Cc2c[nH]cn2)n1;Cn1cccc1CN1CCCC(O)(Cc2nncn2C)C1
m_9068e1,CC(C)(C)n1cc(C#N)c(NC(=O)C2CCC(F)(F)CC2)n1;Fc1cccnc1N1CCC(NCc2cccc3[nH]ccc23)C1;Fc1ccc2c(c1)C(NCCc1nnc3ccccn13)CCC2;Fc1ccc2c(c1)CCCC2NCCc1nnc2ccccn12;CN1CCN(c2nccc3[nH]c(-c4cccc(F)c4)cc23)CC1;Fc1cccc(C2CNCCN2Cc2ccc3cn[nH]c3c2)c1;CNC(=O)NC(=O)CN1CCN(CC(F)(F)F)CC1(C)C;C=C(CCCC(C)C)CCOS(=O)(=O)c1ccc(C)cc1;CO[C@@H]1O[C@@H](C[C@H](O)[C@H](O)[C@@H](C)O)[C@](O)([C@@H](C)O)C[C@H]1O
m_907412,Cc1oc(C(=O)N(C)c2ccc(F)cc2)cc1S(N)(=O)=O;O=C(Nc1ccc(NC(=O)c2cccs2)cc1)c1ccco1;O=C(NC(=S)Nc1cccc2c(O)cccc12)c1ccco1;O=C1c2ccccc2NC(c2ccc(-c3cccs3)o2)N1O;CC1(C(=O)O)CCN(S(=O)(=O)c2ccc(F)cc2C#N)C1;CC1(C(=O)O)CCCN1S(=O)(=O)c1cccc(F)c1C#N;COc1ccc(S(=O)(=O)Nc2ccc(F)cn2)cc1OC;Cc1cc(CS(=O)(=O)CC(=O)Nc2ccccc2F)no1;COc1cc(C)ccc1NS(=O)(=O)c1sc(C)nc1C;CCc1ccc(O)c(NS(=O)(=O)c2sc(C)nc2C)c1;NC(=O)c1cc(-c2ccccc2)sc1NC(=O)c1ccoc1;COC(=O)c1ccc(C(=O)Nc2ccc3scnc3c2)cc1;Cc1ccc2c(N)c(C(=O)c3ccc4c(c3)OCO4)sc2n1;CN(C)c1ncc(Br)cc1C(=O)N1CCNCC1;Cn1c(=O)sc2cc(S(=O)(=O)NC3CCCC3)ccc21;CC1(C)CCCN1S(=O)(=O)c1ccc2[nH]c(=O)sc2c1;CCC1(CNS(=O)(=O)c2ccc3[nH]c(=O)sc3c2)CC1;CN(C1(CO)CCC1)S(=O)(=O)c1cnc2ccsc2c1;CCN1CCN(C(=O)c2cncc(Br)c2N)CC1;Cc1nc(S(=O)(=O)NCC(C)O)c(-c2ccccc2)s1;COC(CS(=O)(=O)Nc1nsc2ccccc12)C1CC1;CCS(=O)(=O)CC(=O)Nc1nc2c(C)ccc(C)c2s1;CS(=O)(=O)c1cccc2sc(N3CCCC(O)C3)nc12;O=C(Nc1ccc2ncsc2c1)C1COc2ccccc2O1;Fc1cccc(Cl)c1CN1CCN(c2cnsn2)CC1
m_90baa7,CCC(=O)NCc1cc(S(=O)(=O)N(C)C2CCCc3nc(C)sc32)ccc1OC;CCNS(=O)(=O)c1ccc(S(=O)(=O)N(Cc2ccccn2)C2CCCCC2)cc1;COC(=O)[C@H](C)N1COc2ccc3c(=O)c(-c4ccc5c(c4)OCCO5)c(C)oc3c2C1;CC(=O)c1c(O)c(C)c(O)c2c1OC1=CC(=O)/C(=C(/C)NCc3ccc(C)o3)C(=O)[C@@]12C;COc1cc(C(=O)Nc2ccn([C@@H]3O[C@H](CO)[C@@H](O)[C@H]3O)c(=O)n2)cc(OC)c1OC;Cc1cccc2sc(N(CC3CCCO3)C(=O)C3CCN(S(C)(=O)=O)CC3)nc12;Cc1oc2c(CN3CCC[C@H]3C(=O)O)c(O)ccc2c(=O)c1-c1ccc2c(c1)OCCO2;COc1cc(C(=O)Oc2cc3c4c(c2)C(C)=CC(C)(C)N4C(=O)C3=O)cc(OC)c1OC;Cc1cc(=O)oc2c3c(cc(OCC(=O)Nc4ccc5c(c4)OCO5)c12)OC(C)(C)CC3;CC1(C)CCc2c(cc(OCC(=O)NCC(=O)O)c3c(-c4ccccc4)cc(=O)oc23)O1;COC(=O)Cc1c(C)c2cc3c(c(C)c2oc1=O)OCN(Cc1ccc2c(c1)OCO2)C3;COc1c(O)c(CC2=CN=CC2)c2[o+]c(-c3ccc(O)cc3)[cH-]c(=O)c2c1OCCCO;COc1c(O)c(Cc2cc[nH]c2)c2oc(-c3ccc(O)cc3)cc(=O)c2c1OCCCO;COC(=O)C1CCN(C(=O)c2ccc(Oc3coc4cc(OC)ccc4c3=O)cc2)CC1;CSCCCNC(C(=O)NC1C(=O)N2C1SC(C)(C)C2C(=O)O)c1ccccc1;COc1ccc(/C=C2\Oc3cc(OCC(=O)N4CCC(C(=O)O)CC4)ccc3C2=O)cc1;COc1cc(NC(=O)Cc2c(C)c3cc4c(C)coc4cc3oc2=O)cc(OC)c1OC;COC(=O)C1CCN(C(=O)COc2cc(O)c3c(=O)cc(-c4ccccc4)oc3c2)CC1;Cc1ccc(-c2nn(-c3ccccc3)cc2C=Nn2c(-c3ccncc3)n[nH]c2=S)cc1;COc1ccc(-c2cc(=O)oc3cc(OCC(=O)N4CCC(C(=O)O)CC4)ccc23)cc1;COc1ccc(-c2cc(=O)oc3cc(OCC(=O)N4CCC[C@@H](C(=O)O)C4)ccc23)cc1
m_91512a,CCc1cnc(CNC(=O)N2CCOC(COC)C2)s1;Cc1ncc(CN(C)C(=O)NCC2CCC(CO)O2)s1;COC1COCC1NC(=O)Nc1ncc(C(C)(C)C)s1;COCc1nsc(N2CC(C)OC3(CCCOC3)C2)n1;COC1CC(CO)N(C(=O)CCc2cccc(F)c2F)C1;COC(C)c1nsc(N2CCOC3(CCCOC3)C2)n1;COc1cnc(NC(=O)NCC(O)C2CCCCC2)s1;CC(C)c1cc(NC(=O)N2CC[S+]([O-])C(C)(C)C2)no1;COC1CC(CN(C)S(=O)(=O)c2cccnc2)N(C)C1;CC1CN(S(=O)(=O)NCC(N)c2ccccc2)CCO1;CC(C)C1CN(c2ccc(S(N)(=O)=O)cn2)CCCO1;Cc1nc(S(=O)(=O)N2CCOC3(CCCC3)C2)cn1C;C=C(C)CN(CC)C(=O)c1cc(S(=O)(=O)N(C)C)c[nH]1;COc1ccc(CCC(=O)N2CC(F)CC2CO)cc1F;CCC(C(=O)O)N1CCC(Oc2ccc(F)cc2F)CC1;CC(C)CS(=O)(=O)CC(=O)NC1CCc2nccn2C1;CC(C)n1nccc1C(=O)N1CCC(CS(C)(=O)=O)C1;CNS(=O)(=O)C1CCN(Cc2cc(OC)cc(C)n2)C1;CCNS(=O)(=O)C1CCN(Cc2cc(OC)ccn2)C1;COc1cc(CNC(C)C2CCCO2)cc(Cl)c1OC;CN(C)CC1(O)CCCN(S(=O)(=O)c2cccnc2)C1;Cc1nn(C)c(C)c1C(C)C(=O)N1CCS(=O)(=O)CC1;CC[C@@H]1NC(=O)[C@@H]2C[C@@H](NC(=O)CSC)CCN2C1=O;CC1CC(CO)CCN1C(=O)c1cccc(OC(F)F)c1;CCNS(=O)(=O)C1CCN(Cc2cccnc2OC)C1
m_916daf,Cn1cc(C(=O)NCC2CC(c3nnc[nH]3)CC2O)c2ccccc21;Cn1ccc2c(C(=O)NCC3CC(c4nnc[nH]4)CC3O)cccc21;Cn1cnnc1C1CC(O)C(CNC(=O)c2cccc3[nH]ccc23)C1;Cc1nnc(C2CC(O)C(CNC(=O)c3cc4ccccn4c3)C2)[nH]1;Cn1cnnc1C1CC(O)C(CNC(=O)c2cc3ccccn3c2)C1;Cn1cnnc1C1CC(O)C(CNC(=O)c2ccc3cc[nH]c3c2)C1;Cn1cnnc1C1CC(O)C(CNC(=O)c2ccc3[nH]ccc3c2)C1;COC1CN(C(=O)c2cn(C)c3ccccc23)CC1c1cn(C)nn1;Cc1nnc(C2OCCC2CNC(=O)c2cc3ccccc3n2C)[nH]1;COCCn1nnc2c1CCN(C(=O)c1cn(C)c3ccccc13)C2;COCc1nc2n(n1)CC(NC(=O)c1c[nH]c3cc(C)ccc13)CC2;Cc1[nH]c2ccccc2c1C(=O)N1CCCC(O)(Cn2ccnn2)C1;CCn1cnnc1C1CN(C(=O)c2c(C)[nH]c3ccccc23)CCO1;CCn1c(C(=O)N2CCC(c3nc(=O)[nH][nH]3)CC2)cc2ccccc21;Cn1nccc1C1OCCCC1CNC(=O)c1cccc2[nH]cnc12;COc1cccc2[nH]cc(CC(=O)N3CCCC(c4nnc[nH]4)C3)c12;COC1CC(c2nncn2C)N(C(=O)c2cc3ccc(C)cc3[nH]2)C1;COC1CC(c2ncn[nH]2)N(C(=O)c2cc3c(C)cc(C)cc3[nH]2)C1;COC1CC(c2ncn[nH]2)N(C(=O)CCc2c[nH]c3ccccc23)C1;O=C(c1cccnc1O)N1CC(c2nc(C3CC3)n[nH]2)C(C2CC2)C1;CCOc1cccc2[nH]cc(CC(=O)NC3(c4nnc[nH]4)CCC3)c12;Cc1c[nH]c2ncc(C(=O)NC3CC(Cn4cccn4)CC3O)cc12;COc1ccc2[nH]c(C(=O)N3CCC(c4nncn4C)CC3)cc2c1;Cc1cc(C#N)ccc1C(=O)N1CCCC(O)(Cc2nncn2C)C1;Cc1cn(CC(=O)NCCCC(=O)Nc2cn[nH]c2)c2ccccc12
m_921c43,CC1CN(C(=O)CNC2CC2)CC(c2ccc(F)cc2)O1;CC(C(=O)NC1CC1)N1CCOC(c2cccc(F)c2)C1;O=C(NC1CCCC1)N1CCOC(c2ccc(F)cc2)C1;O=C(NCCC1CC1)N1CCOC(c2cccc(F)c2)C1;O=C(C1CCCNC1)N1CCOC(c2ccccc2F)C1;O=C(C1CNCCO1)N1CCCC1Cc1cccc(F)c1;CC(=O)N(C)CC(=O)N1CCCC1Cc1cccc(F)c1;CCC(C(=O)N1CCCNC(=O)C1C)c1ccc(F)cc1;O=C(CN1CCOC(C2CC2)C1)NCc1ccccc1F;O=C(CC=Cc1ccc(F)cc1)N1CCN(CCO)CC1;O=C(CN1CC(F)CC1CO)N1CCc2ccccc2C1;NC1CCN(C(=O)C2(c3cccc(F)c3)CCOCC2)C1;CC(C)N(Cc1ccc(F)cc1)C(=O)C1CCCC(=O)N1;O=C(NC1CC1)N(Cc1cccc(F)c1)CC1CCCO1;O=C(CC=Cc1cccc(F)c1)N1CCN(CCO)CC1;CCC(C)C(=O)N1CCN(C(=O)c2ccc(F)cc2)CC1;O=C(NC1CC1)C1CCCN1CCOc1cccc(F)c1;CC(Cc1cccc(F)c1)NC(=O)NC1CC2CCC1O2;O=C(NC1CC1)C1CCCN1CCOc1ccccc1F;CC(C)CCC(=O)NCC(=O)N1CCc2ccc(F)cc21;CCOc1ccc2c(c1)CN(C(=O)C1CC(F)CN1)CC2;O=C(NCC1(c2cccc(F)c2)CC1)NC1CCCOC1;CC(=O)NCC1CCN(C(=O)c2ccc(F)cc2C)CC1;NC(=O)C1CCC(CNC(=O)Cc2cccc(F)c2)CC1;O=C(c1ccc(CO)c(F)c1)N1CCC(N2CCCC2)C1
m_930a3b,O=C(NCCc1ccccn1)C1CCN(Cc2ccc(F)cc2)C1;CC1CN(Cc2ccccn2)CCC1NC(=O)c1cccc(F)c1;Cc1cccc(N2CCC(C(=O)NCc3ccc(F)cc3)CC2)n1;O=C(NCc1ccc(F)cc1)C1CCCCN1Cc1cccnc1;CN(C)c1ccc(C(=O)N2CCC(Cc3ccc(F)cc3)C2)cn1;Cc1cc(F)ccc1CN1CCCN(C(=O)c2ccncc2)CC1;O=C(c1ccncc1)N1CCCN(CCc2ccccc2F)CC1;CN(CC(=O)NCc1cccnc1)C(c1ccc(F)cc1)C1CC1;Cc1ccc(F)cc1CN1CCCN(C(=O)c2ccncc2)CC1;Cc1cnccc1CN1CCCN(C(=O)c2cccc(F)c2)CC1;O=C(CCc1ccncn1)N1CCCC(c2ccc(F)cc2)CC1;O=C(C1CCc2cncn2C1)N(Cc1ccccc1F)C1CCC1;Cc1ccc(NC(=O)C2CCCCN2Cc2cccnc2)c(F)c1;CCC1CN(CCNC(=O)c2ccc(C(C)(F)F)nc2)CCO1;Cn1cc(CC2CCN(C(=O)C3CC3c3ccc(F)cc3)C2)cn1;CN(C(=O)C1CCCc2[nH]ncc21)C(c1ccc(F)cc1)C1CC1;Cn1cc(CC2CCN(C(=O)C3(c4cccc(F)c4)CC3)C2)cn1;CC1CN(C(=O)c2ccc(C(C)(F)F)nc2)CC(C)N1CCO;O=C(NCCN1CCc2ccccc2C1)NCc1ccccc1F;Cn1cc(CC2CCN(C(=O)C3(c4ccccc4F)CC3)C2)cn1;Cc1ccc(CN(C)C(=O)NC2CCCc3cc(F)ccc32)nc1;Cc1ccc(F)c(N2CCCC(NC(=O)Cc3cccnc3)C2)c1;Cc1ccc(CN(C)C(=O)NC2CCCc3ccc(F)cc32)nc1;Cc1cc(C(=O)N2CCN(C(C)c3cccnc3)CC2)ccc1F;Cc1cc(C2CCN(C(=O)C3CCc4cc(F)ccc43)CC2)[nH]n1
m_935b22,Cc1ccc(CNC2CCN(c3ncccn3)CC2)c(C)c1;Cc1cccc(CNC2CCN(c3ncccn3)CC2)c1C;Cc1ccc(CNC2CCN(c3ncccn3)CC2)cc1C;Cc1ccc(CNC2CCCN(c3cccnn3)C2)c(C)c1;Cc1cccc(CNC2CCCN(c3cccnn3)C2)c1C;Cc1ccnc(NCC2CCN(Cc3cccnc3C)C2)c1;CN(C)c1nccc(N2CCCC(c3ccccc3)CC2)n1;Cc1ccc(C2CC(C)N(c3ccnc(N(C)C)n3)C2)cc1;CN(CCc1ccncc1)Cc1ccc(N2CCCC2)nc1;c1ccc(CCCNC2CCCN(c3cccnn3)C2)cc1;CC12CC1CCCC2NCc1ccc(Cn2cncn2)cc1;Cc1ccc(CNCC2CCN(C)C2c2cccnc2)nc1;C[C@]12CN3C[C@](C)(CN(C1)C3c1c[nH]c3ccccc13)[C@H]2N;CC1(C)CCN(Cc2nccc(N)n2)CC1c1ccccc1;c1cncc(CNC2CCCc3cn(C4CCCC4)nc32)c1;c1ccc(C(CC2CCC2)NCc2nnc3n2CCC3)cc1;Cn1nc(-c2ccccc2)cc1[C@H]1CN2CC[C@H]1C[C@@H]2CN;CC1(C)C(NC2CCc3ncnn3C2)CC1c1ccccc1;CCN(CC)CCCN=c1[nH]ccc2c1[nH]c1ccccc12;FCCn1ncnc1CN1CCOC(C2CCCCC2)C1;CC(COc1ccc(C=Cc2ccccc2)cc1)[N+](C)(C)C;CCCCC[C@H](O)C[C@H](O)CCc1ccc(OC)c(O)c1;CCCCC[C@@H](O)C[C@@H](O)CCc1ccc(O)c(OC)c1;CC=C(CC)C1=C(CC(CC)CC)C(=O)[C@](O)([C@H](C)O)O1;CC(=O)O[C@H]1C2=C(CO)CC[C@@H](O)[C@]2(C)CC[C@H]1C(C)C
m_93b6a1,CCN(CC)C(=O)CN(C)c1nn2cc(C)nc2s1;CC(C)c1nnc(NC(=O)NCCN2CC=CC2)s1;Cc1nsc(N2CCCN(C(=O)NC3CC3)CC2)n1;CCCCC(=O)N1CCN(c2ccc(Cl)cn2)CC1;CC(C)C(C(=O)N(C)C)n1cnc2cc(F)c(F)cc21;C=CCn1c(N)nnc1SCC(=O)NCC1CCC1;CC(Sc1nnc(N)n1C)c1ncc(C(C)(C)C)o1;CC(N)C(=O)N1CCN(Cc2cccc(Cl)c2)CC1;C=C1CCN(c2cnn(C(C)(C)C)c(=O)c2Cl)CC1;CC1CC(C)(C)CCC1NC(=O)c1ncncc1Cl;O=C1NCCCCC1Sc1nnnn1C1CCCC1;CC(C)N1CCC(NC(=O)c2cc(Cl)ccn2)CC1;Cc1ccc(-c2n[nH]cc2CNc2ccccc2F)cc1;Cc1cc(CNC2CCN(C(N)=O)CC2)ccc1Cl;CC(C)c1cc(-c2ccc(F)c3ccccc23)nc(N)n1;COC[C@H]1C[C@@H](NS(=O)(=O)CC(C)C)[C@H](O)[C@@H]1O
m_94a765,O=C(NCCN1CCc2ccccc2C1)NCc1cc[nH]n1;O=C(NCCCn1cncn1)NC1CCCc2ccccc21;NC(=O)N1CCCN(Cc2ccn(-c3ccccc3)n2)CC1;CCc1nnc(CN2Cc3ccccc3CC2C(N)=O)n1C;CN(C)c1cccc(CNC(=O)NCCc2cccnc2)n1;O=C(CN1CCCC(c2ccn[nH]2)C1)NCc1ccccn1;CCc1nc(CN2CCN(C(=O)c3ccccc3)CC2)n[nH]1;Cc1nn(C)cc1C(=O)N1CCN(Cc2ccncc2)CC1;Cc1ccc(C(=O)N2CCN(Cc3cnnn3C)CC2)cc1;CC1CN(C(=O)c2ccccc2Cn2cncn2)CC(C)N1;Cc1cc(-n2cncn2)ccc1C(=O)N1CC(C)NC(C)C1;Cn1nccc1C1CCCN(C(=O)c2n[nH]c3c2CCC3)C1;CN1CCC(NC(=O)Cc2cnnn2C)C1c1ccccc1;Cc1cccc(CNC(=O)CN2CCCC2c2nnc[nH]2)c1;Cc1ccc(C2CCCN2C(=O)CCc2nn[nH]n2)cc1C;CN(C(=O)CCCc1nnn[nH]1)C1CCc2ccccc2C1;NC(=O)c1cc(C2CCCN(CCc3ccccn3)C2)n[nH]1;O=C(Cn1cncn1)N1CCN(CCc2ccccc2)CC1;CNC(=O)c1ccc(CN2CCCCC2c2nc[nH]n2)cc1;CCN1CCN(C(=O)c2ncccc2C)CC1c1ncc[nH]1;Cn1ncnc1NC(=O)N1CC(C)(C)CC1c1ccccc1;CC(NC(=O)N1CCC(c2nccn2C)C1)c1ccccn1;CC1CCC(c2ccccc2)N(C(=O)CCc2nn[nH]n2)C1;Cc1cc(-n2cncn2)ccc1C(=O)NC1CCN(C)CC1;O=C(NCc1c[nH]nn1)c1ccc(N2CCCCCC2)cc1
m_95e8da,CC(N)C1CCCN(C(=O)C2CC2c2cc(F)ccc2F)C1;CC(N)C1CCCN(C(=O)C2CC2c2cccc(F)c2F)C1;CN(Cc1ccc(F)cc1F)C(=O)C1CCCNC1C1CC1;CC1(C(=O)NC2CCCN(Cc3c(F)cccc3F)C2)CC1;CC(CC(=O)N1CC(C(N)=O)C(C(F)(F)F)C1)C(C)(C)C;O=C(C1CCCC(C(F)(F)F)C1)N1CCN(CCO)CC1;CN1CCOC(CN(CC2CC2)C(=O)CCC(F)(F)F)C1;O=C(NCC(F)(F)F)C1CCCN(CCC2CCCO2)C1;CC1(CNC(=O)C2CCN(CC(F)(F)F)CC2)CCCO1;CC(=O)N1CC(NC2CCCOCC2)CCC1C(F)(F)F;CC(=O)N1CCCC1C1CCCN1CCOCC(F)(F)F;O=C(CC1CCCO1)NCC1CCN(CC(F)(F)F)CC1;O=C(NCC1CCCC(C(F)(F)F)C1)NCC1CCCO1;N=C(N)NCCCC(NCC(O)C(O)C(O)CO)C(=O)O;N=C(NCCCCN)NCC(O)C(O)C(O)C(O)C(=O)O
m_966da0,CC(C(=O)NCCN1CCN(C(=O)C(C)C2CC2)CC1)C1CC1;CN(CCN(CCN1CCCCC1)C(=O)C1CC1)C(=O)C1CC1;CC(=O)N1C[C@@H]2CN(C(=O)C3CCCCC3)CCN2C(C)(C)C1;CC(N)C(C)C(=O)N1CCC2(CC1)CC2C(=O)N1CCCCC1;CC(NC(=O)C1CCCCC1)C(=O)N1CCCN(C2CC2)CC1;C=CCNC(=O)C(C)N1CCCN(C(=O)CC2CCCC2)CC1;CCCCCC(=O)N1CC[C@@H](CC(=O)N(C)CC#N)[C@@H](CC)C1;CC(C)(C)C(O)CN1CCN(C(=O)C2(C#N)CCCCC2)CC1;CC(C)(C)NC(=O)CN1CCC(CNC(=O)C2CC=CC2)CC1;CCNC(=O)N1CC[C@H]2CC(=O)N(C3CCCCC3)CC[C@H]2C1;CC(C(=O)N1CCOCC1)N1CCN(CC2CC=CCC2)CC1;O=C(CCN1CCN(C2CC3CCC2C3)CC1)N1CCOCC1;NC(=O)C1(N2CCCCC2)CCN(C(=O)C2CCCCC2)CC1;NC(=O)N1CCC(C(=O)NC2CCC3(CCCCC3)CC2)CC1;CC(=O)NC1CCCN(C(=O)CN2CCCC3CCCCC32)C1;CC(C)C(=O)N1C[C@@H]2COCCN2C2(C1)CN(C1CCCC1)C2;CCN(CCC#N)C(=O)CN1CCCC1C1CCCCC1(C)O;CC(CN1CCCCCC1)NC(=O)N1CC2CC3CC2C1C3O;COCCN1CCN(CC(=O)N(C2=CCCCC2)C2CC2)CC1;CC/C=C\C/C=C\[C@@H]1CC(=O)NCCCCN(C=O)CCCN1;CCn1cc(C2CCN(C(=O)CC(O)CC(C)(C)C)CC2)cn1;CCCCN1CCCCC1C(=O)NCC(c1ccco1)N(C)C;CCC(CC(=O)N1CCC(c2ccnn2CCO)CC1)C(C)C;CC(C)NC(=O)C[C@@H]1CCNC[C@@H]1Cc1cc(C(C)(C)C)on1;CN(C)Cc1cc(C[C@@H]2C[C@H](NC(=O)C(C)(C)C)C2(C)C)no1
m_97693a,Cc1ccc2oc(C(=O)N3CCNC(=O)C3c3ccc(C(F)(F)F)cc3)cc2c1;CS(=O)(=O)N1CCCC(NCc2ccc(-c3ccc(C(F)(F)F)cc3)o2)C1;CC(=O)[C@H]1[C@@H]2C(=O)N(c3ccc4c(c3)OCO4)C(=O)[C@@H]2[C@H]2c3ccccc3C=CN21;OC(CN1CCc2ccccc2C1)=Nc1cc(C(F)(F)F)cc(C(F)(F)F)c1;O=C(CC1(O)C(=O)N(Cc2ccc3c(c2)OCO3)c2ccccc21)c1ccccn1;COc1ccc2c(=O)c(Oc3ccc(C(=O)NCc4ccncc4)cc3)coc2c1;COc1ccc2c(=O)c(Oc3ccc(C(=O)NCc4ccccn4)cc3)coc2c1;CSc1ccc(CNC(=O)C2CCCN(C(=O)c3ccccc3Cl)C2)cc1;O=C(COc1cc(O)c2c(=O)cc(-c3ccccc3)oc2c1)NCc1cccnc1;COc1cc2c(c3oc(-c4ccccc4)cc(=O)c13)C(c1ccnn1C)CC(=O)O2;COc1ccc2c(=O)c(Oc3ccc(C(=O)NCc4cccnc4)cc3)coc2c1;COc1ccc2c(=O)c(Oc3ccc(C(=O)Nc4cccnc4)cc3)c(C)oc2c1;Cc1c(C2CC(=O)Oc3cc(O)c4c(=O)cc(-c5ccccc5)oc4c32)cnn1C;O=C(COc1cc(O)c2c(=O)cc(-c3ccccc3)oc2c1)NCc1ccncc1;COc1cc2c(c3oc(-c4ccccc4)cc(=O)c13)C(c1cnn(C)c1)CC(=O)O2;O=C(COc1cc(O)c2c(=O)cc(-c3ccccc3)oc2c1)NCc1ccccn1;CC(=O)Oc1ccc(C(=O)[C@H]2[C@H]3C(=O)NC(=O)[C@H]3[C@@H]3C=Cc4ccccc4N32)cc1;CC(=O)Oc1ccc(CC(=O)Nc2ccc(O)c(-c3nc4ccccc4o3)c2)cc1;COc1cccc(-c2nc(SC)nc3sc(C(=O)NC(C)(C)C)c(N)c23)c1;CC(=O)c1ccc(OC(=O)[C@H]2[C@H]3C(=O)NC(=O)[C@H]3[C@@H]3C=Cc4ccccc4N32)cc1;CC(=O)[C@@H]1[C@@H]2C(=O)N(c3ccc4c(c3)OCO4)C(=O)[C@@H]2[C@H]2C=Cc3ccccc3N21;Cc1ccnc(NC(=O)COc2cc(O)c3c(=O)cc(-c4ccccc4)oc3c2)c1;FC(F)(F)C1(c2nc(-c3ccccc3)no2)CCN(c2nccn3nnnc23)C1;COc1ccc(-c2cc(=O)c3cc(NC(=O)c4cccnc4)ccc3o2)cc1OC;COc1ccc(-c2cc(=O)c3cc(NC(=O)c4ccncc4)ccc3o2)cc1OC
m_97cca9,CCN(C(=O)Cc1nnc(C2CCOCC2)[nH]1)c1ccccc1;CC(C)c1ccc(C(=O)NCc2nnc(C3CCOC3)[nH]2)cc1;Cc1nc(C2COCC2NC(=O)Cc2ccc(C)c(C)c2)n[nH]1;CC(C)C(=O)Nc1ccc(OCc2nnc(C3CC3)n2C)cc1;CC(C)c1n[nH]c(C2CN(C(=O)c3ccco3)CC2C2CC2)n1;CCn1cnnc1C1CCN(C(=O)COc2ccccc2)CC1;Cc1n[nH]c(C2CCC(CNC(=O)Cc3ccccc3C)O2)n1;CC(=O)Nc1cccc(CN2CCC(c3nc(C)no3)CC2)c1;Cc1nc([C@H]2CC[C@@H](O)[C@H](NC(=O)c3ccccc3)C2)n(C)n1;CC(=O)N1CCc2cc(NC(C)c3nc(C(C)C)no3)ccc21;CC(C)c1noc(C(C)Nc2cccc(N3CCCC3=O)c2)n1;Cn1cnn(CC(=O)N(c2ccccc2)C2CCCCC2)c1=O;CC(=O)N[C@@H]1C[C@@H](c2nc(C)nn2-c2ccccc2)CC[C@H]1O;Cc1ccc(C(=O)NCC2CCOC2c2nnc(C)[nH]2)c(C)c1;COc1ccccc1CC(=O)N1CCCCC1c1n[nH]c(C)n1;Cc1ccc(CC(=O)NCC2CCC(c3ncn[nH]3)O2)cc1C;Cc1ccc(C)c(CC(=O)NCC2CCC(c3ncn[nH]3)O2)c1;CC(C)Oc1ccccc1CC(=O)NC1(c2nnc[nH]2)CCC1;CC(C)c1nnc(CNC(=O)C2OCCc3ccccc32)n1C;CCC1CC(CC(=O)Nc2cccc(-c3nnc[nH]3)c2)CCO1;CCOc1ccc(NC(=O)CN2Cc3c[nH]nc3C(C)C2)cc1;CCCCc1nc(CN2CC(C)C(=O)Nc3ccccc32)no1;CC(=O)Nc1ccc(CNc2nnc(C3CCCCC3)o2)cc1;COc1ccccc1CCC(=O)N1CCCCC1c1nc[nH]n1;CCn1cnnc1-c1cccc(NC(=O)CCC2CCCO2)c1
m_982aac,Cc1c(Cl)cccc1C(=O)N1CCC(C2OCCC2C(N)=O)CC1;Cc1ccc(Cl)cc1C(=O)N1CCC(C2OCCC2C(N)=O)CC1;Cc1cc(Cl)cc(C(=O)N2CCC(C3OCCC3C(N)=O)CC2)c1;Cc1cc(C(=O)N2CCC(C3OCCC3C(N)=O)CC2)ccc1Cl;Cc1cccc(C(=O)N2CCC(C3OCCC3C(N)=O)CC2)c1Cl;O=C(c1cccc(Cl)c1)N1CCN(C(=O)C2(O)CCCCC2)CC1;O=C(c1ccc(Cl)cc1)N1CCCN(C(=O)C(O)C2CCC2)CC1;O=C(c1cc(N2CCCC2=O)ccc1Cl)N1CCCCC(CO)C1;CC(C)Oc1ccc(Cl)cc1C(=O)N1CC(NC(=O)C2CCC2)C1;COc1ccc(Cl)c(CN2C(C(=O)NC3CC3)CC3OCCC32)c1;CC(=O)N1CCOCC1C(=O)N(Cc1ccccc1Cl)CC1CC1;Cc1c(C(=O)N2CCOC(c3ncon3)C2)cccc1-c1ccccn1;CC(=O)N1CCCC(O)(C(=O)NCC2(c3ccccc3Cl)CC2)C1;CC(=O)N1CC(O)CC1C(=O)NC1(c2cccc(Cl)c2)CCCC1;O=C(NCc1cc(Cl)c2c(c1)OCCO2)N1CCC2(CCCC2)C1;CN1C(=O)CCC1C(=O)NCC1(c2cccc(Cl)c2)CCOCC1;CC(=O)N1CCCC(O)(C(=O)NCC2(c3ccc(Cl)cc3)CC2)C1;NC(=O)C1COCCN1C(=O)c1ccc(-n2cnc3ccccc32)cc1;C=C1c2ccccc2C(=O)N1CC(=O)N1CCCC1c1cccc(F)c1;O=C(NC1CC1c1cccc(Cl)c1)N1CCOC2(CCOCC2)C1;Cc1cc(C(=O)N2CCC(O)(c3ccc(F)cc3)C2)c2ccccc2n1;COC(=O)C1C2CCCC2CN1CC(=O)Nc1ccc(Cl)cc1C;O=C(N[C@H]1CCN2C(=O)c3ccccc3NC(=O)[C@@H]2C1)c1ccncc1;Cn1c(=O)[nH]c2ncc(-c3cccc(C(=O)NC4C5COCC54)c3)cc21;O=C1CCCC(C(=O)NCC2(c3ccc(Cl)cc3)CCOCC2)N1
m_987cff,CC(C)c1nnc2n1CCN(C(=O)COC1CCCCC1)C2;COCCC1(C(=O)NCc2nnc3n2CCCCC3)CCC1;Cn1c(CN2CC(C)(C)OC3(CCOC3)C2)nnc1C1CC1;CC1(C)CN(Cc2nnc3n2CCOC3)CC2(CCCC2)O1;COC1CC(c2nncn2C)N(C(=O)C2CCCCCC2)C1;Cc1nc(C2CCCCN2C(=O)CC2(O)CCCCC2)n[nH]1;COCCn1c(C2CCC2)nnc1N1CCOC2(CCC2)C1;Cn1nccc1C1CCCCN1C(=O)COC1CCNCC1;CN1CCN(C(=O)CC2CCCCO2)CC1c1nccn1C;Cn1cnnc1C1CC(O)C(CNC(=O)C2CCCCC2)C1;C=CCCOCC(=O)N1CCCN(Cc2nccn2C)CC1;CC(C)N(C(=O)Cn1nc2n(c1=O)CCCCC2)C1CCC1;CC(C)CN(C(=O)Cn1nc2n(c1=O)CCCCC2)C1CC1;Cc1nc([C@H]2CC[C@@H](O)[C@H](NC(=O)C3CCCC3)C2)n(C)n1;CCN1CCN(C(=O)C(C)OCC2CC2)CC1c1ncc[nH]1;CN1CCC(OCC(=O)N2CCCC2c2cnn(C)c2)CC1;CN1CCN(C(=O)CCC2CCCCO2)CC1c1ncc[nH]1;CCn1ccnc1CNC(=O)N1CCOCC(C2CCC2)C1;CCn1nccc1CN1CC(OC)CC1C(=O)N1CCCC1;CN1CCN(C(=O)CCC2CCOC2)CC1c1nccn1C;CCN1CCN(C(=O)C2(O)CCCCC2)CC1c1ncc[nH]1;CC(NC(=O)Cn1ccnc1C(C)C)C(=O)N1CCCCC1;CCc1nn(C)cc1CN1CCN(C(=O)C2CCCO2)CC1;CC(C)N1C(=O)CN(Cc2cnc3n2CCOC3)CC1(C)C;OC1(CN2CCCC(c3n[nH]c(C4CC4)n3)C2)CCOCC1
m_9910fd,COc1ccc(Cn2ccc(NC(=O)C3COc4ccccc43)n2)cc1;COc1ccc(Cn2nccc2NC(=O)C2COc3ccccc32)cc1;COc1ccc2c(c1)OCC(C(=O)Nc1ccc(-c3c[nH]cn3)cc1)C2;COc1ccccc1-c1cc2n(n1)Cc1ccc(NC(C)=O)cc1OC2;Cn1cnc2ccc(NC(=O)CCc3ccc4c(c3)CCO4)cc2c1=O;CCC(C(=O)Nc1cnn(CCS(=O)(=O)CC)c1)c1ccccc1;COc1ccc(CC(=O)Nc2ccc(-c3nc(C)cc(=O)[nH]3)cc2)cc1;Cc1nn(C)cc1C(C)NS(=O)(=O)CCc1ccc2c(c1)CCO2;COc1ccc(F)cc1CC(=O)N1CC(C)OC(c2nnc(C)o2)C1;O=C(O)C1CCOC1c1cncc(-c2cccc(Cn3cccn3)c2)c1;CC(C(=O)N(Cc1ccc2c(c1)OCO2)c1ccccc1)n1cccn1;O=C(NCCc1ccc(O)cc1)c1cc(-c2ccc3c(c2)CCO3)n[nH]1;COc1ccccc1C1CCN(C(=O)c2cc(-c3ccccn3)no2)C1;O=C(NC(Cc1ccccc1)C(=O)O)c1cnn(Cc2ccccc2)c1;COc1cccc2[nH]cc(CC(=O)N3c4ccccc4CC3C(N)=O)c12;Cc1cc(NC(=O)CCCS(=O)(=O)c2ccccc2)n(C(C)C)n1;Cc1ccc2c(c1)C(NC(=O)N1CC(Oc3ccc(C#N)cc3)C1)CO2;O=C(CC1C=CCC1)Nc1cc(C2CC2)nn1C1CCS(=O)(=O)C1;NC(=O)c1ccccc1CC(=O)N1CCC2(C1)C(=O)Nc1ccccc12;COCC1(S(=O)(=O)NCc2ccc(Cn3cccn3)cc2)CCC1;O=C1C(=O)N(CN2C[C@@H]3C[C@H](C2)c2cccc(=O)n2C3)c2ccccc21;O=C(Cc1ccccc1)Nc1ccc(OCc2noc(C3CC3)n2)cc1;CCOC1CCN(C(=O)C2CC23CCOc2ccc(Cl)cc23)CC1;COc1ccc(NC(=O)C(=O)N2CCc3[nH]c4ccccc4c3C2)cc1;CC(C(=O)Nc1cc(C(C)(C)C)nn1-c1ccccc1)S(C)(=O)=O
m_997dbc,CCOC(=O)C1CCN(S(=O)(=O)c2cc(Br)ccc2OC)CC1;CCOC(=O)C1CCCN(S(=O)(=O)c2ccc(Br)c(OC)c2)C1;C/C(=N\c1c(Cl)cc([N+](=O)[O-])cc1Cl)c1c(O)n(C)c2ccccc2c1=O;O=C(O)C1CCCN1c1nc(-c2ccc(Cl)c(Cl)c2)cc(C(F)(F)F)n1;COc1cccc(=O)c2c(C)n(-c3ccc(I)cc3)c(C)c12
m_99e777,CC(SCc1ccccc1)C(=O)NCCC(=O)N(C)C;CC(C)NC(=O)CNC(=O)C(C)SCc1ccccc1;CC(=O)NCCNC(=O)CSCc1cc(C)ccc1C;Cc1cc(C)cc(CC(C)NC(=O)CSCC(N)=O)c1;CC(C)SCc1cccc(NC(=O)C2COCCN2)c1;Cc1cc(CSCC(=O)N(C2CC2)C(C)C2CC2)on1;CSCc1cccc(CNC(=O)N2CCCC(O)C2)c1;CSCc1cccc(CNC(=O)N2CCCC2CO)c1;CC(C)(CNC(=O)c1ccccc1)N1CC[S+]([O-])CC1;CC(CNC(=O)CSc1ccccc1)N1CCOCC1;CSc1ccc(CNC(=O)N(C)CC(O)C2CC2)cc1;CC1(CNC(=O)NC(CO)c2ccccc2)CCCS1;CSc1ccc(CNCC2(C(N)=O)CCOCC2)cc1;CC(C)CC1C(=O)NCCN1C(=O)CCc1ccsc1;COc1cccc(SCC(=O)NC2CCCN(C)C2)c1;CC(NC(=O)CN1CCCCCCC1=O)c1cccs1;CSc1ccc(C(C)NC(=O)N2CCC(C)(O)C2)cc1;CSc1ccccc1C(=O)NCC(C)N1CCOCC1;CSCC(=O)NCc1ccnc(OC2CCCCC2)c1;Cc1ccc(C2CC2C(=O)NCCNC(=O)C(C)C)s1;CCSc1ccc(C(C)NC(=O)N2CCOCC2)cc1;O=C(c1ccoc1)N1CCC(NC2CCSCC2)CC1;CC1CN(CC(=O)N2CCCC2c2cccs2)CCO1;CC(C)(C)Oc1ccc(C(=O)N2CCCSCC2)cn1;CSc1ccc(OCCN2CCC(C(N)=O)CC2)cc1
m_9b41d0,CN(C(=O)C1CCCC1)c1ccccc1S(C)(=O)=O;Cc1ccc(S(=O)(=O)CCNC(=O)C2CC2)cc1C;CC(C)S(=O)(=O)c1ccccc1C(=O)NC1CCC1;CC1CCCN(S(=O)(=O)c2ccc3c(c2)CCO3)C1;CN(Cc1cccs1)C(=O)C1CCC(C(=O)O)CC1;CC(NC(=O)C1(c2cccs2)CCCCC1)C(=O)O;O=C(O)CCNC(=O)C1(c2cccs2)CCCCC1;CC(C)(C(=O)N1CCCC(C(=O)O)C1)c1cccs1;O=S(=O)(OCC12CCN(CC1)CC2)c1ccccc1;CC(Cc1cccs1)C(=O)N1CCCC(C(=O)O)C1;Cc1ccccc1CC(=O)N(C)C1CCS(=O)(=O)C1;CC1(C(=O)O)CCN(C(=O)C(C)(C)c2cccs2)C1;Cc1cc(C)c2c(c1)N(S(=O)(=O)C1(C)CC1)CCO2;O=C(Cc1ccsc1)NCC1(C(=O)O)CCCCC1;COC(=O)C(C)(C)NC(=O)CSc1ccc(C)cc1;CCc1ccsc1C(=O)NC1CCCCC1C(=O)O;CC(C)c1ccsc1C(=O)N1CCCC(C(=O)O)C1;CC(Cc1cccs1)C(=O)N1CCC(C)(C(=O)O)C1;O=C(O)C1CCCCN1C(=O)CCCc1cccs1;CCOC(=O)C1CCN(C(=O)Cc2cccs2)CC1;CC1(C(=O)O)CCN(C(=O)CCCc2cccs2)C1;CCc1ccsc1C(=O)NC1CCC(C(=O)O)CC1;Cc1ccc(C(=O)N(C)C2(C)CCS(=O)(=O)C2)cc1;CS(=O)(=O)NC1c2ccccc2CC12CCOCC2;Cc1ccc(CCCC(=O)N2CCC(C(=O)O)C2)s1
m_9b8030,CC(=O)N1CCOC2CCN(C(=O)c3cn(C(C)(C)C)nc3C)CC21;CCn1cc(C(=O)N2CCC(CC3OCCC3C(N)=O)CC2)c(C)n1;CCn1ncc(C(=O)N2CCC(CC3OCCC3C(N)=O)CC2)c1C;COCC1(C(N)=O)CCCN1C(=O)c1cc(C2CC2)n(C(C)(C)C)n1;COCC1(C(N)=O)CCCN1C(=O)c1cc(C)n(C2CCCCC2)n1;O=C(c1c[nH]nc1C1CCOCC1)N1CCN(CC2CCOC2)CC1;COc1nn(C)cc1C(=O)N1CCC(C(=O)N2CCCC(C)C2)CC1;CCCCC(=O)NCC1COCCN1C(=O)c1cc(C2CC2)n(C)n1;Cc1cc(C)n(C2CCCN(C3CCCCN(CC(=O)O)C3=O)C2)n1;Cn1cc(C(=O)NC2CCN(C(=O)OCC3CCCCC3)CC2)cn1;Cc1nn(C)c(C)c1C1C(CNC(=O)COCC2CC2)CC(=O)N1C;CC1Cc2c(C(=O)N3CC(=O)N(C(C)C)C(C)(C)C3)n[nH]c2C(C)O1;CC(=O)N1CCN(C(=O)c2cc(C3CCOCC3)nn2C)C(C)(C)C1;CNC(=O)c1cc2n(n1)CC1(CCN(C(=O)CC(C)(C)C)CC1)OC2;CN1C(=O)COC(C(=O)NCC2C(C)(C)C2(C)C)C1c1cnn(C)c1;Cc1noc(C2CCN(CC(=O)N3CCOC4CCCCC43)CC2)n1;CC(=O)N1CCCN(C[C@@H]2OC[C@H](NCc3ccccn3)[C@H]2O)CC1;CCOC(=O)c1c[nH]n(C2CCN(C(=O)C3(C)CCCC3)CC2)c1=N;CCOC(=O)c1c[nH]n(C2CCN(C(=O)C3CCCCC3)CC2)c1=N;Cn1nc(C(=O)N2CCCC2(C)C)c(O)c1C(=O)N1CCCC1(C)C;CCn1nccc1C1CCN(C(=O)CN2CCCCC(O)C2=O)CC1;CCOC(=O)c1c[nH]n(C2CCN(C(=O)CC3CCCC3)CC2)c1=N;COCCN1C(=O)CC2(CCN(C(=O)C(C)(C)C)CC2)n2nccc21;Cc1noc(C)c1CN1CCN(C(=O)C23CCOCC2CNC3)CC1;COC[C@@H]1C[C@H](n2cc(NC(=O)C3CC3)cn2)CN1C1CCOCC1
m_9b95d4,COCC1(CO)CCN(C(=O)c2cccnc2SCc2ccc(C(N)=O)cc2)C1;CCCS(=O)(=O)Nc1ccc2n(c1=O)C[C@H]1C[C@@H]2CN(C(=O)c2ccccc2)C1;O=C(c1cc2ccccc2[nH]1)N1CCN(C(=O)C2CC23CCS(=O)(=O)CC3)CC1;CCOC(=O)N1CCC(NC(=O)c2ccccc2N(C)C(=O)c2cccs2)CC1;CCCN1C(=O)c2cc(S(=O)(=O)N3CCCCC3C)ccc2Oc2cccnc21;COCCC(=O)Nc1ccc2n(c1=O)C[C@@H]1C[C@@H]2CN(C(=O)Cc2cccs2)C1;Cc1ncsc1CN1C(=O)CO[C@H](c2ccc(NC(=O)C3CCC3)cc2)[C@H]1CO;O=C1OC(c2ccccc2)Cc2cc(C(=O)N3CCC(c4ccccc4F)C3)ccc21;COc1ccc(S(=O)(=O)N2CCN3C(=O)N(Cc4ccc(C)cc4)C[C@H]3C2)cc1;C[C@H]1CNC(=O)Nc2cnn3ccc(nc23)N2C[C@@H](F)C[C@@H]2c2cc(F)cnc2O1;COc1ccc(CN2C[C@H]3CN(S(=O)(=O)c4ccc(C)cc4)CCN3C2=O)cc1;Cc1ccc(-c2nc(CC(=O)N(C)CC(=O)N3CCC(C(=O)O)CC3)cs2)cc1;CCOC(=O)c1c(NC(=O)CNC2CCCc3ccccc32)sc(C(N)=O)c1C;CC(C)[C@@]1(C(=O)N[C@H]2CC(=O)O[C@]2(O)CF)CC(c2nccc3ccccc23)=NO1;CCCc1cnc2c(c1SCc1cc(OC)cc(OC)c1)c(=O)n(C)c(=O)n2C;CNC(=O)c1ccc(NC(=O)c2cccc(S(=O)(=O)N3CCCCCC3)c2)cc1;CN(Cc1ccc(C(F)(F)F)cc1)C(=O)CCCCC1SCC2NC(=O)NC21;O=C(CN1CCc2ccccc2C1)Nc1ccc(S(=O)(=O)N2CCOCC2)cc1;CCN(CC)S(=O)(=O)c1ccc(CCNC(=O)N2CCC3(CCO3)CC2)s1;COCCNC(=O)[C@@H]1C[C@@H](O)[C@H](O)[C@@H]2NC(=S)N(c3cccc4ccccc34)[C@@H]21;Cc1csc(-c2coc3c(C)c(O)c(CN4CCN(CCO)CC4)cc3c2=O)n1;CN(CCc1ccccc1)C[C@@H]1OC[C@H](NS(=O)(=O)c2cccc(C#N)c2)[C@H]1O;CCOC(=O)c1c(C)[nH]c(C)c1C(=O)CSc1nc2ccccc2n1CCOC;COCCNC(=O)[C@H]1C[C@@H](O)[C@H](O)[C@@H]2N=C(Nc3cccc4ccccc34)S[C@@H]21;CN(Cc1ccc2ccccc2n1)CC(O)COc1ccc(NS(C)(=O)=O)cc1
m_9c4788,COc1ccc(S(=O)(=O)Nc2ccc(C)c(O)c2)cc1OC;COc1cc(S(=O)(=O)Nc2ccccc2O)c(OC)cc1C;CCN(CC)S(=O)(=O)c1cccc2cc(C(=O)O)c(O)cc12;CC1Cc2cc(S(=O)(=O)NC3C=CC(C(=O)O)C3)ccc2O1;COC(=O)c1cccc(S(=O)(=O)N(C)Cc2ccoc2C)c1;CS(=O)(=O)c1cc(NC(=O)CC2C=CCC2)cc(C(=O)O)c1;Cc1ccccc1C(C)N(C)S(=O)(=O)c1ccc(C(=O)O)o1;COc1ccc2c(c1OC)C(=O)N1C2SC(C)(C)[C@H]1C(=O)O;Cc1c(Cl)c(C(=O)NC2COc3ccc(F)cc3C2)nn1C;O=C(NC1(C(=O)O)CCSC1)c1ccc2c(c1)OCCCO2;COc1ccc(Cc2nnc3sc(-c4ccccn4)nn23)cc1;CCn1ncc(Cl)c1C(=O)NC1CCOc2ccc(F)cc21;COc1ccc(Cc2nn3c(-c4cccnc4)nnc3s2)cc1;CC(Oc1ccc(F)cc1Cl)C(=O)N1CCc2[nH]ncc2C1;Cc1ccc2cc(C3NC(=O)c4ccccc4N3)c(Cl)nc2c1;COc1ncc(Cl)c(N2CC(O)CC2c2cccc(F)c2)n1;COc1ncc(Cl)c(N2CC(O)CC2c2ccc(F)cc2)n1;CCOc1ccccc1-c1nn2c(-c3ccncc3)nnc2s1;CCOc1ccc(-c2nn3c(-c4cccnc4)nnc3s2)cc1;O=C1Nc2ccccc2C12NCCc1c2[nH]c2ccc(Cl)cc12;Cn1ccc2c(C(=O)Nc3cn[nH]c3-c3nccs3)cccc21;Cc1cn2nc(C(=O)Nc3nc4c(C)cccc4s3)ccc2n1;Fc1cc(OCc2noc(C3CC4CCC3N4)n2)ccc1Cl;Cc1ccc(NCc2ncc(-c3ccc(C#N)cc3)o2)c(Cl)c1;COC(=O)c1cc(C)sc1NC(=O)C1CC=CCC1C(=O)O
m_9dc5c4,Cc1nn(C)c2ncc(S(=O)(=O)NC(C)c3cccc(F)c3)cc12;Cc1nn(C)c2ncc(S(=O)(=O)NC(C)c3ccc(F)cc3)cc12;CN(Cc1cn2c(n1)CCCC2)S(=O)(=O)c1ccc(C#N)cc1F;CCn1c2ccccc2c2nnc(SCC(=O)c3ccccc3)nc21;N#CCN(C1CCCC1)S(=O)(=O)c1cnn(-c2ccccc2F)c1;Cn1cc(C2CCCN2S(=O)(=O)Cc2cc(C#N)ccc2F)cn1;Cn1nc(-c2nc(C3CCOc4ccccc43)no2)cc1OC(F)F;CC1CCN(CCCNS(=O)(=O)c2ccc(Cl)cc2F)CC1;CC(=O)c1ccc(Nc2nc(-c3c(C)nc4ccccn34)cs2)cc1;Cn1nc(-c2ccco2)cc1NC(=O)c1ccc(OCC(F)F)nc1;COCC1(C(=O)O)CCN(C(=O)c2n[nH]c3ccc([N+](=O)[O-])cc23)C1;NCCc1c2c(c3nccc4c3c1Nc1ccccc1-4)NC(=O)CS2;FC(F)(F)c1nc2ccccc2n1CCNc1ccc2nnnn2n1;COC1CC(c2nc(C)no2)N(C(=O)c2c(F)cc(C#N)cc2F)C1;Cc1ccccc1-c1c2nccc(-c3ccc(F)cc3F)c2cc[n+]1[O-];Cc1nc2ccccn2c1C(=O)NCc1cncc(-c2cccs2)c1;O=C(NCCc1c[nH]c2ccccc12)c1snnc1-c1ccccc1;Cc1cc(C(=O)NC(=O)CC(NC(=O)c2ccco2)C(=O)O)nn1C;Cn1cc(-c2ccc(CNC(=O)c3cc4ccccc4s3)cn2)cn1;Cc1ccnc(NC(=O)c2sc3nc(-c4ccccc4)cn3c2C)c1;CC(C)CCSc1nnc(Cn2c(=O)sc3ccccc32)n1C;CC(c1ccc(F)c(Cl)c1)N1CCC(CNS(C)(=O)=O)CC1;CCN(C1CCN(Cc2cc(F)ccc2Cl)CC1)S(C)(=O)=O;Cc1cnn(CC(=O)Nc2nc(-c3ccc4ccccc4c3)cs2)c1;CN(C)CCCN(C(=O)c1ccno1)c1nc2ccc(F)cc2s1
m_9e99f7,Cn1cc(S(=O)(=O)NCC(=O)NC2CCN(CC3CCCC3)CC2)cn1;CCn1nccc1N1CCCC(NS(=O)(=O)N2CC(C)CC(C)C2)C1=O;CCCn1cc(NC(=O)N2CCCC(S(=O)(=O)NC3CCCC3)C2)cn1;CC(C)N1CCCN(C(=O)C2c3cnn(C)c3CCN2S(C)(=O)=O)CC1;COCCNC(=S)N[C@H]1C[C@H]2C(=O)NC[C@@H](CCC(=O)NC3CC3)N2C1;CC(=O)NCC1CCCN(C(C(=O)Nc2ccc(F)cc2)c2ccccc2)C1;CC(C)(C(=O)N1CCC(CNC(=O)c2ccccn2)CC1)c1ccc(F)cc1;CN(C)CC1CC(O)CN1c1cc(NCC2CCS(=O)(=O)CC2)ncn1;O=C1NCN(c2ccccc2)C12CCN(CCCOc1ccc(F)cc1)CC2;O=C(NC1CCN(Cc2ccccc2F)CC1)NC1CCOc2ccccc21;Cc1ccccc1-c1ccc(C2[C@@H]3CN(C(=O)Cc4ccncc4)C[C@H]2N3)cc1;C=CC(=O)N1CCC[C@@H](c2c(F)cc(C(N)=O)c3[nH]c4c(c23)CCCCC4)C1;COCC1(CNC(=O)CC(NC(C)=O)c2c(F)cccc2F)CCNCC1;CCN(CC(=O)Nc1ccc(NC(C)=O)cc1)C1CCCc2ccc(F)cc21;CN1CCN(Cc2ccccc2OCC(=O)NCC2CC2)c2cc(F)ccc21;Cc1ccc2c(c1)c1c3n2CCN(CC(=O)c2c[nH]c4ccccc24)C3CCC1;Cc1cccc(-c2ccc(C3[C@@H]4CN(C(=O)Nc5ccccc5)C[C@H]3N4)cc2)c1;CCNC(=O)COc1ccc(CN2CCN(C3CC3)c3ccc(F)cc32)cc1;CN(CCN1CCOCC1)C(=O)NC1CCCc2cc(OC(F)F)ccc21;CN(C)C(=O)COc1ccccc1CN1CCN(C2CC2)c2ccc(F)cc21;COCCN1CCN(C(=O)NC2CCCc3cc(OC(F)F)ccc32)CC1;CC1=CC(C)(C)N2C(=O)C3(NCCc4c3[nH]c3ccccc43)c3cc(C)cc1c32;O=C(NCc1cccc(CN2CCOCC2)c1)NC1CCc2c(F)cccc21;CC(CO)(CNC(=O)NCCc1c[nH]c2ccc(F)cc12)Cc1ccccc1;CC(CC(=O)NCc1ccc(Cn2cnc3ccccc32)cc1)c1ccccc1
m_9f1fb6,CC(C)CCN1CCC(CNC(=O)NCCO)CC1;CCNC(=O)N1CCC(CN(CCO)C(C)C)CC1;CCC(O)CN(C)CC1CCN(CC(=O)NC)CC1;CCN(CCNC(=O)N1CC(C)OC(C)C1)C(C)C;CC(C)N(C)CC(=O)N1CCN(CC(C)(C)O)CC1;CCC1CN(CCC(=O)N(C)C)CCN1CCOC
m_9fcc62,O=C(Nc1cncnc1N1CCCC1)C1CC=CC1;Cc1nc(N2CCC3(CCO3)CC2)c2cc[nH]c2n1;Cc1nc(N2CCC3(CCOC3)C2)c2cc[nH]c2n1;CNC(=O)c1ccc(N2CC3CC=CCC3C2)nn1;COc1cccc2ncnc(N3CCN(C)CC3)c12;CNC(=O)C1CCCCN1c1ccc(C#N)c(C)n1;CNc1nc(N2CCC(C)(O)C2)nc2ccccc12;Cc1nc(CC2CCCN(c3ccccn3)C2)no1;Cc1cc(N2CCCC2c2cc(C)on2)nc(C)n1;Cc1nn(C)c2ncc(NC(=O)C3CC3(C)C)cc12;CCOc1cc(N(CC)Cc2ccccn2)ncn1;Cc1cc(N(CCO)Cc2cccnc2)nc(C)n1;Cc1cccc(N2CCC(c3nc(C)no3)CC2)n1;CN1CCC2OCCN(c3ncccc3C#N)C2C1;N#Cc1ccncc1N1CCC(N2CCOCC2)C1;CC(C)(C)N1CC(Nc2ccc(C#N)nc2)CC1=O;CC(C)NC(=O)CN(C)c1cnc2ccccc2n1;CCC(CC)C(=O)Nc1ccc(-c2nnc[nH]2)cc1;CC(C)CCC(=O)Nc1cc(-c2ccncc2)n[nH]1;COC1CCCCC1Nc1ccc2nccnc2n1;CC(=O)N1CCCN(c2nc3ccccc3[nH]2)CC1;Cc1nnc(N2C3CCC2CC(O)C3)c(C#N)c1C;CN(C(=O)N1CCC(CC#N)CC1)c1cccnc1;Cc1ccc(NC(=O)CC(C)n2cncn2)c(C)c1;N#Cc1cnc(NC2CCOC3(CCCC3)C2)cn1
m_a06450,CC(C)C(=O)NC(Cc1c[nH]c2ccccc12)C(=O)NC1CCCC1CCO;CCC(C)C(=O)C(=O)N(C)C(C(=O)NCCc1c[nH]c2ccccc12)C(C)C;CC(=O)CCCC(=O)NCCCCNC(=O)CCCc1c[nH]c2ccccc12;CCOc1cccc2[nH]cc(CC(=O)NC3CCN(CC4CCOC4)CC3)c12;Cc1cccc2[nH]cc(CCNC(=O)N3CCC(OCC4CCCO4)CC3)c12;COc1ccc2[nH]c(=O)c(CCC(=O)NCCCN3CCCC(C)C3)cc2c1;CC(C)NC(=O)N1CC2(C1)[C@H](c1ccccc1)[C@@H](CO)N2C(=O)C1CCCC1;CCCC(=O)N1CCC2(CC1)CN[C@H](CO)c1c2c2ccc(OC)cc2n1C;CC=Cc1ccc([C@H]2[C@@H](CO)N(C(=O)C3CC3)[C@H]2CNC(=O)NC(C)C)cc1;COc1ccc2c3c(n(C)c2c1)[C@H](CO)NCC31CN(CC2CCOCC2)C1;CCCNC(=O)C1CCCN(C(=O)C2CCCN2C(=O)Cc2ccccc2)C1;COc1cc2cc(C(=O)N(C)C[C@@H]3CCCN4CCCC[C@H]34)[nH]c2cc1OC;COCCn1cc(C(=O)N2CCC(CN3CCOCC3)CC2)c2ccccc21;C=CCNC(=O)N1CC[C@@](C)(O)[C@@H](NC(=O)C2CCCC2)[C@@H]1c1ccccc1;COc1ccc(OC)c2[nH]c(C(=O)N(C)C[C@@H]3CCCN4CCCC[C@H]34)cc12;Cc1ccccc1C(=O)NC1CCN(C(=O)C(C(C)C)N2CCCC2=O)CC1;CC(=O)NC1(CNC(=O)NCCc2ccc(O)cc2)C2CC3CC(C2)CC1C3;CC(C)[C@@H]1NC(=O)c2ccccc2N(CC(=O)NC2CCCCCCC2)C1=O;CNC(=O)C1CCC(NC(=O)N2CC(c3ccccc3)C3COCCC32)CC1;CCCNC(=O)N1[C@H](CNC(C)=O)[C@@H](c2ccc(C3=CCCC3)cc2)[C@@H]1CO;CC(=O)N1CC(O)CC1C(=O)N1CCC2(CCN(Cc3ccccc3)CC2)C1;COc1cc2cc(C(=O)NC[C@@H]3CCCN4CCCC[C@H]34)n(C)c2cc1OC;COc1cc(OC)c2cc(C(=O)NC[C@@H]3CCCN4CCCC[C@H]34)n(C)c2c1;COc1ccc(OC)c2c1cc(C(=O)NC[C@@H]1CCCN3CCCC[C@H]13)n2C;C[C@H]1C[C@@H]2[C@@H](CC(=O)N2CCN2CCOCC2)[C@@H]1CNC(=O)c1ccccc1
m_a0edff,COc1ccc(CNC(=O)N2CCN3CCC2CC3)c(OC)c1;COc1ccccc1CNC(=O)NCCC(=O)NC1CCCC1;CNC(=O)COc1ccc(CNC(=O)N2CCCCCC2)cc1;CC(NC(=O)N1CCC(N2CCOCC2)C1)c1cccc(O)c1;COCCN1C[C@H]2CN(Cc3cccc(OC)c3)CCN2C1=O;CCCOc1ccc(CNC(=O)C2CCCN2C(N)=O)c(C)c1;COCc1ccccc1CNC(=O)N1CCCN(C(C)=O)CC1;CCOc1ccccc1CCNC(=O)N1CCCNC(=O)C1C;COc1ccccc1C(CNC(=O)NC1CC1)N1CCOCC1;Cc1cccc(OCCC(=O)N2CCCN(C(N)=O)CC2)c1C;COc1ccccc1CN1CCN(C(=O)C2COCCN2)CC1;CC(C)C(=O)Nc1ccc(CNC(=O)N2CCCC2CO)cc1;CN(CC(N)=O)CC(=O)NCc1ccccc1OC1CCCC1;CCC(C)C(NC(N)=O)C(=O)N1Cc2ccccc2OCC1C;COCCN1C(=O)NC2CN(Cc3ccc(CO)cc3)CCC21;CCNC(=O)[C@@H]1CCCN1[C@@H](C(=O)NC)c1ccccc1OC;CNC(=O)NC(=O)CN1CCCC(Cc2ccccc2OC)C1;CC(C)C(C)NC(=O)N1CCN(C(=O)c2cccc(O)c2)CC1;COc1ccc(C2CCCCCN2CCC(=O)NC(N)=O)cc1;CC(=O)N1CCC(NC(=O)NC(C)Cc2ccc(O)cc2)CC1;COc1ccccc1CC1CCCN(C(C)C(=O)NC(N)=O)C1;CC(=O)N1CCCN(C(=O)NC(C)Cc2ccc(O)cc2)CC1;Cc1cc(CCNC(=O)N2CC(=O)N(C)C(C)C2)cc(C)c1O;Cc1cccc(C)c1OC1CCN(C(=O)C(C)NC(N)=O)CC1;COc1cccc(CC2CCN(C(=O)CCNC(N)=O)CC2)c1
m_a12514,Cc1ccc(C2CCCN2C(=O)C2CCCC(=O)N2)cc1;CN1C(=O)CCCC1C(=O)N1CCCc2ccccc2C1;O=C1CCCCC(C(=O)N2CCC2Cc2ccccc2)N1;Cc1cccc(C2C(=O)NCCN2C(=O)CC2(C)CC2)c1;CC(C)C(=O)NC1CCCN(/C=C/c2ccccc2)C1=O;Cc1cc(C)cc(CC(C)N2C(=O)NC3(CCC3)C2=O)c1;O=C1[C@@H](O)[C@H]2CN(CC3CC3)C[C@H]2N1Cc1ccccc1;O=C1CCC(C(=O)N2CCCC2Cc2ccccc2)CN1;CC(NC(=O)C1CC(=O)N(C)C1)c1ccc2c(c1)CCC2;CC1(NC(=O)CN2CCCCC2=O)Cc2ccccc2C1;O=C1NCCCC1N1Cc2ccccc2OC2(CCC2)C1;CC(C)C1CCCC(=O)N(Cc2ccccc2)C(=O)/C=N\1;C=C(C)CC(C)C(=O)N1Cc2ccccc2NC(=O)C1C;CC(C)CCN1C(=O)[C@H]2CCCN2C(=O)c2ccccc21;CC1(CNC(=O)c2cccc3c2CCCC3)CCC(=O)N1;CC(=O)OCCC#CCN1CCCC[C@@H]1c1cccnc1;NC(=O)C1CCCC1NC(=O)c1ccc(C2CCC2)cc1;O=C(N1CCc2ccccc2C1)C12CNCC1CCOC2;COc1ccc(/C=C/C(=O)N[C@@H]2CCN3CCC[C@@H]23)cc1;CN1CC(C(=O)N2CCC(Cc3ccccc3)C2)CC1=O;Cc1ccc(N2C(=O)CC(N3CCCCC3)C2=O)cc1C;C[C@]12CN3C[C@](C)(C[N@@](C1)[C@]3(C)c1ccc(O)cc1)C2=O;CN1C(=O)c2ccccc2O[C@H]2CN(C3CCCC3)C[C@H]21;O=C(O)CCCN1CCCCC1c1cc2ccccc2[nH]1;O=C1Nc2ccccc2CCC1N1CCOCC2(CC2)C1
m_a3c949,N#Cc1cc(F)ccc1CN1CCCC(c2noc(C3CC3)n2)C1;Cc1nnc(C2CC23CCN(Cc2cc(C#N)ccc2F)CC3)o1;Nc1ccc(C2CCCN2C(=O)C2(c3ccccc3F)CC2)nn1;CC1CN(Cc2ccc(F)cc2)CCN1C(=O)c1cc(C#N)c[nH]1;Cc1nn(C)cc1C1CCCN1C(=O)c1cc2cc(F)ccc2[nH]1;COc1cc(CNC2CCN(c3ncccc3F)C2)ccc1C#N;Cc1cc(C2CN(Cc3cnc4cnccn34)CCO2)ccc1F;O=C(Cc1c[nH]c2cc(F)ccc12)NCc1[nH]nc2c1CCCC2;CCn1ncc2c1CCCC2NC(=O)c1cc2cc(F)ccc2[nH]1;O=C(c1ccc(N2CCCC2)nn1)N1CCCc2ccc(F)cc21;c1ccc(N2CC3CCN(Cc4csc(C5CC5)n4)C3C2)nc1;Cc1c(C2C(C(=O)N3CCC(F)(F)C3)CC(=O)N2C)cnn1C;Cc1ncsc1CN(C)CC1CCN(c2ccc(C#N)cc2)C1;CN1C(=O)CCC(C(=O)N2CCC(F)(F)C2)C1c1ccnn1C;O=C(NCCc1c[nH]c2ccc(F)cc12)C1CCc2cn[nH]c2C1;CCC(NCc1c(C)nc2scc(C3CC3)n12)c1ccncc1;CC1CC(C)CN(CC(C)NC(=O)c2ccc(Cl)cc2F)C1;CC(C)(C)c1cn2nc(C(=O)NCc3ccccc3F)ccc2n1;Cc1cc(F)ccc1C(C)n1cc(CC(O)c2ccccn2)nn1;O=C(NCCCn1cnc2ccccc21)NCc1ccc(F)cc1;OCC1(Cc2ccc(F)cc2)CCN(c2ncnc3[nH]ccc23)C1;CN1C(=O)CCC(C(=O)N2CCC(F)(F)C2)C1c1nccn1C;CCc1c[nH]c2ncnc(N3CCOC(c4ccccc4F)C3)c12;CCn1c(NCc2ccc(C(=O)NC)cc2)nc2cc(F)ccc21;CC(C)n1ncc2cc(C(=O)NCCc3ccc(F)cc3)cnc21
m_a5509a,CCn1nccc1C1OCCC1CNC(=O)c1ncoc1C;CCn1nccc1C1OCCC1CNC(=O)c1cc(C)no1;Cc1ocnc1C(=O)NCC1CCCOC1c1cnn(C)c1;Cc1nn(C)c(C)c1C1OCCC1NC(=O)c1ncoc1C;CCc1nnc(CC2CCC(NC(=O)c3ncoc3C)C2)o1;CCc1ocnc1C(=O)NC1CCC(Cc2nnc(C)o2)C1;Cc1nc(C(=O)NC2CCCC2Oc2cnn(C)c2)c(C)o1;CCc1nnc(C2CCCN(C(=O)c3ncoc3C)C2C)o1;CCc1ocnc1C(=O)N1CCCC(c2nnc(C)o2)C1C;CCc1nc(C(=O)NC2CCCC2Oc2cn[nH]c2)c(C)o1;NC(=O)C12CCOCC1CN(C(=O)c1cc3n(n1)CCC3)C2;Cc1nn(C)c(C)c1C1OCCC1C(=O)Nc1cnoc1C;CCn1cc(OC2CCCC2NC(=O)c2ocnc2C)cn1;Cc1cc(CNC(=O)c2c3c(nn2C)C(C)OC(C)C3)on1;CCn1cc(OC2COCC2NC(=O)c2[nH]ccc2C)cn1;CN(Cc1ccon1)C(=O)C1CCCOC1c1nccn1C;Cc1noc(C)c1CNC(=O)c1n[nH]c2c1CC(C)OC2C;CCc1nnc(CC2CCC(NC(=O)c3ocnc3C)C2)o1;Cc1nc(C)c(C(=O)NC2CCCC2Oc2cnn(C)c2)o1;Cc1nnc(CC2CCC(NC(=O)c3oc(C)nc3C)C2)o1;Cc1ccn(C)c1C(=O)NCc1nnc(C2CCCOC2)o1;Cc1noc(C)c1NC(=O)C1CCCOC1c1cnn(C)c1;Cc1cc(CN(C)C(=O)c2n[nH]c3c2CC(C)OC3C)no1;COC1CN(C(=O)c2c(C)coc2C)CC1c1cn(C)nn1;Cc1n[nH]c(C2CCOC2CN(C)C(=O)c2occc2C)n1
m_a5bb0e,Cn1cc(CC(=O)N2CCOC(c3nnn[nH]3)C2)c2ccccc21;CCc1n[nH]c(C2CN(C(=O)c3ccc(C#N)c(C)n3)CCO2)n1;COC1CN(C(=O)Cn2ncc3ccccc32)CC1c1c[nH]nn1;COC1CN(C(=O)c2cnn3ccccc23)CC1c1cn(C)nn1;COC1CN(C(=O)Cn2cc3ccccc3n2)CC1c1c[nH]nn1;CN(C)c1nccc(C2CN(C(=O)c3c[nH]c(C#N)c3)CCO2)n1;Cn1nccc1C1OCCC1NC(=O)Cn1nnc2ccccc21;COC1CN(C(=O)c2cc(C)cc3c[nH]nc23)CC1c1c[nH]nn1;COC1CC(c2ncn[nH]2)N(C(=O)Cn2ncc3ccccc32)C1;COC1CC(c2nncn2C)N(C(=O)c2n[nH]c3ccccc23)C1;COC1CC(c2ncn[nH]2)N(C(=O)c2ccc3c(c2)ncn3C)C1;Cc1n[nH]c(C)c1C1COCCN1C(=O)c1ccc2[nH]nnc2c1;COC1CC(c2nncn2C)N(C(=O)c2cccc3[nH]cnc23)C1;Cn1nncc1C(=O)NC1CC(=O)N(C2CC2)C1c1cccnc1;CN(CC1OCCC1c1ncn[nH]1)C(=O)c1cnc2ccccn12;Cn1cc(CC2CCN(C(=O)c3cnc4[nH]c(=O)[nH]c4c3)C2)cn1;CCCc1noc2ncc(C(=O)N3CCn4c(C)nnc4C3)cc12;CC(=O)N1CCCC1c1noc(Cn2ncc3cc(C)cnc32)n1;CCN1CC(c2noc(Cn3ncc4cc(C)cnc43)n2)CC1=O;Cc1noc2ncc(C(=O)N3CCn4c(nnc4C(C)C)C3)cc12;CC(C)NC(=O)Cc1nnc2cc(-c3nc(C4CC4)no3)ccn12;Cc1cnn(C2CCN(C(=O)c3ccnc4[nH]c(=O)[nH]c34)CC2)c1;Cc1cn2nc(NC3CCN(C(=O)c4ncoc4C)C3)ccc2n1;COc1ncccc1CNC(=O)Nc1cnc2c(c1)c(C)nn2C;O=C(NC1CC(Cn2cccn2)CC1O)c1ccc2ncnn2c1
m_a5d8e5,CCc1nc(C)cc(NCC2CCC(=O)N(CC)C2c2cnn(C)c2)n1;CNC(=O)c1cccnc1N(C)CC1CCCN(C)C1c1cnn(C)c1;CCN1CCCC(CN(C)C(=O)c2cnc(C)cn2)C1c1cnn(C)c1;CC(C)N(C)c1ccc(CNC2CCC(=O)NC2c2cnn(C)c2)cn1;Cc1nn(C)c(C)c1C1C(NCc2ccnc(N(C)C)c2)CC(=O)N1C;CCNC(=O)c1ccc(NCC2CCCN(C)C2c2ccnn2C)nc1;CN(C)C(=O)c1ccc(NCC2CCCN(C)C2c2ccnn2C)nc1;CN(C)C(=O)c1ccc(NCC2CCCN(C)C2c2cncn2C)nc1;Cc1nn(C)c(C)c1C1CCCN1c1cc(N2CCCC2CO)ncn1;CN(C)c1ccncc1CNCC1CCC(=O)N(C)C1c1nccn1C;CN1CCCC(CNC(=O)c2cnn(C)c2C2CC2)C1c1cncn1C;CN1CCCC(CNC(=O)c2cnn3c2CCCC3)C1c1cncn1C;CCn1ccc(CNC2CCN(c3nc(C(=O)NC)nc(C)c3C)C2)c1;Cc1nn(C)c(C)c1CCC(=O)N1CCCC1c1ccc(N(C)C)nn1;CN1CCCC(CNC(=O)c2cnn3c2CCCC3)C1c1ccnn1C;CCN1C(=O)CC(CNCc2cnccc2N(C)C)C1c1nccn1C;CN(C)c1ccnc(C(=O)NCC2CCCN(C)C2c2cncn2C)c1;Cc1nc(C)c(C(=O)NCC2CCCN(C)C2c2ccnn2C)nc1C;CN(C)c1ccnc(C(=O)NCC2CCCN(C)C2c2ccnn2C)c1;CN1CCCC(CNC(=O)c2[nH]nc3c2CCCC3)C1c1ccnn1C;CCc1c(C(=O)N2CCCC(c3ccnc(N)n3)C2)cnn1CC(C)C;CCn1nc(C)c(CC(=O)N2CCCC2c2ccc(N(C)C)nn2)c1C;CN(C(=O)C1CC1c1cnn(C)c1)C1CCN(CCn2cccn2)CC1;Cc1c(CC(=O)N2CC(c3nc(C(C)C)n[nH]3)C(C3CC3)C2)cnn1C;CN1C(=O)CCC(NCc2ccnn2C2CCCC2)C1c1nccn1C
m_a87b11,COc1ccccc1CN1CCOCC1c1nc(C)no1;CCCC(=O)NC(c1noc(C)n1)c1ccccc1OC;COc1cccc(-c2noc(CN3CCOCC3C)n2)c1;CC(C)CCc1noc(COc2ccccc2C(N)=O)n1;COc1ccc(-c2noc(CN(C)C3CC3)n2)c(OC)c1;CNC(=O)c1ccc(OCc2nc(CC(C)C)no2)cc1;CCCCc1noc(COc2ccc(C(=O)NC)cc2)n1;COc1ccc(CN2CCOC(C)C2C(N)=O)cc1C#N;CCc1oc(C(=O)N2CCC(c3nc(C)no3)C2)cc1C;COc1ccc2c(c1)C(NCc1nonc1C)CCCO2;COc1ccc(C#N)cc1CN1CCCC(O)(C(N)=O)C1;COC1CC(c2nc(C)c(C)[nH]2)N(C(=O)c2ccoc2)C1;Cc1noc(C2CCCN(C(=O)CCc3ccco3)C2)n1;COC(C)(C)c1nc(CC(=O)Nc2ccc(C)cc2)no1;COc1ccc(C2NCCc3nc[nH]c32)c(OC)c1OC;CC1CN(C(=O)c2cccc3c2OCC(=O)N3)CCC1N;O=C(c1cc(=O)[nH]c(C2CC2)n1)N1CCOCC1C1CC1;CCCNC(=O)CCc1nc(-c2cccc(OC)c2)no1;CCOc1ncccc1C(=O)N(C)Cc1c(C)noc1C;COc1cc(C)c(OCc2nnc3n2CCOC3)c(C)c1;COc1cc(C(=O)NCCc2cc[nH]n2)cc(OC)c1C;COc1c(C2CCCN2C(=O)c2ccoc2)c(C)nn1C;COc1cc(-c2noc(CC3(O)CCCCC3)n2)ccn1;COC(=O)C1CN(Cc2c(C)nc3ccccn23)CCO1;NC(=O)CN1C(=O)CO[C@H]2CN(Cc3ccccc3)C[C@H]21
m_a94f72,CC(CC(=O)O)NC(=O)c1ccnn1CC1CCC1;CC(CNC(=O)c1ccnn1C1CCCC1)C(=O)O;Cn1nccc1C(=O)NC1(C(=O)O)CCCCCC1;CN(CCC(=O)O)C(=O)c1ccn(C2CCCC2)n1;Cc1cc(C(=O)NC2(C(=O)O)CCCCC2)n(C)n1;Cc1cc(C(=O)N2CCCCC2CC(=O)O)nn1C;Cc1cc(C(=O)NC2(CC(=O)O)CCCCC2)n[nH]1;COC(=O)C1CCCCCC1NC(=O)c1cc[nH]n1;CCC(CC)(CC(=O)O)NC(=O)c1ccc(C)nn1;CC(C)c1cc(C(=O)NCC2(C(=O)O)CCC2)n[nH]1;Cc1cc(C(=O)N2CCCC(C)C2C(=O)O)nn1C;Cc1cc(C(=O)N2CCC(C(=O)O)(C(C)C)C2)n[nH]1;Cc1cc(C)n(CCCNC(=O)C2(C(=O)O)CC2)n1;Cc1cc(C)n(CCCNC(=O)C2CC2C(=O)O)n1;CCOC(=O)C1(NC(=O)c2cc[nH]n2)CCCCC1;Cc1c[nH]nc1C(=O)NC1CC(O)C12CCOCC2;Cc1cc(C)n(CC(=O)N2CCC(C)(C(=O)O)C2)n1;Cc1cc(C)n(CC(=O)NC2(C(=O)O)CCCC2)n1;CCN(C(=O)c1cnn(CC2CC2)c1)C(C)C(=O)O;Cc1cc(C)n(CC(=O)N2CCC(C(=O)O)CC2)n1;O=C(c1cc(=O)[nH][nH]1)N1CCOC2(CCCCC2)C1;Cc1cc(C)n(CC(=O)NC(C)(C(=O)O)C2CC2)n1;Cc1cc(C)n(CC(=O)N2CCCCC2C(=O)O)n1;Cn1cc(C(=O)NC2(CC(=O)O)CCCCC2)cn1;Cn1nccc1CCC(=O)NC1CCC(C(=O)O)C1
m_a98076,CN(CC1(O)CCN(Cc2ccccc2)C1)C(=O)c1c[nH]c(C#N)c1;CN(CC1(O)CCN(Cc2ccccc2)C1)C(=O)c1cc(C#N)c[nH]1;CN(CC1OCCN(C)C1c1ccccc1)C(=O)c1c[nH]c(C#N)c1;N#Cc1c[nH]c(C(=O)NC2CN(Cc3ccccc3)CCC2CO)c1;Cc1ccc(C(=O)N(CCN(C)C)Cc2cccc(C#N)c2)c(=O)[nH]1;CCN1C(=O)CC(CNC(=O)c2cncc(C)c2)C1c1cccnc1;N#CCCCn1cc(C(=O)N2CCC(CC(N)=O)C2)c2ccccc21;CNC(=O)c1ccc(C(=O)N2CCCN(c3ccccc3)CC2)cn1;CCN1C(=O)CC(CNC(=O)c2cccnc2C)C1c1cccnc1;CN(C)C(=O)c1ccc(NC2CC(=O)N(Cc3ccccc3)C2)nc1;Cc1cc(NC(=O)NCC2CC(=O)N(Cc3ccccc3)C2)ccn1;Cn1cc(C#N)cc1C(=O)N1CCN(CCOc2ccccc2)CC1;CNC(=O)c1ccc(C(=O)N2CCN(C)CC2c2ccccc2)cn1;Cc1cnccc1NC(=O)NCC1CC(=O)N(Cc2ccccc2)C1;Cc1cc(C(=O)N2CCCC(N3CCNC3=O)C2)c2ccccc2n1;Cc1cc[nH]c1C(=O)NCC1CC(=O)N(C2CC2)C1c1cccnc1;CCN1C(=O)CC(CNC(=O)c2cccc(C)n2)C1c1cccnc1;CCC1CN(C)c2ccccc2CN1C(=O)c1ccc(C(N)=O)nc1;NC(=O)C(c1ccccc1)N1CCCN(C(=O)c2ccncc2)CC1;CN1C(=O)CC(CNCc2ccc(C(N)=O)cc2)C1c1ccncc1;Cc1nc(C)c(C(=O)NC2CCN(Cc3ccccc3)C2=O)nc1C;CCn1nc(C(=O)NC2C3CN(Cc4ccccc4)CC32)ccc1=O;CN(C)C(=O)N1CCN(C(=O)c2cncc(-c3ccccc3)c2)CC1;Cc1nccc(CNC(=O)C2CC(=O)N(C(C)c3ccccc3)C2)n1;Cc1nccc(C(=O)Nc2ccc(C(=O)N3CCCCCC3)cc2)n1
m_aa5754,C=C(C)CN(C)C(=O)NCc1cc(C(=O)OC)c(C)o1;CCc1oc(C(=O)N2CCN(C(=O)CO)CC2)cc1C;Cc1cc(C(=O)NCC(=O)NC2(C)CCOC2)c(C)o1;CCOC(=O)N1CCC(NC(=O)c2ccoc2C)CC1;CCOC(=O)N1CCC(NC(=O)c2occc2C)CC1;COCC1CCC1NC(=O)CNC(=O)c1ccoc1C;CC1(C)CCCC1(O)CNC(=O)c1cc(C(N)=O)co1;COCC1(CNC(=O)c2coc(C(N)=O)c2)CCCC1;CC(C)c1ccoc1C(=O)NCC(=O)N1CCOCC1;O=C(NCc1ccco1)NC1CCOC2(CCOC2)C1;CNC(=O)CC1(O)CCCN(C(=O)c2occc2C)C1;CCCc1occc1C(=O)N1CC(OC)CC1C(N)=O;CNC(=O)CC1(O)CCCN(C(=O)c2ccc(C)o2)C1;COC(=O)c1ncoc1CNC(=O)CC1(C)CCCC1;CN1OC2(CCN(Cc3ccc(CO)o3)CC2)CC1=O;Cc1noc([C@@H](C)NC(=O)C2CCCCC2)c1C(=O)O;CN(C)C(=O)CCOC(=O)c1noc2c1CCCCC2;COc1ccc(CNC(=O)N2CCOCC2)c(OC)c1;COc1ccc(CNC(=O)N[C@H](C(=O)O)C(C)C)cc1;COC(=O)C1(N(C)C(=O)c2ncoc2C)CCCCC1;COC(=O)C1(CNC(=O)c2cc(C)no2)CCCCC1;COCc1nocc1C(=O)N1CCC(O)C12CCCC2;CCC(C)c1cc(C(=O)N2CCCCC2C(=O)O)on1;COC1CC(CO)N(C(=O)c2onc3c2CCCC3)C1;CCC(CC)c1cc(C(=O)N(CC(=O)O)C2CC2)on1
m_ab3260,Cc1cc(NC(=O)C(C)SCc2csc(C3CCCC3)n2)no1;Cc1sc2nc(CSC(C)C(=O)N3CCCC3)[nH]c(=O)c2c1C;CC(C)(C)c1csc(C2CN(C(=O)Cc3cncs3)CCO2)n1;CC(C)(C)C1CCc2c(sc3nc(SCC(=O)O)nc(N)c23)C1;CC(C)NC(=O)CN(C)C(=O)CSCc1nc2ccccc2s1;FC(F)(F)C1(c2nc(-c3nnc[nH]3)no2)CCN(c2ccccn2)C1;O=C(CSCc1nc2ccccc2s1)NCCN1CCOCC1;CCn1c(C2CC(OC)CN2C(=O)c2ccncc2Cl)n[nH]c1=O;Cc1cc(NS(=O)(=O)c2ccsc2)cnc1N1CCCCC1C;Cc1noc(C2COCCN2C2CN(C(=O)c3cc(Cl)c[nH]3)C2)n1;COc1ccc(-c2oc3cc4c(cc3c2CC(=O)O)CCC(=O)N4)cc1;CC1CN(C(=O)Cn2cc(Cl)cn2)CC(c2nc(C3CC3)no2)O1;CCn1nc(C)c(S(=O)(=O)N2CCC(C(=O)O)C(F)(F)C2)c1C;Cc1nn(C)c(S(=O)(=O)N2CCCC(C)C2C(=O)O)c1C(F)F;NS(=O)(=O)c1cnc(N2CCCCC2CCc2ccccc2)s1;Cc1nn(C)c(S(=O)(=O)N2CCCC(CC(=O)O)C2)c1C(F)F;CN1[C@H]2O[C@@]3(Cc4ccc5c(c42)OCO5)c2cc4c(cc2C[C@@H]13)OCO4;COc1ccc(OC)c([C@@H]2c3c(oc4ccccc4c3=O)C(=O)N2C)c1;Cc1ccc2occ(C3CC(=O)Oc4cc(C)n(C)c(=O)c43)c(=O)c2c1;COc1c(OC)c2c3c(ncc(OC)c3c1OC)C(=O)c1ccccc1-2;CN1[C@@H]2O[C@@H](c3cc4c(cc32)OCO4)[C@H]2c3cc4c(cc3C[C@@H]21)OCO4;O=C1C2C3C=CC(C3)C2C(=O)N1c1cccc(COCC(F)(F)F)c1;COc1ccc2c3c(n(CCO)c(=O)c2c1OC)-c1ccccc1C3=O;CNC1=C2C(=O)c3c(O)cccc3C(OC)=C2c2c(O)cc(CO)cc21;COc1ccc2c(c1)C(=O)c1nccc3c(OC)c(OC)c(OC)c-2c13
m_ab91a8,CCc1cc(NC(=O)C2(C)CCOC2)ccc1C;CCc1cc(NC(=O)CC2CCOC2)ccc1C;Cc1ccc(NC(=O)C2CCOC(C)C2)cc1C;Cc1cccc(C(C)C)c1NC(=O)C1CCCO1;CC(=O)NCC1(c2ccccc2C)CCOCC1;Cc1cc(=O)c(N)cc2c1C[C@H](C(C)(C)O)CC2;CCOC(=O)C1(c2ccccc2)CCN(C)CC1;CCC(CC)CNC(=O)c1ccc2c(c1)CCO2;CCCOc1ccc(CNC(=O)C2CC2)c(C)c1;Cc1ccccc1C1CC(C)N(CCC(=O)O)C1;COCC(=O)NC(C)c1ccc2c(c1)CCCC2;Cc1ccccc1C1CCCN1CCCC(=O)O;Cc1ccc(CN2CCC(C(=O)O)CC2)cc1C;CCc1cccc(CN2CCC(C(=O)O)CC2)c1;CCOC(=O)[C@H](c1ccccc1)[C@H]1CCCCN1;CCOc1ccccc1CNC(=O)C1CC1(C)C;Cc1cccc(C2CCCN2CCC(=O)O)c1C;CC1(c2ccccc2)CCCN(CCC(=O)O)C1;CCCN1CCO[C@@H]2c3cc(O)ccc3CC[C@H]21;COCC(=O)NC1CCC(c2ccccc2)CC1;CCC(CO)NC(=O)C(c1ccccc1)C1CC1;Cc1ccc(C2CCCN2CCC(=O)O)cc1C;CCCN1CCC(c2ccccc2C(=O)O)CC1;CC1CC(OC(=O)c2ccccc2)CC(C)(C)N1;CCC(=O)OC1(c2ccccc2)CCN(C)CC1
m_abbd02,CCN1CCC2OCCN(Cc3nnnn3CC(F)(F)F)C2C1;CC(NC(=O)C(c1ccccc1)N1CCSCC1)C1CCCO1;COC1CC(c2ncn[nH]2)N(C(=O)COc2c(C)nn(C)c2C)C1;CCn1c(C2CC(OC)CN2C(=O)c2cn(C)nc2C)n[nH]c1=O;CCN1CCOC(CNC(=O)c2nonc2C)C1c1nccn1C;CCN1CCOC(CNC(=O)c2nonc2C)C1c1ccnn1C;CCN1CCOC(CNC(=O)c2nonc2C)C1c1cncn1C;CCc1cc(NC(=O)N2CC(OC)CC2c2nc(C)no2)n(C)n1;COC1CC(c2nc(C)no2)N(C(=O)Nc2ccnn2C(C)C)C1;O=C(NCC1CCCCO1)C(c1ccccc1)N1CCSCC1;Cc1ccc(C2CC2C(=O)N2CC(C)C(N3CCOCC3)C2)s1;CCn1cc(OC2COCC2NC(=O)c2nn(CC)nc2C)cn1;Cc1ccc(C)c(CN2CCOC(C(=O)N3CCSCC3)C2)c1;CCOc1cc(N2CC(OC)CC2c2n[nH]c(=O)n2CC)ncn1;CCn1cc(C2OCCCC2NC(=O)Cn2ncn(C)c2=O)cn1;CCCCn1c(=O)[nH]c(=O)c2c1nc(CN1CCNC(=O)C1)n2C;Cn1c(=O)c2c(ncn2CCCC(=N)N2CCOCC2)n(C)c1=O;CC(=O)NC1CCCN(C(=O)CSCc2cc(C)ccc2C)C1;CN[C@@H]1[C@H](O)[C@H](NC)[C@H]2O[C@]3(O)[C@H](O[C@@H]2[C@H]1O)O[C@H](C)C[C@H]3O;Cc1cc(Cn2nnc(C(=O)NC(C)(C(N)=O)C(C)C)c2C)on1;CCCC(NC(=O)Cc1ccccc1)C(=O)N1CCCSCC1;CN(C)c1nccnc1OC1CCCN(C(=O)N2CCNC2=O)C1;CC(C)CN1CCC(NC(=O)C2CSc3ccccc3O2)CC1;CC[C@H]1C[N@]2CC[C@H]1C[C@@H]2COC(=O)Nc1cccc(SC)c1;COc1cc2c(cc1OC)[C@@]1(C)CC(C)(C)N=C(SC)N1CC2
m_acdfec,CC1CN(c2ccc(NC(=O)c3cc(C4CC4)[nH]n3)cn2)CC(C)O1;CN(C(=O)c1cc(C2CC2)n(C)n1)c1ccc(N2CCOCC2)nc1;CN1CCN(c2ccc(NC(=O)c3coc(C4CCC4)n3)cn2)CC1;O=C(C1CN(c2nccn3nc(C4CC4)cc23)CCO1)N1CCCC1;Cn1cc(C(=O)Nc2ccc(N3CCCC3)cn2)c(C2CCOC2)n1;Cc1nc(N2CCOCC2)ccc1NC(=O)C1CC1c1cnn(C)c1;Cc1cc(C(=O)Nc2ccc(C(N)=O)c(N3CCCCC3)c2)n(C)n1;O=C(Nc1cnn(CC2CCCO2)c1)c1ccc(N2CCCC2)nc1;CC1COCCN1CCNc1ccc(C(=O)Nc2ccccc2)nn1;CN(CC1OCCN(C)C1c1ccccc1)c1ccc(C(N)=O)nn1;CCOc1ncccc1CNC(=O)Nc1ccc(N2CCCC2)nc1;Cc1cc(C(=O)Nc2ccccc2C(=O)N2CCCN(C)CC2)[nH]n1;CC(C)c1ccc(C(=O)N2CCCC(c3cc(C(N)=O)[nH]n3)C2)cn1;CN1CCCC(N(C)C(=O)c2ccc(NC(=O)c3cc[nH]n3)cc2)C1;CNC(=O)c1ccc(NCC2OCCN(C)C2c2ccccc2)nn1;CCCn1nc(C(=O)Nc2cc(C3CC4CCC3C4)[nH]n2)ccc1=O;Cc1cc(C(=O)NCCC(=O)N2CCN(c3ccccc3)CC2)[nH]n1;Cc1nnc(C23CCCC2CN(C(=O)c2cc(C4CC4)n(C)n2)C3)o1;CN(C)C(C(=O)Nc1ccc(N2CCOCC2)cn1)c1cccnc1;CC(NC(=O)NCc1ccc(N2CCOCC2)nc1)c1ccccn1;Cc1ccc(C(=O)Nc2cncnc2N(C)C)cc1N1CCOCC1;CCOC(=O)c1ccc(N2CCCN(c3ccc(C)nn3)CC2)nc1;COC1CC(c2ncc[nH]2)N(C(=O)c2ccc(N3CCCC3)nc2)C1;COC1CC(CNC(=O)c2cccn2C2CC2)N(c2ccncn2)C1;O=C(c1cccnc1N1CCOCC1)N1CCCC(n2cccn2)C1
m_ace790,C=CCNC(=O)CNc1ccc(C(F)(F)F)c(C#N)c1;N#Cc1ccc(N2CCC(C(N)=O)C2)cc1C(F)(F)F;Cc1cc(NC(=O)c2ccccc2C(F)(F)F)n(C)n1;Cc1ccn(CC(=O)Nc2ccccc2O)c(=O)c1C#N;Cc1cc(NC(=O)c2cccc(C(F)(F)F)c2)n(C)n1;Cc1n[nH]c(C)c1NC(=O)c1cccc(C(F)(F)F)c1;Cn1nccc1C(=O)NCc1ccc(C(F)(F)F)cc1;O=C(CC1NC(=O)NC1=O)Nc1cccc2ccccc12;N[C@@]1(Nc2ccccc2C(=O)O)C(=O)Nc2ccccc21;N#Cc1ccc(C(=O)N(C2CC2)C2CC(=O)NC2=O)cc1;CC(=O)Nc1ccc2c(c1)C(=O)N(C)c1cccnc1O2;FC(F)(F)c1cccc(CNc2nc(C3CC3)no2)c1;O=C(Cc1c[nH]c2ncccc12)N1CC(C(F)(F)F)C1;O=C(NCCCC(F)(F)F)c1ccnc2ccncc12;CN1C(=O)c2ccccc2NC1c1ccc([N+](=O)[O-])cc1;O=C(NCC(F)(F)F)c1ccc(Cn2cccn2)cc1;Cc1cc(OCC(=O)Nc2cccc3cccnc23)no1;COc1cccc(C2(C)C(C#N)C(=O)NC(=O)C2C#N)c1;COc1c[nH]c(C(=O)Nc2ccc3[nH]ccc3c2)cc1=O;COc1c[nH]c(C(=O)Nc2ccc3cc[nH]c3c2)cc1=O;COc1c[nH]c(C(=O)Nc2cccc3[nH]ccc23)cc1=O;CC(=O)Nc1ccccc1-c1noc(-c2ccoc2C)n1;CN1C(=O)C(=Cc2c[nH]c3ccccc23)C(=O)N(C)C1=O;O=C(O)C1c2ccccc2CCN1C(=O)c1cnccn1;COc1cccnc1NC(=O)Cc1noc2ccccc12
m_acfc1e,CCC(C)NC(=O)CCNC(=O)NCc1ccccc1OC;CNC(=O)C(CC(C)C)NC(=O)NCc1ccccc1OC;COc1ccc(CN(C)C(=O)NC2CCN(C)CC2)cc1O;CNC(=O)COc1ccccc1CNCC1CN(C)CCO1;COc1ccc(C(=O)NCC2CN(C)CCN2C)c(OC)c1;CN(CC(N)=O)C(=O)NCCOc1ccccc1C(C)(C)C;CCCOc1cc(C)ccc1NC(C)C(=O)NC(=O)NCC;CCOc1ccccc1NC(C)C(=O)NC(=O)NC(C)(C)C;CNC[C@@H]1Oc2ccc(N)cc2C(=O)N([C@@H](C)CO)C[C@H]1C;CC(C)c1ccc(CNC(CCCNC(N)=O)C(=O)O)cc1;CC(Cc1ccc(O)cc1)NC(=O)NCCN1CCOCC1;CNC[C@H]1Oc2c(N)cccc2C(=O)N([C@@H](C)CO)C[C@H]1C;COc1ccc(CNC(=O)N2CCC(O)CC(C)(C)C2)nc1;NCCCCNCCCNC(=O)/C=C/c1ccc(O)c(O)c1;COc1cc(NC2CCCN(C(=O)N(C)C)C2)cc(OC)c1;COc1ncccc1CCNC(=O)N1CC(C)C(C)(CO)C1;C[C@H](N)C(=O)N[C@@H](C)C(=O)N[C@@H](Cc1ccccc1)[C@@H](C)O;CNCCN(CCN(CCO)C(C)=O)C(=O)c1ccccc1;CC(C)/C=C/C=C\C(=O)NCCC(=O)N[C@H]1CCCNC1=O;CCOC1CC(NC(=O)NCc2ccon2)C12CCCCC2;Cc1ccc(NC(=O)NCCCCNC(=O)OC(C)C)cc1;CN(CC1CC1)CC1CN(C(=O)NCc2ccco2)CCO1;COC1CC(C(=O)NCc2ccnc(OC(C)C)c2)N(C)C1;Cc1occc1C(=O)NC1CCN(C(=O)NCC(C)C)CC1;CN(C)c1ccc(C(=O)NCCCCCCC(O)=NO)cc1
m_aec773,NC(=O)C1(CNC(=O)c2cc(F)cc(Br)c2)CCCC1;CNC(=O)C1CCCN(C(=O)c2cc(F)cc(Br)c2)C1;Cc1c(Br)cc(F)cc1C(=O)NC1(CC(N)=O)CCC1;NC(=O)C1CCCCC1NC(=O)c1cccc(Br)c1F;CCC(NC(=O)C1CCC(=O)N1)c1cc(F)cc(Br)c1;CN1CC(C(=O)NCCc2ccc(F)c(Br)c2)CC1=O;CC1CN(C(=O)Cc2ccc(F)cc2Br)CC1C(N)=O;CC1CN(C(=O)Cc2cc(F)ccc2Br)CC1C(N)=O;NC(=O)CN(Cc1cccc(Br)c1)C1CCSCC1;O=C(c1cc(Br)cnc1C1CC1)N1CCC(F)(CO)C1;Cc1cc2cc(CNC(=O)c3ccc(Br)cc3)ccc2[nH]1;O=C(C1CCNCC1)N(Cc1csc(Br)c1)C1CC1;Cc1cc(C)c(Nc2nnc(SCCC(N)=O)s2)c(Cl)c1;CC(C)(C)Nc1ccccc1NC(=O)c1cc(Cl)sc1Cl;O=C(O)c1cc(-c2ccc(C(=O)O)oc2=O)c2cc(O)c(O)cc2c1;CCn1c(=O)cc(-c2cccc(Br)c2)c2ccc(C)nc21;CCOC(=O)c1nc2nc(-c3cccs3)cc(C(F)(F)F)n2n1;Fc1ccc(-c2csc3ncnc(NCc4nccs4)c23)cc1;CC(C)NC(=O)CSc1nnc(Nc2ccccc2Cl)s1;COc1cc(C(=O)O)c2c(=O)c3c(O)c4c(cc3oc2c1)COC4=O;COc1cc2oc(=O)ccc2cc1C(CC(C)=O)OS(=O)(=O)O;CC1(C)Oc2ccc3ccc(=O)oc3c2[C@@H](O)[C@H]1OS(=O)(=O)O;O=c1c2c(oc3c(O)c4c(c(O)c13)OCO4)-c1c(O)cccc1CO2;CC(C)(OS(=O)(=O)O)[C@@H]1Cc2cc3ccc(=O)oc3c(O)c2O1;Cc1csc2nc(-c3cnc(OCC(F)(F)F)cn3)[nH]c(=O)c12
m_aef2b4,O=C(Nc1ncccn1)c1ccc(Oc2ccccc2)cc1;O=C(NN=Cc1c(O)ccc2ccccc12)c1ccncc1;NC(=O)c1cccc(C(=O)Nc2cccc3ncccc23)c1;NC(=O)c1cccc(NC(=O)c2nccc3ccccc23)c1;O=C(NCc1nc2ccccc2[nH]1)c1coc2ccccc12;CN(C)S(=O)(=O)c1ccc(NCc2ccccc2)nc1;COC(=O)c1ccc(NC(=O)c2cc(C)nn2C)cc1F;O=C(N/N=C/c1ccc(-c2ccccc2)o1)c1ccncc1;COC(=O)C1(CNC(=O)c2ccc3[nH]cnc3c2F)CC1;COc1cc2c(cc1OC)CN(c1nc(C)ns1)CC2;COC(=O)c1ccc(F)c(CNC(=O)c2ccnn2C)c1;CC(C)n1ccc(C(=O)Nc2cc(C(=O)O)ccc2F)n1;CCOc1ccc(NC(=O)CSc2nccn2C)cc1;O=C(O)C1CCCN(C(=O)c2cc(F)cc3[nH]cnc23)C1;COc1ccc(C)cc1CCNC(=O)c1snnc1C;COc1ccc(SCC(=O)Nc2cc(C)nn2C)cc1;Cc1nn(C)c(C)c1C(=O)Nc1ccc(F)c(C(=O)O)c1;O=C(NCc1nc2ccccc2[nH]1)c1cc2ccccc2o1;Cc1cc(=O)c(C(=O)NCc2csc(C(C)C)n2)c[nH]1;CC1NC(=O)c2ccccc2-n2c1nc1ccccc1c2=O;Cc1cc(O)ccc1NC=C(C#N)c1nc2ccccc2o1;COc1ccc2oc(=N)c(-c3nc4ccccc4[nH]3)cc2c1;CCN(Cc1cccc(-c2ccncc2)c1)S(N)(=O)=O;COc1nccc(C(=O)N(Cc2cccs2)C(C)C)n1;Cc1ncsc1CNC(=O)NC(CO)c1ccccc1
m_b047da,COC(=O)C1CCc2nnc(Cc3ccccc3F)n2CC1;COc1ccccc1SCc1nnc2n1CCCCCC2;COc1ccccc1SCc1nnc2n1CC(C)(C)CC2;Cc1cccc(Cc2noc(C3(C)CCC(=O)NC3)n2)c1F;Cc1nc(C(NC(=O)C2CCCC2)c2ccccc2F)no1;CN1CCOC(c2noc(C3(c4ccccc4F)CC3)n2)C1;Cc1cccc(OCc2n[nH]c(=S)n2C2CCCCC2)c1;Cn1ccnc1C(NC(=O)C1CCCO1)c1ccc(F)cc1;CCN(C)S(=O)(=O)NC1CCCn2nc(COC)nc21;C[n+]1c2n(c(=O)c3ccccc31)CCC1c3ccccc3[N-]C21;Cc1noc(C2CCCN(C(=O)c3ccc(C)c(F)c3)C2)n1;Cn1ccnc1C1OCCC1NC(=O)Cc1ccc(F)cc1;Cc1noc(CCCC(=O)N2CCCc3cc(F)ccc32)n1;Cc1c(C2CCCN2C(=O)c2c(O)cccc2F)cnn1C;COc1ccc(F)cc1C(C)NC(=O)c1cc2n(n1)CCC2;Fc1ccc(Cc2noc(NC3CCOC3C3CC3)n2)cc1;CC1(C2CC2)COCCN1C(=O)c1ccc2[nH]cnc2c1F;Cn1nc(C2CC2)cc1C(=O)NCc1ccc(CO)c(F)c1;CNC(=O)C12CCOCC1CN(c1cccc(F)c1C#N)C2;Cc1cc(NC(=O)C2CCOCC2)n(-c2ccccc2F)n1;Cc1c(C2CCCN2C(=O)c2cc(F)ccc2O)cnn1C;Cc1cc(-c2noc(CCC(=O)N3CC(C)C3)n2)ccc1F;Cn1cc(C2OCCC2C(=O)NCc2cccc(F)c2)cn1;O=C(NCCC1CCOC1)c1c(F)cccc1-n1cccn1;Cc1nccn1-c1ccc(F)cc1CNC(=O)C1CCCO1
m_b084eb,O=C(c1cccc(Oc2cnccn2)c1)N1CCCC2CCCCC21;CNC(=O)c1ccc(Oc2ccc3c(c2)CCN(C2CCC2)C3)nc1;CN1C2CCC1CN(C(=O)c1ccccc1Oc1cccnc1)CC2;O=C(c1ccc(-n2cc[nH]c2=O)cc1)N1CC(C2CC2)CC1C1CC1;CN(Cc1ccccn1)C(=O)C1CCCCN1C(=O)c1ccccc1;Cc1cc(C)cc(C(=O)N2CCC(NC(=O)c3cccnc3)CC2)c1;CC(NC(=O)C1CCCN(C(=O)c2ccccc2)C1)c1cccnc1;O=C(c1cnc(OCC2CC2)cn1)N1CCCC1Cc1ccccc1;CN(C(=O)c1ccc(C(N)=O)cc1)C1CCN(c2ccccc2)CC1;CNC(=O)c1cccc(C(=O)N2CCCC(Nc3ccccc3)C2)c1;CC[C@@H](C)[C@@H](C(=O)NCc1cccnc1)N1Cc2ccccc2C1=O;Cc1cccc(CC(=O)NC2CCN(C(=O)c3ccncc3)CC2)c1;Cc1cccc(C(=O)N2CCC(C(=O)Nc3cccnc3)CC2)c1C;O=C(c1cncc2ccccc12)N1CCCC(N2CCCCC2=O)C1;COc1cc(C(=O)N2CCCC3(CCCc4ccccc43)C2)ncn1;Cc1ccc(CC(=O)N2CCC(NC(=O)c3ccccc3)CC2)cn1;O=C(c1nccc2ccccc12)N1CCC(C(=O)N2CCCC2)CC1;Cc1ccc(N(C)C(=O)c2cccc(C(=O)N3CCCCC3)c2)nc1;CCC1CN(C)c2ccccc2CN1C(=O)c1cccc(C(N)=O)c1;NC(=O)c1cccc(CN2CCCN(C(=O)c3ccccc3)CC2)c1;c1ccc(N2CC3CCN(Cc4ccc5c(c4)OCCO5)C3C2)nc1;CC(C)N1C[C@@H]2Oc3cc(-c4cccnc4)ccc3C(=O)N(C)[C@@H]2C1;COc1ccccc1CC1CCCN(C(=O)c2cc(C#N)cn2C)C1;O=C(c1ccc(N2CCOCC2)cc1)N(Cc1ccccn1)C1CC1;CC(C(=O)N1CCCN(C(=O)c2ccncc2)CC1)c1ccccc1
m_b0ce2a,CCOC(=O)c1cn(C)nc1NC(=O)CC1C=CCC1;O=C(O)Cn1ccc(NC(=O)CC2CC3CCC2C3)n1;CN(CC1CC=CCC1)C(=O)Cn1cc(C(=O)O)cn1;COC(=O)C1CC1C(=O)Nc1cc(C2CCCC2)[nH]n1;CN1CCCCC(C(=O)Nc2ncccc2CO)C1=O;Cn1cc(CCC(=O)NC2CC(C(=O)O)C3CC23)cn1;CCn1cc(C(=O)N2CCC3(CC2)CC3C(=O)O)cn1;Cc1cnn(CCC(=O)NC2CC(C(=O)O)C3CC23)c1;Cc1cnn(CCC(=O)N2C3CCC2C(C(=O)O)C3)c1;COC(=O)c1ccc(N2CC(C)OC(C3CC3)C2)nn1;Cc1cnn(C)c1C(=O)N1CCC2(C(=O)O)CCCC12;O=C(CC1CCCCNC1=O)Nc1cnccc1CO;Cc1noc(COC2CN(C(=O)CC3C=CCC3)C2)n1;Cc1cn(C)nc1C(=O)NC1CC2CC(C(=O)O)CC21;Cn1nccc1C(NC(=O)C1CCC=CCC1)C(=O)O;CC(=O)Nc1cccnc1NC(=O)C1CCCOCC1;CNC(=O)c1ccc(NC(=O)C2CCCOC2C)nc1;CC(=O)Nc1cccnc1NC(=O)C1CCCOC1C;CC(NC(=O)c1cccnc1N1CCCCC1)C(=O)O;Cn1nccc1C(=O)N1C(C(=O)O)CC2CCCCC21;O=C(CNC(=O)C1CCCCC1)Nc1ncccc1O;Cc1[nH]ncc1C(=O)N1C(C(=O)O)CC2CCCCC21;Cc1ncccc1NC(=O)CN1CCCCC(O)C1=O;COc1c(C)nc(C2CC2)nc1N1CCC(C(=O)O)C1;O=C(CN1CCCCCCC1=O)Nc1ncccc1O
m_b11a90,COC(=O)c1cnccc1NC(=O)c1cnn(-c2ccccn2)c1C;CCOC(=O)c1ccccc1NC(=O)c1ccnc(-n2cncn2)c1;CC(C)c1c(C(=O)NC(CO)CO)cnn1-c1ccccc1Cl;COc1ccc(-n2ccc(C(=O)Nc3cnccc3C(N)=O)n2)cc1;Cc1ccc(C(=O)Nc2ccnn2-c2ccc([N+](=O)[O-])cc2)c(C)n1;COC(=O)c1ccc(C)c(NC(=O)c2ccc(-n3cnnn3)cc2)c1;Cc1cccc(N(C)C(=O)c2cn(-c3cccc([N+](=O)[O-])c3)nn2)c1;Cc1ncc(S(N)(=O)=O)cc1C(=O)N(C)Cc1cnn(C)c1C;O=C(N[C@H]1CCN2C(=O)c3ccccc3NC(=O)[C@H]12)c1cnccn1;CCOc1cc(Cl)ccc1CNC(=O)c1c(C)nn(C)c1OC;COc1ccc(Cl)cc1CCNC(=O)c1c(C)nn(C)c1OC;CCn1cc(CN(C)C(=O)c2cc(S(N)(=O)=O)cnc2C)cn1;N#Cc1cccnc1N1CCN(C(=O)c2ccc(C(=O)O)nc2)CC1;O=C(NCc1nc(-c2ccncc2)no1)c1cc2c([nH]c1=O)CCC2;Cc1ccnc(-c2noc(CN3C(=O)C(C)Oc4ccccc43)n2)n1;COC(=O)c1ccc(CNC(=O)c2cccc(-n3cnnn3)c2)cc1;COC(=O)c1ccc(CNC(=O)c2ccc(-n3cnnn3)cc2)cc1;Cn1cc(NC(=O)c2cc(S(=O)(=O)N3CCCC3)cn2C)cn1;CCn1nccc1C=C1CCn2c1nc1ccc([N+](=O)[O-])cc1c2=O;Cn1cc(-c2nccnc2CNC(=O)c2ccc3c(c2)OCO3)cn1;CN(Cc1ccc([N+](=O)[O-])cc1)C(=O)c1cccc(-n2ccnn2)c1;CCOC(=O)C[C@H](c1oc(CO)cc(=O)c1O)c1c(C)noc1C;CCOc1c(Cl)cccc1CC(=O)Nc1c(C)nn(C)c1OC;NC(=O)C(NC(=O)c1ccc(-n2cnc3ccccc32)cc1)C(N)=O;CC1CCN(C(=O)c2cc(N3CCNC3=O)ccc2Cl)CC1O
m_b4039c,Cc1noc(C2CCN(C(=O)c3cn(C)nc3C(C)(C)C)C2)n1;Cc1nn(C)cc1C(=O)N1CCCC(c2noc(C(C)C)n2)C1;CCc1nn(C)cc1C(=O)NC1CCCOC1c1cnn(C)c1;CCn1cc(C(C)NC(=O)c2c[nH]nc2C2CCOCC2)cn1;CCc1nn(C)cc1C(=O)NC1CCOC1c1cnn(CC)c1;CCc1nc(C2CCCN2C(=O)Cc2ccn(C(C)C)n2)no1;CCc1nc(C2CCN(C(=O)c3c(C)noc3CC)CC2)n[nH]1;CCc1nc(C2CCCN(C(=O)c3c[nH]c(C(C)C)n3)C2)no1;Cc1cc(C)n(CCC(=O)N2CCCC(c3noc(C)n3)C2)n1;Cc1noc(C2CN(C(=O)c3cccn3C(C)C)CCN2C)n1;CCn1nc(C)c(C(=O)NCC2CCOC2c2cn[nH]c2)c1C;CCc1nc(C2CCCN2C(=O)CCn2nc(C)cc2C)no1;COC1CCN(Cc2cn(C)nc2C(=O)NCc2ccc[nH]2)C1;CCn1ncc(C(=O)NC2CCC(Cc3nnc(C)o3)C2)c1C;Cc1n[nH]cc1CN(C)C(=O)c1c2c(nn1C)C(C)OC(C)C2;COc1cnc(OC2CCN(Cc3cn(C)nc3C)CC2)nc1;Cc1nn(C)cc1CNC(=O)C1CCCOC1c1ccnn1C;Cc1nc(C2(NC(=O)c3n[nH]c(C)c3C)CCCCCC2)no1;CCn1cc(C(=O)NC2CCOC2c2c(C)nn(C)c2C)cn1;CCCc1[nH]ccc1C(=O)N(C)CC1OCCC1c1ncn[nH]1;CC(C)C1CN(C(=O)c2cn(C)nc2-c2cnn(C)c2)CCO1;CCn1ccnc1C(NC(=O)c1cn[nH]c1C)C1CCOCC1;Cc1noc(CCCC(=O)N2CCCCC2Cn2cccn2)n1;COCCn1ncc2c1C(NC(=O)c1nc(C)[nH]c1C)CCC2;Cc1nc(C(C)(C)NC(=O)c2cc(C3CCCCC3)n[nH]2)no1
m_b43690,CCC1(CC)CN(C(=O)c2cn(C)cn2)c2ccccc21;Cc1cnn(C)c1C(=O)N1c2ccccc2C(C)(C)C1C;Cc1cc(C(=O)N2CCCC(C)c3ccccc32)n(C)n1;Cc1n[nH]c(C)c1CCC(=O)N1CC(C)c2ccccc21;Cc1n[nH]c(C)c1C(C)CC(=O)N1CCc2ccccc21;Cc1ccccc1CCN(C)C(=O)c1cn2c(n1)CCC2;CCn1cc(C(=O)N(CC2CCC2)c2ccccc2)cn1;Cc1cccc(C)c1NC(=O)c1cnc(C(C)(C)C)cn1;CCn1nccc1C(=O)N1CC(CC)(c2ccccc2)C1;CC1CCc2ccccc2N1C(=O)CCc1cnn(C)c1;Cc1ccccc1C(C)N(C)C(=O)c1cn2c(n1)CCC2;Cc1cnn(C)c1C(=O)N(C)CC1(c2ccccc2)CC1;CCC1(CNC(=O)c2c[nH]c(-c3ccccc3)n2)CCC1;Cc1ccc(C2(CNC(=O)c3cc[nH]n3)CCC2)cc1C;Cn1ccnc1CCNC(=O)C1(c2ccccc2)CCC1;Cc1c(C(=O)NCC2CCCc3ccccc32)cnn1C;Cc1nn(C)cc1C(=O)NCC1CCCc2ccccc21;Cc1cc(C)cc(N(C)C(=O)C2CCn3ccnc3C2)c1;CCc1cc(NC(=O)C2CCc3cncn3C2)ccc1C;Cc1cc(C(=O)N2CC(c3ccccc3C)CC2C)[nH]n1;C=CCN(Cc1ccc(C(=O)N(C)C)[nH]1)c1ccccc1;Cc1ccccc1C1CC(C)N(C(=O)c2cn[nH]c2C)C1;CC(C)Cn1cc(C(=O)Nc2ccc3c(c2)CCC3)cn1;O=C(Nc1ccc(CCN2CCCC2)cc1)c1cc[nH]c1;CCc1ccc(NC(=O)c2cnc(C)nc2C)cc1CC
m_b51204,O=C(Cn1cc(C(=O)O)nn1)NCC1CCCCCCC1;O=C(Cn1cc(CCCO)nn1)N1CCOCC1C1CC1;CC(C)CCC(=O)NC1CC(C(=O)O)CC1n1ccnn1;COC(=O)c1ncn(CC(=O)N(C)C2CCCCC2C)n1;CC(C(=O)NC(CC1CCCCC1)C(=O)O)n1cncn1;Cc1cnn(CCNC(=O)CN2CCCCC(O)C2=O)c1;O=C(COCC1CC1)N1CCCC(O)(Cn2ccnn2)C1;Cc1cnn(C2CCCN(C(=O)NCCCC(=O)O)C2)c1;CCC1OCCCC1C(=O)Nc1cnn(CC(=O)NC)c1;CCN(CC)C(=O)N1CCC(n2ccc(C(=O)O)n2)CC1;O=C(CCCn1cncn1)NC1CCCCCC1C(=O)O;CN(CCn1cccn1)C(=O)CN1CCCCC(O)C1=O;CCn1ccc(CNC(=O)CN2CCCCC(O)C2=O)n1;Cc1nonc1CNC(=O)N1CCC2(O)CCCCC2C1;Cc1nccn1CCNC(=O)CN1CCCCC(O)C1=O;Cc1nn(C)cc1CNC(=O)CN1CCCCC(O)C1=O;CC1CCN(C(=O)COCc2ccnn2C)C(C(N)=O)C1;COC(=O)c1cc(NC(=O)NCC2(C(C)C)CC2)n(C)n1;CCn1cc(C(=O)N2CCCC2(COC)C(=O)NC)cn1;Cc1nnc(C2CN(C(=O)NCC3CCCC3)CCO2)o1;Cc1nonc1CNC(=O)N1CCC(C2CCOCC2)C1;O=C(O)CCC1CCCCN1C(=O)CCCn1cncn1;COC(=O)c1cc(NC(=O)N2CCCCCCC2)nn1C;Cc1cc(NC(=O)CN2CCCC(C)C2C(=O)O)n(C)n1;CC(C)n1ccc(NC(=O)CN2CCCCC(O)C2=O)n1
m_b53b6e,Cc1nnc2n1CC(C(=O)O)N(C(=O)c1sccc1Br)C2;O=C(CSc1nc2cc(Cl)ccc2o1)Nc1ccc(F)cc1Cl
m_b6b7fe,CN(C)c1cccc(CNC(=O)Nc2nn(C)cc2-c2ccccc2)c1;Cc1ccc(C(C)N(C)C(=O)Nc2ccn(Cc3ccccn3)n2)cc1;CC(C)n1nc(-c2ccccc2)cc1NC(=O)c1ccc(N(C)C)nc1;CN(Cc1nccs1)C(=O)Nc1cc(C(C)(C)C)nn1C(C)(C)C;Cn1nc(-c2cccnc2)cc1CNC(=O)NCCCc1ccccc1;Cc1cccc(-c2cccc(CNC(=O)N(C)Cc3ncnn3C)c2)c1;CC(C)(C)c1cc(NC(=O)Nc2ccccc2)n(-c2cccc(N)c2)n1;Cc1cccc(-c2ccc(CNC(=O)N(C)Cc3ncnn3C)cc2)c1;CN(C)c1ccc(-c2nc(=O)n(C)nc2-c2ccc(N(C)C)cc2)cc1;CCn1cnnc1CNC(=O)NCc1cccc(-c2cccc(C)c2)c1;CC(C)N(Cc1cccnc1)C(=O)c1cccc(Nc2cnn(C)c2)c1;Cc1cc(N2CCCC(NC(=O)c3cnc4ccccc4c3)C2)n(C)n1;Cc1nc2ccccc2c(N2CC(C(N)=O)C(c3cnn(C)c3)C2)c1C;CCc1ccc2nccc(N3CC(C(N)=O)C(c4cnn(C)c4)C3)c2c1;CN(CC(=O)NCc1ccccc1N1CCCC1)c1ccc(C#N)cn1;Cc1cccc(N2CCN(C(=O)c3ccc4c(c3)nnn4C)CC2)c1C;Cc1cccc(CNC(=O)NC(C)c2cnn(Cc3ccccc3)c2)n1;CCNC(=O)c1cc(NCc2c3c(nn2C)CCC3)nc2ccccc12;Cn1cncc1CCC(=O)Nc1ccnn1C1CCCc2ccccc21;CN(C)c1ccc(CN2CC[C@H](c3nnc(-c4cccnc4)o3)C2)cc1;Cc1nn(CCC#N)c(C)c1[C@@H]1C=C[C@@H](NC(=O)Nc2ccccc2)C1;CN(C)c1ccc(-c2nnc([C@H]3CCN(Cc4cccnc4)C3)o2)cc1;CC(C)c1nnc2ccc(NC(=O)N(C)C3CCc4ccccc43)cn12;O=C(NC1CCN(c2ncccn2)CC1)c1cccc(N2CC=CC2)c1;CCNc1cc2c(nn1)CCN(C(=O)Cn1c(C)cc3ccccc31)C2
m_b70863,CCc1cncc(C(=O)N2CC(N3CC(C(=O)NC)CC3=O)C2)c1;CCc1cccc(C(=O)N2CC(N3CC(C(=O)NC)CC3=O)C2)n1;CNC(=O)C1CC(=O)N(C2CN(C(=O)Cc3ccc(C)nc3)C2)C1;CNC(=O)C1CC(=O)N(C2CN(C(=O)Cc3cccnc3C)C2)C1;CC(=O)N1C[C@@H]2C[C@@H](O)CN2C2(C1)CN(C(=O)c1cccnc1)C2;CC(=O)N1CC2(C1)CN(C(=O)c1cccnc1)C[C@H]1C[C@@H](O)CN12;O=C(c1cccnc1)N1CCN2C(=O)N(C3CCOCC3)C[C@H]2C1;CCOCC1CN(C(=O)c2cncc(O)c2)CC1c1cnn(C)c1;CCOCC1CN(C(=O)c2ccc(O)nc2)CC1c1cnn(C)c1;CC(=O)Nc1cccc(C(=O)N2CCN(C(=O)C3CC3)C(C)C2)n1;COc1cccn2ncc(C(=O)N(CC3CCC(=O)N3)C(C)C)c12;COCCN1CC(C(=O)NCc2cn3c(C)cccc3n2)CC1=O;Cn1cccc1C(=O)N[C@@H]1CCN2C(=O)[C@H]3CCCN3C(=O)[C@@H]2C1;COCC1CN(C(=O)c2cccnc2OC)CC1c1cnn(C)c1;CC(C)c1nc(C2CCCN(C(=O)c3ccc(=O)n(C)c3)C2)no1;CNC(=O)C1CN(C(=O)CCc2ccoc2)CC1c1cnn(C)c1;CNCC(=O)N1CCN2C(=O)N([C@H](C)c3ccccc3)C(=O)[C@@H]2C1;Cc1noc(C2CCCN(C(=O)c3ccc(OC(C)C)nc3)C2)n1;Cc1ccc(C(=O)N2CCCC(c3noc(C(C)C)n3)C2)c(=O)[nH]1;COc1cc(C(=O)N2CC(CO)C(c3cnn(C)c3)C2)cc(C)n1;CCc1nc(C2CCCN2C(=O)c2ccc(OC(C)C)nc2)no1;COc1cc(C)c(C(=O)NC2CC(Cn3ccnc3)CC2O)cn1;CCN1C(=O)CC(CNC(=O)c2ccoc2C)C1c1nccn1C;COc1ccc(C(=O)N2CC(OC)CC2c2nc(C)c(C)[nH]2)cn1;COC1CC(c2ncc[nH]2)N(C(=O)c2ccc(OC(C)C)nc2)C1
m_b7be8a,O=C(NCc1ccc(Cl)cc1Cl)C1CC(O)CN1;O=C(NCc1c(Cl)cccc1Cl)C1CC(O)CN1;O=C(Cc1c(Cl)cccc1Cl)NC1CNCC1O;NC(=O)C1CN(Cc2c(Cl)cccc2Cl)CCO1;CC(CN)C(=O)NC1COc2c1ccc(Cl)c2Cl;NC1CCN(C(=O)COc2ccc(Cl)c(Cl)c2)C1;O=C(CN1CCOCC1)Nc1cc(Cl)ccc1Cl;CC(=NNC(N)=O)c1cc(CNC(=O)CCl)cs1;C[C@@H](O)[C@H]1C(=O)N2C(C(=O)O)=C(COC(N)=O)S[C@H]12;Clc1ccc2c(c1)-c1ccc3c(c1=N2)=Nc1ccccc1-3;NS(=O)(=O)c1ccc(NC(=O)COCC(=O)O)cc1;N[C@@H](C[S@@H+]([O-])C[S@@H+]([O-])C[C@H](N)C(=O)O)C(=O)O;CCS(=O)(=O)NCCS(=O)(=O)N[C@@H](C)C(=O)O;CCOP(=S)(OCC)SCSC(C)(C)C
m_b7d932,Cc1ccc(S(=O)(=O)N2CCN(CCCn3ccnc3)CC2)cc1;CC(C)(C)c1ccc(S(=O)(=O)N2CCC(n3nccn3)CC2)cc1;Cc1ccc(S(=O)(=O)N2CCCCC2)cc1NCc1nccn1C;Cc1ccc(CN2CCCN(S(=O)(=O)c3cnn(C)c3)CC2)cc1;CC(C)(C)c1ccc(S(=O)(=O)N2CCCC(n3cncn3)C2)cc1;CCCc1ccc(S(=O)(=O)N2CCC(c3nncn3C)CC2)cc1;CC(CN1CCN(C)CC1)NS(=O)(=O)c1cccc2cnccc12;Cc1ccc(S(=O)(=O)N2CCC(c3nccn3C)C2)cc1N(C)C;CCc1cccc(S(=O)(=O)N2CCC(Cc3nncn3C)CC2)c1;CC(CNS(=O)(=O)c1cccc2cnccc12)N1CCN(C)CC1;Cn1nccc1CNCC1CCN(S(=O)(=O)c2ccccc2)CC1;CCN(CC)S(=O)(=O)c1cc(C)c(C)c(NCc2ncccn2)c1;Cc1n[nH]cc1CNCC1CCN(S(=O)(=O)c2ccccc2)CC1;CC(C)c1cccc(S(=O)(=O)N2CCC(c3nncn3C)CC2)c1;Cc1ccccc1N1CCN(S(=O)(=O)c2cnn(C(C)C)c2)CC1;Cc1c(NCc2nccn2C(C)C)cccc1S(=O)(=O)NC1CC1;CC(C)c1ccccc1S(=O)(=O)N1CCC(c2nncn2C)CC1;Cc1ccc(S(=O)(=O)NC2CC(Cn3cccn3)C2)cc1N(C)C;CC(C)n1cc(S(=O)(=O)N2CCN(C)CC2c2ccccc2)cn1;Cc1ccc(S(=O)(=O)N(C)Cc2nnc3n2CC(C)(C)CC3)cc1;Cc1ccccc1CNC1CCN(S(=O)(=O)c2cnn(C)c2)CC1;CC(C)(C)c1ccc(S(=O)(=O)NCc2cn(C3CCC3)nn2)cc1;CCNS(=O)(=O)c1ccc2c(c1)N(Cc1cnn(C(C)C)c1)CC2;CCn1cc(S(=O)(=O)N(C)C2CCCN(c3ccccc3)C2)cn1;Cc1ccc(-n2cc(S(=O)(=O)N3CCCC(C(C)N)C3)cn2)cc1
m_b81b9d,CC1CCN(C(=O)CCC(=O)O)c2ccccc2S1;CC(=O)OCc1cccc(SC2CCN(C)C2=O)c1;O=C1CCCCCCC1Sc1ccccc1[N+](=O)[O-];CCN(CCC(=O)O)C(=O)C1CSc2ccccc21;CCCN(CC(=O)O)C(=O)C1CSc2ccccc21;CCOC(=O)C(C)NC(=O)C1Cc2ccccc2S1;COC(=O)C(C)(C)NC(=O)C1Cc2ccccc2S1;O=C(Cc1ccsc1)N1CC2CCCC2(C(=O)O)C1;O=C(O)CCCNC(=O)C1SCCc2ccccc21;O=C(c1ccsc1)N1CC2CCCCC2(C(=O)O)C1;CC1(C(=O)O)CCN(C(=O)c2sccc2C2CC2)C1;CN(CCC(=O)O)C(=O)C1SCCc2ccccc21;Cc1ccc(CC(=O)NC2(C(=O)O)CCSC2)cc1;Cc1cscc1C(=O)N1CC2CCC1C(C(=O)O)C2;Cc1cscc1C(=O)N1CCC2(CC1)CC2C(=O)O;O=C(O)C1CCN(C(=O)c2cc3c(s2)CCCC3)C1;O=C(Cc1ccsc1)NC1C2CCC(C2)C1C(=O)O;CN(Cc1ccc(C(=O)O)cc1)C(=O)C1CCSC1;CC(CNC(=O)C1SCCc2ccccc21)C(=O)O;O=C(O)c1ccc(CNC(=O)C2CCSCC2)cc1;O=C(NC1CCCC1C(=O)O)c1cc2c(s1)CCC2;CC1(CNC(=O)c2cccc(C(=O)O)c2)CCCS1;CC(C(=O)O)N(C)C(=O)C1SCCc2ccccc21;COc1cc2c(cc1OC)[C@]1(C)SCC(=O)N1CC2;CSCC(CCO)NC(=O)c1coc2ccccc12
m_b8415b,O=C(NCCNc1cnccn1)C1CC1c1ccc(Br)cc1;O=C(N1CCC(n2cncn2)C1)C1(c2ccc(Br)cc2)CC1;O=C(N1CCC(n2cncn2)C1)C1(c2ccccc2Br)CC1;CC1CCN(c2cc(C(=O)Nc3ccc(Br)cn3)ccn2)C1;O=C(CCn1ccc2ccc(Br)cc21)NCCc1c[nH]cn1;O=C(CCn1ccc2cc(Br)ccc21)NCCc1c[nH]cn1;CC(C)(C)c1noc(C2CN(c3ccc(Br)cc3C#N)C2)n1;CC(C)(C)n1ncc2c(=O)n(Cc3ccccc3Br)cnc21;O=C(O)c1ccc(Cl)c(CN2CCn3c(nnc3C(F)(F)F)C2)c1;O=C(NCC1COCCO1)c1ccc(-c2nc3ccccc3s2)s1;CCCC(C(=O)O)N1C(=O)/C(=C/c2c[nH]c3ccccc23)SC1=S;O=C(O)c1cccc(Cl)c1CN1CCn2c(nnc2C(F)(F)F)C1;CC1Cc2cc(-c3csc(-c4ccoc4)n3)ccc2N1S(C)(=O)=O;C[C@@H]1Cc2c(Cl)c(O[C@H]3O[C@H](CO)[C@@H](O)[C@H]3O)cc(O)c2C(=O)O1;CSc1ncccc1C(=O)NCC(O)(c1ccoc1)c1cccs1;CC1Cc2cc(-c3csc(-c4ccco4)n3)ccc2N1S(C)(=O)=O;Cc1cnc2c(S(=O)(=O)Nc3ccc(F)c(C(=O)O)c3)cccc2c1;CC(C)C(=O)Oc1ccc2c(c1)O/C(=C\c1c(F)cccc1Cl)C2=O;N#Cc1c(O)c2c(-c3ccc(-c4ccccc4O)cc3)csc2[nH]c1=O;Cc1nn(-c2ccc(F)cc2)c2sc(C(=O)OC3CCOC3=O)cc12;COC(=O)c1cccc([N+](=O)[O-])c1-c1c(C(=O)OC)cccc1[N+](=O)[O-];O=C(OCCOC(=O)c1cccc([N+](=O)[O-])c1)c1cccc([N+](=O)[O-])c1;c1csc(Oc2ccc(OCc3csc(C4CCCO4)n3)cc2)n1;Cc1nc(CNS(=O)(=O)c2ccc(Oc3ccccc3)cc2)cs1;O=S(=O)(O)c1ccc2nc3c4ccccc4c4ccccc4c3nc2c1
m_b8a6f4,CC1CN(Cc2ccccc2NC(=O)c2cccnc2O)CC(C)O1;CCNC(=O)c1ccc(C)c(NC(=O)c2ccc(C)nc2OCC)c1;Cc1ccc(C(CN2CCOCC2)NC(=O)c2cccnc2O)cc1;CN(CC1OCCN(C)C1c1ccccc1)C(=O)c1ccc(O)nc1;Cc1ccoc1C(=O)Nc1ccccc1CN1CCCC(C(N)=O)C1;COc1ncc(C)cc1NC(=O)C1CN(Cc2ccccc2)CCO1;CCOc1cc(CNC(=O)c2ccccc2N2CCOCC2)ccn1;CN(CC1OCCN(C)C1c1ccccc1)C(=O)c1cncc(O)c1;CCCOc1nc2ccccc2cc1C(=O)N1CCC(=O)N(C)CC1;Cc1cc(=O)[nH]cc1C(=O)NCC1OCCN(C)C1c1ccccc1;CCOc1ncccc1CNC(=O)N1CCOCC1c1ccccc1;COc1cc(CNC(=O)c2ccc(C)c(N3CCOCC3)c2)ccn1;COc1cccc(CNC(=O)C2CN(Cc3ccccc3)CCO2)n1;CCOc1nc(C)ccc1C(=O)N(C)C1CCOC1c1cccnc1;CCOc1nc(C)ccc1C(=O)NC1CCCOC1c1ccncc1;COc1ccc(C(=O)NCC2CCN(c3ccccc3OC)C2)cn1;COc1ccccc1Nc1ncccc1C(=O)NC(C)C1CCCO1;CCOc1ncccc1NC(=O)N1CC(C)OC(c2ccccc2)C1;CCCOc1cc(CNC(=O)c2ccc(C)c(NC(C)=O)c2)ccn1;CCc1cncc(C(=O)N2CC(OC)CC2COc2cccnc2)c1;CCC(=O)Nc1ccc(O)c(C(=O)N2CCC(n3cccc3)CC2)c1;COc1cc(CN2CCC(NC(=O)c3cccnc3)C2)cc(OC)c1;Cn1ccc(C(=O)NCC2CN(Cc3ccccc3)CCO2)cc1=O;CC1CN(C(=O)Nc2ccnc(OCc3ccccc3)c2)CCCO1;CCNc1cccnc1C(=O)N1CCOC(c2cccc(OC)c2)C1
m_b8f328,Cc1cc(NC(=O)c2cccc(F)c2)sc1C(=O)NCCc1cccs1;O=C(NCCc1nc(-c2ccc3c(c2)OCO3)n[nH]1)c1ccc(F)c(Cl)c1;CCS(=O)(=O)c1ccccc1C(=O)Nc1ccc(OCC(F)(F)F)nc1;CCOC(=O)C1Cc2c([nH]c3ccccc23)C(c2ccc(Cl)cc2Cl)N1;COC(=O)C(O)CNC(=O)Cc1csc(-c2cccc(C(F)(F)F)c2)n1;O=C(c1ccccc1)c1c(-c2ccccc2)oc2c([N+](=O)[O-])cc([N+](=O)[O-])cc12;CCOC(=O)c1csc(NC(=O)COc2ccc3c(C)cc(=O)oc3c2)n1;O=C(Oc1ccc2c(c1)O/C(=C\c1ccncc1)C2=O)c1cccc([N+](=O)[O-])c1;CS(=O)(=O)c1ccc(CNC(=O)c2cccc(OCC(F)(F)F)n2)cc1;O=C(Oc1ccc2c(c1)O/C(=C\c1cccnc1)C2=O)c1cccc([N+](=O)[O-])c1;O=C(O)C1CN(C(=O)CCc2nc3cc(C(F)(F)F)ccc3s2)CCO1;O=C1CC[C@]2(O)c3c(ccc(O)c31)-c1ccc(O)c3c1C2[C@@H](O)[C@@H](Cl)[C@H]3O;O=C(Oc1ccc2c(c1)O/C(=C\c1ccncc1)C2=O)c1ccc([N+](=O)[O-])cc1;COC(=O)c1cc(COc2cc3oc(=O)c4c(c3cc2Cl)CCC4)c(C)o1;COc1ccc(S(N)(=O)=O)cc1C(=O)OCc1ncc(-c2ccccc2)o1;O=C(Oc1ccc2c(c1)O/C(=C\c1cccnc1)C2=O)c1ccc([N+](=O)[O-])cc1;O=c1cc(CN2CCN(c3cccc(Cl)c3)CC2)c2cc(Cl)ccc2o1;CCOC(=O)Cc1csc(NC(=O)COc2ccc3ccc(=O)oc3c2)n1;COc1ccc2c(c1)N(S(=O)(=O)c1ccc(C(F)(F)F)nc1)CC(C)O2;O=C1CC[C@@H](c2ccc(O)c3c2C(=O)[C@@H](Cl)[C@H](O)[C@@H]3O)c2cccc(O)c21;Cc1cnc(C(NS(=O)(=O)c2ccc(OCC(F)F)cc2)C2CC2)s1;COc1ccc(C(=O)OCc2ncc(-c3ccccc3)o2)cc1S(N)(=O)=O;COCCOC(=O)c1c(C)oc2ccc(OC(=O)c3ccccc3Cl)cc12;O=S(=O)(NC1CCOc2ccccc21)c1ccc(OCC(F)(F)F)nc1;O=S(=O)(NC1(c2nccs2)CCCC1)c1ccc(OCC(F)F)cc1
m_b9f2b4,CCC(CC)c1cc(C(=O)NC2CCN(CC3(O)CCCCC3)CC2)on1;CCC(CC)C(=O)N[C@H]1C[C@@H](Cc2cc(CN3CCOCC3)on2)C1(C)C;CCCCCC(=O)N[C@H]1C[C@@H](Cc2cc(CN3CCOCC3)on2)C1(C)C;CC(C)(C)CC(=O)N[C@H]1C[C@@H](Cc2cc(CN3CCOCC3)on2)C1(C)C;COCCN(C[C@@H]1CCCN2CCCC[C@H]12)C(=O)CCc1c(C)noc1C;CCCN1CCN(CCCNC(=O)C2=C(C)C(=O)OC23CCCCC3)CC1;CN1CCC(NC[C@H]2O[C@@H](CO)[C@@H](O)[C@H]2N(C)CCc2ccccc2)CC1;CC(C)(C)c1nccc(C[C@@H]2[C@@H](CO)[C@H](O)C[C@H]2NCC2CCOCC2)n1;COCCc1nccc(C[C@@H]2[C@@H](CO)[C@H](O)C[C@H]2NCC2CCCCC2)n1;CCN1CCC2(CC1)OC(=O)C(C)=C2C(=O)NCCCN1CCC[C@H](C)C1;CCN1CCC2(CC1)OC(=O)C(C)=C2C(=O)NCCCN1CCCC[C@H]1C;CN(C)CCN(C)CC[C@@H]1CC[C@H](O)[C@@H](C(=O)N(C)Cc2ccccc2)O1;CC(=O)N[C@H]1CC[C@]2(C)CC[C@@H]([C@H](C)C(=O)N(C)CCC#N)[C@H](O)[C@H]2[C@@H]1C;C1CCCC(OCCN2CCCCC2c2nnc(C3CCOCC3)o2)CC1;C[C@H]1C[C@@H]2[C@@H](CC(=O)N2CCN2CCOCC2)[C@@H]1CNC(=O)C1CCCC1;O=C(NC1CCN(C2CCCCC2)C1=O)N1CCC(C2CCOCC2)CC1;CCCN1C[C@@H](CC(=O)N(C)C2CC2)[C@H]2[C@H](CC(=O)N(C)C3CC3)OC[C@H]21;CC(C)N1C[C@@H](CC(=O)N(C)C2CC2)[C@H]2[C@H](CC(=O)N(C)C3CC3)OC[C@H]21;COc1ccc(CCN(C)C(=O)NC2CC(C)(C)NC(C)(C)C2)cc1OC;CC(=O)NC[C@@H]1C=C(C)[C@H](CC(=O)N2CCN(C(C)=O)CC2)C[C@H]1C(C)C;O=C(CN1CCC(OCC2CC2)CC1)N1CCC(C(=O)N2CCCC2)CC1;CCCCC=CCCCCCCCCC(=O)NC(Cc1ncc[nH]1)C(=O)O
m_baccbd,c1nc(N2CCCC(c3nnc4n3CCCCC4)C2)c2[nH]cnc2n1;Cc1nnc(C2CN(C)CC23CN(c2nnc(C)c(C)c2C#N)C3)[nH]1;Cc1ccc(N2CCCC(N(C)c3ncnc4c3cnn4C)C2)nn1;CC(C)(C)c1ccc(N2CCN(c3ncnc4[nH]ncc34)CC2)nn1;CCNc1cc(C)nc(N2CCN(c3ncnc4[nH]ccc34)CC2)n1;Cc1cc(N2CCN(c3nc(C)nc(C)c3C)CC2)n2ncnc2n1;COC1(C(=O)NCC2CC(c3nn(C)c(=O)n3C)CC2O)CCC1;Cc1nc2n(n1)CC(NCc1nnnn1-c1c(C)cccc1C)CC2;C/C=C1\[C@@H]2C[C@H]3c4c(c5ccccc5n4[C@@H](C2)O[C@@H]1OC)CCN3C;C/C(=C1/C(=O)C[C@@H]2[C@H]1C2(C)C)N1C[C@@H]2C[C@@H](C1)c1cccc(=O)n1C2;CC[C@]12CCCn3c(COC)cc(c31)-c1ccccc1NC(=O)CC2;C/C=C(/C=O)[C@H]1C[C@H](OC)n2c3c(c4ccccc42)CCN(C)[C@H]3C1;CC(=O)N1c2ccccc2[C@@]23CCN4CCC[C@]5(CCO[C@@]452)CC[C@@H]13;CCC1CC2CN3CCc4c([nH]c5ccccc45)C(C(=O)OC)(C2)C13;CCC1CC2N3CCc4c([nH]c5ccccc45)C2(C(=O)OC)CC1C3;C/C=C1\CN2CC[C@@]34c5ccccc5N(C)[C@@]23CC[C@@H]1[C@H]4C(=O)OC;CC=C1CC2C3C4N(C)c5ccccc5C4(CCN3C1)C2C(=O)OC;CO[C@@H]1C[C@H]2C[C@H]3c4c(c5ccccc5n4C=C2[C@@H](C)O1)CCN3C;CO[C@@H]1CCN2CC[C@]34c5ccccc5N(C=O)[C@]35CC[C@@]1(CC5)[C@H]24;CC=C1CC2CC34N(CCC3(c3ccccc3N4C)C2C(=O)OC)C1;C/C=C1/CN2[C@H]3C[C@@H]1[C@@H](CO)[C@@H]2Cc1c3n(C)c2c(OC)cccc12;C/C=C1/CN2CC[C@@]34c5ccccc5N(C)[C@H]3[C@@H]2C[C@@H]1[C@H]4C(=O)OC;C/C=C1/[C@@H]2CCN3CC[C@]4(c5cccc(OC)c5N(C(C)=O)[C@@H]4C2)[C@@H]13;CC(=O)N1c2ccccc2[C@]23CCN4C[C@@H]5[C@H](C[C@H]42)[C@@H](CO[C@@H]5C)[C@H]13;C/C=C1\C2CCN3CCC4(c5cccc(O)c5N(C(=O)CC)C4C2)C13
m_bb75e4,COc1ncc(NCc2ccc(Cl)s2)cc1C(N)=O;COc1ncc(NCc2sccc2Cl)cc1C(N)=O;COCc1nc(C)c(C(=O)Nc2ncccc2Cl)s1;COc1ccc2nc(O)c(CC=C(Cl)Cl)c(C)c2c1;COC(=O)c1n[nH]cc1NC(=O)c1ccc(F)c(Cl)c1;CCOC(=O)Cc1csc(Nc2ccc(Cl)cn2)n1;Cc1c(Cl)cccc1S(=O)(=O)N(C)c1cnccn1;Cn1cc(S(=O)(=O)N2CCc3c(Cl)cccc32)cn1;Cc1sc(C=Cc2nn(C)c(C)c2Cl)nc1C(=O)O;CN(CCC(=O)O)c1nnc(-c2ccccc2Cl)s1;O=S(=O)(c1cccc(Cl)c1)N1CCCn2nccc21;CC#CCN(C)S(=O)(=O)c1c[nH]c2ncc(Cl)cc12;COC(=O)CSc1nncn1-c1ccc(C)c(Cl)c1;CC(N)Cc1c2c(c(Br)c3c1OCC3)OCC2
m_bbb21f,O=C(NCc1ccc(C2CC2)cc1)C1CCCN1C(=O)C1CC1;CC(C)C(=O)N1CCCC1C(=O)N1CC2(CC2)c2ccccc21;CCC(=O)N1CCCCC1C(=O)N1CC2(CC2)c2ccccc21;O=C(C1CCCCC1)N1CC(=O)N2CCc3ccccc3C2C1;C[C@H]1C[C@@H]2[C@@H](CC(=O)N2C2CC2)[C@@H]1CNC(=O)c1ccccc1;COC1CC(C(=O)NCCc2ccc3ccccc3c2)N(C)C1;O=C(CC1C=CCC1)NC(CN1CCCC1=O)c1ccccc1;CSC1CCCC(NC(=O)C(C(C)C)N2CCCC2=O)C1;COC1CNC(C(=O)N(C)CCc2cccc3ccccc23)C1;CCc1ccc(CN2CCCNC(=O)C2Cc2ccccc2)o1;CC(C)C1(CO)CCN(C(=O)c2ccc(C3(C#N)CC3)cc2)C1;C#CCNC(=O)C[C@@H]1CCN(C(=O)c2ccccc2)C[C@@H]1CC;C#Cc1ccc(C(=O)N2CC(N(C)C)C3(CCOCC3)C2)cc1;CN(C)CC1CCCCN1C(=O)c1cccc(-c2ccoc2)c1;O=C1CNC[C@@H]2[C@@H](c3ccc(C4=CCCCC4)cc3)[C@H](CO)N12;CC1CN(C(=O)C2CC2)CCC1NCc1cc2ccccc2o1;Cc1ccc(C=CCC(=O)NCC2CC(=O)N(C3CC3)C2)cc1;CNC(=O)C1CCCN(Cc2ccc3cc(OC)ccc3c2)C1;CC(C1CC1)N(CCC#N)C(=O)CC1CCOc2ccccc21;CC(C)c1cc(C(=O)N2CCC(c3ccccc3)CC2C)no1;CCC(C(=O)O)N1CCN(Cc2cccc3ccccc23)CC1;CC1CCN(CC(=O)NC(c2ccccc2)c2ccco2)CC1;Cc1ccc(N2CCC(N3CC4C5CCC(O5)C4C3)C2=O)cc1;COc1ccc(C2CCCCN(C(=O)Cn3cccc3)C2)cc1;CC1(CO)CCN(C(=O)NCc2ccc3ccccc3c2)CC1
m_bbc0aa,CNC(=O)CC1(O)CCCN(CCC=Cc2ccccc2)C1;NC(=O)CC1(O)CCCN(Cc2ccc(C3CCC3)cc2)C1;CC(NC(=O)C1(C2(O)CCN(C)CC2)CC1)c1ccccc1;CC1(O)CCCN(C(=O)NCC2(c3ccccc3)CCC2)C1;CC[C@H]1CN(C(C)=O)CC[C@H]1CC(=O)NCc1ccccc1;NCC1(c2ccccc2)CCN(C(=O)C2CCCCO2)CC1;O=C(NC1CCN(c2ccccc2)CC1)C1(O)CCCCC1;CC[C@@H](C)C(=O)NCCCCNC(=O)/C=C/c1ccccc1;CC(C)CC(=O)N1CCC2(CC1)CNCc1ccccc1O2;C[C@@]1(O)CCN[C@@H](c2ccccc2)[C@@H]1NC(=O)C1CCCC1;CC(=O)N[C@H]1[C@H](c2ccccc2)N(CC2CC2)CC[C@@]1(C)O;CN1CCOC(C(=O)NCC2(Cc3ccccc3)CCC2)C1;C=C(C)CC(C)C(=O)N1CCC(O)(Cc2ccccn2)CC1;O=C(CCc1ccccc1)N1CCN(C2CCCC2O)CC1;CC(C)CNC(=O)c1cccc(CN2CC(O)C3(CC3)C2)c1;O=C(CCc1cccnc1)N1CCOC2(CCCCCC2)C1;COC1CC(C(=O)NCC2CC(c3ccccc3)C2)N(C)C1;NC1CCC(C(=O)N2CCC(Oc3ccccc3)CC2)CC1;CCC1OCCCC1C(=O)N1CCC(c2ccncc2)CC1;COc1ccc(CN2CC[C@H]3CN(C)CC[C@H]3CC2=O)cc1;Cc1ccc(OC2CCN(C(=O)C3CCNC3)CC2)cc1C;CC(O)C1CCN(C(=O)NCCC2Cc3ccccc3C2)C1;CN(C)c1cccc(C(=O)N2CCOC3(CCCCC3)C2)c1;COCC1(C(=O)N2CCC(c3ccncc3)CC2)CCCC1;CC1CN(C(=O)NCC2CCCO2)CCC1c1ccccc1
m_bcb981,CCN1CCOC(CNC(=O)c2cn[nH]c2C)C1c1ccccc1;Cc1nn(C)cc1C(=O)NCC1OCCN(C)C1c1ccccc1;Cc1cc(C(=O)N(C)CC2OCCN(C)C2c2ccccc2)[nH]n1;CN(CC1OCCN(C)C1c1ccccc1)C(=O)Cc1ccn[nH]1;Cc1n[nH]c(C)c1CNC(=O)N1CCOC(Cc2ccccc2)C1;CCN1CCOC(CNc2nccn(C)c2=O)C1c1ccccc1;Cc1cccc(C(=O)NCC2OCCN(C)C2c2cncn2C)c1;Cc1n[nH]cc1CNc1ccc(C(=O)N2CC(C)OC(C)C2)cc1;CCOc1ccc(CN2CCN(C(=O)c3cn[nH]c3C)CC2)cc1;CC(NC(=O)N1CCOC(Cc2ccccc2)C1)c1cnn(C)c1;Cc1nn(C)c(C)c1C1COCCN1C(=O)c1cc[nH]c1C1CC1;Cc1n[nH]c(C)c1C1COCCN1C(=O)c1cccc(C(C)C)n1;Cc1n[nH]c(C)c1CNC(=O)N1CCOC(C)(c2ccccc2)C1;CCC1(CNC(=O)c2c(C)nn(C)c2N)OCCc2ccccc21;Cc1c(C(=O)N(C)C2CCOC2c2cccnc2)cnn1C(C)C;Cc1cccc(NC(=O)N2CCOCC2c2c(C)nn(C)c2C)c1;CCc1c(C(=O)N2CC(C)OC(C)(C)C2)cnn1-c1ccccn1;CCc1cnccc1C(C)NC(=O)c1c[nH]nc1C1CCOCC1;Cc1nn(C)c(C)c1CNC(=O)N1CCOC(c2ccccc2)C1;Cn1cc(C2(C)CN(C(=O)CC(N)c3ccccc3)CCO2)cn1;CCn1cc(C(=O)NC(C)c2cccnc2)c(C2CCOCC2)n1;Cc1c(CNc2ccc(C(=O)N3CCC(O)CC3)cc2)cnn1C;Cc1cc2ncc(C(=O)N3CCOCC4(CCCC4)C3)c(C)n2n1;CCC(NC(=O)NC1COc2ccccc21)c1c(C)nn(C)c1C;CCn1nc(C)c(C(=O)N2CC(c3ccccc3)OCC2(C)C)n1
m_bcd97d,CC(NC(=O)c1ccco1)c1ccc(F)cc1F;Cc1cc(C(=O)Nc2ccc(F)cc2F)c(C)o1;Cc1ccc(-c2csc(-c3ccccc3)n2)cc1;N#Cc1ccc(Oc2ccc3c(c2)COB3O)cc1;c1ccc(C(c2cccnc2)c2ccsc2)cc1;C[S@H+]([O-])/C=C/C#C/C=C1/C=C[C@@]2(CCCO2)O1
m_bcdd81,Cc1cnn(C(C)(CC2CCOCC2)C(=O)O)c1;CC(C)(C)n1nc(C(=O)OCCO)cc1C1CC1;CNC(=O)C1CN(C(=O)C2CC23CCOCC3)C1;COC(=O)C1CCN(Cc2ncc(C)o2)CC1C;O=C(O)C(CNC(=O)N1CC2CC1C2)C1CCC1;NC(=O)C12CCOCC1CN(C(=O)CC1CC1)C2;CC(C)C1OCCC1CNC(=O)Cc1ccon1;COC(=O)C1CC1C(=O)N1CCN(C2CC2)CC1;O=C1CC(C(=O)N2CCOCC2C2CCC2)CN1;COCC1(C(N)=O)CCCN1Cc1occc1C;CC1(C2CC2)COCCN1C(=O)C1CCC(=O)N1;CC1(C)CN(C(=O)C(=O)NC2CC2)C2COCC21;CCOCC1CCCN(C(=O)Cc2ccon2)C1;CNC(=O)C1(COC)CCCN1Cc1ccco1;COCC1CCN(C(=O)CCc2ccon2)CC1;CC(O)(CNC(=O)c1ccon1)C1CCCCC1;Cc1cc(C(=O)NC2CC(C)(C)OC2(C)C)on1;CCOC1CC1C(=O)NCCc1c(C)noc1C;Cc1noc(C)c1CC(=O)NC1(CO)CCCC1;Cc1conc1C(=O)NC1(CO)CCCC1(C)C;CC1CC(CNC(=O)NCc2ccco2)CCO1;O=C(Cc1ccon1)NC1CCCCCC1CO;CC(=O)N1C[C@@H]2[C@H](OCC3CC3)C(=O)N(C)[C@@H]2C1;CCc1noc(C)c1C(=O)N(C)CC1(CO)CC1;CCCCC1=NC2(CCCC2)C(=O)N1CC(=O)O
m_bd0de9,O=C(Cn1cc(F)ccc1=O)Nc1ccccc1C(F)(F)F;O=C(Nc1cccn(CC(F)(F)F)c1=O)c1ccc(F)cc1;O=C(Cc1ccc(F)cc1)Nc1cc(C(F)(F)F)c[nH]c1=O;O=C(COc1cccc(C(F)(F)F)n1)Nc1cccc(F)c1;O=C(Nc1ccc(F)cc1OCC(F)F)c1ccncc1F;N#Cc1ccc(SCC(=O)NCC2CC2)cc1C(F)(F)F;CN(C(=O)CSc1ccc(C#N)c(C(F)(F)F)c1)C1CC1;CC(Sc1ccc(C#N)c(C(F)(F)F)c1)C(=O)NC1CC1;O=C(O)c1ccc2c3c1cccc3c(=O)n1c3ccccc3nc21;CN(C)C(=O)Cc1csc(-c2cccc(C(F)(F)F)c2)n1;O=C(NCC(F)(F)F)c1ccc(NCc2cccs2)cc1;Cc1nccc(C(=O)Nc2ccn(-c3ncccc3Cl)n2)n1;Cc1nc(CCNC(=O)c2ccc(C(F)(F)F)cc2)cs1;O=C(O)c1cc2c3ccccc3n3c(=O)c4ccccc4c(n1)c23;O=C1c2c[n+]([O-])c3ccccc3c2C(=O)c2[nH]c3ccccc3c21;C[C@H]1NC(=O)c2c(OCC[C@H]([NH3+])C(=O)[O-])cc(O)c(Cl)c21;Fc1cc(F)c(NCc2csc(C3CCCO3)n2)cc1F;C[n+]1ccn(CC2(C)C(C(=O)[O-])N3C(=O)CC3S2(=O)=O)n1;NC(=S)N/N=C(\C(=S)Nc1ccccc1)c1ccccc1;CCOc1ncc(C(=O)N2CCOCC2C(=O)O)cc1Cl;Cc1ncsc1C(=O)N(C)C(c1ccccc1)C(F)(F)F;C(=NNc1ncnc2sc3c(c12)CCCC3)c1cccs1;CSc1nc2c(O)ncnc2n1C1O[C@@H](CO)[C@H](O)[C@@H]1O;CC(NCc1cc(C(N)=O)cs1)c1cc(F)c(F)c(F)c1;C[S+]([O-])C[C@H]1O[C@@H](n2cnc3c(=O)[nH]cnc32)[C@H](O)[C@@H]1O
m_bd907b,CN(CC12CC3CC(CC(C3)C1)C2)C(=O)c1cnccn1;CC[C@]12CN3C[C@](CC)(CN(C1)C3c1ccccn1)C2=O;CN(C)c1ncccc1C(=O)N1CC2(CCC2)C1C1CC1;CC[C@]12CN3C[C@](CC)(CN(C1)[C@H]3c1cccnc1)C2=O;CCC[C@@]12CN3C[C@@](C)(C[N@](C1)[C@H]3c1cccnc1)C2=O;CC(C)[C@]12CN3C[C@](C)(CN(C1)C3c1cccnc1)C2=O;CC[C@]12CN3C[C@](CC)(CN(C1)C3c1ccncc1)C2=O;CC1CCN(C(=O)c2ccc3c(c2)ncn3C)CC1(C)C;Cc1nccc(CCC(=O)N2CC3(CCC3)C2C2CC2)n1;Cc1ncc(CN(C)CC2CCOC2)n1-c1ccccc1;CN(C)CC1CCCCN1C(=O)c1ccc2cc[nH]c2c1;Nc1ccc(C(=O)NC23CC4CC(CC(C4)C2)C3)cc1N;C[C@]12CN3C[C@](C)(C[N@@](C1)[C@@]3(C)c1ccc(N)cc1)C2=O;CC(C1CCC1)N(C)Cc1nc2ccccc2c(=O)n1C;CC1CCC(C)N(CC(=O)NCc2ccc(C#N)cc2)C1;CC1(c2cccc(N)c2)N2C[C@]3(C)CN1C[C@](C)(C2)C3=O;CN1CC(NC(=O)c2cccc3c2ccn3C)C(C)(C)C1;CC1CN(C(C)C)CC1NC(=O)c1cccc(CC#N)c1;N#Cc1ccc(CNC(CC(N)=O)C2CCCCC2)cc1;Cn1c(CN2CCOCC2C2CCC2)nc2ccccc21;Cc1nnc(CN(C)C2CCCC2Cc2ccccc2)o1;CC1CN(Cc2ccccc2C(C)(C)C#N)CC1C(N)=O;CC(NCC1CCC(C(N)=O)CC1)c1cccc(C#N)c1;CCN1CCC(CNCc2cc3ccccc3nc2O)C1;CCC1CCCCN1C(=O)CCc1nc2ccccc2[nH]1
m_bda18e,COCc1nc(C(=O)Nc2c(C)c(C)nn2C)cs1;COCc1nc(C(=O)Nc2c(C)nn(C)c2C)cs1;Cc1cc(NC(=O)CCn2c(C)csc2=O)n(C)n1;COCc1nc(C)c(C(=O)N(C)c2cnn(C)c2)s1;Cc1csc(=O)n1CCC(=O)N(C)c1ccn(C)n1;CC(NC(=O)c1cscn1)c1nc(C(C)(C)C)no1;CC(C)c1cc(NC(=O)N(C)Cc2nccs2)no1;CCN(c1cccnc1C)S(=O)(=O)c1ccnn1C;Cc1cc(NC(=O)NCC(C)c2ncc(C)s2)no1;CCc1cnc(CNC(=O)Nc2c(C)noc2C)s1;CC(C)(C)c1nnc(NCc2cc(C(N)=O)cs2)o1;Cc1cc(F)ccc1NC(=O)c1cccc2cccnc12;O=C(Nc1nnc(C2CC2)s1)N1CC2CC(O)C1C2;CCCS(=O)(=O)Nc1[nH]nc(-c2ccncc2)c1C;CCNc1ncc(C(=O)N2CC3CC2(C(N)=O)C3)s1;O=C(Nc1nnc(C2CC2)s1)N1CCC2CC2(O)C1;CCN(c1cccnc1)S(=O)(=O)c1cn(C)c(C)n1;CC1(O)CCCN(c2ncnc3c2NC(=O)CS3)C1;CCN(c1ccncc1)S(=O)(=O)c1cn(C)c(C)n1;CCn1cc(S(=O)(=O)N(C)c2cccc(C)n2)cn1;CCC(C)NC(=O)Cn1cnc2snc(C)c2c1=O;CC12CCC(=O)N1C(C(=O)NCc1cc[nH]n1)CS2;Cc1noc(C2CC(O)CN2CCc2ccns2)n1;Cc1ccncc1NS(=O)(=O)c1cnn(C(C)C)c1;C/C=C/Cn1c(SCC)nc2c1c(=O)[nH]c(=O)n2C
m_bf639c,COc1ccc(F)cc1C(C)NC(=O)N1CCCC1C1CCCN1C;COc1cccc(F)c1C(C)NC(=O)N1CCCC2CN(C)CCC21;C=C(C)CN1CCC(NC(=O)NC(C)c2c(F)cccc2OC)CC1;CC(C)Oc1ccc(CNC(=O)N2CCC3CCC(C2)N3C)cc1F;CN1CCC(NC(=O)N2CCCCC2CCO)C1c1ccc(F)cc1;CC(CN1CCOCC1)NC(=O)N1CCCC1Cc1ccc(F)cc1;CC(CN1CCOCC1)NC(=O)N(Cc1ccccc1F)C1CCC1;CC(c1ccccc1F)N(C)C(=O)NCCC(=O)N1CCCCCC1;CN(C)CCN(CC1CCCO1)C(=O)NC1CCc2c(F)cccc21;COC(CNC(=O)N1CCCC2CN(C)CCC21)c1ccc(F)cc1;COc1ccc(CN2CCN(C(=O)C3CCCC(N)C3)CC2)cc1F;CC(C)Sc1ccc(C(C)NC(=O)N2CCC(CN(C)C)C2)cc1;O=C(NCC(c1ccc(F)cc1)N1CCOCC1)NC1CCCCC1;CC(C)(CNC(=O)N(Cc1ccccc1F)C1CC1)N1CCOCC1;COc1cc(CCNC(=O)N2CCC(CN3CCCC3)C2)ccc1F;CC(C)(C)C(NCC(=O)NC1CCCCNC1=O)c1cccc(F)c1;COC1CC(C(=O)NC2CCN(Cc3ccc(F)cc3)CC2)N(C)C1;CCN1CCC2CCC(C1)N2CC(=O)NCCOc1cccc(F)c1;CC(N)C1CCCN(C(=O)C(c2cccc(F)c2)N2CCOCC2)C1;CCN1CCN(c2ccc(F)cc2C(C)NC(=O)C2CCCO2)CC1;Cc1cccc2c1CCC2NC(=O)N1CCCCCC1c1ccncc1;O=C(NC1CCC(O)CC1)NC1CCN(Cc2ccccc2F)CC1;CC(NC(=O)CN1CCC(Cc2cccc(F)c2)CC1)C(=O)N(C)C;O=C(CN1CCCC(N2CCCC2)C1)NCCOc1cccc(F)c1;CCCNC(=O)N1[C@@H]2CNC[C@H]1C2c1ccc(-c2ccc(C)cc2)cc1
m_bf6cfe,O=C(NCc1ccc2c(c1)OCCO2)Nc1ccncc1;O=C(NCc1ccc2c(c1)OCCO2)Nc1cccnc1;O=C(NCc1cccc2c1OCCO2)Nc1ccncc1;CNc1ccc(C(=O)Nc2cccc3c2OCCO3)cn1;COc1ccc(/C=N/NC(=O)c2ccncc2)cc1OC;CCOc1cccc2c1OCC(C(=O)Nc1cn[nH]c1)=C2;COc1ccc(OC)c(CNC(=O)c2cc(C#N)c[nH]2)c1;COc1ccc(CCN=C(O)CCCCl)cc1OC;CCOc1ccc2c(c1)C=C(C(=O)Nc1cn[nH]c1)CO2;NC(=O)c1cc(C(=O)NC2CCOc3ccccc32)c[nH]1;COc1cc(C=NN=C(O)c2ccccc2N)ccc1O;O=C(NO)c1ccc(C(=O)NCCc2ccncc2)cc1;CNC(=O)CNC(=O)c1ccnc(Oc2ccccc2)c1;COc1cccc2c1CCN(c1ncncc1C(=O)O)C2;COc1ccc(CN2CCC(O)C(CO)C2)cc1Cl;O=C(Nc1nc2cc3c(cc2[nH]1)OCO3)C1C2CCCC21;COc1ccc(Cl)c(CN2CC(OC)CC2CO)c1;COc1ccc(CN2CC(OC)CC2CO)cc1Cl;Cn1ccc(C(=O)Nc2ccc(CC(N)=O)cc2)cc1=O;O=C(c1cc(-c2ccc3c(c2)OCO3)n[nH]1)N1CCCC1;COC(=O)c1ccc(C)c(NC(=O)Cc2cncnc2)c1;CCc1ccc(C(=O)NCc2ccc3[nH]c(=O)[nH]c3c2)o1;Cc1cc(C(=O)Nc2cccc(C(=O)NC3CC3)c2)no1;O=C(c1cccc(=O)[nH]1)N1CCC(Oc2ccncc2)C1;COc1ccc(C(=O)NC2(c3ccccc3)COC2)nn1
m_c1b10a,COc1ccc(C(Cc2ccccc2)NC(=O)N2CCC(O)(C3CC3)CC2)cc1;COc1ccc([C@H]2C3CCCCC3(O)CCN2CC(=O)Nc2ccccc2)cc1;O=C(CN1CCOC2(CCOCC2)C1)NC(Cc1ccccc1)c1ccccc1;COc1ccc(CN2CC[C@@](C)(O)[C@@H](NC(=O)C3CC3)[C@@H]2c2ccccc2)cc1;CCOc1ccc(CCNC(=O)CC2CCN(C(=O)c3ccccc3)CC2)cc1;COc1ccc(CC(=O)NCCC2CCN(C(=O)c3ccc(C)cc3)CC2)cc1;CC[C@H]1CN(C(=O)c2ccccc2)CC[C@H]1CC(=O)NCc1ccc(OC)cc1;CC=CC(=O)N(CCCC)C(C(=O)NCc1ccccc1)c1ccc(OC)cc1;COc1cccc(CN2CC[C@@](C)(O)[C@@H](NC(=O)C3CC3)[C@@H]2c2ccccc2)c1;COc1ccccc1CCNC(=O)CC1CCN(C(=O)c2ccc(C)cc2)CC1;CCCCNC(=O)c1cccc([C@H]2CCCN(C(=O)c3ccc(OC)cc3)C2)c1;COc1cc(CNC2CCCc3ccccc32)ccc1OCC(=O)N1CCCC1;CC(C)CC(=O)N1CCC(NC(=O)C(Oc2ccccc2)c2ccccc2)CC1;CCCCC(=O)NC1CCN(C(=O)C(Oc2ccccc2)c2ccccc2)CC1;CC(=O)N1CCC(NC(=O)C(Oc2cccc(C(C)C)c2)c2ccccc2)CC1;COc1ccc(CN2C(=O)[C@@H]3C[C@@H](CN3CCC(C)C)Oc3ccccc32)cc1;COc1cc(C2(C(=O)N3CCC(OCc4ccncc4)C3)CCCC2)ccc1C;COc1ccccc1CN1CC[C@H]2CC(=O)Nc3cc(C)ccc3OCC[C@H]2C1;CN(CC[C@H]1CN(C(=O)Cc2ccccc2)CC[C@H]1CC(=O)O)c1ccccc1;CCC(=O)N(c1ccccc1)C1CCN(C(C)Cc2ccc3c(c2)OCO3)CC1;COc1ccc(C2(CNC(=O)C(C)N3CCc4ccccc43)CCOCC2)cc1;COc1ccc(C2(CNC(C)C(=O)N3CCc4ccccc43)CCOCC2)cc1;CC(C)CC(C(=O)NC1CCCc2ccccc21)N1C(=O)C2CC=CCC2C1=O;CCOc1cc(CN2CC(CCN3CCCC3=O)c3ccccc32)ccc1OC;CCC(=O)N(c1ccccc1)C1(C(=O)OC)CCN(CCc2ccccc2)CC1
m_c1ec62,COC1CC(c2nc(C)c(C)[nH]2)N(Cc2ccncc2F)C1;COCc1n[nH]c(C2CCCCN2Cc2ccccc2F)n1;COc1cccc(F)c1C(C)NCc1nnc(C2CC2)n1C;CCC(c1ccc(F)cc1)N1CCOC(c2nncn2C)C1;Cn1cc(C2CCCN2Cc2csc(C(C)(C)C)n2)cn1;CCn1nncc1CN1CCOC(c2ccc(F)c(C)c2)C1;Cc1cc(F)ccc1Cn1cc(CN2CCCC2CO)nn1;O=C(NCC1CC(F)CN1Cc1cncnc1)C1=CCCC1;CC(C)CNC(=O)NC(c1cccc(F)c1)c1nccn1C;CN(C)c1noc(CN(CCc2cccc(F)c2)C2CC2)n1;CC(CCc1ccccc1F)NC1COCC1n1ccnn1;CC(C)(C)CC(NC(=O)Cn1ccnn1)c1ccc(F)cc1;CC(C(=O)NCc1n[nH]c(C(C)(C)C)n1)c1ccccc1F;CCN(C(=O)CCCn1cncn1)C(C)c1ccc(F)cc1;CCCc1nc2c(C)cc(-c3nc4ccccc4n3C)cc2[nH]1;N#Cc1cnc(N2CC3(CCCCC3)C2c2ccccc2)cn1;N#Cc1ccc(N2CC3CN(Cc4ccccc4)CC3C2)nc1;CCN1CCCC1CNc1nnc(Cc2ccccc2F)o1;c1cncc(-c2n[nH]cc2CNC2CCc3ccccc3C2)c1;CC1(C)COCCN1CCNc1ncnc2ccc(F)cc12;COCCN(CC(F)F)C(=O)NC(C)c1cn(C)nc1C;CCc1nn(C)cc1NC(=O)NC(C)c1ccc(C)c(F)c1;c1ccc(C2(CNCc3c[nH]nc3-c3cccnc3)CC2)cc1;CSc1nc(C)cc(N2CC(N3CC4CCCC4C3)C2)n1;CCC(CC)CN(CC)C(=O)c1cn(C(F)(F)CO)nn1
m_c2176f,Cc1cnc(C(=O)N2CCCC(c3nc(C(F)(F)F)cn3C)C2)cn1;Cc1nnccc1C(=O)N1CCCC(c2nc(C(F)(F)F)cn2C)C1;Cc1cc(C(=O)N2CCCC(c3ncc(C(F)(F)F)[nH]3)C2)nc(C)n1;O=C(c1c[nH]nc1C1CC1)N1CCCC(c2ncc(C(F)(F)F)[nH]2)C1;O=C(c1cc2n(n1)CCC2)N1CCCC(c2ncc(C(F)(F)F)[nH]2)C1;CN(CC1CCc2nc(C(F)(F)F)cn2C1)C(=O)Nc1ccncc1;CN(CC1CCc2nc(C(F)(F)F)cn2C1)C(=O)Nc1cccnc1;Cc1cc(NC(=O)NCC2CCc3nc(C(F)(F)F)cn3C2)ccn1;Cc1ccncc1NC(=O)NCC1CCc2nc(C(F)(F)F)cn2C1;Cc1cncc(NC(=O)NCC2CCc3nc(C(F)(F)F)cn3C2)c1;O=c1c(NCC2CCc3nc(C(F)(F)F)cn3C2)nccn1C1CC1;O=C1CN2CCN(C(=O)c3cnccn3)C[C@@H]2COc2ccccc2N1;Cn1c(C(=O)N2CC3COCC3(c3nnc(N)o3)C2)cc2ccccc21;Cc1cccc(-n2cc(C(=O)N3CC(N)CCC3C(F)(F)F)nn2)c1;COC1CC(c2nc(-c3cccnc3)c[nH]2)N(C(=O)c2ocnc2C)C1;COC1CN(C(=O)c2cc(O)nc3ccccc23)CC1c1cn(C)nn1;Cc1nccc(O[C@@H]2C(=O)N(C)[C@@H]3CN(C(=O)c4cccnc4)C[C@H]23)n1;COC1CC(c2nc(-c3cccnc3)c[nH]2)N(C(=O)Cc2ccon2)C1;COc1ccc2[nH]cc(CCNC(=O)CNC(=O)c3cnccn3)c2c1;Cc1nccc(O[C@@H]2C(=O)N(C)[C@@H]3CN(C(=O)c4ccncc4)C[C@H]23)n1;Cn1cc(C2NC(=O)CCC2NCc2ncccc2C(F)(F)F)cn1;Cn1cncc1-c1nnc([C@H]2CCN(Cc3ccc(C(=O)O)cc3)C2)o1;O=C(NCc1nnc2ccc(C(F)(F)F)cn12)N1CCCC2(CC2)C1;Cc1c(C(=O)N2CCC3(C2)NC(=O)NC3=O)cnn1Cc1ccccc1;O=C(COc1ccc2nc3n(c(=O)c2c1)CCC3)NCCc1c[nH]cn1
m_c2313f,CC(=O)NCC(=O)N1CCC(=Cc2cc(Cl)ccc2Cl)CC1;O=C1NC(=O)C2(CCN(C(=O)NCc3c(F)cccc3Cl)C2)N1;O=C1NC(Cc2ccc(OS(=O)(=O)O)cc2)C(=O)N2CCCC12;N#Cc1ccc(C(=O)N2CCNC(=O)C2c2ccccc2Cl)nc1;COc1ccc(Cl)cc1CN(C)C(=O)CSc1nc(C)n[nH]1;O=C(CCc1ccc(Cl)s1)N1CCC(c2nc(=O)[nH][nH]2)CC1;O=C(CNC(=O)c1ccc2c(c1)OCO2)NC1CCS(=O)(=O)C1;Cc1n[nH]c(C2CN(C(=O)CCc3ccc(Cl)s3)CCO2)n1;O=S(=O)(c1cccc(Cl)c1)N1CCN(Cc2cnc[nH]2)CC1;CC(C)(NC(=O)Cn1cc(C(=O)O)nn1)c1cccc(Cl)c1F;Cc1ccc(S(=O)(=O)N2CCCC2c2nncn2C)cc1Cl;CC(=O)N/C=C/[S+]([O-])C1=C(C(=O)O)N2C(=O)/C(=C(\C)CO)[C@H]2C1;CC(C)CC(=O)OC(Cn1ccnc1)c1ccc(Cl)cc1Cl;Cc1cccc(Cl)c1S(=O)(=O)N1CCCC(n2ccnn2)C1;Cc1cc(Cl)ccc1S(=O)(=O)N1CCCC1c1nncn1C;O=C(NCc1ccc2[nH]c(=O)[nH]c2c1)c1cc2ccc(Cl)cc2[nH]1;Cc1nc(C2CCN(S(=O)(=O)c3ccc(Cl)cc3)CC2)n[nH]1;Cc1cccc(Cl)c1S(=O)(=O)NCCn1cnnc1C1CC1;O=S(=O)(CCNC1CCc2ncnn2C1)c1ccc(Cl)cc1;O=C(Cn1cnc(-c2ccc(Cl)cc2)cc1=O)Nc1ccncc1;Cn1cc(N2CCN(S(=O)(=O)c3ccc(Cl)cc3)CC2)cn1;Cc1cccc(Cl)c1S(=O)(=O)N1CCCC1c1nncn1C;CC1CC1C(NS(=O)(=O)c1cnnn1C)c1ccc(Cl)cc1;O=S(=O)(c1c[nH]c2ncc(Cl)cc12)N1CCC2(CCCN2)C1;CC(CC#N)NS(=O)(=O)c1cnc(N2CC=CCC2)c(Cl)c1
m_c30e40,CCN(CC)S(=O)(=O)c1ccc(C)c(C(=O)N2CCC3(CCCOC3)C2)c1;CCOC1CC2(CCN(C(=O)c3cc(C)c(C)c(S(=O)(=O)N(C)C)c3)C2)C1;CC1CN(C(=O)c2ccc(S(=O)(=O)N(C)C3CCCCC3)cc2)CCCO1;CCCCC(NS(=O)(=O)c1ccc(C(=O)N2CCOCC2)cc1)C1CCC1;CCNS(=O)(=O)c1ccc(CC(=O)N2CCC(C3CCCOC3)CC2)cc1;CCC1(CO)CCCN(C(=O)CCc2ccc(S(=O)(=O)NC3CC3)cc2)C1;O=C(CCc1ccc(S(=O)(=O)NC2CC2)cc1)NCC1(CO)CCCCC1;O=C(O)C[C@@H]1CCN(S(=O)(=O)c2ccccc2)C[C@@H]1CCN1CCCCC1;CC1(C)Cc2cc(S(=O)(=O)N3CCCCC3C3CC(N)CCO3)ccc2O1;CC[C@@H]1CN(C(=O)c2cccc(C)c2)[C@H](CO)[C@@H]1CN1CCS(=O)(=O)CC1;COC1(CC(=O)Nc2cccc(S(=O)(=O)N(C)C3CCCCC3)c2)CCC1;CNC[C@@H]1Oc2cc(C3=CCCC3)ccc2S(=O)(=O)N([C@@H](C)CO)C[C@H]1C;CC1(C)CN(C(=O)NC(CS(C)(=O)=O)c2ccccc2)CC2(CCCC2)O1;CC(NC1CCOC2(CCOCC2)C1)c1cccc(N2CCCS2(=O)=O)c1;CC[C@@H]1CN(C(=O)Cc2ccccc2)[C@H](CO)[C@@H]1CN1CCS(=O)(=O)CC1;CCC(C)(CO)C(=O)N1CCOC2(CCS(=O)(=Nc3ccccc3)CC2)C1;COCc1cccc(CC(=O)N2CCCC(S(=O)(=O)NC3CCCC3)C2)c1;CCC1CN(c2ccccc2)CCN1C(=O)c1ccc(-n2nnnc2C)cc1F;COCC(=O)N[C@H]1[C@H](c2cccs2)N(C(=O)C2CCCCC2)CC[C@@]1(C)O;Cc1ccc(OC2CCN(C(=O)NCC3(CS(C)(=O)=O)CC3)CC2)cc1C;Cc1nnc2n1CC(NC(=O)c1nn(-c3cccc(F)c3)c3c1CCCC3)CC2;Cn1ccc(C(NC(=O)N2CCC(c3ccncn3)CC2)c2ccc(F)cc2)n1;Cc1nc(C(N)=O)nc(N2CCC(NCc3cnc4c(F)cccc4c3)C2)c1C;O=C(NCCc1ccccc1F)C1CCN(c2cncc(-n3cccn3)n2)CC1;Cc1cc(C)n(-c2cc(N3CC(C(=O)NCCc4ccc(F)cc4)C3)ncn2)n1
m_c3e52e,O=C(NCC1CCCO1)Nc1cccnc1N1CCCC1;COC1CCN(C(=O)Nc2cccnc2N2CCCC2)C1;O=C(Nc1cccnc1N1CCCC1)N1CCCC1CO;COC1CCN(C(=O)NC2CCN(c3ccccn3)C2)C1;CC(=O)NCC(=O)Nc1cnc(N2CCCCC2)c(C)c1;CC1CN(c2ccc(CNC(=O)NC3CC3)cn2)CCO1;COc1ncc(C)cc1NC(=O)NC1CC2CCC(C1)N2;COCc1ccnc(NC(=O)N2CC(N)C3(CCC3)C2)c1;C=C(C)CNC(=O)N1CCN(c2cc(OC)ccn2)CC1;CCOc1cccc(N2CCN(C(=O)NC3CC3)CC2)n1;Cc1cc(NC(=O)N2CCOC3(CCCC3)C2)nnc1C;Cc1nccc(N2CCN(C(=O)C3(C)CCCO3)CC2)n1;CCOC1CC2(CCN(C(=O)Nc3ccnnc3C)C2)C1;CNC(=O)CC(=O)N1CCCC1CNc1cccc(C)n1;CNC(=O)c1cccc(NC(=O)N2CCCCCCC2)n1;CNC(=O)NC(=O)CNc1ccccc1N1CCCCC1;O=C(C1CCN(c2cnccn2)CC1)N1CCCC1CO;COC(C(=O)N1CCN(c2nccnc2C)CC1)C1CC1;Cn1nc(C2CCC2)cc1NC(=O)NC1CC2CCC1O2;CN(C)c1ccnc(C(=O)NCC2CCC3(CNC3)O2)c1;CC1OCCCC1C(=O)N1CCN(c2cnccn2)CC1;CC1OCCCC1C(=O)N1CCN(c2cccnn2)CC1;Cc1ccc(N2CCCN(C(=O)C(O)C3CC3)CC2)nn1;NC(=O)c1cncc(N2CCCC2C2CCCCC2O)n1;NC(=O)C1CCOC1CC1CCN(c2ncccn2)CC1
m_c50497,COc1ccc(Cl)cc1S(=O)(=O)Nc1cc(Cl)ccc1O;COc1c(S(=O)(=O)Nc2cccc(O)c2)ccc(Cl)c1Cl;COc1ccc(C(=O)n2c(=O)oc3cc(Br)ccc32)cc1;Clc1ccc(-c2nn3c(-c4ccncc4)nnc3s2)c(Cl)c1;O=C1Nc2ccccc2/C1=C/c1ccc(I)cc1
m_c567df,Cc1ccc2oc(C(=O)N(Cc3cccc(F)c3)C3CCS(=O)(=O)C3)c(C)c2c1;Cc1ccc2c(C)c(C(=O)N(Cc3ccc(F)cc3)C3CCS(=O)(=O)C3)oc2c1;Cc1ccc2c(CC(=O)N(Cc3ccc(F)cc3)C3CCS(=O)(=O)C3)coc2c1;Cc1oc2cc3oc(=O)c(CCC(=O)N(CC(=O)O)CC(=O)O)c(C)c3cc2c1C;O=C1[C@@H]2C[C@@H](O)CN2C2(CN(Cc3ccoc3)C2)C(=O)N1Cc1cccc(Cl)c1;COC(=O)[C@@H]1Cc2ncn(Cc3ccc(Cl)cc3)c2CN1Cc1ccc(CO)o1;CON(C)C(=O)C(O)C(Cc1ccccc1)NC(=O)c1cc2cc(Cl)ccc2[nH]1;COC(=O)C1(C(=O)OC)OC(=O)c2cc3c4c(cc(OC)c(OC)c4c21)CCN3C;COc1ccc(Cl)cc1NC(=O)[C@H]1C[C@H](C(C)O)N[C@]12C(O)=Nc1ccccc12;CC(Oc1ccccc1Cl)C(=O)Nc1ccc2onc(CN3CCOCC3)c2c1;Cc1nn(Cc2ccc(C(=O)Nc3ccc(C(=O)OC(C)C)cc3)o2)c(C)c1Cl;CN1C(=O)C(=C2C[C@@H](c3ccc4c(c3)OCO4)N(C#N)C(=N)N2)C(=O)c2ccccc21;Cc1nc(-c2nnn(-c3ccc(Cl)cc3)c2C)sc1C(=O)NC1CCCCC1;COC(O)=c1ccc(=c2c(=C(O)OC(C)C)c(=N)oc3c(=O)cc(CO)oc23)cc1;Cc1nc(Nc2ccc(F)cn2)sc1C(=O)N1CCN(c2ccc(F)cc2)CC1;CC1=C(C(=O)Nc2ccccc2)C(c2cccc(O)c2)n2nc(C(F)(F)F)nc2N1;O=C(NC[C@@H]1CCCN2CCCC[C@H]12)c1cc(Br)ccc1-n1cccc1;COCc1cc(=O)c(O)c(C(CC(=O)OC)c2cc3ccc(OC)cc3[nH]c2=O)o1;COCc1cc(=O)c(O)c(C(CC(=O)OC)c2cc3cc(OC)ccc3[nH]c2=O)o1;CC(=O)c1c(O)c(C)c(O)c2c1OC1=CC(=O)/C(=C(/C)NCCC(=O)O)C(=O)[C@@]12C;COC(=O)CN/C(C)=C1\C(=O)C=C2Oc3c(C(C)=O)c(O)c(C)c(O)c3[C@@]2(C)C1=O;COC(=O)c1ccc(C2C(C(=O)OC(C)C)=C(N)Oc3c2oc(CO)cc3=O)cc1;CC(NC(=O)NC1CCN(Cc2ccccc2)CC1)c1ccccc1Br;Cn1c(O)c(C(=O)C[C@H](Sc2ccccc2)c2ccccc2)c(=O)c2ccccc21;O=C(CSc1nnnn1C1CCCCC1)NCc1ccccc1OC(F)(F)F
m_c57b9d,CN1C(=O)CC(CNC(=O)c2cn3c(n2)CCCC3)C1c1nccn1C;Cc1nc(C)c(C(=O)NCC2CC(=O)N(C)C2c2nccn2C)nc1C;CCN1C(=O)CCC(CNC(=O)c2cnc(C)cn2)C1c1nccn1C;Cc1[nH]ncc1C(=O)NCC1CCC(=O)N(C2CC2)C1c1nccn1C;CN(Cc1cc[nH]n1)C(=O)C1CCC(=O)N(C2CC2)C1c1nccn1C;CN1C(=O)CCC(C(=O)Nc2cc3n(n2)CCCC3)C1c1nccn1C;CN(C(=O)C1CCC(=O)N(C2CC2)C1c1nccn1C)c1cnn(C)c1;Cc1c(NC(=O)C2CCC(=O)N(C3CC3)C2c2nccn2C)cnn1C;CCN1C(=O)CCC(C(=O)N2CCCn3nccc32)C1c1nccn1C;Cc1cc(NC(=O)C2CCC(=O)N(C3CC3)C2c2nccn2C)n(C)n1;CN1C(=O)CCC(C(=O)Nc2cc(C3CC3)n(C)n2)C1c1nccn1C;C#CCCC1(CCC(=O)NC2CCC(=O)N(C)C2c2nccn2C)N=N1;Cn1ccnc1C1C(NC(=O)CCn2cccn2)CCC(=O)N1C1CC1;Cn1cc(C(N)=O)cc1C(=O)N1CCCCC1c1nnc2n1CCCC2;Cn1cc(C(N)=O)cc1C(=O)N1CCCC1c1nnc2n1CCCCC2;CCN1C(=O)CCC(C(=O)N2CCn3cncc3C2)C1c1ccnn1C;Cc1c(C2C(C(=O)N(C)Cc3ncc[nH]3)CC(=O)N2C2CC2)cnn1C;CC1c2nnc(C3CCCC3)n2CCN1C(=O)c1cc(C(N)=O)cn1C;CCc1cc(NC(=O)C2CC(=O)N(C)C2c2cnn(C)c2C)nc(C)n1;CCCn1cc(C(=O)NC2CC(=O)N(C3CC3)C2c2ccnn2C)cn1;Cc1c(C2C(C(=O)N(C)Cc3cc[nH]n3)CC(=O)N2C2CC2)cnn1C;CCN1C(=O)CCC(CNC(=O)c2ccc(C)nn2)C1c1cnn(C)c1;Cn1ccnc1C1OCCCC1C(=O)N1CCN(c2ncccn2)CC1;CCc1nc2n(n1)CCCC2NC(=O)C(Cc1ccccc1)NC(N)=O;COCc1n[nH]c(C2CN(C(=O)c3cc(C)nc(C)n3)CC2C2CC2)n1
m_c63e89,CNC(=O)C(NC(=O)CCc1ccccc1C)c1ccc(F)c(F)c1;CCC(NC(=O)CCC(=O)Nc1c(F)cccc1F)c1ccccc1;NC(C(=O)N1CCC(Oc2ccc(F)cc2F)CC1)c1ccccc1;CNC(=O)C(CC(C)C)NC(=O)Cc1ccc(OC(F)(F)F)cc1;CC(NC(=O)C1(c2cccc(F)c2)CCOCC1)c1ncccc1F;O=C(Cc1ccc(F)c(F)c1)N1CCC(O)(Cc2ccccn2)CC1;O=C(Cc1ccccc1F)NCC1CCN(Cc2cccs2)CC1;CN(Cc1ccccc1)C(=O)CCCNC(=O)c1ccc(F)cc1F;CC(C(=O)NC(C)(C)C(=O)Nc1ccccc1)c1c(F)cccc1F;CC(C[S+](C)[O-])NC(=O)NC(c1ccc(F)cc1F)C(C)(C)C;Cc1ccc(NC(=O)C2Cc3ccccc3CN2)cc1OCC(F)F;NC(=O)C(Cc1ccc(F)cc1)N1CCOC(c2cccc(F)c2)C1;CCC(=O)NCC(=O)NCc1ccc(OC(C)C)cc1C(F)(F)F;CC(Cc1c(F)cccc1F)NC(=O)N1CCc2ccc(O)cc2C1;Cc1cc(C(=O)N2CCC(Cc3ccc(F)c(F)c3)CC2)cc(O)n1;CN(C(=O)CCc1cccc(F)c1F)C1CCOC1c1cccnc1;COCCN(Cc1ccccn1)C(=O)C1CC1c1ccc(F)cc1F;CC(=O)NC(C)C(=O)NCc1ccc(OC(C)C)cc1C(F)(F)F;CN1CCN(C(=O)c2ccc(OC(F)F)cc2)C(c2ccccc2)C1;NCC1CCN(C(=O)C(Oc2ccc(F)c(F)c2)c2ccccc2)C1;CCN(C(=O)CCCNC(=O)c1ccccc1)c1ccc(F)c(F)c1;CC(C)(CNC(=O)c1cccc(F)c1)CNC(=O)c1cccc(F)c1;CN(C(=O)CCc1ccc(F)cc1F)C1CCOC1c1cccnc1;COc1ccc(CC(=O)N2CCN(c3ccccc3F)CC2)cc1F;COC(C(=O)NC1CCN(c2ccc(F)cc2F)C1)c1ccccc1
m_c772b8,Cc1cc(NC(=O)C(C(C)C)N2CCCC2=O)nn1C;CC(=O)NC(C(=O)Nc1cc(C)nn1C)C1CCCC1;CCc1[nH]nc(NC(=O)C(CC)N2CCCC2=O)c1C;Cc1cc(NC(=O)CNC(=O)C2CC2)n(C(C)(C)C)n1;Cn1nc(NC(=O)NCC2CCCC2O)cc1C1CC1;Cn1cc(N2CCC(NC(=O)CC(C)(C)C)C2=O)cn1;CCCC1C(=O)NCCN1C(=O)c1ccnn1C(C)C;CCC1C(=O)NCCN1C(=O)c1cc(C(C)C)n(C)n1;CN1CCC(NC(=O)c2cc(C(C)(C)C)nn2C)C1=O;CCC(C(=O)NCCc1nccn1C)N1CCCC1=O;Cc1c(C(=O)NCCN2CCCCCC2=O)cnn1C;Cc1c(C(=O)N2CCCNC(=O)C2C)cnn1C(C)C;Cc1[nH]ncc1C(=O)N1CCN(CC(C)C)C(=O)C1C;CCC(=O)N1CCC(C(=O)Nc2cn(C)nc2CC)C1;CCC(=O)N1CCN(C(=O)Cn2nc(C)cc2C)CC1;COC1CC(C(=O)Nc2cnc(C(C)C)nc2)N(C)C1;CC(C)N(Cc1cnn(C)c1)C(=O)C1CC(=O)N(C)C1;Cc1cc(C(=O)NCCCCNC(=O)C2CC2)nn1C;CCC(CC)n1ncc(C(=O)N2CCNC(=O)C2)c1C;Cn1nc(C(=O)O)cc1CN1CCN2CCCCC2C1;CCCCn1cc(C(=O)NC2CCCNC2=O)c(C)n1;CC(C)n1nccc1C(=O)NC1CCCCC1C(N)=O;CCn1cc(CN(C(=O)C2CCNC2=O)C(C)C)cn1;Cc1c[nH]nc1C(=O)NC1CCC(=O)NC1C(C)(C)C;CCN1OC2(CCN(Cc3ccnn3C)CC2)CC1=O
m_c886af,CCOC(=O)c1ccc(NS(=O)(=O)CCC(C)(F)F)c(O)c1;Cc1ccc(S(=O)(=O)N2c3ccccc3Oc3ccccc32)cc1;O=C(CCCC[C@@H]1CCSS1)Nc1ccc2c(c1)COC2=O;Cc1ccc(F)c(NS(=O)(=O)c2ccc(CCC(=O)O)cc2)c1;CC(c1ccccc1F)N(C)S(=O)(=O)c1cccc(C(=O)O)c1;Cc1oc(C)c(S(=O)(=O)NCC2CCCC2(F)F)c1C(=O)O;CC(C)(NS(=O)(=O)c1cccc(F)c1)c1ccc2c(c1)OCO2;CC(=O)c1ccc(CCNS(=O)(=O)CCc2ccccc2)s1;CC(=O)c1ccc(CCNS(=O)(=O)Cc2cccc(C)c2)s1;O=C(OC1OC(C(=O)O)C(O)C(O)C1O)c1c[nH]c2ccccc12;CCCCCOc1ccc(/C=C2\SC(=S)NC2=O)cc1OC;Cc1cc(SCC(=O)c2ccc3c(c2)OCO3)nc2ccccc12;Cc1cccc(NC(=O)c2ccc(-c3ccccc3)s2)c1C(=O)O;CCc1c(C)sc(NC(=O)c2cccs2)c1C(=O)OC(C)C;CC(C)NC(=O)NC(=O)CNc1ccc(Cl)c(C(F)(F)F)c1;O=C(c1cccc(F)c1)N1CCC(S(=O)(=O)Cc2ccco2)C1;Cc1ccc(S(=O)(=O)NC(Cc2ccc(F)cc2)C(=O)O)cc1;O=C(Nc1ccc2[nH]nnc2c1)c1cccc(OCC(F)(F)F)n1;COc1c(O)c(O)c(C)c2c1OC(=O)C2(C)NC(=O)/C=C/C(=O)O;O=C(Cn1nc2ncccn2c1=O)Nc1ccccc1C(F)(F)F;CN(Cc1ccccc1F)S(=O)(=O)c1ccc2c(c1)OCCO2;O=C(c1ccccc1F)N(Cc1ccco1)C1CCS(=O)(=O)C1;CC(C)n1cc(S(=O)(=O)Nc2cn(C)nc2C(F)(F)F)cn1;CCS(=O)(=O)c1ccccc1NCc1ccc([S+](C)[O-])cc1;COC(=O)c1sc2cccc(F)c2c1CNC(=O)C1CCCO1
m_c8934f,CCCS(=O)(=O)Nc1ccccc1C(=O)NC1CC(O)C1(C)C;CC(C)CC(CO)NC(=O)c1ccc(N2CCCS2(=O)=O)cc1;Cc1c(C(=O)NCC2(O)CCCCCC2)cccc1S(N)(=O)=O;CCN1C(=O)CCc2cc(NS(=O)(=O)CCOC(C)C)ccc21;CCCS(=O)(=O)NC1CCN(Cc2ccccc2C(=O)O)CC1;CCS(=O)(=O)N1CCC(NC(=O)c2ccc(C)c(OC)c2)CC1;CC(C)NS(=O)(=O)c1ccc(C(=O)N2CCC(C)C(O)C2)cc1;CCCS(=O)(=O)NC1CCN(Cc2ccc(C(=O)O)cc2)CC1;CC(CO)NS(=O)(=O)c1ccc(C(=O)N2CCC(C)(C)C2)cc1;CCN(C)C(=O)c1cccc(S(=O)(=O)NC2CCC2COC)c1;CC(C)CC(NC(=O)c1ccc(S(C)(=O)=O)cc1)C(=O)N(C)C;Cc1ccc(N(CC(=O)NCC2CCCO2)S(C)(=O)=O)cc1C;CC(O)CNS(=O)(=O)c1ccc(C(=O)N2CCCCCC2)cc1;CCOc1nc(C)ccc1C(=O)NC1CCCCC1S(C)(=O)=O;CC(C)(O)CN1CCN(C(=O)c2ccc(S(C)(=O)=O)cc2)CC1;COC(=O)c1ccccc1CN(C)C1CCN(S(C)(=O)=O)CC1;COCC1CCC1NC(=O)Cc1ccc(S(=O)(=O)N(C)C)cc1;CCS(=O)(=O)N1CCC(C(=O)NCc2ccc(OC)cc2)CC1;CC1(C)C2CCC1(C)C(NC(=O)c1coc(CS(C)(=O)=O)n1)C2;CN(C1CCCCC1)S(=O)(=O)Nc1cccc(CCC(=O)O)c1;CS(=O)(=O)NCc1ccc(C(=O)NC2CCCC(C3CC3)C2)o1;CCN(CC(=O)NC(C)C)C(=O)c1ccccc1S(=O)(=O)CC;CCS(=O)(=O)N1CCC(C(=O)NCc2cccc(OC)c2)CC1;CC(c1ccc(S(C)(=O)=O)cc1)N1CCC(NC(=O)CO)CC1;COCc1ccccc1CNC(=O)C1CCN(S(C)(=O)=O)CC1
m_c89ffd,O=C(O)C1CCC(CNS(=O)(=O)c2cccnc2)CC1;Cn1cc(S(=O)(=O)NCC2CC=CCC2)cc1C(=O)O;Cn1cc(S(=O)(=O)N2CC3CCCC3C2)cc1C(=O)O;O=C(O)C1CCCN1CCNS(=O)(=O)c1ccccc1;COc1ccc(S(=O)(=O)NC2(CC(N)=O)CCC2)cc1;CC1CN(S(=O)(=O)c2cccc(C(N)=O)c2)CC1CO;CC(O)CNS(=O)(=O)c1ccc(C(=O)NC2CC2)cc1;CONC(=O)c1cccc(S(=O)(=O)NC2CCCC2)c1;NC1CCCCC1NS(=O)(=O)c1ccc2c(c1)OCO2;COC(=O)CNc1cccc(S(=O)(=O)NC2CC2)c1C;COc1ccccc1S(=O)(=O)NC1CCN(C)C(=O)C1;CN(C)S(=O)(=O)c1ccc(C(=O)N2CC(CO)C2)cc1;COc1ccc(S(N)(=O)=O)cc1NC(=O)C1CCCC1;CCOC(=O)N1CCN(S(=O)(=O)c2ccc(C)cc2)C1;COCC(NC(=O)c1ccc(S(N)(=O)=O)cc1)C1CC1;COC(=O)c1ccccc1S(=O)(=O)N1CCN(C)CC1;C=C(C)CC(C)C(=O)Nc1ccc(O)c(S(N)(=O)=O)c1;Cc1oc(S(N)(=O)=O)cc1C(=O)NCC1CC=CCC1;CC1CCCN(S(=O)(=O)Nc2cccc(C(=O)O)c2)C1;CC1CCN(S(=O)(=O)NCc2ccc(C(=O)O)cc2)C1;CS(=O)(=O)c1ccc(OCCNC(=O)NC2CC2)cc1;CCN(C(=O)C1CCS(=O)(=O)C1)c1ccc(OC)nc1;CS(=O)(=O)Nc1ccccc1C(=O)NCC1CCCO1;CCS(=O)(=O)c1ccc(C(=O)NCCNC(C)=O)cc1;CS(=O)(=O)Nc1ccc(C(=O)NCC2(O)CCC2)cc1
m_c933b7,COC(C)CS(=O)(=O)N1CCC(Nc2ccccc2F)CC1;CC(COc1ccc(F)cc1)NC1CCN(S(C)(=O)=O)CC1;Cc1ccc(S(=O)(=O)N2CCC(Nc3ccccc3)C2)cc1C;COc1ccc(C(C)NCC2CCCN2S(C)(=O)=O)c(F)c1;CC(C)N(CCCNC(=O)Cc1ccc(F)cc1)S(C)(=O)=O;CNS(=O)(=O)c1ccc(NCC2(C)CCCCC2O)c(F)c1;CCC(CO)N1CCN(S(=O)(=O)Cc2cccc(F)c2)CC1;CCS(=O)(=O)c1ccc(NC2CCN(c3ccccc3)C2)cc1;CCN(CC)S(=O)(=O)CC(=O)NC(C)(C)c1cccc(F)c1;Cc1cccc(C(C)Nc2cccc(N3CCCS3(=O)=O)c2)c1;COC1CC(CN(C)S(=O)(=O)c2cccc(C)c2F)N(C)C1;CC1(C)C2CCC13CS(=O)(=O)N(Cc1cccc(C#N)c1)C3C2;Cc1cccc(CNc2cccc3c2CCN(S(C)(=O)=O)C3)c1;COC1CC(CN(C)S(=O)(=O)c2cc(C)cc(F)c2)N(C)C1;CCN(CC(=O)NC(C)(C)C)S(=O)(=O)Cc1cccc(F)c1;CC(C)Nc1cc(F)ccc1NC(=O)CS(=O)(=O)C(C)(C)C;Cc1c(F)cccc1S(=O)(=O)N1CCN(CC(C)O)CC1C;COc1ccc(S(=O)(=O)N(C)C2CCCN(C)C2)c(C)c1F;CC(C)C(CNS(=O)(=O)c1cccc(F)c1)N1CCOCC1;COc1ccc(S(=O)(=O)NC2CCC(N(C)C)C2)c(C)c1F;COc1ccccc1N1CCC(NC(=O)c2ccc(C)s2)CC1;CN1CCN(S(=O)(=O)Cc2ccccc2)C(c2ccccc2)C1;C[C@H](CN(C)C)CN1c2ccccc2S(=O)(=O)c2ccccc21;Cc1ccccc1CS(=O)(=O)NCC1(c2ccccn2)CCC1;COc1ccccc1N1CCC(CNC(=O)c2ccc(C)s2)C1
m_c9a4bc,O=C1CCCC(C(=O)Nc2ccn(-c3ccccc3Cl)n2)N1;CN1CCC(NC(=O)c2ccn(-c3ccccc3Cl)n2)C1=O;Cc1cc(NC(=O)C2CCN(c3ccc(Cl)cc3)C2=O)[nH]n1;Cn1cc(N2CCC(NC(=O)c3ccccc3Cl)C2=O)cn1;Cc1cc(NC(=O)C(=O)N2CCc3cc(Cl)ccc32)nn1C;Cn1cc(N2CCC(NC(=O)c3cccc(Cl)c3)C2=O)cn1;O=C(CNC(=O)C1(c2cccc(Cl)c2)CC1)Nc1cn[nH]c1;O=C(CCN1CCCC1=O)Nc1ccc2cc(Cl)cnc2n1;NC(=O)c1ccc(N2CCC(Oc3cccc(Cl)c3)C2)nn1;NC(=O)C1CN(c2ccc(-c3ccccc3Cl)nn2)CCO1;O=C1CCC(CNC(=O)c2c[nH]nc2-c2cccc(Cl)c2)N1;O=C1OCCN1C1CCN(c2ncnc3ccc(Cl)cc23)C1;Cn1cc(NC(=O)C(=O)N2CCc3ccc(Cl)cc3C2)cn1;Cn1cc(Cl)cc1C(=O)Nc1ccc(N2CCCC2=O)cn1;O=C1CN(Cc2nc3ccc(Cl)cc3c(=O)[nH]2)CC2(CC2)N1;COc1ccc(Cl)cc1C(=O)NC1CN(c2cnccn2)C1;O=C(NCc1nnc2n1CCC2)C1Cc2cc(Cl)ccc2O1;CCC1=C(C(=O)OC)C(c2ccccc2Cl)N2NC=NC2=N1;O=C(c1ccc(Cl)cc1O)N1CCN(c2cnccn2)CC1;CN(CC(=O)Nc1cccc(Cl)c1)c1ccnc(C(N)=O)c1;CN(C(=O)c1ncncc1Cl)C1CCOC1c1cccnc1;O=C(Nc1ccc(Cl)cc1)N1CCC(Oc2ccncn2)C1;O=C(O)c1cccc(N2CCN(c3ncccc3Cl)CC2)n1;CCn1ncc2c(=O)n(Cc3cccc(OC)c3Cl)cnc21;COc1c(Cl)cccc1-c1noc(-c2ccnn2C(C)C)n1
m_c9c302,COc1ccc(C)c2c1N(C(=O)C1CCN(C(=O)N(C)C)CC1)CCC2;CCCNC(=O)N1CC[C@H]2CC(=O)Nc3cc(C)ccc3OCC[C@H]2C1;CNC(=O)CC1(O)CCCN(CCC(=O)N2CCCc3ccccc32)C1;CN(C)C(=O)CC1(O)CCCN(Cc2ccc3c(c2)CCC(=O)N3C)C1;CCN(CC)C(=O)N1CCN(C(=O)C2CC2c2cccc(OC)c2)CC1;COc1ccccc1NC(=O)NC[C@H]1[C@@H]2CC(=O)N(C(C)C)[C@@H]2C[C@@H]1C;CNC(=O)C1CCC(NC(=O)N2CCC(c3ccc(OC)cc3)C2)CC1;CCOc1ccc(C2CC2NC(=O)N2CCC(CC(=O)NC)CC2)cc1;Cc1cc(NC(=O)C2CCCC(=O)N2C)ccc1OCCN1CCCC1;COc1ccc([C@H]2C[C@H](NC(C)=O)C[C@@H]2C(=O)N2CCN(C)CC2)cc1;CNC(=O)C1CCCC1NC(=O)NCC1CCCc2cc(OC)ccc21;CCOc1ccc(N2CC(NC(=O)NC3CCCCC3C)CC2=O)cc1;COc1cccc2c1CCC2NC(=O)N1CCCC1CN1CCOCC1;COc1ccc2c(c1)CN(C(=O)CCNC(N)=O)C(C1CCCCC1)C2;COCCCNC(=O)[C@@H]1C[C@H](CC(C)C)N[C@]12C(=O)Nc1ccccc12;CCNC(=O)N1CC[C@H]2CC(=O)N(Cc3ccc(OC)cc3)CC[C@H]2C1;CC1(C2CC2)CN(C(=O)NCc2ccccc2N2CCOCC2)CCO1;CC[C@H]1CN(C(=O)Nc2cccc(OC)c2)CC[C@H]1CC(=O)NC1CC1;O=C(CN1CCCCC(O)C1=O)NCc1ccccc1N1CCCCC1;CCC(CC)C(=O)N1CC[C@H]2CC(=O)Nc3cccnc3OCC[C@H]2C1;CC[C@H]1CN(C(=O)N2CCOCC2)CC[C@H]1CC(=O)Nc1ccccc1;COc1ccccc1C1CCCN1C(=O)C1CC(=O)N(CCN(C)C)C1;C=CCNC(=O)C[C@@H]1CCN(C(=O)Nc2cccc(OC)c2)C[C@@H]1CC;CC(Oc1cccc(C(C)C)c1)C(=O)N1CCC(N2CCNC2=O)CC1;COc1ccc(C2(CNC(=O)NC3CC(=O)N(C)C3)CCCCC2)cc1
m_c9c422,O=C(NC1(C(=O)O)CCSC1)c1ccc2c(c1)OCCCO2;COc1ccc2c(c1OC)C(=O)N1C2SC(C)(C)[C@H]1C(=O)O;COC(=O)[C@@H]1SC[C@@H](NC(=O)c2ccccc2)[C@@H]1OC(C)=O;CCc1ccc2occ(C(=O)NC3CS(=O)(=O)CC3O)c2c1;Cc1c(Cl)c(C(=O)NC2COc3ccc(F)cc3C2)nn1C;CCn1ncc(Cl)c1C(=O)NC1CCOc2ccc(F)cc21;CNC(=O)C1CCCN1C(=O)c1[nH]c2ccc(F)cc2c1Cl;CC1Cc2cc(S(=O)(=O)NC3C=CC(C(=O)O)C3)ccc2O1;O=C(c1cc(-c2ccccc2Cl)[nH]n1)N1CC(F)CC1CO;Cc1noc(C2CCCN(C(=O)c3ccc(Cl)cc3F)C2)n1;CNC1CCCN(C(=O)c2c[nH]cc2-c2ccc(Cl)s2)C1;CC(Oc1ccc(F)cc1Cl)C(=O)N1CCc2[nH]ncc2C1;O=C1Nc2ccccc2C12NCCc1c2[nH]c2ccc(Cl)cc12;NC(=O)C1CCN(C(=O)c2[nH]c3ccc(F)cc3c2Cl)CC1;N#Cc1cnn(-c2ccc(C(=O)NCc3ccsc3)cc2)c1N;Cc1ccc2cc(C3NC(=O)c4ccccc4N3)c(Cl)nc2c1;COc1ncc(Cl)c(N2CC(O)CC2c2cccc(F)c2)n1;COc1ncc(Cl)c(N2CC(O)CC2c2ccc(F)cc2)n1;Cc1cn2nc(C(=O)Nc3nc4c(C)cccc4s3)ccc2n1;COC(=O)c1cc(C)sc1NC(=O)C1CC=CCC1C(=O)O;CC(=O)NC1=CC(=O)[C@@H]2CC(C)=C3[C@@H](CCS3(=O)=O)[C@H]2C1=O;CC1CNCCN1C(=O)c1cc(-c2cccc(Cl)c2F)no1;Cn1cc(CCC(=O)NC2CCCc3sc(Cl)cc32)cn1;Cn1ccc2c(C(=O)Nc3cn[nH]c3-c3nccs3)cccc21;Cn1ccc(CCC(=O)NC2CCCc3sc(Cl)cc32)n1
m_cad5a6,CNS(=O)(=O)c1ccc2c(c1)CCN2Cc1cnc(C2CC2)s1;Cc1nc(C(C)(C)NS(=O)(=O)Cc2cccc(C#N)c2)sc1C;Cc1csc(Sc2ccc(NC(=O)N3CCOCC3)c(C)c2)n1;C[S+]([O-])c1ccc(CNC(=O)NC(c2nccs2)C2CC2)cc1;Cc1nc(-c2cccs2)sc1C(=O)N1CCC(CC(N)=O)CC1;Cc1nc(-c2cccs2)sc1C(=O)N1CCCC1C(=O)N(C)C;CN(C)C(=O)Cn1cc(C(=O)Nc2cc(Cl)cc3c2OCC3)nn1;CCc1sc(C(=O)N2CCCC2C(=O)Nc2nccs2)cc1C;CN1Cc2c3c(cc(O)c2-c2ccc4cc5c(cc4c21)OCO5)OCO3;CN1c2c(ccc3cc4c(cc23)OCO4)-c2ccc3c(c2[C@@H]1O)OCO3;Cc1csc(C(NC(=O)C(C)NC(=O)c2cccs2)C2CC2)n1;Cc1cc2c(c(=O)o1)C(c1cc3cccc4c3n(c1=O)CC4)CC(=O)O2;COc1c(OC(C)=O)cc2c3c(cc4ccccc4c13)N(C(C)=O)C2=O;CCN(C)C(=O)c1cccc(C(=O)Nc2nc(C)c(SC)s2)c1;O=C(NC1CN2CCC1CC2)c1cc(Cl)c([N+](=O)[O-])c2[nH]cnc12;COCc1c(C(=O)Nc2ccc(C(F)(F)F)cc2)oc2ccccc12;CC1OCCN(C(=O)c2ncncc2Cl)C1c1nc(C2CC2)no1;Cn1c(=O)c(C2CC(=O)Oc3cc4c(cc32)OCO4)cc2ccccc21;COc1c(OC(C)=O)c(OC)c2ccnc3c2c1-c1ccccc1C3=O;O=C(Cc1ccccc1Cl)N(Cc1cccs1)C1CCOCC1;N=C(N)NCCC[C@H]1NCCc2c1[nH]c1cc(Br)ccc21;O=C(O)C1CC12CCN(S(=O)(=O)c1cnn(CC(F)F)c1)CC2;COCCOC(=O)c1c2c(n3ccccc13)C(=O)c1ccccc1C2=O;Cc1ccc(-c2csc(NC(=O)CN3CCCCCC3=O)n2)s1;O=C(O)Cn1cc(C(=O)N2CCN(c3cccc(Cl)c3)CC2)nn1
m_cc35ab,CC(C)CN1CC(C(=O)N2CCC(c3ccccn3)C2)CC1=O;O=C(NCCc1ccccn1)C1CCCCC1N1CCCC1=O;O=C(Cc1ccccn1)N1CCN(C(=O)CC2CCCC2)CC1;CN1CCC(C(=O)N2CCC(Cc3cccnc3)CC2)CC1=O;CCc1ccnc(C(=O)N2CCC(C(=O)N3CCCC3)CC2)c1;O=C(NC1CCCCC1)N1C[C@H]2C[C@@H](C1)c1cccc(=O)n1C2;NC(=O)CN1CCCN(C(=O)C2(c3ccccc3)CCC2)CC1;CC(C)C(O)CC(=O)N1CCC(c2c[nH]c3ncccc23)CC1;CC=Cc1ccc(=O)n2c1[C@H]1C[C@@H](CN(C(=O)NC(C)C)C1)C2;Cc1cnc(C(=O)N2CCCC(N3CCCC3=O)CC2)c(C)c1;CC1(C)CN(C(=O)C2CC2)CCN1C(=O)CCc1cccnc1;CN(c1ccccc1)C1CCN(C(=O)C2CCNC(=O)C2)CC1;NC(=O)[C@H](Cc1ccccc1)N1CC[C@H]2CNCC[C@H]2CC1=O;CC(C(=O)N1CCC(C(N)=O)CC1)N1CCc2ccccc2C1;Cc1ccc(C2CC2NC(=O)N2CCC(C(N)=O)CC2)cc1C;Cc1ccc(CN2C[C@@H]3[C@H](OCC4CC4)C(=O)N(C)[C@@H]3C2)cn1;Cc1ccc(N2CCC(C(=O)N(C)C3CCNC3)C2=O)cc1C;CC[C@H]1CN(C(=O)c2cccnc2)CC[C@H]1CC(=O)NC1CC1;C=CC(C)(CC)C(=O)NC1CCN(C(=O)c2ccncc2)CC1;Cc1ccc(C2(CNC(=O)N3CCNC(=O)CC3)CC2)c(C)c1;CC(NC(=O)N1CCC(C(N)=O)C1)c1ccc2c(c1)CCCC2;O=C(NCC1CCC1)NC(CN1CCCC1=O)c1ccccc1;C=CCNC(=O)C[C@@H]1CCN(C(=O)c2cccnc2)C[C@@H]1CC;CCOc1ccc(OCCN2CCCC(c3ccn[nH]3)C2)cc1;Cn1ccc(C(=O)NC2CCC(=O)NC2C2CC2)c1C1CCC1
m_cc95e9,Cc1c(F)cccc1C(=O)NCCc1csc(-c2ccccc2)n1;Cc1cc(F)cc(C(=O)NCCc2csc(-c3ccccc3)n2)c1;Cc1cccc(C(=O)NCCc2csc(-c3ccccc3)n2)c1F;Cc1csc(-c2ccc(CNC(=O)Cc3cccc(F)c3)cc2)n1;O=C(C1CCCN1C(=O)c1cc(F)ccc1F)N1CCSCC1;CCCOc1cc(CNC(=O)c2cc(F)c(F)c(O)c2F)ccn1;O=C(O)COc1cccc(NC(=O)CN2Cc3ccccc3C2=O)c1;Cc1cc(=O)c(C(=O)NCc2ccc(OC(F)F)c(F)c2)cn1C;COC(=O)C(c1cc(F)c(F)c(F)c1)N(C)C(=O)c1cccn1C;CC(O)(CNC(=O)c1c[nH]c(=O)c(C(F)(F)F)c1)c1ccccc1;O=C(NCc1ccccc1CO)c1cccc(OCC(F)(F)F)n1;COc1ccc(OC)c(C(=O)N(CC(F)(F)F)c2ccccn2)c1;O=C1COc2ccc(C(=O)NCCc3cccc(C(=O)O)c3)cc2N1;Cc1noc(C)c1CSCC(=O)NC(C)c1ccc(F)c(F)c1;O=C1COc2cc(C(=O)NCC(C(=O)O)c3ccccc3)ccc2N1;CC(C(=O)c1ccc(F)cc1)n1cnc(-c2ccc(F)cc2)cc1=O;O=C(O)C1CCCN1Cc1coc(-c2ccccc2C(F)(F)F)n1;O=C1O[C@H](N2C(=O)CC[C@H]2C(=O)NCc2ccco2)c2ccccc21;CCC(NCc1cc(F)ccc1F)c1cccc(S(N)(=O)=O)c1;Cn1c(C(=O)N(CC(=O)O)C2CC2)cc2cc(C(F)(F)F)ccc21;CC(c1ccc(S(N)(=O)=O)cc1)N(C)Cc1cc(F)ccc1F;O=C(O)c1ccccc1NC(=O)N1Cc2ccccc2C[C@H]1C(=O)O;CN(C)C(=O)C1CSCN1C(=O)C1CC1c1c(F)cccc1F;CNS(=O)(=O)c1cccc(C(C)NCc2ccc(F)c(F)c2)c1;Cc1cccc2c(O)c(C(=O)N3CCOC(C(F)(F)F)C3)cnc12
m_cd50d8,Cc1cnn(C)c1S(=O)(=O)N1CC2(CCCC2)OCC1CN(C)C;CCC1CN(S(=O)(=O)c2cnn(C(C)C)c2)CC1N1CCOCC1;COC1CCCC1NC1CCN(S(=O)(=O)c2c(C)n[nH]c2C)CC1;CCC(C)NC(=O)C1CCN(S(=O)(=O)c2cn(C(C)C)cn2)CC1;Cc1nn(CC(=O)N2CCCCC2)c(C)c1S(=O)(=O)NC(C)(C)C;Cc1nn(CC(=O)NCC2CCCCC2)c(C)c1S(=O)(=O)N(C)C;COC[C@@H]1C[C@H](n2cc(NS(C)(=O)=O)cn2)CN1CC1CCCC1;Cc1nc(S(=O)(=O)NCCC(=O)NCCC2CCCCC2)cn1C;Cc1noc(C)c1CN1CCN(S(=O)(=O)N2CCCC(C)C2)CC1;COC[C@@H]1C[C@H](n2cc(NS(C)(=O)=O)cn2)CN1C1CCCCC1;C=C1Cc2[nH]c3ccccc3c2C(C)(C)C12C(OCC)=Nc1ccccc12;CC(C)c1nnc(S(=O)(=O)CC(=O)NC2CCCCCCC2)n1C;CCS(=O)(=O)NCCN1CCCCC1c1ccc(C(=O)NC)n1C;Cn1nc(CC2CCCCC2NS(=O)(=O)CC2CCC2)n(C)c1=O;Cn1c(-c2ccccc2)nc2c(c1=O)C1(CCCCC1)Cc1ccccc1-2;CNC(=O)c1ccc(C2CCCCN2CCCNS(C)(=O)=O)n1C;O=c1ccc(-c2ccccc2)c2n1C[C@H]1C[C@@H]2CN(Cc2ccccc2)C1;CN(CC(O)CCc1ccccc1)C1CCN(c2ccccc2F)C1=O;CN(C)C(=O)COCC1CN(Cc2cccc(F)c2F)CC(C)(C)O1;CN(C)C(=O)COCC1CN(Cc2ccc(F)c(F)c2)CC(C)(C)O1;CN(C)C(=O)COCC1CN(Cc2c(F)cccc2F)CC(C)(C)O1;CN(C)C(=O)COCC1CN(Cc2ccc(F)cc2F)CC(C)(C)O1;O=c1[nH]c(Cc2ccccc2)nc2c1C1(CCCCC1)Cc1ccccc1-2;O=C(c1ccc2c3c(cccc13)CC2)C1CCCN(Cc2ccccn2)C1;COCC1CCN(C(C(=O)Nc2ccc(F)cc2)c2ccccc2)CC1
m_cd6458,O=C(O)C1Cc2ccccc2CN1C(=O)c1cnn(-c2ccc(Br)cc2)c1;C[C@@H]1N[C@@]2(C(O)=Nc3ccccc32)[C@@H]2C(=O)N(c3ccc(Br)cc3)C(=O)[C@H]12;C[C@@H]1N[C@@]2(C(O)=Nc3ccccc32)[C@@H]2C(=O)N(c3cccc(Br)c3)C(=O)[C@H]12;O=C1Oc2ccccc2[C@H]2c3sc(=O)n(Cc4ccccc4)c3S[C@@H](C(=O)O)[C@@H]12;Cc1ccc(Br)c2c1C(C)(C)CN2S(=O)(=O)c1cc(C(N)=O)n(C)c1;COCc1cnc2c(c1SCc1ccc(Cl)cc1Cl)c(=O)n(C)c(=O)n2C;COc1ccc(-c2onc(C(=O)c3cccs3)c2S(=O)(=O)c2ccccc2)cc1
m_ce56d4,O=C1CCCN1c1cccc(-c2csc(-c3cnccn3)n2)c1;O=C1CCCN1c1ccc(-c2csc(-c3cnccn3)n2)cc1;O=C(c1csc(-c2cnccn2)n1)N1CCCc2ccccc21;O=C(Nc1nc(-c2ccccc2)cs1)c1cc(C2CC2)ncn1;Cc1ocnc1CNc1ncnc2sc(-c3ccccc3)cc12;O=C(Nc1nc(C2CC2)cs1)c1cnc(-c2ccccc2)nc1;COc1cccc(C2CC(O)CN2c2ncc(Cl)cc2F)c1;CSC(C)C(=O)N1CCN(c2nc3cccnc3s2)CC1;O=C(Nc1nnc(-c2ccsc2)s1)N1CCCCCCC1;N#Cc1ccccc1Cn1nc(-c2cccs2)n(C2CC2)c1=O;N#Cc1cccc(C(=O)NCCn2ccc(-c3cccs3)n2)c1;COc1ccccc1-c1nnc2sc(Cc3ccccc3)nn12;COc1cc2c(cc1OC)CN(c1ncc(Cl)cc1F)CC2;CCn1ccnc1SCc1csc(N(C(C)=O)C2CC2)n1;O=C(NCc1nc(C2CC2)no1)C(=O)Nc1cc(F)cc(F)c1;Cc1nc(C)c(C(=O)N2CCCN(c3nccs3)CC2)s1;Cc1ccn(C(=O)c2cc3c(C)nn(-c4ccccc4)c3s2)n1;Cc1cc(F)cnc1C(=O)Nc1nc(C)c(C(=O)N(C)C)s1;CCc1cc(C#N)c(NC(=O)c2ccn(-c3ccccc3)n2)s1;c1coc(C(CNc2ncnc3ncccc23)c2ccsc2)c1;Cc1cc(Sc2ncccn2)ccc1NC(=O)c1ccncc1;Nc1c(C(=O)N2CCc3c(F)ccc(F)c3C2)[nH]c(=O)[nH]c1=O;O=C(c1ccc(Cl)c2cccnc12)N1CCCC(F)(CO)C1;Cn1cc(Cl)cc1C(=O)N1CC(O)CC1c1cccc(F)c1;O=C(Nc1cccs1)N1CCCC(Oc2ncc(F)cn2)C1
m_ced31c,Cc1noc(C2CC(=O)N(C3CN(c4nc(C)nc(C)c4F)C3)C2)n1;CCc1ncnc(N2CC(N3CC(c4nc(C)no4)CC3=O)C2)c1F;CCc1cc(N2CCCC2C(=O)N2CCSCC2)n2ncnc2n1;CN1CCCC1C(=O)NCC1CCCN1c1ncnc2scnc12;Cn1ncc2c(N3CCCC(C(=O)N4CCSCC4)C3)ncnc21;Cc1nc(CN2CC(F)CC2CN(C)C(=O)c2cc(C#N)c[nH]2)no1;N#Cc1cnc(N2CCCN(C(=O)CC3CCCC3)CC2)c(Cl)c1;O=C(c1cnccn1)N1CCN(c2ccnc(-c3ccccc3)n2)CC1;Cc1ncc(CN2CC(CC(=O)N(C)C)c3cc(Cl)ccc32)n1C;Cc1nc2c(s1)C(N(C)C(=O)Nc1cncnc1N(C)C)CCC2;CCC(C)c1csc(NC(=O)N2CCN(c3cnccn3)CC2)n1;CC1CN(c2cccc(Cl)c2)CCN1C(=O)CCc1cnn(C)c1;Cc1csc(N2CCN(C(=O)CCCNc3ncccn3)CC2)n1;Cc1nc(NC(=O)N2CCC(c3nnc4n3CCC4)CC2)sc1C;COC1CC(c2nc(-c3cccnc3)c[nH]2)N(c2ncccc2C#N)C1;Cc1c(CCC(=O)NC2CCN(c3cccc(Cl)c3)C2)cnn1C;CN1CCC(N2CC[C@H](c3nnc(-c4ccc(Cl)cc4)o3)C2)CC1;CC1=C(C(=O)Nc2ccccc2C)C(c2cccnc2)n2ncnc2N1;CCn1cnc2c1CCN(C(C)C(=O)Nc1cccc(Cl)c1C)C2;Cc1n[nH]c(C)c1CC(=O)NC1CCCN(c2ccccc2Cl)C1;c1cnc2[nH]cc(Cc3nc(-c4ccnc(N5CCCC5)c4)no3)c2c1;Cc1n[nH]c(C)c1CC(=O)N1CCCN(c2ccccc2Cl)CC1;Cc1nnnn1-c1ccc(C(=O)N2CCCC2C(=O)N(C)C)c(F)c1;CC(C)c1nc(=O)cc(CN2CCN(c3ccccc3Cl)CC2)[nH]1;Cn1cc(CCC(=O)N2CCCN(c3ccccc3Cl)CC2)cn1
m_cfb3df,CCN(C1CCN(c2ccccc2)C1=O)S(=O)(=O)c1cccc2cnccc12;Cc1cccc(N2CCC(N(C)S(=O)(=O)c3cccc4cnccc34)C2=O)c1;CN(C)S(=O)(=O)c1ccc2c(c1)N(C(=O)c1ccnc3ccccc13)CCC2;CSc1cccc(NC(=O)CN2C(=O)[C@@H]3CCCN3C(=O)c3ccccc32)c1;Cc1cc(C(=O)N2CCc3ccc(S(=O)(=O)N(C)C)cc32)c2ccccc2n1;COc1ccc2sc(C(=O)NC3CCCN(c4cccnc4)C3=O)c(C)c2c1;CCN1C(=O)c2ccccc2N2C(=O)CC[C@@]12C(=O)Nc1cccc(SC)c1;Cc1oc(C2CCN(S(=O)(=O)c3ccccc3F)CC2)nc1C(=O)N(C)C;CCC(C)C(=O)Nc1nc(-c2ccc(S(=O)(=O)N(CC)CC)cc2)cs1;COC1CC(C(=O)N2CCCC2)N(S(=O)(=O)Cc2cc(C#N)ccc2F)C1;C#CCNC(=O)[C@@H]1C[C@@H](O)[C@H](O)[C@@H]2NC(=S)N(c3cccc4ccccc34)[C@@H]21;CSCC(=O)N[C@H]1CCN2C(=O)c3cc(-c4ccccc4)ccc3NC(=O)[C@H]12;O=C1NCCCn2cc(S(=O)(=O)N(Cc3ccccc3)c3ccccc3)cc21;COc1ccc(S(=O)(=O)N2CCN(Cc3ncc(C(C)C)s3)CC2)cc1;CCN(C1CCN(C(=O)c2c[nH]cc2-c2ccc(C)s2)CC1)S(C)(=O)=O;CCS(=O)(=O)N1CCCC(C(=O)Nc2sc3c(c2C#N)CCCCC3)C1;CCOc1ccc(C(=O)N2CSCC2C(=O)Nc2ccc3[nH]ccc3c2)cc1;COc1ccc2[nH]c3c(c2c1)CCN1C(=O)CN(Cc2cccs2)C(=O)[C@]31C;CC(C)c1ccc(NS(=O)(=O)c2ccc(NC(=O)c3ccncc3)cc2)cc1;CCS(=O)(=O)c1ccc2oc([C@H]3CCN(Cc4cccc(C#N)c4)C3)nc2c1;CS(=O)(=O)c1ccc(C(=O)Nc2ccc(-c3cn4c(n3)CCCC4)cc2)cc1;COc1ccc(-c2nc(CN3c4ccccc4CC3C(N)=O)cs2)c(OC)c1;CCCS(=O)(=O)NC1CCN(C(=O)c2c[nH]cc2-c2ccc(C)s2)CC1;Cc1ccc(S(N)(=O)=O)cc1C(=O)N(C)C(C)c1sc(C(C)C)nc1C;COC(=O)c1ccccc1NC(=O)CSc1nc2c(cc1C#N)CCCCC2
m_d01f54,CC(C)n1cnc(S(=O)(=O)Nc2cc(F)c(F)cc2Cl)c1;CC(Sc1cc(C#N)ccn1)C(=O)Nc1cc(Cl)ccc1F;Cc1cccn2c(=O)nc(SCc3c(F)cccc3Cl)nc12;CN(CC(=O)Nc1ccc(Cl)c(Cl)c1)c1nccnc1C#N;COc1cc(/C=N\NC(=O)c2nonc2N)cc2sc(=O)oc12;Cc1nn(S(=O)(=O)N2CCC(C)CC2)c(C)c1Br;O=C(NCc1ccc(Cl)cc1)c1cc([N+](=O)[O-])cc([N+](=O)[O-])c1;COc1ccc(Br)c(C(=O)NCCCC(C)(F)F)c1
m_d07b86,CC1CC(CNS(=O)(=O)c2cc(F)ccc2F)CCO1;Cc1cc(F)c(S(=O)(=O)NCC2CCOCC2)cc1F;CC(O)C1CCCN(S(=O)(=O)c2cc(F)cc(F)c2)C1;O=S(=O)(NCC(F)(F)CO)c1ccc2c(c1)CCCC2;O=S(=O)(Cc1c(F)cccc1F)NCC1(CCO)CC1;O=S(=O)(c1ccccc1NC1CCCOCC1)C(F)F;O=S(=O)(c1ccc(NC2CCC(O)CC2)cc1)C(F)F;CC1(C)CN(c2ccccc2S(=O)(=O)C(F)F)CCO1;Clc1cccc(-c2noc(NC3CCOC3C3CC3)n2)c1;O=C(NC1(c2cccc(F)c2)CCOCC1)c1cccs1;O=C(NCCC1(O)CCCOC1)c1ccsc1C(F)F;O=C(CC1CCCO1)Nc1ccc(Cl)cc1-n1cccn1;N#Cc1ccc(Cl)cc1N1CC2COCCC2(C(N)=O)C1;O=C(NCC(O)c1cccs1)C1(c2ccc(F)cc2)CC1;O=C(CCC1CCOC1)Nc1ccc2cc(Cl)cnc2n1;O=C(CC1CCCO1)Nc1cnn(-c2ccccc2Cl)c1;CCC(NC(=O)CCS(C)(=O)=O)c1cc(F)ccc1F;O=C(COc1ccccc1F)NCC1(c2cccs2)CC1;O=C(Nc1nnc(-c2ccccc2Cl)o1)C1CCCCC1;OC(c1cccs1)(c1cccs1)C1CN2CCC1CC2;O=C(NCCC1(O)CCOCC1)c1ccsc1C(F)F;Cc1ccc(F)c(C(=O)NCC[S+]([O-])c2ccccc2)c1;Cc1cc(NC(=O)C2CCCO2)n(-c2ccc(Cl)cc2)n1;CC=C[C@H](OC(=O)c1ccc([N+](=O)[O-])cc1)[C@@H]1CCC(=O)O1;COC1CC(C(N)=O)N(c2ccnc3ccc(Cl)cc23)C1
m_d1e5ef,O=C(CC1OCCc2ccccc21)NCc1ccc(OCc2ccccc2)cc1;O=C(C[C@H](c1ccccc1)c1ccc(O)cc1)NC[C@@H]1OCCc2ccccc21;COc1cc2c(cc1OC)C(Cc1ccc(OCc3ccccc3)cc1)=NCC2;COc1ccc(C(=O)CCC(=O)N[C@@H](Cc2ccccc2)c2ccccc2)cc1;O=C(CC(c1ccccc1)c1ccccc1)N1CCOC(c2cccc(O)c2)C1;COc1cc2c(cc1OC)CN(C(=O)C(c1ccccc1)c1ccccc1)CC2;COc1ccccc1[C@@]1(CCNC(=O)c2cccs2)CCO[C@@H](C(C)C)C1;CCCCC(=O)N(Cc1ccc(-c2ccccc2C(=O)O)cc1)c1ccccc1;Cc1ccc(CNC(=O)c2oc3ccc4c(c3c2C)C=CC2(CCCC2)O4)cc1;Cc1c(C(=O)NCCc2ccccc2)oc2ccc3c(c12)C=CC1(CCCC1)O3;Cc1ccccc1C1CC(N(C(=O)C2CC23CCS(=O)(=O)CC3)C2CC2)C1;CCCCCCCCCNC(Cc1ccc(OP(=O)(O)O)cc1)C(=O)O;CCn1cc(/C=C2\Oc3c(ccc(OCC=C(C)C)c3C)C2=O)c2ccccc21;CCCCCCCC(C)NC(Cc1ccc(OP(=O)(O)O)cc1)C(=O)O;COc1ccc(C(=O)c2cn(CCCCCO)c3ccccc23)c2ccccc12;Cc1nc(C(=O)N(C)C)nc(N2CCC(NCc3ccccc3Cl)C2)c1C;Cc1nc(C(=O)N(C)C)nc(N2CCC(NCc3cccc(Cl)c3)C2)c1C;Cc1nc(C(=O)N(C)C)nc(N2CCC(NCc3ccc(Cl)cc3)C2)c1C;Cn1cc(Cl)c(CNC(=O)N2CCC3(CCN(Cc4ccccc4)C3)C2)n1;OCC(c1ccc(Cl)cc1)N1CCN(c2cc(NCC3CC3)ncn2)CC1;O=C(c1cn(C2CCNCC2)nn1)N(Cc1ccccc1Cl)C1CCCC1;COC1CC(CN)N(c2cc(NCC3(c4cccc(Cl)c4)CC3)ncn2)C1;Cn1c(C(=O)N2CCCC2)nnc1N1CCC(C)(c2cccc(Cl)c2)CC1;COc1c(-c2c(C)cc(OC)c3c(OC)cccc23)ccc2cc(C)nc(C)c12;O=C(Nc1c[nH]nc1C1CCCN(Cc2ncccc2Cl)C1)C1CCCC1
m_d1ecad,CCc1nnc2n1CC(NC(=O)CCc1ccc3c(c1)OCO3)CC2;Cn1cnnc1C1CCN(C(=O)Cc2ccc3c(c2)OCCO3)CC1;Cn1cnnc1C1CCCN(C(=O)Cc2ccc3c(c2)OCCO3)C1;CC(C)c1nnc2n1CC(NS(=O)(=O)CC1CCCCO1)CC2;COC(=O)C1CCc2nnc(C(=O)Nc3ccc(C)c(C)c3)n2CC1;CC(C)CCS(=O)(=O)CC(=O)N1CCn2c(nnc2C(C)C)C1;CC(C)n1cnnc1C1CCCN(C(=O)c2cccc(C(=O)O)c2)C1;COc1ccc(CCC(=O)NC2CCN(c3cnn(C)c3)C2=O)cc1;CNC(=O)C1CN(Cc2cccc3c2OCO3)CC1c1cnn(C)c1;CN(Cc1ccc2c(c1)OCO2)C(=O)Nc1cc(C2CCC2)nn1C;CNC(=O)c1ccn(C2CCCN(Cc3cccc4c3OCO4)C2)n1;COc1ccc(C(=O)N2CC(OC)CC2c2ncn[nH]2)cc1C1CC1;CCn1c(C2CC(OC)CN2Cc2coc3ccccc23)n[nH]c1=O;COC1CC(c2ncn[nH]2)N(C(=O)c2ccc(OCC3CC3)cc2)C1;COc1ccc(CC2c3cc4c(cc3CC[N+]2(C)C)OCO4)cc1O;CC[C@H](C)[C@@H]1NC(=O)[C@H](CCC(N)=O)n2c1nc1ccccc1c2=O;COc1cc(CNC2CCCN(c3ncccn3)C2)cc2c1OCO2;COc1cc2c(cc1OC)CN(C(=O)CCNc1ncccn1)CC2;COc1ccc(CNC(=O)CNC(=O)C2CCc3[nH]ncc3C2)cc1;Cc1cc(C(=O)OC(C)(C)C)cc(C(=O)N2CCn3cnnc3C2)c1;COc1ccc(CC(=O)NC2CCCN(c3ncc[nH]c3=O)C2)cc1;CC(C)C[C@@H]1NC(=O)[C@H](CCC(N)=O)n2c1nc1ccccc1c2=O;Cc1cnn(CC2CCCN2C(=O)COc2cccc(C(N)=O)c2)c1;Cc1cnn(CC2CCCN2C(=O)COc2ccc(C(N)=O)cc2)c1;CC1(C)Cc2cc(C(=O)NC(C)(Cn3cccn3)C(N)=O)ccc2O1
m_d258c4,CC1CN(CC(=O)N2CCC(C(=O)N3CCCC3)CC2)C(C)CO1;CC1CCCCN1C(=O)CN1CCN(C(=O)C2CCOCC2)CC1;CC1CCN(C(=O)C2CCN(C(=O)NCC3CCCO3)CC2)CC1;O=C(CN1CCC(O)C1)NC1CCN(C(=O)C2CCCCC2)CC1;CC1CCCN1CC(=O)N(C)C1CCN(C(=O)C2CCOCC2)C1;CC(C)C1(C)CC1C(=O)N1CCN(C(=O)CN2CCOCC2)CC1;C[C@H]1C[C@@H]2[C@@H](CC(=O)N2CCN2CCOCC2)[C@@H]1CNC1COC1;CN(C(=O)CN1CCCC1)C1CCN(C(=O)COC2CCCC2)C1;O=C(O)C[C@@H]1CCN(C(=O)C2CCC2)C[C@@H]1CCN1CCNCC1;CC1CCN(CC(=O)N2CCC(C3OCCC3C(N)=O)CC2)CC1;O=C(CN1CCC(O)(C2CC2)C1)NCCCN1CCCCCC1=O;CC(=O)NC1CCCN(C(=O)CN2CCCC3(CCOCC3)C2)C1;CN1CCN(C2CCN(C(=O)C(O)C3CCCCC3)CC2)C(=O)C1;CC(=O)NC1CCCN(C(=O)CN2CCC3(CCOCC3)CC2)C1;CC(C)C(=O)N1C[C@@H]2COCCN2C2(C1)CN(C1CCOCC1)C2;CCOC1CC2(CCN(CC(=O)N3CCCC(NC(C)=O)C3)C2)C1;CC(C)C(=O)N1C[C@@H]2COCCN2C2(C1)CN(C(=O)C(C)(C)C)C2;COCC(=O)N1C[C@@H]2COCCN2C2(C1)CN(C1CCCCC1)C2;CC1CCC(N(CC2CCCO2)C(=O)NC2CCN(C)C2=O)CC1;O=C(CC1CCCC1)N1CCCN(C(=O)NCC2CCCO2)CC1;CCN(CC)C(=O)[C@@H]1CCC[C@@H](NC(=O)C2CC2)CN(C)C(=O)C1;CN(C)C(=O)C[C@@H]1CN(CC2CC2)[C@@H]2CO[C@@H](CC(=O)N(C)C)[C@H]12;O=C(CCC1CCCCO1)NC1CCN(CC(=O)NC2CC2)CC1;O=C1NCCCCC1N1CCN(C(=O)CC2(O)CCCCC2)CC1;CN1C[C@H](NC(=O)C(C)(C)C)CCC[C@@H](C(=O)NC2CC2)CC1=O
m_d274b6,COc1nc(C)cc(C)c1CNC(=O)NC1CCC2(CC1)CC2(F)F;Cc1ccc(F)cc1CNCC1CC(=O)N(C2CC2)C1c1cccnc1;Cc1cc(F)ccc1CNCC1CC(=O)N(C2CC2)C1c1cccnc1;Cc1cc(CN2CCC(N3CCNC3=O)CC2)cc(C)c1OC(F)F;Cc1cccn2c(=O)cc(CNC(c3ccc(F)cc3)C(C)(C)C)nc12;O=C(c1cc(OCC(F)F)ccn1)N1CCCN(C2CCCC2)CC1;COCC1CCN(C(=O)NC2CCN(C)C2c2ccc(F)c(F)c2)C1;O=C(c1cc(C2CC2)nc2ccc(F)cc12)N1CCN(CC2CC2)CC1;CCCNC(=O)N1[C@@H]2CNC[C@H]1C2c1ccc(-c2ccccc2F)cc1;CCCNC(=O)N1C[C@@H]2N[C@H](C1)C2c1ccc(-c2cccc(F)c2)cc1;COCC(=O)NC[C@H]1O[C@@H](CO)[C@@H](O)[C@H]1N(C)CCc1ccccn1;CC(C)c1ccc2c(c1)C(N1CCN(C)CC1)Cc1cccnc1S2;CCCCC[C@H]1OC(O)CC1n1cnc(C[C@H](NC(C)=O)C(=O)O)c1;CC(C)C#CC(=O)N1Cc2cnn(-c3ccc(F)cc3)c2CC(C)(C)C1;CC(=O)NC[C@H]1O[C@H](Cc2cc(CN3CCOCC3)on2)CC[C@@H]1O;C#CCNC(=O)C[C@@H]1O[C@H](CNC(=O)NC2CCCCC2)[C@@H](O)[C@H]1O;CN(C)CC(=O)N1C[C@@H]2N[C@H](C1)C2c1ccc(-c2ccccc2F)cc1;C=CCNC(=O)N[C@H]1CO[C@H]2[C@@H]1OC[C@H]2OC(=O)NC1CCCCC1;CCC(CC)c1cc(C(=O)N2CCOC(CN(C)CC(=O)O)C2)on1;CCCN1CCN(C(=O)CCCNC(=O)c2ccc(F)cc2F)CC1;O=C(C[C@@H]1C[C@H]2O[C@H](CNC(=O)NC3CCC3)[C@@H](O)[C@H]2O1)NC1CC1;O=C(NCCc1c(F)cccc1F)N1CCN(C2CCOCC2)CC1;CCc1ccc(NC(=S)NC2CCN(Cc3ccccc3)CC2)cc1;O=C1C(N2CCC(Nc3ccccc3)CC2)CCN1c1ccccc1F;CN1CCN([C@H]2[C@@H]3OCC(O3)[C@@H](NCc3ccc(CO)o3)[C@@H]2O)CC1
m_d3998e,Cn1cc(Cl)cc1C(=O)N1CCCC(CCC(=O)O)C1;Cn1cc(Cl)cc1C(=O)N1CCCCC1CCC(=O)O;COC(=O)C1(CNC(=O)c2cc(Cl)c[nH]2)CCCCC1;COCC1CN(C(=O)c2ccc(Cl)cn2)CC(C)(C)O1;COCC1CCN1C(=O)c1cnc(OC(C)C)c(Cl)c1;COc1ccc(CN2CCCC(O)(C(N)=O)C2)cc1Cl;O=C(c1cnc2[nH]c(=O)[nH]c2c1)N1CC(Cc2ccoc2)C1;N#Cc1ccc(C(=O)N2CCN3C(=O)CNC(=O)[C@H]3C2)cc1;NC(=O)c1cccc(C(=O)NC(C(N)=O)c2ccccc2)n1;COc1ccc(CN2CC(OC)CC2C(N)=O)cc1Cl;COc1ccc(Cl)cc1CN(C)C(=O)C1CC(O)CN1;COc1cc(Cl)ccc1CNC(=O)N1CCCC(O)C1;COc1ccc(CN2CCOC(C)C2C(N)=O)cc1Cl;O=C(c1ccc2[nH]nnc2c1)N1CCOC(c2ccco2)C1;NC(=O)C1(O)CCCN(CCOc2cccc(Cl)c2)C1;COc1ccc(Cl)cc1CN1CCN(CC(=O)O)CC1;COc1ccc(Cl)cc1CN(C)C(=O)C1COCCN1;COc1ccc(Cl)c(CN2CCOC(C)C2C(N)=O)c1;COP(=O)(OC)N1CC2CC(C1)c1cccc(=O)n1C2;COc1cc(C(=O)NCC2CNCCCO2)ccc1Cl;COc1ccc(Cl)cc1CN(C)C(=O)C1CNCCO1;COC(=O)N1CCCC(NC(=O)NCc2cscn2)C1;O=C(O)[C@@H]1CC2=c3c(c(O)c4c5c3N1CC[C@@H]5NCN=4)N=C2;CN1CC2C(CCCN2S(=O)(=O)c2ccnn2C)C1=O;COc1ccc(CNC(=O)C2NCCOC2C)cc1Cl
m_d4c45b,COC(=O)c1ccc(C(=O)NC2CCCCC2OC)s1;CC(C)COC1CCN(C(=O)c2ccc(C(=O)O)s2)C1;Cc1ccc(C(=O)N(CCC(=O)O)CC2CCCO2)s1;CCc1ccc(C(=O)N(CC(=O)O)C2CCOCC2)s1;Cc1cc(C(=O)NCC2(C(=O)O)CCOCC2)sc1C;CCCc1cc(C(=O)N2CCOCC2C(=O)O)sc1C;CC1(C)OCCC1NC(=O)c1ccc(S(C)(=O)=O)cc1;CCOC1CC(NC(=O)c2ccsc2)(C(=O)O)C1(C)C;CC1OCCC1(C)NC(=O)c1ccc(S(C)(=O)=O)cc1;Cc1ccc(CC(=O)N(CC(=O)O)C2CCOCC2)s1;COCc1ccc(C(=O)N(C)C2CCS(=O)(=O)C2)cc1;CC(C)(C(=O)N1CCOC(CC(=O)O)C1)c1cccs1;CC(C(=O)N(CC(=O)O)C1CCOCC1)c1cccs1;Cc1ccc(CCCC(=O)N2CCOC(C(=O)O)C2)s1;COC(=O)c1ccc(CN(C)C2CCS(=O)(=O)C2)cc1;CC1CCCCC1OCC(=O)Nc1cc(C(=O)O)cs1;CC(Cc1cccs1)C(=O)N1CCOC(CC(=O)O)C1;O=C(O)CC1CN(C(=O)CCCc2cccs2)CCO1;COCC(=O)Nc1sc2c(c1C(=O)OC)CCC(C)C2;CCCCOC(=O)Nc1sc2c(c1C(=O)OC)CCC2;COC(=O)c1ccc(CS(=O)(=O)NC2CCCC2)cc1;CC1(C(=O)O)CCCN1Cc1ccc(S(C)(=O)=O)cc1;CCOc1cccc(C(=O)N2CCC(S(C)(=O)=O)C2)c1;CCOC(=O)[C@@H]1CS[C@H](c2ccc(OC)c(OC)c2)N1;Cc1ccc(O)c(C(=O)N2CCC(C)S(=O)(=O)CC2)c1
m_d56a4e,Cc1cncc(C(=O)N2CCCC(n3cncn3)C2)c1;Cc1cncc(C(=O)N2CCCC(n3ccnn3)C2)c1;Cc1cncc(C(=O)NC2CCCn3nc(C)nc32)c1;CN1CC2(CCN(C(=O)c3ccc4nncn4c3)C2)C1;Cc1cc(C(=O)N2CCC(N)C2)ccc1-n1cncn1;O=C(Cc1cccnc1)N1CCCC1Cn1ccnn1;Cc1[nH]ccc1C(=O)N1CCCC1c1ccc(N)nn1;O=C(NCc1ccn(C2CCCC2)n1)c1cncnc1;Cc1cc(-n2cncn2)ccc1C(=O)N1CCNCC1;CC(=O)Nc1ccn(C2CCN(c3ccccn3)C2)n1;Cc1c(NC(=O)c2ccnnc2)cnn1C1CCCC1;CC1CN(C(=O)c2cc(-n3cccn3)ccn2)CCN1;Cc1cc(CNC(=O)c2cccnc2)nc(N(C)C)n1;CN1CCN(C(=O)c2ccncc2)CC1c1ncc[nH]1;Cc1ccc(C(=O)NC(C)c2nnnn2C2CC2)cc1;CC1CNCCN1C(=O)c1cc(-n2cccn2)ccn1;Cc1cnc(C(=O)NCC2CCn3ccnc3C2)cn1;Cn1nnc(C2(NC(=O)c3ccccc3)CCCC2)n1;CCc1ccnc(C(=O)Nc2nnc3n2CCCC3)c1;Cn1c(CNC(=O)c2ccncc2)nnc1C1CCC1;O=C(Cn1cnnn1)NCC1CCCc2ccccc21;N#Cc1ccncc1N1CCCC(N2CCNC2=O)C1;N#Cc1ncccc1N1CCCC(N2CCNC2=O)C1;CC#CCNC(=O)c1c(C)nn(C)c1-n1ccnc1C;Cc1nc2ccc(NC(=O)N3CCC34CCC4)cn2n1
m_d6c1c0,Cc1nn(C)cc1C1CCCN1C(=O)c1cc2cc(F)ccc2[nH]1;CCn1ncc2c1CCCC2NC(=O)c1cc2cc(F)ccc2[nH]1;Cc1c(C2C(C(=O)N3CCC(F)(F)C3)CC(=O)N2C)cnn1C;O=C(NCCc1c[nH]c2ccc(F)cc12)C1CCc2cn[nH]c2C1;O=C(Cc1c[nH]c2cc(F)ccc12)NCc1[nH]nc2c1CCCC2;CC1CN(Cc2ccc(F)cc2)CCN1C(=O)c1cc(C#N)c[nH]1;Nc1ccc(C2CCCN2C(=O)C2(c3ccccc3F)CC2)nn1;CN1C(=O)CCC(C(=O)N2CCC(F)(F)C2)C1c1ccnn1C;O=C(c1ccc(N2CCCC2)nn1)N1CCCc2ccc(F)cc21;CC(C)(C)c1cn2nc(C(=O)NCc3ccccc3F)ccc2n1;CC(C)n1ncc2cc(C(=O)NCCc3ccc(F)cc3)cnc21;CCN(CC)C(CNC(=O)c1ccnn1C(F)F)c1ccco1;CCC(NCc1c(C)nc2scc(C3CC3)n12)c1ccncc1;CN1C(=O)CCC(C(=O)N2CCC(F)(F)C2)C1c1nccn1C;CN(C)CCn1ccc2ccc(NC(=O)c3ccncc3F)cc21;N#Cc1cc(F)ccc1CN1CCCC(c2noc(C3CC3)n2)C1;Cc1ccn2cc(CNC(=O)NCCc3ccc(F)cc3)nc2c1;CCc1c[nH]c2ncnc(N3CCOC(c4ccccc4F)C3)c12;Cc1cc(C2CN(Cc3cnc4cnccn34)CCO2)ccc1F;OCC1(Cc2ccc(F)cc2)CCN(c2ncnc3[nH]ccc23)C1;CCn1c(NCc2ccc(C(=O)NC)cc2)nc2cc(F)ccc21;Cc1nnc(C2CC23CCN(Cc2cc(C#N)ccc2F)CC3)o1;c1ccc(N2CC3CCN(Cc4csc(C5CC5)n4)C3C2)nc1;COc1cc(CNC2CCN(c3ncccc3F)C2)ccc1C#N;CN1CCC2CN(C(=O)Nc3cccnc3OCC(F)F)CC21
m_d74296,COC(=O)C(NC(=O)CC(C)c1c[nH]c2ccccc12)c1ccc2c(c1)CCO2;CC1(C)CC(=O)c2ccc(OCC(=O)NCCc3c[nH]c4ccccc34)cc2O1;CC(=O)CCCC(=O)N(CCc1c[nH]c2ccccc12)C(=O)c1ccccc1O;COc1ccc2[nH]c3c(c2c1)CN(C(=O)Cc1ccc2c(c1)OCCCO2)CC3;COc1cc2c(cc1OC)CN(C(=O)Cn1cc(C(C)=O)c3ccccc31)CC2;COC(=O)[C@H](Cc1ccccc1)NC(=O)CCn1cc(C(C)=O)c2ccccc21;C=C(C)COc1ccc(C2N[C@H](C(=O)O)Cc3c2[nH]c2ccccc32)cc1OC;CCOC1COCCC1CC(=O)NC(Cc1c[nH]c2cc(F)ccc12)C(=O)O;COc1ccc(C2(CNC(=O)c3cc(=O)[nH]c4ccccc34)CCOCC2)cc1;CCn1cc(/C=C2\Oc3c(ccc(O)c3CN(C)C)C2=O)c2cc(OC)ccc21;COc1ccc2[nH]cc(C(=O)C3=Cc4cc(OC)c(OC)cc4CCN3C)c2c1;CCOC(=O)c1c(C)[nH]c2ccc3c(c12)CN1CCc2cc(OC)ccc2C1O3;Cc1noc(C)c1COc1ccc(CC(=O)NC2CCOc3ccccc32)cc1;COc1cc2c([C@@H]3CCCN3C)cnc(Cc3ccc4c(c3)OCO4)c2cc1O;CC(=O)OCCc1c([C@H](c2c[nH]c3ccccc23)[C@H](O)CO)[nH]c2ccccc12;COc1ccc2[nH]c(=O)c(CN(C(=O)C3CCCO3)c3ccc(C)cc3)cc2c1;Cc1c(CC(=O)NCc2cccnc2)c(=O)oc2cc3c(cc12)CCC(C)(C)O3;Cc1noc(C)c1COc1ccccc1C(=O)NC1CCCOc2ccccc21;Cc1c(CC(=O)NCc2ccncc2)c(=O)oc2cc3c(cc12)CCC(C)(C)O3;Cc1cccc2c1OCCC2NC(=O)c1ccccc1OCc1c(C)noc1C;NC(=O)c1cccc(C(=O)N2Cc3cc4c(cc3C3(CCCC3)C2)OCCO4)c1;COC(=O)[C@H](Cc1ccccc1)NC(=O)c1cn(C(C)C)c(=O)c2ccccc12;Cc1c(CC(=O)NCc2ccccn2)c(=O)oc2cc3c(cc12)CCC(C)(C)O3;N#Cc1ccccc1OCC(=O)NCC1(c2ccc3c(c2)OCCO3)CCCC1;CC(C)=C1Oc2c(ccc(O)c2CN2C[C@H]3C[C@@H](C2)c2cccc(=O)n2C3)C1=O
m_d7ad1b,COCCn1c(SCc2ncc(-c3ccccc3)o2)nc2sc3c(c2c1=O)CCC3;COc1ccc(-c2csc3ncnc(NC(C)c4ccc(S(C)(=O)=O)cc4)c23)cc1;O=C(Nc1ccc2n(c1=O)C[C@H]1C[C@@H]2CN(C(=O)Cc2cccs2)C1)c1cccs1;CC(C)n1c(=O)[nH]c2cc(-c3noc(CN4C(=O)COc5ccc(Cl)cc54)n3)ccc21;C[C@H](O)[C@]12O[C@@]13c1cc(O)c4c(c1N[C@@H]2C#CC=CC#C[C@@H]3O)C(=O)c1ccccc1C4=O;Cc1ccc(/C=C2\Oc3c(ccc4c3C(c3cc5ccccc5[nH]c3=O)CC(=O)O4)C2=O)o1;COc1ccc(S(=O)(=O)Nc2ccc(-n3c(C)nc4ccccc4c3=O)cc2)cc1F;Cc1ccc2c(-c3oc4ccccc4c3NC(=O)c3ccc4c(c3)OCO4)cc(=O)oc2c1;COCC1(c2noc(C3CCCN3C(=O)c3cc(Cl)cc(Cl)c3)n2)CCOCC1;O=C(O)C(=O)c1cn(Cc2ccccc2)c2ccc(-c3ccc(OC(F)(F)F)cc3)cc12;O=C(C[C@@H]1NC(=O)c2ccccc2NC1=O)NCCc1nc(-c2ccccc2Cl)no1;Cc1cc(=O)oc2c1cc(NC(=O)c1ccccc1)c1occ(OC(=O)c3ccccc3)c12;COc1ccc(C)cc1NS(=O)(=O)c1ccccc1-c1nc(-c2ccc(F)cc2)no1;NC(=O)C1CCN(c2nnc(-c3cccc(Br)c3)n2Cc2ccccc2)CC1;O=C(Nc1ccn(Cc2ccncc2)n1)N1CCC(c2ccccc2Br)CC1;CSCCC(NC(N)=O)C(=O)N1CCN(c2ncc(C(F)(F)F)cc2Cl)CC1
m_d7ecc5,CCOC(=O)c1cc(NC(=O)C(CC)OC)c2ccccc2n1;CCOC(=O)c1cc(NC(=O)COC(C)C)c2ccccc2n1;COC(=O)c1c(NC(=O)C2CCCCO2)c2ccccc2n1C;CCOC(=O)c1ccc(NCc2ccc(OC)c(OC)c2)cn1;CCOC(=O)c1ccc(NCc2cccc(OC)c2OC)cn1;COC(=O)C(NC(=O)c1ccc2cc(OC)ccc2n1)C(C)C;COC(=O)COc1ccc(NC(=O)C(C)CN)c2ccccc12;CCOC(=O)c1ccccc1NC(=O)CCc1c(C)noc1C;CCC1CN(C(=O)COCc2cc(C)on2)c2ccccc2O1;COc1ccc2cc(C(=O)NC(C(=O)O)C(C)C)c(C)nc2c1;COC(=O)c1ccc(C)c(NC(=O)C2CC(=O)N(C3CC3)C2)c1;COc1cccc2c1N(C(=O)COCc1cc(C)on1)CCC2;CC[C@H](C)[C@H](NC(=O)c1cc(=O)[nH]c2ccccc12)C(=O)OC;COC(=O)[C@H](CC(C)C)NC(=O)c1cc(=O)[nH]c2ccccc12;COC(=O)[C@H](C)NC(=O)CCn1cc(C(C)=O)c2ccccc21;CCOc1ccc(C#N)cc1NC(=O)CC1(C(=O)O)CCCC1;CC(OCC1CCCO1)C(=O)Nc1ccccc1-c1ncco1;CCOC1CC1C(=O)NC(Cc1c[nH]c2ccccc12)C(=O)O;COc1ccc(C#N)cc1NC(=O)CC1(C(=O)O)CCCCC1;CC(C)(C)OC(=O)N1Cc2[nH]c3ccccc3c2CC1C(=O)O;CNC(=O)c1ccc(C)c(NC(=O)C2CC=CCC2C(=O)O)c1;COC(=O)C1(NC(=O)CCC2Cc3ccccc3NC2=O)CC1;Cc1cc2ccccc2n1CC(=O)N1CCC(O)(C(=O)O)CC1;COc1ccc2[nH]cc(CC(=O)N3CCC(C)(C(=O)O)C3)c2c1;Cc1ccc2c(CC(=O)N3CCOC(CC(=O)O)C3)c[nH]c2c1
m_d86693,Cc1ccccc1Nc1nc(Cn2ccc(C)c(C#N)c2=O)cs1;N#Cc1c[nH]c(C(=O)Nc2cccn(Cc3ccc(F)cc3)c2=O)c1;Cc1cc(C)c2c(n1)sc1c(=O)n(Cc3cccnc3)c(C)nc12;COc1ccc(Nc2nc(-c3c(C)nc4ccccn34)cs2)cc1;O=c1c2ccc(F)cc2ncn1Cc1noc(Cc2ccccc2)n1;NC(=O)C1Cc2ccccc2N1Cc1csc(-c2ccccn2)n1;Cc1nc(NC(=O)CC(NC(N)=O)c2ccccc2F)sc1C;Cn1cc(C(=O)NCC(C)(C)c2ccc(F)cc2Cl)ccc1=O;CCS(=O)(=O)NCCNc1c(C#N)cnc2c(C)cc(F)cc12;Cc1ccc(-n2cnc3c(sc4nccc(N(C)C)c43)c2=O)cc1;Cc1cc(=O)[nH]cc1C(=O)NC(c1ccc(Cl)cc1F)C(C)C;Cc1cccc2c1N(C(=O)c1cnc(-c3ncccn3)s1)CCC2;Cc1cc(Cl)ccc1NC(=O)c1cccc(-c2ccccn2)c1C;c1ccc2oc(C3CCCN(c4nc5cnccc5s4)C3)nc2c1;Cc1ccc(C(=O)N2CCN(c3nc(C)c(F)c(=O)[nH]3)CC2)s1;CCCCCc1c(C)[nH]c(SCc2ccccc2Cl)nc1=O;Cn1cc(S(=O)(=O)N2CC3(CCCC3)c3cccc(F)c32)nn1;CCc1cc2c(=O)[nH]c(Cc3cnn(-c4ccccc4)c3)nc2s1;CCOC(=O)C(C)Sc1nnc2n1CCN2c1ccc(F)cc1;CCn1c(C(=O)NCCC2=CCCCC2)cc2sc(Cl)cc21;C=CCN(C(=O)c1cc(C)ncn1)c1nc(-c2ccccc2)cs1;Cn1c(=O)cc(N2CCC(NC(=O)OCC(F)(F)F)C2)[nH]c1=O;CCCn1c(O)nnc1SC1CCN(c2ccccc2F)C1=O;CC(=O)Nc1cccnc1NC(=O)c1oc(C2CC2)nc1C(F)F;O=C(NCC1CC(F)CN1Cc1nccs1)c1ncccc1O
m_d90c36,CCc1n[nH]c(=O)c(CNC(=O)C(C)C(F)(F)F)c1CC;CCc1[nH]ncc1C(=O)N1CC(Cc2ccc(F)c(F)c2)C1;Cc1ncc(C(=O)NCC(C)(O)C(F)(F)F)c(C(C)C)n1;Cc1nn(C)c(C)c1CCC(=O)NCc1ccc(C(=O)O)o1;O=C(NCc1ccc(C(F)F)cc1)c1cnn2c1CCCC2;Cc1nn(C)c(C)c1C(C)C(=O)NCc1ccc(C(=O)O)o1;CCN(CC(O)C(F)(F)F)C(=O)c1cncnc1C(C)C;CN(C(=O)c1c2c(nn1C)CCCC2)c1cc(F)ccc1F;CCOC1CC(N(C)C(=O)c2[nH]nc(C(F)(F)F)c2C)C1;CCc1ccc(C(COC)NC(=O)c2ccc(=O)n(C)n2)o1;CCCC1CN(C(=O)c2c(C(F)(F)F)n[nH]c2C)CCO1;Cc1cc(CC(=O)NC2(c3ccc(F)cc3F)CCC2)n[nH]1;NC(=O)c1ccc(CNC(=O)C(C(=O)O)C2CCCC2)cn1;Cc1cc(CNC(=O)c2cc(C(C)(C)C)n[nH]2)oc1C(=O)O;Cc1cc(CC(=O)NCC2(c3ccc(F)cc3F)CC2)n[nH]1;Cc1ccccc1-n1ncc(C(=O)N2CCC2C(F)F)c1C;COCc1cnc(C2=NC(C)(C(C)C)C(=O)N2)c(C(=O)O)c1;CCCN(C(=O)c1cccn(C)c1=O)C1CC(=O)N(C)C1=O;CCn1cc(C(=O)NC(c2cc(F)ccc2F)C2CC2)cn1;CCCc1occc1C(=O)N1CCCC(c2n[nH]c(=O)o2)C1;O=C(Cc1ccc(F)c(F)c1)N1CCCCC1c1cn[nH]c1;COCC1(C(=O)Nc2c(C)c(C(F)(F)F)nn2C)CCC1;CCc1occc1C(=O)NC1COCC1Oc1cnn(C)c1;O=C(Cc1cc(F)ccc1F)N1CCCCC1c1cn[nH]c1;Cc1nnc(C2CN(C(=O)c3c(C)oc(C)c3C)CCO2)o1
m_daf5f1,N#Cc1ccc(NCC2CCN(CCC(=O)N3CCOCC3)C2)nc1;N#Cc1cccnc1NCC1CCN(CCC(=O)N2CCOCC2)C1;CC1CN(C(=O)CN2CCC(CNc3ccc(C#N)cn3)C2)CCO1;CC(C(=O)N1CCOCC1)N1CCC(CNc2ccc(C#N)cn2)C1;N#Cc1ccc(N2CCC(NC(=O)N3CCC(CO)CC3)CC2)nc1;CC(O)C1CCN(C(=O)NC2CCN(c3ccc(C#N)cn3)CC2)C1;CCc1c[nH]c2ncnc(N3CCC(C(=O)N4CCOCC4)CC3)c12;COCCn1ccc(NC(=O)c2ccc(N3CCC(C)CC3)nc2)n1;CC1CN(c2ccc(C(=O)Nc3ccnn3C(C)C)cn2)CC(C)O1;CC(=O)N1CCC(N2CCN3C(=O)N(c4ccccn4)C[C@H]3C2)CC1;CCNC(=O)c1ccc(NCC2CCCOC2c2ccnn2C)nc1;Cc1ccc(CNC(=O)NCc2ccnc(N3CCOCC3)c2)n1C;CC(C)Cn1cc(C(=O)NCc2cccnc2N2CCOCC2)cn1;O=C(C1CCCN(C(=O)C2CC2)C1)N1CCN(c2ncccn2)CC1;CCc1nc(C)cc(N2CCC3CN(C(=O)C4CCC(=O)N4)CC32)n1;Cc1cn2nc(NC3CCN(C(=O)CC4CCCCO4)C3)ccc2n1;CC(C)Nc1ncccc1C(=O)N1CC(CO)C(c2cnn(C)c2)C1;CC(C)(C)C(=O)NCc1nc(-c2ccc(N3CCCCC3)nc2)no1;CCN(CC)c1ccc(-c2noc(C3CCCN(C(C)=O)C3)n2)cn1;Cc1n[nH]c2ncc(NC(=O)C3CCN(C(=O)C(C)(C)C)CC3)cc12;COCCNc1ccc(-c2noc([C@@H]3CCCN3CC3CC3)n2)cn1;CC(C)CNC(=O)N1CCCC(C(=O)Nc2cccc3[nH]cnc23)C1;CC(C)CNC(=O)N1CCCC(C(=O)Nc2ccc3c[nH]nc3c2)C1;CCn1ccnc1C1OCCC1C(=O)NCc1ccc(N(C)C)nc1;COCCNc1ccc(-c2noc([C@@H]3CCCN3C3CCC3)n2)cn1
m_db2018,CN(Cc1ccc(O)cc1)C(=O)Cc1c[nH]c2ncccc12;O=C(Cc1c[nH]c2ncccc12)Nc1ccc(CCO)cc1;Cc1noc(C)c1CNC(=O)Cc1cccc2cccnc12;Cc1cccn2cc(CCNC(=O)c3cccc(O)c3)nc12;CNS(=O)(=O)Cc1ccc2[nH]cc(CCN(C)C)c2c1;COc1ccc(NC(=O)Cc2cn(C)c3ccccc23)cn1;C=CCN1CC(=O)N2Cc3[nH]c4ccccc4c3C[C@H]2C1=O;Cc1[nH]c2ccccc2c1CCN=C(O)c1ccc(O)nc1;O=C1[C@@H]2Cc3c([nH]c4ccccc34)CN2C(=O)CN1C1CC1;Cc1noc(C)c1C(=O)N1CCc2c([nH]c3ccccc23)C1;COc1ccc(C(=O)NCCc2nc3ccccc3[nH]2)cc1;COc1ccc(C(=O)N(CCC#N)Cc2ccccn2)cc1;COc1cccc2ccn(CC(=O)NCc3cccnc3)c12;Cc1ccc(C(=O)N2CCc3c(cccc3C(N)=O)C2)cn1;COc1cccc(C(=O)NCCc2nc3ccccc3[nH]2)c1;COc1ccccc1CCNC(=O)c1ccc2cn[nH]c2c1;Oc1ccc2nc(CN3CCC(c4cccnc4)C3)oc2c1;COc1ccc(CNC(=O)Nc2cccc3[nH]ccc23)cc1;COc1ccc(CCNc2nc3ccccc3c(=O)[nH]2)cc1;COc1cccc2c1ccn2CCNC(=O)c1cccnc1;Cc1cc(C)c(CNC(=O)c2c[nH]c3ccccc23)c(=O)[nH]1;CC(C)Cc1c2cnn(C)c2nc2c1oc1cc(O)ccc12;COCCc1ccccc1NC(=O)c1ccc2nccn2c1;CC(C(=O)Nc1ccc2c(c1)NC(=O)CC2)c1cccnc1;COc1ccc(C(=O)NCCn2cnc3ccccc32)cc1
m_db2c0e,O=C(CCc1nc(-c2ccsc2)no1)Nc1ncccc1O;Cc1ccc(C(=O)NCc2nc(-c3ccsc3)no2)c(=O)[nH]1;CC(=O)Nc1nc(Cn2c(-c3ccccc3)noc2=O)cs1;Cc1occc1C(=O)Nc1nc(-c2c[nH]c(C(N)=O)c2)cs1;Cn1c(=O)c2cc(NC(=O)c3cccs3)cnc2n(C)c1=O;O=C(OCC(=O)N1CCc2ccccc21)c1cccnc1Cl;COc1ccc(-c2nnc(NC(=O)c3cc(C)on3)s2)cc1;Cc1[nH]n(-c2nc(-c3cccc([N+](=O)[O-])c3)cs2)c(=O)c1C;COc1cc(C)c2c(N)c(C(=O)c3ccc(Cl)cc3)oc2n1;Cc1ccc2c(c1)Oc1ccc(NC(=O)CCl)cc1C(=O)N2;COc1cc(F)cc2c1-c1ccc(F)cc1C21NC(=O)NC1=O;Cc1c(Cl)cccc1NC(=O)Cn1c(=O)oc2ccccc21;Cc1ccc(NC(=O)Cn2c(=O)oc3ccccc32)cc1Cl;CC(=O)NC(c1ccco1)c1cc(Cl)c2cccnc2c1O;COC(=O)COc1cccn2cc(-c3ccc(Cl)cc3)nc12;CCc1nc2sc(C)nn2c1S(=O)(=O)N1CCOCC1;Cc1cnc(C(C)(C)NS(=O)(=O)c2c(N)noc2C)s1;O=C(Cc1coc(-c2ccc(Cl)cc2)n1)NCc1ccoc1;CSc1sc(NC(=O)CNC(=O)CNC(C)=O)nc1C;NC(=O)c1ccccc1NS(=O)(=O)c1c[nH]c2ncccc12;CN1C(=O)[C@H]2C=C(Cl)[C@@H]1[C@H]1C(=O)N(c3ccccc3)C(=O)[C@@H]12;O=C1Nc2ccc(F)c(F)c2C(C#CC2CC2)(C(F)(F)F)N1;O=C(Cc1ccccc1Cl)NCc1cc(-c2ccco2)on1;CN1C(=O)CC(=O)N(c2ccc(O)cc2)c2cc(Cl)ccc21;CN1C(=O)[C@@H]2C=C[C@H]1[C@H]1C(=O)N(c3cccc(Cl)c3)C(=O)[C@@H]12
m_dbd1b2,CCn1cnnc1C1CN(C(=O)COc2ccccc2F)CCO1;CC(Oc1cccc(F)c1)C(=O)N1CCOC(c2nncn2C)C1;CCn1cnnc1C1CN(C(=O)CCCc2cccs2)CCO1;Cc1ccc(CCCC(=O)N2CCOC(c3nncn3C)C2)s1;CN(CC1OCCC1c1ncn[nH]1)C(=O)COc1ccccc1F;CCCc1n[nH]c(C2CN(C(=O)CCc3ccsc3)CCO2)n1;Cc1noc(C2CN(C(=O)COc3ccccc3F)CCN2C)n1;Cc1ccc(F)c(OCC(=O)N2CCC(c3nc(=O)[nH][nH]3)CC2)c1;Cc1nc(CN2CCN(C(=O)COc3ccccc3F)CC2)no1;COC1CN(C(=O)CCOc2ccccc2F)CC1c1c[nH]nn1;COC1CC(c2ncn[nH]2)N(C(=O)CCOc2ccc(F)cc2)C1;COc1ccc(F)cc1CC(=O)N1CC(OC)CC1c1ncn[nH]1;O=C(COc1cccc(F)c1)N1CCCC(O)(Cn2ccnn2)C1;O=C(COc1ccc(-c2ccccc2)cc1)N1CC(n2nccn2)C1;CCOc1c(F)cccc1C(=O)N1CCC(O)(Cn2ccnn2)C1;COc1cc(C(=O)N2CCCC(O)(Cn3ccnn3)C2)ccc1F;O=C(CCOc1ccc(F)cc1)N1CCC(O)(Cn2ccnn2)C1;COc1ccc(C(=O)N2CCCC(O)(Cn3ccnn3)C2)cc1F;COc1cccc(C(=O)N2CCCC(O)(Cn3ccnn3)C2)c1F;CCCCn1c(CNC(=O)c2ccc(OC)cc2)nnc1SC;Cc1nonc1CNC(=O)N1CC(C)OC(c2ccc(F)cc2)C1;O=C(c1ccccc1-n1ccnn1)N1CCOC(c2ccccc2)C1;CCN1CCOC(C(=O)NCc2noc(-c3ccccc3F)n2)C1;CCCC1CCc2c(sc(=O)n2Cc2nnc3n2CCOC3)C1;O=C(NC1CCc2ncnn2C1)c1ccccc1Oc1ccccc1
m_dbd5d0,O=C(NCC(=O)N1CC2CNCC2C1)c1cnc2ccccc2c1O;CC(CCc1ccc(O)cc1)NC(=O)c1cnc2c(cnn2C)c1O;CCC(NC(=O)c1cnc2c(cnn2C)c1O)c1ccc(OC)cc1;COc1ncccc1C(=O)NCC1CC(=O)N(C)C1c1ccncc1;COc1ncccc1C(=O)NCC1CC(=O)N(C)C1c1cccnc1;Cc1nccc(CNC(=O)C2CCCN2C(=O)c2ccccc2O)n1;Cc1noc(CC2(O)CCCN(C(=O)c3cccc4cc[nH]c34)C2)n1;CCc1cc(Cl)c(OC)c(C(=O)NCC2CCCN2CC)c1O;Cc1ccc2[nH]cc(CCC(=O)N3CCN4C(=O)NC(=O)C4C3)c2c1;CC(=O)N1C[C@@H]2Oc3cc(-c4cnn(C)c4)ccc3C(=O)N(C)[C@@H]2C1;CCCN1CCCC1CNC(=O)c1cc(S(N)(=O)=O)cnc1C;COc1nc(C(=O)N2CCC3C(C2)NC(=O)N3C)cc2ccccc12;CCOc1cc(Cl)ccc1C(=O)N(C)CC1CC(OC)CN1C;Cc1noc(C2CCC(CNCc3cc4ccccc4nc3O)O2)n1;O=C(c1cccc2c1OCCO2)N1CCCN(c2cccnn2)CC1;CCn1cc(C(=O)NC2COCC2Oc2cn[nH]c2)c2ccccc21;O=C(O)c1ccc(N2CCC(C(=O)NCc3cccnc3)CC2)nc1;CC(C)Nc1ncccc1C(=O)N1CCN(S(C)(=O)=O)C(C)C1;Cc1nccc(N2CCN(C(=O)c3cccc4c3OCCO4)CC2)n1;O=C(c1cccc2c1OCCO2)N1CCC(Nc2cccnn2)CC1;NC(=O)C1CCN(C(=O)c2ccc3c(=O)n4c(nc3c2)CCC4)CC1;NC(=O)c1ccc(CNC(=O)c2cncc(N3CCOCC3)c2)cc1;CN(Cc1nc2ccccc2c(=O)[nH]1)C(=O)C1CC(=O)N(C2CC2)C1;Cc1nnc(C23CCC2CCN3C(=O)c2ccc(C3CC3)nc2O)o1;C=CCOc1ccccc1C(=O)N1CCC(c2cc(O)nc(N)n2)C1
m_dc5eb2,CC(NC(=O)c1ccoc1)C(=O)NC1CCCCCCC1;CC1CCC(C)(NC(=O)C(C)NC(=O)c2ccoc2)CC1;CCC(C(=O)NC1CCCCC1)N(C=O)Cc1ccco1;Cc1coc(C(=O)N2CCCC(NC(=O)C(C)C)C2)c1C;CCN1CCN(C(=O)c2cc(C)oc2C)CC12CCOC2;Cc1cccc(C(=O)NC(CO)CN2CCCCC2)c1O;CCCC(NC(=O)Cc1ccccc1)C(=O)NCC(C)O;CCN1CCCC1CNC(=O)c1ccc(OC)c(OC)c1;CC1CN(C(=O)c2ccc(OCCO)cc2)C(C)CN1C;CC(C)Oc1ccc(C(C)NC(=O)C2CC(O)CN2)cc1;CC(O)CNC(=O)C(NC(=O)Cc1ccccc1)C(C)C;CCC(NC(=O)CC(C)c1ccccc1OC)C(=O)NC;CCCCCC(C)Nc1ccc(C(=O)NCC(=O)O)cc1;CC(NC1CCN(C(=O)c2ccco2)CC1)C1CCCO1;COc1ccc(C(=O)N(C)CC2CC(OC)CN2C)cc1;COc1cccc(C(=O)N2CC(C)N(CCO)C(C)C2)c1;CCN(CC)C[C@@H]1OC[C@H](NC(=O)c2ccccc2)[C@H]1O;CCCCCCCNc1ccc(C(=O)NCC(=O)O)cc1;COc1cc(C(=O)N(C)C2CCNCC2)cc(OC)c1C;Cc1ccc(OCCCC(=O)NCC(=O)NC(C)C)cc1;COC(=O)[C@@H](Cc1ccccc1)NC(=O)[C@@H](N)CC(C)C;CNC(=O)C1(COC)CCCN1Cc1cccc(OC)c1;CCN(CC(=O)NC(C)C)Cc1cccc(C(=O)OC)c1;COCc1ccc(CN2CCCCC2C2CNC(=O)C2)o1;CNCC1CCCN1C(=O)CCOc1ccccc1OC
m_dc7be7,O=C(c1ccc(-n2cncn2)nc1)N1CC2(CCCC2)c2ccccc21;N#Cc1ccccc1N1CCCN(C(=O)c2cccc3cn[nH]c23)CC1;N#Cc1cccnc1N1CCCN(C(=O)c2c[nH]c3ccccc23)CC1;Cc1cc(NCCN2C(=O)Cc3ccccc32)nc(-c2ccncc2)n1;COc1c2c(cc3c1[C@@H](OC)N1CC[C@]34C=C[C@H](OC)C[C@@H]14)OCO2;CC(CNC(=O)c1ccc(-n2ncc(C#N)c2N)cc1)c1ccccc1;Cc1nccc(C2CCCN(c3ncnc4c3oc3ccccc34)C2)n1;COC1=CC[C@]23CCN(C)[C@@]24C[C@H](O[C@@]14O)c1ccc(OC)c(O)c13;N#Cc1cc(C(=O)N2CCCCC2c2nc(-c3ccccc3)c[nH]2)c[nH]1;Cc1cc(C)c2nc(C3CC3)cc(C(=O)Nc3nn(C)cc3C#N)c2c1;CC(=O)NCc1cn(C2CCCN(c3ccc(F)cc3C)C2=O)nn1;COc1ccc2c(c1OC)C13CCC(=O)[C@]4(O)O[C@H]2CC14N(C)CC3;Cc1cc(F)ccc1N1CCCC(NC(=O)CCn2cncn2)C1=O;COC1=CC[C@]23CCN(C)[C@]2(C[C@@H](O)c2ccc(OC)c(O)c23)C1=O;O=C(c1cccc2c1CCC2)N1CCn2c(nnc2-c2cccnc2)C1;N#Cc1c[nH]c(C(=O)N2CCc3c(ncn3CCc3ccccc3)C2)c1;Cn1cc(CCCNC(=O)c2cc(N3CCNC3=O)ccc2F)cn1;O=C(c1ccc2c(c1)CCC2)N1CCn2c(nnc2-c2cccnc2)C1;COc1cc2c(cc1OC)[C@]13C[C@@H](OC)C=CC1=CC[N@@+]3([O-])C[C@@H]2O;Cc1ccc2c(n1)N(C)[C@H](CO)CCN(Cc1ccccc1Cl)C2;CO[C@H]1[C@H](O)C[C@]23c4cc5c(cc4CCCN2CC[C@]32O[C@H]12)OCO5;COc1ccc2c3c1O[C@@H]1[C@@H](OC)CC(=O)[C@@H]4[C@@H]([C@H]2O)N(C)CC[C@]314;Cc1ccc2c(n1)N(C)[C@H](CO)CCN(Cc1cccc(Cl)c1)C2;CN(CC1CC(F)CN1Cc1ncccn1)C(=O)c1ccc(O)nc1;CO[C@@H]1O[C@H]2CN(C)[C@H]3C[C@H](OC)C=C[C@@]23c2cc3c(cc21)OCO3
m_dd5487,N#CCCCOc1cccc(CNCC2CCCn3ccnc32)c1;Cn1ccnc1C(NCc1cccc2[nH]ccc12)C1CCOCC1;CN1CCN(C(=O)c2ccc3c(c2)CCC3)CC1c1nccn1C;CN1CCN(C(=O)C2(c3ccccc3)CC2)CC1c1nccn1C;O=C(CCc1ccccc1)N1CCC(c2nncn2C2CC2)CC1;CN1CCN(C(=O)c2cccc3c2CCC3)CC1c1nccn1C;O=C(NCc1nnc2n1CCCCC2)C1CCCc2ccccc21;CCNC(=O)c1cnc2n1CCc1ccccc1C21CCNCC1;CC(C)Oc1ccc(CNC(C)c2nc3ccccc3n2C)cn1;CCc1nc2n(n1)CCCC2NC(=O)C1CCCc2ccccc21;O=C(NCCc1nncn1C1CC1)C1(Cc2ccccc2)CCC1;CCn1cc(C(=O)NCC(C)Cn2ccnc2C)c2ccccc21;C#CC(NC(=O)NCc1nccn1CCc1ccccc1)C(C)C;COc1ccc2c(c1)CN(c1cc(N3CCCC(C)C3)ncn1)C2;Cc1nnc2n1CC(C(=O)N1CC(C)CC1c1ccccc1)CC2;Cc1nnc2n1CC(C(=O)N(C)CC1(c3ccccc3)CC1)CC2;O=C(NCc1nc2ccccc2n1C1CC1)N1CCCC2(CC2)C1;NC(=O)c1cccc(CN2CCCC2c2nc3c([nH]2)CCCC3)c1;NC(=O)c1ccc(CN2CCCC2c2nc3c([nH]2)CCCC3)cc1;COc1ccc2[nH]cc(C3CCN(Cc4ccnn4C)CC3)c2c1;CN1CC(NC(=O)C2Cc3ccccc3C2)C(c2cncn2C)C1;Cn1cncc1CN1CC(CCN2CCCC2=O)c2ccccc21;CC(C)(C)c1c[nH]c([C@@H]2COCCN2Cc2cccc(C#N)c2)n1;c1cc(OCC2CCCN(c3cc(C4CCC4)ncn3)C2)ccn1;c1ccc(CN2CCC(COc3ccc(C4CC4)nn3)CC2)nc1
m_de93b1,Cc1ccc(S(C)(=O)=O)cc1S(=O)(=O)N(C)CC1(O)CCC1;COc1cc(C)c(S(=O)(=O)NCC2(S(C)(=O)=O)CC2)cc1C;COc1cc(C)c(S(=O)(=O)NC2CCCS(=O)(=O)C2)c(C)c1;Cc1cc(C)c(S(=O)(=O)NCC[S+](C)[O-])c(C)c1CC(=O)O;COCCC1COCCN1S(=O)(=O)c1ccc(C(=O)O)c(F)c1;COC1CCN(S(=O)(=O)c2cc(C(=O)O)sc2C(C)(C)C)C1;CC(C)(C)c1sc(C(=O)O)cc1S(=O)(=O)N1CCCC1CO;COC(=O)C1CC(OC)CN1S(=O)(=O)c1cc(F)ccc1OC;COc1ccc(S(=O)(=O)NCC2(C(=O)O)CCOCC2)cc1F;CC(C)OC1CCN(S(=O)(=O)c2csc(C(=O)O)c2)C(C)C1;COCC1(C(=O)OC)CCCCN1S(=O)(=O)c1cc(C)cs1;CC(CC(=O)NCC(C)(O)C(=O)O)S(=O)(=O)c1ccc(F)cc1;Cc1ccc(-n2cnnn2)cc1NS(=O)(=O)c1cccc(F)c1C;Cc1cc(NS(=O)(=O)c2c(C)cccc2F)n(-c2ncccn2)n1;CCN(c1cccc(F)c1)S(=O)(=O)c1cccc(-n2cnnn2)c1;Cc1ccc(-n2nc(C)cc2NS(=O)(=O)c2ccc(F)cc2)nn1;Cc1cc(C)nc(NS(=O)(=O)c2cnn(-c3ccccc3F)c2)n1;Cc1ccc(N2CC(C(=O)Nc3ccc(Cl)cn3)CC2=O)c(F)c1;Cc1ccc(N=C(O)CSc2nc3c(O)ncnc3n2C)cc1F;Cc1cccc(-c2nnc3sc(Cc4noc5ccccc45)nn23)c1;O=S(=O)(Cc1nc(C2CC2)n[nH]1)c1nccn1-c1cccc(F)c1;Cn1nccc1-c1ccc(CNC(=O)Cc2c(F)cccc2Cl)o1;c1ccc(Cc2nnc3sc(Cc4noc5ccccc45)nn23)cc1;CN1CC(NC(=O)NCc2cc(Cl)ccc2OC(F)F)CC1=O;NC(=O)C1CC(F)CN1C(=O)c1cc(-c2ccccn2)ccc1Cl
m_ded5eb,CCn1nc(C(=O)N2CCC(OC)CC2)c2ccccc2c1=O;Cn1nc(C(=O)N(CC(=O)O)C2CCCCC2)c2ccccc21;O=C(c1ccc2cccnn12)N1CCOC2(CCOCC2)CC1;CC(Cn1ncc2ccccc2c1=O)NC(=O)C1(O)CCCC1;COc1ccccc1CCNC(=O)C(C)n1nc(C)ccc1=O;Cc1cc(C(=O)N[C@H]2[C@H](O)[C@H](O)C[C@@H]2c2ccccc2)nn1C;COC1CC(COc2cccnc2)N(C(=O)c2[nH]ccc2C)C1;COc1cc2c(cc1OC)CCN(C(=O)c1cc(C)n[nH]1)CC2;O=C(c1cc2cccnc2[nH]1)N1CC(O)CC2(CCOCC2)C1;Cc1cc(C(=O)N[C@H]2[C@H](O)[C@H](O)C[C@@H]2c2ccccc2)n(C)n1;Cc1cc(C(=O)NCc2cccc(C(=O)O)c2)nn1C(C)(C)C;CCCn1cc(C(=O)N2CCOC(C(N)=O)C2)c2ccccc21;COc1ccccc1-c1cc(C(=O)N(C)CC2(CO)CC2)[nH]n1;CC(C)n1ccc(CN2CCOc3ccccc3C2C(=O)O)n1;Cc1cccc(-n2cc(O)c(C(=O)N(CCO)C3CC3)n2)c1C;CCOCc1ccc(NC(=O)c2c(C)c(C)nn(C)c2=O)cc1;CC(C)C(Cc1ccccc1)NC(=O)c1cc(C(=O)O)nn1C;CC(C)c1cc(C(=O)NC(Cc2ccccc2)C(=O)O)nn1C;CC1Cc2c(C(=O)N3CCCc4occc4C3)n[nH]c2C(C)O1;O=C(c1ccc(Cn2cccn2)cc1)N1CCOCC1CCO;COC1CC(C(N)=O)N(C(=O)Cn2c(C)cc3ccccc32)C1;COC1CC(C(N)=O)N(C(=O)c2ccc(C(C)(C)C#N)cc2)C1;CC1COCCN(C(=O)c2ccccc2Oc2cnn(C)c2)C1;COC(=O)C1CCCCN1CCn1cnc2ccccc2c1=O;CN1C(=O)[C@@H](OCC2CC2)[C@H]2CN(C(=O)c3cccnc3)C[C@H]21
m_e138be,CC(O)CN1CCN(c2cccc(F)c2C#N)CC1C;COCCN1CCN(c2cccc(F)c2C#N)CC1C;CC1CN(c2ccccc2F)CCN1C(=O)NC1CC1;CC(O)CN1CCN(Cc2cc(C#N)ccc2F)CC1;CC(O)CN1CCN(Cc2ccc(F)cc2C#N)CC1;CN1CCN(C(=O)C2CCC(N)C2)c2ccc(F)cc21;COCCN1CCN(Cc2ccc(F)cc2C#N)CC1;CNc1ccc(C(=O)N2CCCC3CNCC32)cc1F;N#Cc1ccc(N2CCC(Cc3ccccc3)CC2)nc1;CCN(Cc1nc(C(C)(C)C)no1)c1cccc(F)c1;CC(C)C1c2ccccc2CCN1c1cccc(C#N)n1;CCOC1CCCN(Cc2nc3c(F)cccc3[nH]2)C1;CCn1c(CN(CCO)C2CC2)nc2cc(F)ccc21;CC(C)N1CCC(Nc2nc3cc(F)ccc3o2)CC1;Cn1c(N2CCCCC(CO)C2)nc2c(F)cccc21;CCC(CC(C)CO)Nc1ncnc2ccc(F)cc12;CC(C)C(Nc1ncnc2ccc(F)cc12)C(C)(C)O;CCn1c(CN2CCC(O)CC2)nc2cc(F)ccc21;C(/C=C/c1ccnc(N2CCCC2)n1)=C\c1ccccc1;O=C(Nc1cncc(F)c1)NC1CCCC(C2CC2)C1;O=C(Nc1ccc(F)nc1)N1CC(C2CCCCC2)C1;Nc1cccnc1SC[C@@H]1CCCN2CCCC[C@H]12;CC(C)c1nnc(CNC(C)(C)c2ccc(F)cc2)o1;Nc1ccc(SC[C@@H]2CCCN3CCCC[C@H]23)nc1;CCN(CC)CCNc1nc2c(C)ccc(C)c2s1
m_e17598,CCCNC(=O)c1cccc(CNC2CCCc3oc(C)nc32)c1;Cc1nc(C(=O)N2CCN(Cc3ccc(C)c(C)c3)CC2)c(C)o1;CC(C)c1ocnc1C(=O)N1CCN(CCc2ccccc2)CC1;Cc1cccc(C)c1C(=O)NC1CCc2c(nc(C)n2CCO)C1;CC(C)c1oc(-c2ccccc2)nc1C(=O)N1CCNC(C)(C)C1;COc1ccc(CC(=O)NC2CCCc3cn(C(C)C)nc32)cc1;CCNC(=O)N1CCCC1c1nc(-c2ccccc2)c(C(C)C)o1;CCc1oc(C(=O)NC2CCN(Cc3cccnc3)CC2)cc1C;CCCc1noc(CCCC(=O)NC2CCCc3ccccc32)n1;Cc1cc(CNC(=O)NC2CCCc3ccc(C(C)C)cc32)on1;CCn1cc(C(=O)NC2CC(C)Oc3ccccc32)c(C(C)C)n1;CCC(CC)n1nc(C(=O)NC2CCOc3ccccc32)cc1C;CCCN1CCC2(CC1)NC(C(=O)O)Cc1c2[nH]c2ccccc12;Cc1cccc(C(C)NC(=O)c2cn(C)nc2C2CCOC2)c1C;Cc1cccc2c1OCCC2NC(=O)c1cc(C)n(C(C)(C)C)n1;CCc1noc(CCCC(=O)NC2CCCCc3ccccc32)n1;CCc1ccc(C2CCCCN2C(=O)C2CCCc3[nH]ncc32)o1;CC(C)CCNC(=O)c1ccc2c(=O)n3c(nc2c1)CCCCC3;CCc1c(C(=O)NC2COc3ccc(C)cc32)cnn1CC(C)C;CCCN1CCC(NC(=O)c2ccc(-c3ccco3)nc2C)CC1;Cc1cc(C)cc(C(C)NC(=O)c2cn(C)nc2C2CCOC2)c1;CC(C)N1CCC2(CC1)NC(C(=O)O)Cc1c2[nH]c2ccccc12;CC(C)c1noc(CCC(=O)NC2CCCCc3ccccc32)n1;CC(=O)Nc1cccc(CNC(=O)c2cc(C)n(C(C)C)c2C)c1;CC(NC(=O)c1ccc2c(c1)C(C)(C)CO2)c1cnn(C(C)C)c1
m_e1bfd4,CC(C1Cc2ccccc2O1)N(C)C(=O)c1c[nH]nn1;CCn1nncc1C(=O)NCC1Cc2ccccc2O1;COc1ccccc1C1CCN(C(=O)c2c[nH]nn2)C1;COc1ccc(C2CCN(C(=O)c3c[nH]nn3)C2)cc1;O=C(NCc1ccccc1OCC1CC1)c1c[nH]nn1;COc1cccc2c1CCN(C(=O)c1cnnn1C)C2;CCn1nncc1C(=O)N1CCc2ccc(O)cc2C1;Cn1cc(CN2Cc3ccccc3CC2C(=O)O)nn1;CCOc1ccccc1C(=O)N1CC(n2ccnn2)C1;O=C(NCC1CCOC1)c1cn(-c2ccccc2)nn1;O=C(O)C1CCCN1Cc1cnn(-c2ccccc2)n1;O=C(NC1CCCOC1c1ccncc1)c1cc[nH]n1;COc1ccccc1CCNC(=O)c1nccnc1N;O=C(c1ccc(-n2ccnn2)cc1)N1CCCC1CO;COC1CCN(C(=O)c2ccc(-n3ccnn3)cc2)C1;O=C(NCc1cc[nH]n1)NC1c2ccccc2CC1O;CC1CN(C(=O)COc2cccnc2)Cc2c[nH]nc21;COC1CCN(C(=O)c2cccc(-n3ccnn3)c2)C1;CC1COCCN1C(=O)c1ccccc1-n1ccnn1;Cc1cc(C(=O)N2CCC(c3nnc[nH]3)C2)ccc1O;Cc1n[nH]c(CN2Cc3ccccc3C(C(=O)O)C2)n1;COc1cccc(C(=O)NC2CCc3ncnn3C2)c1;Cn1cnnc1CN1Cc2ccccc2C(C(=O)O)C1;O=C(c1cccnc1)N1CCOC(Cn2cccn2)C1;NC(=O)C1CCCN(C(=O)c2n[nH]c3ccccc23)C1
m_e1d7ad,Cc1cc(N2CCOC(CCF)C2)nc(C2CCC2)n1;CCc1ncnc(N2CCC(C3CCCO3)CC2)c1F;Cc1ccc2c(c1)c1c3n2CCN(CCC#N)C3CCC1;Cc1cc(F)ccc1N1CCCC(NC(=O)C(C)N)C1;Cc1ncc([C@H]2CCCCN2C)c2c1[nH]c1ccccc12;Cc1nc2c(c3c1[nH]c1ccccc13)C(N)CC(C)(C)C2;CCCN1CC(CSC)CC2Cc3[nH]ncc3CC21;CC(C)(C)C1CCN(C(=O)Nc2ccncc2F)CC1;Cc1ccc(C=NN2CCN(c3ccccc3)CC2)cc1;CN1CCC(N(C)C(=O)NCc2ccccc2F)CC1;CC(C)N(C)CC(=O)Nc1c(F)cccc1NC1CC1;Cc1ccc2[nH]c(C)c(CCNCc3ccccn3)c2c1;CC(CN1CCCN(C(N)=O)CC1)c1ccc(F)cc1;Cc1ccc2[nH]c(CN(C)Cc3cccnc3)cc2c1C;CNC(=O)CN1CCC(NCc2ccccc2F)CC1;CC(C)CC(N(C)C)C1(c2ccc(Cl)cc2)CCC1;CC(CNC(=O)c1cccc(F)c1)N1CCN(C)CC1;CN1CCN(CCCNC(=O)c2cccc(F)c2)CC1;C#C[C@H]1CN2CC[C@H]1C[C@@H]2CNCc1cccc(C#N)c1;CN1CCN(N=Cc2ccc(-c3ccccc3)cc2)CC1;C[C@@H]1CC2=C(C[C@@H]1/C=N/N=C(/N)S)C(C)(C)CCC2
m_e1f9f4,CN1CCC(NC(=O)c2cc(F)cc(Cl)c2O)C1=O;O=C1CN(C(=O)COc2ccc(F)cc2Cl)CCN1;O=C1CN(C(=O)c2ccc(Cl)cc2)c2ccccc2N1;O=C1CN(O)C(c2ccccc2)=c2cc(Cl)ccc2=N1;NC(=O)CC1CCN(C(=O)c2ccc(Cl)s2)CC1;CNC(=O)NC(=O)C(C)SCc1ccccc1Cl;O=C1CCC(C(=O)NCCc2ccc(Cl)s2)CN1;O=C1C[N+]([O-])=C(c2ccccc2)c2cc(Cl)ccc2N1;O=c1[nH]c(Cc2cccc(O)c2)nc2ccc(Cl)cc12;Oc1ccc(-c2nnc3n2N[C@@H](c2ccco2)S3)cc1;O=CC(=NNc1ccccc1)C(=O)c1ccc(Cl)cc1;O=C(O)c1nn(Cc2ccc(Cl)cc2)c2ccccc12;O=C1CC(=O)N(c2ccccc2)c2cc(Cl)ccc2N1;O=C1N=C(c2ccccc2)c2cc(Cl)ccc2NC1O;O=C1Nc2ccc(Cl)cc2C(c2ccccc2)=NC1O;CCC(CC#N)NS(=O)(=O)c1ccc(Cl)cc1C;CCC(CC#N)NS(=O)(=O)c1ccc(C)cc1Cl;Cn1nncc1C=Cc1nc2ccc(C(=O)O)cc2s1;O=[n+]1onc2ncn([C@H]3O[C@@H](CO)[C@@H](O)[C@H]3O)c([O-])c1-2;CCC(CC#N)NS(=O)(=O)c1cc(C)ccc1Cl;COc1cccc(-c2nnc(-c3cccc(Cl)c3)o2)c1;O=C(O)c1ccc(CSc2ncnc3[nH]cnc23)cc1;COc1ccc(/C=C/C(=O)CCOS(=O)(=O)O)cc1;Oc1cc(O)nc(Nc2nc(-c3ccccc3)cs2)n1;O=C(O)CSc1ccc2nnc(-c3ccccc3)n2n1
m_e2993b,CCC(CC)(CNC(=O)c1sccc1C)C(=O)O;Cc1ccsc1C(=O)NC(C)(C)C(C)(C)C(=O)O;CCOC1CC(O)(CNC(=O)c2ccc(C)s2)C1;CC(C)(C)CC(=O)NC(CC(=O)O)c1cccs1;O=C(O)c1sccc1CN1CCCCCC1CO;COC(=O)c1ccc(CNC2CCCCC2O)s1;Cc1cc(CCCC(=O)NCCC(=O)O)c(C)s1;COCC1CCCN1Cc1ccc(C(=O)OC)s1;CCC(C)(CC(=O)O)NC(=O)CCc1ccsc1;CCC(C)C(NC(=O)Cc1ccc(C)s1)C(=O)O;CC1CN(CCCC(=O)O)CC(c2ccsc2)O1;CCC(C)NC(=O)c1ccccc1S(=O)(=O)CC;COc1ccc(C(=O)NCCCSC)cc1OC;CS[C@H]1[C@H](O)[C@H](O)[C@H](O)[C@@H]1NCc1ccccc1;COc1ccc(CNC(CCSC)C(=O)O)cc1;CCN(CC)C(=O)c1ccc(CS(C)(=O)=O)cc1;CC(F)(F)C(C)(C)NC(=O)c1nc2ncccn2n1;Cc1n[nH]c(C)c1CNC(=O)c1cc(C(F)F)[nH]n1;Cc1occc1[S+]([O-])CC(=O)N1CCC(C)CC1;CSCCCNC(Cc1ccc(O)cc1)C(=O)O;Cc1ccccc1CS(=O)(=O)N(C)C1CC(O)C1;Cc1ccc(S(=O)(=O)NCC2CCCO2)cc1C;Cc1ccc(NCC2(C)COC2)cc1S(C)(=O)=O;O=C(O)C(CO)NCC(O)C(O)C(O)C(O)CO;COc1cccc(CN2CCCS(=O)(=O)CC2)c1
m_e3b936,O=C(c1ccc2[nH]c(=O)[nH]c2c1)N1CCNC(c2ccccc2Cl)C1;O=C(Cn1nc2ccccn2c1=O)N1CCCC1c1ccccc1Cl;Cc1noc(C23CCCC2CN(C(=O)c2cc(C#N)ccc2Cl)C3)n1;Cc1nnc(C23CCCC2CN(C(=O)c2ccc(Cl)c(C#N)c2)C3)o1;CC(NC(=O)c1cccc(Cl)c1Cl)C(=O)NC1CCCCCC1;Cn1ncc2c(O)c(C(=O)N3CCCC3c3ccc(Cl)cc3)cnc21;Cc1cc(Cl)cc2c1CN(C(=O)c1cc(-c3cnn(C)c3)no1)CC2;COC(=O)[C@H]1CN(C(=O)c2ccc(OC)cc2)CCN1S(C)(=O)=O;O=C(c1cc2cc(Cl)ccc2o1)N1CCCN(c2cccnn2)CC1;COC(=O)[C@H]1CN(S(C)(=O)=O)CCN1C(=O)c1ccc(OC)cc1;O=C(c1cc2cc(Cl)ccc2o1)N1CCC(Nc2cccnn2)CC1;O=C(Nc1cccc(Cl)c1N1CCOCC1)c1cccc2cn[nH]c12;NC(=O)C1CCOC1C1CCN(Cc2c(Cl)cccc2Cl)CC1;COc1cc(Cl)cc(C(=O)NCCc2nc(-c3ccccc3)n[nH]2)c1;COc1cc(Cl)cc(C(=O)NCCc2cnn(-c3ccccc3)n2)c1;O=C(CCc1ccc(Cl)cc1Cl)N1CC(O)C(N2CCCC2)C1;COc1c2c(c(S(=O)(=O)NC(C)C)c3c1C(=O)N(C)CC3)OCO2;O=C(NCc1ccco1)C1CCCN1c1ncnc2cc(Cl)ccc12;O[C@@H]1C[C@@H](c2nc(-c3ccncc3)no2)N(Cc2ccc(Cl)cc2)C1;O=C(Cc1ccc(Cl)c(Cl)c1)NCCCN1CCCCCC1=O;O[C@@H]1C[C@@H](c2nc(-c3cccnc3)no2)N(Cc2ccc(Cl)cc2)C1;O=C(Cn1ccc2ccccc21)N1CCSC(c2cccs2)CC1;COc1cc2c(NC(C)c3ccccn3)c(C(N)=O)cnc2cc1Cl;O=C(Nc1cc(N2CCCC2=O)ccc1Cl)c1ccnc(C2CC2)n1;CCn1cc(Cl)c(C(=O)NCc2cccnc2Oc2ccccc2)n1
m_e44302,O=C(c1cccc(Cl)c1)N1CC(S(=O)(=O)NCc2cccnc2)C1;O=C(c1ccncc1)N1CCN(S(=O)(=O)c2cccc(Cl)c2)CC1;O=S1(=O)N[C@@H]2CN(Cc3ccccc3Cl)C[C@@H]2Oc2ncccc21;O=C(NCCC1=CCCCC1)c1cc2cc(Cl)cc(Cl)c2oc1=O;Cc1ccccc1N1C(=O)c2cc(S(N)(=O)=O)c(Cl)cc2NC1C;CC1Cc2ccccc2N1NC(=O)c1ccc(Cl)c(S(N)(=O)=O)c1;CC(C)(C)c1ccc(C(=O)Nc2cc(Cl)c(Cl)cc2C(=O)O)cc1;O=C(Nc1ccccc1OCC1CCCO1)c1cc(Cl)cc(Cl)c1;CCOC(=O)C(C)N(C(=O)c1ccccc1)c1ccc(Cl)c(Cl)c1;NC(=O)C1(O)CCCN(C(=O)c2csc(-c3cccc(Cl)c3)n2)C1;O=C(COc1cc(Cl)ccc1Cl)N1CCOC(c2ccccc2)C1;CC(C)C(=O)Nc1cccc(C(=O)OCc2ccc(Cl)c(Cl)c2)c1;O=C(NC1CCCNC1=O)c1csc(COc2ccc(Cl)cc2)n1;CC(=O)Nc1ccc(NC(=O)C(=O)NC(C)c2cccs2)cc1Cl;CNC(=O)C1CN(C(=O)CSc2nnc(N)s2)c2ccccc2O1;COC(=O)C1CCN(C(=O)C2CC2c2cccc(Br)c2)CC1;CC(C)(C)c1ccc(OCC(=O)NCc2ccco2)c(Br)c1;O=C(Nc1cc(F)ccc1-c1nc2ccccc2[nH]c1=O)c1cccs1;CCC(C(=O)OCC(=O)Nc1cc(Cl)cc(Cl)c1)c1ccccc1;CC1=NN=C(c2cc3c(F)cccc3s2)c2cc3oc(=O)[nH]c3cc2C1;O=C(Nc1ccc2nncn2c1)c1csc(-c2ccc3c(c2)OCO3)n1;Cc1nc(/C(C#N)=C\c2ccco2)sc1/N=N/c1ccccc1[N+](=O)[O-];CC(=O)Nc1ccn([C@@H]2O[C@H](COP(=O)(O)O)[C@@H](O)[C@H]2O)c(=O)n1;Nc1ccn([C@@H]2O[C@H](COP(=O)(O)CC(=O)O)C(O)C2O)c(=O)n1
m_e4865d,O=C(NCC1CCCCCC1)NC1COCC1O;CN(CC1CCCCC1O)C(=O)NC1CCOC1;CC(N(C)C(=O)NCC1COCCO1)C1(C)CC1;CC(=O)NC[C@H]1OC[C@@H](NC2CCCCC2)[C@@H]1O;CC(=O)N[C@H]1CO[C@@H](CN2CCC(C)CC2)[C@@H]1O;CC1(O)CCCN(C(=O)NC2CCCOCC2)C1;COC1CC(N(C)C(=O)NCC2CCCOC2)C1;CCN(CC)C[C@@H]1OC[C@H](NC(=O)C2CC2)[C@H]1O;CN(CC1CCOCC1)C(=O)NC1CCOCC1;COC(=O)[C@H](C)NC(=O)NC1CCCCCCC1;CC(C)C[C@H](NC(=O)NC1CCCCC1)C(=O)O;NCC[C@@H]1CC[C@@H](NC(=O)C2CCC2)[C@H](CO)O1;O=C(O)CCCCCNC(=O)NC1CCCCC1;COC1CCCN(C(=O)NCCC2(O)CCC2)C1;CC[C@@H](C)[C@H](NC(=O)N1CCCCC1)C(=O)OC;COC(=O)[C@@H](NC(=O)N1CCC(C)CC1)C(C)C;O=C(CN1CCOCC1)NCC1(O)CCCCC1;CC[C@H]1CN(C(=O)NC(C)C)CC[C@H]1CC(=O)O;O=C(CC1(O)CCCNC1)NCC1CCOCC1;COC(=O)CCCNC(=O)N(C)C1CCCCC1;CC1COCC(C)N1C(=O)CNCC1CCCO1;CC(C)N(C)C(=O)N1CCC2(CC1)COCCO2;CN(C)C(=O)N1CCC(OCC2CCOC2)CC1;CCN1CCOCC1C(=O)NCC1(CCO)CC1;COC1CC(CO)N(CC(=O)NC2CCCC2)C1
m_e5050e,O=C(Cc1ccc2c(c1)OCCO2)N1CCC(CN2CCOC2=O)C1;O=C(CN1CCCCC(O)C1=O)NC1(c2ccc3c(c2)OCO3)CC1;Cc1ccc(CN2CC(C(=O)N3CCOC(C(=O)O)C3)CC2=O)cc1;O=C(O)CC1CN(C(=O)C2CC(=O)N(Cc3ccccc3)C2)CCO1;COc1ccc(CN2CC(C(=O)OCC3CCNC3=O)CC2=O)cc1;COC(=O)N1CCC(CNC(=O)c2cc3cccc(OC)c3o2)CC1;O=C(O)C1CCC1C(=O)NC1CC(=O)N(CCOc2ccccc2)C1;O=C(Nc1ccc2c(c1)OCO2)C1CCN(C(=O)C2CCCO2)CC1;CCOC(=O)C1(NC(=O)CCN2CCOC2=O)CCc2ccccc21;CC(C)(C)OC(=O)N1CCC2(CC1)C(=O)Nc1ccc(C(=O)O)cc12;COc1c2c(c(CNC(=O)C3CCC3)c3c1C(=O)N(C)CC3)OCO2;Cc1ccc(N2CC(C(=O)N3CCOC(CC(=O)O)C3)CC2=O)cc1;CC(Oc1ccccc1C#N)C(=O)N(CCC(=O)O)CC1CCCO1;CN1C(=O)CC(C(=O)N(CC(=O)O)C2CCOCC2)c2ccccc21;CCc1ccccc1N1CC(C(=O)N2CCOCC2C(=O)O)CC1=O;O=C(O)CCN(C(=O)C1CNC(=O)c2ccccc21)C1CCOCC1;O=C(Cc1ccccc1F)NCC1CCN(Cc2cccs2)CC1;Cc1c(CC(=O)N2CCN(CCO)CC2)c(=O)oc2cc(O)ccc12;COc1ccc(CCNC(=O)Cn2c(C)cc(O)cc2=O)cc1OC;CCOc1ccccc1C(=O)N1CCN(C(=O)C2(C(=O)O)CC2)CC1;O=C(Cc1ccccc1Cl)N1CCN(CCCc2cn[nH]c2)CC1;Cc1ccc(N2CCC(C(=O)N3CCOCC3C(=O)O)C2=O)cc1C;COCCN1C(=O)C(C(N)=O)C2c3ccccc3OC13CCOCC23;COc1ccc(CCNC(=O)c2cc(=O)c(OC)cn2C)cc1OC;CCOC(=O)N1CCN(Cc2cc(=O)oc3cc(OC)ccc23)CC1
m_e58af8,COc1ccc(F)cc1CNC(=O)N1CCCC(C(F)(F)F)C1;CC(NC(=O)N1CCC(O)(C(F)F)CC1)c1ccc(F)cc1F;CC(NC(=O)N(CC(F)F)C1CC1)c1ccc(OC(F)F)cc1;O=C(NCC(F)(F)F)N(Cc1cccc(F)c1)CC1CCCO1;CC(=O)N1CCC(Nc2cc(F)ccc2OCC(F)(F)F)CC1;O=C(NCc1cccc(C(F)(F)F)c1)N1CCc2ccccc2C1;Cn1nnc(CNC(=O)N2CCC(c3cccc(Cl)c3)CC2)n1;O=C(O)c1ccc(NC(=O)C2CCCN(C(=O)C3CC3)C2)c(F)c1;CC(O)CN1CCN(C(=O)c2ccc(F)c(C(F)(F)F)c2)CC1;N#CCc1cccc(C(=O)N2CCCC2c2ccc3c(c2)OCO3)c1;O=C(NCc1ccc(C(F)(F)F)cc1)NC1CCc2ccccc21;COc1cc(CNC(=O)c2ncc(F)cc2C)cc(OC)c1OC;CC1(C(=O)O)CCN(C(=O)c2cc(N3CCCC3=O)ccc2F)C1;O=C(Cc1ccccc1F)N1CCN(C(=O)C2(C(=O)O)CC2)CC1;CC(C(=O)NCC(F)(F)F)N1CCOC(c2cccc(F)c2)C1;O=C(Cc1cccc(OC(F)F)c1)N1CCN(CC(F)F)CC1;COc1ccc2ncc(C(=O)N3CCc4ccccc4C3)c(O)c2c1;COc1ccc2c(O)c(C(=O)N3CCc4ccccc4C3)cnc2c1;COc1cccc2c(O)c(C(=O)N3CCc4ccccc4C3)cnc12;CC(NC(=O)c1cc(N2CCCC2=O)ccc1F)(C(=O)O)C1CC1;COc1cc2c(cc1OC)[C@@H]1Cc3ccc(C#N)cc3C(=O)N1CC2;O=C(O)C1CCCCN1C(=O)c1cc(N2CCCC2=O)ccc1F;CC(=O)N1CC(O)CC1C(=O)NCc1oc2ccc(F)cc2c1C;CC(C)CC(C)(NC(=O)c1cc(C(F)(F)F)ccc1F)C(N)=O;Cc1cccc2c1OCCC2NC(=O)c1c[nH]c(=O)c2ccccc12
m_e5b5fa,CC1(C)Cc2[nH]ncc2CN(CCOCC(F)F)C1;N#Cc1cc(F)ccc1N1CCC(N2CCCC2)CC1;O=C(NCCC1CCCC1(F)F)N1CC2CC1CN2
m_e6b2c8,Fc1ccc(CN2CCCN(Cc3nnnn3C3CC3)CC2)cc1;CC(c1nnnn1C1CC1)N1CCN(Cc2cccc(F)c2)CC1;Cc1ncnc(N2CCN(Cc3c4c(nn3C)CCC4)CC2)c1F;Cn1nccc1CN1CC(F)CC1CNc1ccnc(C2CC2)n1;CC(C)(C)c1cn(C2CC3CCC(C2)N3c2ncncc2F)nn1;CCc1ncnc(NC2CCN(c3cc(C)nc(C)n3)CC2)c1F;CC(=O)N(CC1CCCN1S(=O)(=O)CCC(C)(C)C)C1CC1;CCC(=O)N1CCCN(S(=O)(=O)CC2CCCC(C)C2)CC1;CC(C)C(C(=O)NCC1CCCCS1(=O)=O)N1CCCCC1;COCC1(S(=O)(=O)NCC2CCCN2C2CCCCC2)CC1;CC1CC(C)CN(C(=O)CN(C)C2CCCC2S(C)(=O)=O)C1;CCCCC(C(=O)NC1CCCC(C)C1)N1CCCS1(=O)=O;CN(C)CCN(C(=O)CS(=O)(=O)C1CCCC1)C1CCCC1;CS(=O)(=O)N1CCCCC1C(=O)NCC1CCCCCCC1;CC(C)C1CCN(C(=O)NCCS(=O)(=O)CC2CCC2)CC1;CC1(C)CCN(C(=O)NCCS(=O)(=O)C2CC2)CC(C)(C)C1;CC(NC1CC(C)(C)CC1C)C(=O)NCC1CCS(=O)(=O)C1;CC1CCC(NS(=O)(=O)CC(=O)N2CCCC(C)CC2)CC1;CC(C)C1CCC(CNC(=O)N2CCC(S(C)(=O)=O)C2)CC1;CCC1(CC)CCC(NC(=O)N2CCC(S(C)(=O)=O)C2)CC1;CCC(CC)(CNC(=O)N1CC2CCCCC2C1)S(C)(=O)=O;CCCS(=O)(=O)N1CCC(C(=O)NC2CCCCC2C)CC1;O=C(CS(=O)(=O)C1CCCC1)NCCNC1CCCCCC1;C#C[C@]1(O)CCC(c2ccccc2)(c2ccccc2)CC12CCCC2;CC[S+]([O-])C1CCCCC1NC(=O)NCCC1CCCCO1
m_e6bed4,Cc1cccc(C)c1CC(=O)N1CCCC(O)(C(N)=O)C1;COCc1cccc(CC(=O)N2CC(C)C(C(N)=O)C2)c1;Cc1ccccc1CC(=O)N1CCN(CCC(=O)O)CC1;Cc1ccc(C(C)(C)C(=O)N2CCOC(C(N)=O)C2)cc1;O=C(Cc1cccc2c1CCNC2)N1CCOC(CO)C1;CC1CN(C(=O)COCCc2ccccc2)CC1C(N)=O;Cc1ccccc1C1CN(C(=O)C2CNCCO2)CCO1;CC(C(=O)N1CCCN(CC(=O)O)CC1)c1ccccc1;CC1CN(C(=O)C2CNCCO2)CC(c2ccccc2)O1;CC(C)(C(=O)N1CCN(CC(=O)O)CC1)c1ccccc1;CCN(C)C(C(=O)N1CCC(C(=O)O)C1)c1ccccc1;CC(CCN1CCCC1=O)NC(=O)Cc1ccccc1O;Cc1ccc(CC(=O)N2CCN(C(C)C(=O)O)CC2)cc1;O=C(N1CCN(CCO)CC1)C1(O)Cc2ccccc2C1;COCc1cccc(CC(=O)N2CCCNC(=O)C2C)c1;O=C(N1CCN(c2cccc(O)c2)CC1)C1(O)CCCC1;CC1C(N(C)C)CCN1C(=O)Cc1cccc(C(=O)O)c1;Cc1cc(C)cc(OCCNC(=O)C2CC(=O)N(C)C2)c1;CNC(=O)C1(C(=O)NCCc2ccc(OC)cc2)CCC1;CC1CN(Cc2cccc3c2CCOC3)CC(C(N)=O)O1;CN(C)CC1(NC(=O)Cc2cccc(C(=O)O)c2)CCC1;CNC(=O)C1CN(Cc2cccc3c2CCOC3)CCO1;Cc1cccc(C(=O)NCCC(=O)N2CCOC(C)C2)c1;COc1cccc(C(C)C(=O)N(C)C2CC(C(N)=O)C2)c1;O=C(NCCN1CCOCC1)C1(O)Cc2ccccc2C1
m_e73d71,CCCNC(=O)C1CCCN(c2cc(C#N)c3ccccc3n2)C1;CC(C)(C)NC(=O)C1CCN(c2cc(C#N)c3ccccc3n2)C1;CCCNC(=O)C1CCCN(c2ccc(SC(C)C)nn2)C1;O=C(NC1CC1)C1CCCN(c2ccnc(-c3ccccc3)n2)C1;COc1ccc(CCN2CCN(c3cc(C#N)ccn3)CC2)cc1;COc1ccc2[nH]cc(C3CCN(c4cc(C)ncn4)CC3)c2c1;COc1ccc(CN2CCCN(c3cccc(C#N)n3)CC2)cc1;Cc1ccnc(NCC2CC(=O)N(C3CC3)C2c2cccnc2)c1;O=C(NC1CCN(c2ccccn2)C1)N1CCc2ccccc2C1;N#Cc1c(CN2CCC(C(=O)NC3CC3)CC2)cn2ccccc12;COCc1cc(C)nc(N2CCN(c3ccccc3)CC2)c1C#N;N#Cc1ccnc(NCc2ccccc2CN2CCC(O)CC2)c1;N#Cc1ccc2[nH]c([C@H]3CCN(C(=O)C4CCCCC4)C3)nc2c1;COc1cccc(N2CCN(c3nc(C)cc(C)c3C#N)CC2)c1;Cc1cc(NCCCOC(C)C)n2c(nc3ccccc32)c1C#N;O=C1CCCN1CC(O)CN1CCN(c2ccc(F)cn2)CC1;O=C(c1ccc(N2CCCCCC2)nc1)N1CCc2ccncc21;CNc1ccc(C(=O)N2CCN(CC3CC3)c3ccccc32)cn1;CCC(CSC)NC(=O)Nc1ccc(N2CCCC2)nc1C;CN(C)CCCNC(=O)c1cccc2c(N)c3ccccc3nc12;COc1ccccc1N1CCN(c2nc(C)cc(C)c2C#N)CC1;CN(CC1OCCN(C)C1c1ccccc1)c1ncccc1C#N;Cc1nc(N2CCCC(CNC(=O)C3CCCN3)C2)sc1C;O=C(N1CCCN(c2cccnn2)CC1)C1(c2ccccc2)CC1;O=C(C1CCc2ccccc21)N1CCCN(c2cccnn2)CC1
m_e77f56,OC1CCC(NCc2c[nH]nc2-c2ccc(C(F)(F)F)cc2)C1;Cn1nccc1-c1ccc(CCNC(=O)CCC(F)(F)F)cc1;O=C(NCC1(CO)CCC1)c1c[nH]nc1-c1cc2ccccc2o1;O=C(NCC1(CCO)CC1)c1c[nH]nc1-c1cc2ccccc2o1;Cn1ccc(CN2CC(O)CC2c2ccc(C(F)(F)F)cc2)n1;O=C(NC1CCCCC1C(=O)O)c1cnc(-c2ccccc2)nc1;Cn1cc(CNC(=O)C(C)(C)c2cccc(C(F)(F)F)c2)cn1;Cc1nc(-c2ccccc2)ncc1C(=O)NC1CCCC1C(=O)O;FC(F)(F)c1ccn(-c2ccc(CNC3CCOCC3)cc2)n1;Cn1cncc1CN1CC(O)CC1c1cccc(C(F)(F)F)c1;COC(=O)CCn1ccn2nc(-c3ccc(C)c(C)c3)cc2c1=O;Cc1c[nH]nc1CN1CCOC(c2cccc(C(F)(F)F)c2)C1;Cc1cc(C(F)(F)F)ccc1CNC(=O)c1c(C)nn(C)c1C;Cc1c[nH]nc1CN1CCOC(c2ccccc2C(F)(F)F)C1;CCN(C(=O)CCc1cnn(C)c1)c1ccc(C(F)(F)F)cc1;CN1CC(NC(=O)c2cccc3cc[nH]c23)CCC1C(F)(F)F;COc1ccc(-c2cc(N(C)C(=O)c3cc(C)oc3C)n[nH]2)cc1;Cc1nc(-c2ccccc2)ncc1C(=O)N1CCCCC1C(=O)O;Cn1nccc1-c1ccc(CNC(=O)COCc2ccccc2)o1;CC(=O)N1CC(NCc2ccc(C#N)cc2)CCC1C(F)(F)F;COc1ccc(CN2C[C@@H]3C[C@H]2C(=O)Nc2ccccc2O3)cn1;N#Cc1ccc(C(=O)N(CCC(F)(F)F)C2CCCCC2)nc1;OCc1ccc(CN2CC[C@H](c3nnc(-c4ccccc4)o3)C2)o1;COc1ccc(-c2nnc([C@H]3CCN(Cc4ccco4)C3)o2)cc1;OCCN1CCN(c2ccnc3cc(C(F)(F)F)ccc23)CC1
m_e7af25,Cn1cnc(S(=O)(=O)N2CCN(C(=O)C3CC3)CC2(C)C)c1;C=CCNC(=O)C1(NS(=O)(=O)c2cnn(C)c2)CCCCC1;CS(=O)(=O)N1CCCC1C(=O)N1CCCC1Cn1cccn1;CC(C)(C)C(=O)N1CCN(c2ncccc2S(N)(=O)=O)CC1;Cn1ccnc1C1C(CNS(C)(=O)=O)CCC(=O)N1C1CC1;CN1C(=O)CCC(CNS(=O)(=O)C2CC2)C1c1nccn1C;CS(=O)(=O)N1CCCC1CNC(=O)c1cnn2c1CCCC2;CC(c1ccccn1)N(C)C(=O)C1CCN(S(N)(=O)=O)CC1;CC(NC(=O)N1CCCN(S(C)(=O)=O)CC1)c1cccnc1;CC(C)NC(=O)NS(=O)(=O)c1cnccc1N1CCCCC1;CN1CCN(C(=O)c2cc(S(=O)(=O)N(C)C)ccc2N)CC1;Cn1ncc(C(=O)NC2CC2C2CCCCC2)c1S(N)(=O)=O;CN1C(=O)CCC(CNS(=O)(=O)C2CC2)C1c1cnn(C)c1;Cn1ncc(C(=O)NCCC2=CCCCCC2)c1S(N)(=O)=O;CC1(NCC(=O)O)CCN(C(=O)CCc2cc(F)ccc2F)C1;CCc1ncncc1C(=O)NC1CCN(S(=O)(=O)CC)CC1;CC(C(=O)N1CCCCCC1)S(=O)(=O)c1n[nH]c(C2CC2)n1;CS(=O)(=O)NCC1CCCCN1C(=O)c1n[nH]c2c1CCC2;CNC(=O)C1(COC)CCCN1C(=O)c1cc(C)c(F)cc1F;CCS(=O)(=O)NCC(=O)N1CCN(Cc2cccnc2)CC1;Cc1cc(NC(=O)N(C)C2CCN(S(C)(=O)=O)CC2)ccn1;CN(C)CCN(CC(=O)O)C(=O)C1CC1c1cccc(F)c1F;CN(C)CCN(CC(=O)O)C(=O)C1CC1c1cc(F)ccc1F;COc1ccc(CCNC(=O)C2CC(OC)CN2C)c(Cl)c1;COC1CC(CNS(=O)(=O)C2(C)CC2)N(c2ccncn2)C1
m_e80818,Cn1cc(C2OCCCC2NC(=O)Nc2cccnc2)cn1;Cc1cnc(C(=O)NC2CCCOC2c2cnn(C)c2)cn1;O=C(NCCn1cccn1)NC1CCOC1c1cccnc1;Cc1cc(C(=O)NC2CCOC2c2cnn(C)c2)nc(C)n1;Cc1ccc(NC(=O)NC2CCOC2c2nccn2C)cn1;O=C(NCCn1ccnc1)NC1CCOC1c1cccnc1;CCc1ncc(NC(=O)C2CCOC2c2cnn(C)c2)cn1;Cc1nnccc1C(=O)NCC1(c2cnn(C)c2)CCCO1;Cc1ncncc1C(=O)NCC1CCCOC1c1cn[nH]c1;Cn1nccc1C1OCCC1NC(=O)c1n[nH]c2c1CCC2;Cc1cc(C(=O)NC2CCOC2c2ccnn2C)nc(C)n1;CCn1nccc1C1OCCC1NC(=O)c1nccc(C)n1;Cn1nccc1C1OCCC1NC(=O)c1cc(C2CC2)[nH]n1;Cc1ncc(C(=O)NCC2CCOC2c2cn[nH]c2)c(C)n1;Cc1nc(C2CCCCCN2C(=O)Nc2cccnc2)no1;CCc1nnc(C)cc1C(=O)NC1CCOC1c1ccn[nH]1;CNc1ccc(NC(=O)c2cn(C)nc2C2CCOC2)cn1;Cc1cc(NC(=O)NCC2CCCO2)n(-c2ccccn2)n1;Cc1cn(C)nc1NC(=O)NCCc1cccc(C(N)=O)c1;Cc1cc2nccc(NC(=O)N3CCOCC4(CC4)C3)n2n1;CCc1cccnc1C(=O)NCC1CCOC1c1ncn[nH]1;Cn1cc(C(=O)NCc2cccc(N3CCOCC3)n2)cn1;Cc1ccncc1CC(=O)NCC1CCC(c2ncn[nH]2)O1;Cn1nncc1NC(=O)N1CC(O)C(Cc2ccccc2)C1;Cc1cc(C(=O)NC2CCOC2c2nccn2C)nc(C)n1
m_e8359d,O=C(Nc1c(-c2ccccc2)[nH]c2ccccc12)C1CC2CCC1O2;CCCCNc1c2c3c(cccc3n(C)c1=O)C(=O)c1ccccc1-2;CCc1c(C)nc2ccccc2c1NCC1CCS(=O)(=O)CC1;Cc1ccc(F)c2[nH]c(C(=O)NC3CCOC34CCOCC4)cc12;O=C(NC1CCOC2(CCOCC2)C1)c1cc2cc(F)ccc2[nH]1;CC(C)(C)C1CCc2c(sc(NC(=O)C3CCOC3)c2C#N)C1;CCCCNc1ccc2c3c(cc(=O)n2C)-c2ccccc2C(=O)c13;CN(C)CCCn1c2c(c3ccccc3c1=O)C(=O)c1ccccc1-2;O=C(Cn1ccc2ccc(F)cc21)NC1CC(O)C12CCOCC2;COC(=O)c1cccc2c1CC1c3[nH]c4ccccc4c3CCN1C2;COc1ccc(C)cc1NC(=O)c1cccc(-c2ccccn2)c1C;COc1ccc(C(=O)Nc2cc(C)cc(C)c2)cc1-c1ccccn1;COc1ccc(C(=O)C2=CN(C)CCc3c2[nH]c2ccccc32)cc1;Cn1c(C(=O)N2CCOCC2CCO)ccc1-c1ccc(F)cc1;CC(C)(C)C1CCc2c(sc(NC(=O)C3CCCO3)c2C#N)C1;CC[S+]([O-])C1CCCC(NC(=O)c2c(C)[nH]c3ccccc23)C1;Cn1cc(CCC(=O)N2CCC(C(F)C(=O)O)C2)c2ccccc21;CCCn1cc(SCC(=O)NCC2CCCO2)c2ccccc21;COc1ccc(CC(=O)NCc2cccnc2-c2ccccc2)cc1;COC(=O)C1(CNCc2cc(F)cc3cccnc23)CCOCC1;COc1cccc(CC(=O)NCc2cccnc2-c2ccccc2)c1;COc1ccc2[nH]c3c(c2c1)CN(C(=O)/C=C/c1ccccc1)CC3;COc1cccc(C(=O)NCc2cccnc2-c2cccc(C)c2)c1;CC1(C(=O)N2CCC(c3noc4cc(F)ccc34)CC2)CCOC1;COc1ccc(C(=O)NCc2cccnc2-c2cccc(C)c2)cc1
m_e8d835,Cc1ccc2c(CC(=O)N3CCOCC3C(=O)O)coc2c1C;Cc1cc2occ(CC(=O)N3CCOCC3C(=O)O)c2cc1C;Cc1ccc2c(CC(=O)N3CCOC(C(=O)O)C3)coc2c1C;Cc1cc2occ(CC(=O)N3CCOC(C(=O)O)C3)c2cc1C;COc1ccc2c(CC(=O)N3CCCCC3C(=O)O)coc2c1;Cc1c(CC(=O)N2CCCCC2)c(=O)oc2cc(O)cc(O)c12;CC(C(=O)N1CCOC(CC(=O)O)C1)c1cc2ccccc2o1;COc1cc(OC)c2c(C)c(CC(=O)NC3CC3)c(=O)oc2c1;O=C(O)CCN(C(=O)c1coc2ccccc12)C1CCOCC1;C[C@H](NCc1c(O)ccc2c3c(c(=O)oc12)CCCC3)C(=O)O;COC(=O)CNC(=O)COc1ccc2oc3c(c2c1)CCCC3;Cc1cc(=O)oc2cc(OCC(=O)NC[C@H]3CCCO3)ccc12;C[C@@H]1CN(Cc2cc(=O)oc3cc4c(cc23)OCO4)C[C@@H](C)O1;O=C(O)C1CCCN1C(=O)C1CC1c1ccc2c(c1)OCCO2;O=c1cc(CN2CCC3(CC2)OCCO3)c2cc(O)ccc2o1;COCC1CC(OC)CN1C(=O)c1cc2ccccc2c(=O)o1;COC(=O)C1CCN(Cc2cc(=O)oc3ccc(O)cc23)CC1;COCCN(Cc1ccoc1)C(=O)C1COc2ccccc2O1;C=C1c2cc(OC)c(OC)cc2CCN1C(=O)C1=COCCO1;COc1ccccc1CC(C)N(C)C(=O)c1cc(C(=O)O)co1;CC(=O)O[C@H]1CN(C(=O)/C=C/c2ccccc2)C[C@@H]1OC(C)=O;O=C(Cc1cccs1)N1CCCCC(c2ccc(F)cc2)C1;CN1CC2(O)OCc3cc4c(cc3C23C=CC(O)CC13)OCO4;CO[C@@H]1C=C[C@@]23c4cc5c(cc4CN(C[C@H]2O)[C@H]3[C@H]1O)OCO5;O=C(O)C1CCN(C(=O)c2cccc3c2OCO3)C2CCCC12
m_e993ec,NCC1CN(C(=O)c2ccc3c(c2)OCCO3)CCO1;NCC1CN(C(=O)c2cccc3c2OCCO3)CCO1;COCc1ccccc1C(=O)N1CCOC(C(N)=O)C1;CN1CCOC(C(=O)NCc2cccc3c2OCO3)C1;CN(C(=O)c1cccc(OCC(N)=O)c1)C1(CO)CC1;CC(Oc1ccc(C(N)=O)cc1)C(=O)N1CCOCC1;COC(=O)[C@H]1CN(C(=O)c2ccc(OC)cc2)CCN1;COC(=O)[C@@H]1CNCCN1C(=O)c1ccc(OC)cc1;CC1OCCN(Cc2cccc3c2OCO3)C1C(N)=O;O=C(O)CCN(CC1CCCO1)C(=O)c1ccncc1;COc1ccc(O)cc1C(=O)N1CCCNC(=O)C1C;CN(Cc1ccc2c(c1)OCO2)C(=O)C1CC(O)CN1;CNC(=O)C1CCCN1C(=O)c1cc(OC)ccc1O;COc1ccc(O)c(C(=O)NC2CCCN(C)C2=O)c1;CCOc1ccc(C(=O)N2CCCC(C(=O)O)C2)cn1;COc1ccc(CCN2C(=O)CNCC2=O)cc1OC;C/C(=N\O)c1ccc(OCC(=O)N2CCOCC2)cc1;O=C(NCCc1ccc2c(c1)OCO2)C1CC(O)CN1;CCOc1ncccc1C(=O)N1CCCC(C(=O)O)C1;O=C(O)c1ccc(CNC(=O)N2CCCC(O)C2)cc1;O=C(O)CCN(C(=O)c1cccnc1)C1CCOCC1;COCC1(C(=O)O)CCCN1C(=O)c1ccnc(C)c1;COCc1cncc(C(=O)N2CCCC(C(=O)O)C2)c1;CCOC(=O)C1CCCN(C(=O)c2cccnc2O)C1;CN(CC1CCOCC1)C(=O)c1ccc(C(=O)O)nc1
m_ea2f71,Cc1c(C2CNCC2c2nc(-c3ccco3)no2)cnn1C;Cn1cc(C2CCCN2Cc2nc(-c3ccoc3)no2)cn1;CC1CN(C)CC(c2nc(-c3nccc4[nH]ccc34)no2)O1;Cc1noc(C2CCCN(C(=O)c3cc(C#N)cn3C)C2)n1;Cc1c(C2OCCC2NC(=O)c2ccc(C#N)[nH]2)cnn1C;Cc1c(C2OCCC2NC(=O)c2cc(C#N)c[nH]2)cnn1C;Cc1c(C2OCCC2NC(=O)c2c[nH]c(C#N)c2)cnn1C;Cc1nn(C)cc1CC(=O)Nc1cn(C)nc1-c1ccco1;CCc1nn(C)cc1C(=O)Nc1cn(C)nc1-c1ccco1;Cn1cncc1-c1nnc([C@H]2CCN(Cc3ccco3)C2)o1;Cc1cc(NCC2CCOC2c2nc(C)no2)c(C#N)cn1;CCn1cc(CC(=O)Nc2cn(C)nc2-c2ccco2)cn1;Cc1cnc(C(=O)N2CCCC2c2noc(C3CC3)n2)cn1;Cc1c(C(=O)Nc2cccc(N3CCNC3=O)c2)cnn1C;CCn1cc(C2OCCC2NC(=O)c2cc(C#N)c[nH]2)cn1;Cn1nccc1C1OCCC1CNC(=O)c1c[nH]c(C#N)c1;Cc1noc(CC2(O)CCCN(c3cccc(C#N)n3)C2)n1;Cc1c(CNC(=O)c2ccc3c(c2)[nH]c(=O)n3C)cnn1C;Cn1cc(C2OCCCC2NC(=O)c2c[nH]c(C#N)c2)cn1;Cc1noc(CC2(O)CCCN(c3ccnc(C#N)c3)C2)n1;Cc1cc(CN(C)C(=O)c2cnn(C)c2-n2cccc2)no1;CC(C)n1cc(C(=O)Nc2cn(C)nc2-c2ccco2)cn1;COc1ccccc1-c1noc(-c2cn(C(C)(C)C)nn2)n1;CCn1cc(C2OCCC2NC(=O)c2c[nH]c(C#N)c2)cn1;Cn1c(C#N)ccc1C(=O)NCC1CCOC1c1cn[nH]c1
m_ea7270,N#CC1(C(=O)Nc2nc3c(s2)CC(c2ccccc2)CC3)CCC1;O=C(Nc1nc(C2CCNCC2)cs1)c1cccc2ccccc12;CN(Cc1nc2c(s1)CCCC2)C(=O)c1ccc2ncccc2c1;Cc1cccc2sc(N(Cc3cccnc3)C(=O)C3CCC3)nc12;CC1Cc2ccccc2N1CC(=O)Nc1sc2c(c1C#N)CCC2;Cc1ccc2nc(NC(=O)CN3CCc4ccccc4C3)sc2c1;N#Cc1c(NC(=O)CN2CCCc3ccccc32)sc2c1CCC2;Cc1cccc(NC(=O)Cc2csc(Nc3ccccc3)n2)c1C;CCC(C(=O)N(C)c1nnc(-c2ccccc2)s1)c1ccccc1;Cc1ccc2nsnc2c1NC(=O)C1(c2ccccc2)CCCC1;O=C(Cc1cn2ccsc2n1)N(C1CC1)C1CCc2ccccc21;O=C(c1cccc2ccccc12)N1CCCN(c2nccs2)CC1;COC(=O)c1cccc2[nH]c(NC(=O)C3CCC(F)(F)CC3)nc12;O=C(NC1CCc2ccc(O)cc21)c1c[nH]nc1-c1ccccc1F;CC(NC(=O)CCc1ccccc1)c1nc(-c2ccncc2)cs1;O=C(Cc1cccs1)Nc1ccnn1C1CCCc2ccccc21;Cc1ncsc1C(=O)N(CCc1ccccc1)Cc1ccncc1;O=C(NC1c2ccccc2CC1O)c1c[nH]nc1-c1ccccc1F;CC(NC1CCc2[nH]ncc2C1)c1ccc(S(C)(=O)=O)c(F)c1;Cc1ccccc1N(C(=O)c1csc(-c2ccccn2)n1)C(C)C;Cc1cc(F)ccc1C1CCCN1S(=O)(=O)c1c(C)cnn1C;CCC(C(=O)NCc1nccnc1-c1cccs1)c1ccccc1;O=C(NC1c2ccccc2CC1O)c1ccn(-c2ccc(F)cc2)n1;FC(F)(F)c1nc(CNc2ncnc3nc[nH]c23)c2n1CCCC2;Cc1ccc(CC(=O)NC(C)c2nc(-c3ccccc3)cs2)cn1
m_eaecd7,O=C(O)C1CCCN1C(=O)COCc1ccccc1Cl;O=C(O)CN(C(=O)COCc1ccccc1Cl)C1CC1;O=C(COCc1ccccc1Cl)NC1(C(=O)O)CCC1;COc1ccc(CC(=O)N2CCCC2C(=O)O)c(Cl)c1;COc1cccc(Cl)c1CC(=O)N1CCCC1C(=O)O;CC1(C(=O)O)CCCN1C(=O)COc1ccc(Cl)cc1;O=C(O)C1COCCN1C(=O)CCc1ccc(Cl)cc1;COCC1(C(=O)O)CCCN1C(=O)c1ccccc1Cl;O=C(O)CC1COCCN1C(=O)Cc1ccc(Cl)cc1;O=C(O)C1CN(C(=O)CCc2ccccc2Cl)CCO1;O=C(O)CN(C(=O)c1ccccc1Cl)C1CCOCC1;O=C(O)C1CCCN1Cc1cc(Cl)c2c(c1)OCCO2;COc1ccc(CC(=O)NC2(C(=O)O)CCC2)c(Cl)c1;COc1ccc(CC(=O)N(CC(=O)O)C2CC2)c(Cl)c1;Cc1cccc(C(=O)N2CCOCC2CC(=O)O)c1Cl;Cc1cc(Cl)ccc1OCC(=O)N1CCC(C(=O)O)C1;COc1ccc(Cl)cc1CC(=O)NC1(C(=O)O)CCC1;COc1ccc(Cl)cc1CC(=O)N(CC(=O)O)C1CC1;O=C(O)C1CC2CCCCC2N1C(=O)c1ccc(Cl)o1;O=C(CCCOc1ccccc1Cl)NC1(C(=O)O)CC1;COc1ccc(CC(=O)N2CCC(C(=O)O)C2)c(Cl)c1;CC1(C(=O)O)CCN(C(=O)COc2ccccc2Cl)C1;Cc1c(Cl)cccc1C(=O)N1CCOC(CC(=O)O)C1;COc1ccc(Cl)cc1CC(=O)N1CCC(C(=O)O)C1;COC1CCN(C(=O)c2ccc(C(=O)O)cc2Cl)CC1
m_ebcb8a,NC(=O)CCCC(=O)Nc1ccc(-n2ncc3ccccc32)cc1;Cc1cccc(C(=O)NC(C)C(=O)Nc2ccc3c[nH]nc3c2)c1;Cc1cccc(C)c1C(=O)NCC(=O)Nc1ccc2c[nH]nc2c1;Cc1cccc(C)c1NC(=O)CNC(=O)c1ccc2[nH]ncc2c1;CCc1ccccc1NC(=O)CNC(=O)c1ccc2[nH]ncc2c1;O=C(Nc1cnn(-c2ccccc2)c1)NC(CO)c1ccccc1;CCCNC(=O)c1cccc(C(=O)Nc2cccc3cn[nH]c23)c1;O=C(CO)Nc1cccc(NCc2ccc(-n3ccnc3)cc2)c1;CCc1cccc(NC(=O)CNC(=O)c2cnn3ccccc23)c1;CC(C)Oc1ccccc1NC(=O)c1cc(-n2cccn2)ccn1;CCOCc1cccc(NC(=O)c2ncn(-c3ccccc3)n2)c1;COCC(=O)NCc1cn(-c2ccccc2)nc1-c1ccncc1;COc1ncccc1CNC(=O)c1cc(C)n(-c2ccccc2)n1;O=C(Nc1ccc(Cc2nnc3ccccn23)cc1)C1CCCO1;CC(NC(=O)c1cc(C2CC2)on1)c1ccc(-n2cccn2)cc1;CC(NC(=O)c1cc(C2CC2)on1)c1cccc(-n2cccn2)c1;CCCC(=O)Nc1ccc(Cl)c(C(=O)NC2CCCCC2)c1;N#Cc1ccc(NCc2cccc(NC(=O)C3CCCO3)c2)nc1;O=C(NC(CCO)c1ccccc1)c1ncn(-c2ccccc2)n1;O=C(Cc1noc2ccccc12)Nc1ccc(N2CCCC2)nc1;O=C(Nc1cc(Cl)ccc1N1CCCCCC1)C1CCCO1;Cc1cc2ncn(CC(=O)Nc3ccc(C(N)=O)cc3)c2cc1C;Cc1cccc(NC(=O)COc2ccc(-c3ncnn3C)cc2)c1;N#Cc1cccnc1NCc1cccc(NC(=O)C2CCCO2)c1;Cc1ccccc1NC(=O)Cn1c(C)nc2ccc(N)cc2c1=O
m_ec2936,O=C(Cn1cc(C2CC2)nn1)N1CCCN(CC2CCCCC2)CC1;C=CCN(C)C(=O)[C@H]1C[N@]2CC[C@H]1C[C@@H]2Cn1cc(C(C)(C)C)nn1;C=CCN(C)C(=O)[C@H]1CN2CC[C@H]1C[C@@H]2Cn1cc(CCCC)nn1;Cn1ncc(CN2CCN(C(=O)NC3CCCCC3)CC2)c1C1CC1;CC(C)(C)C(=O)N1CCCN(Cc2nnc(C3CC3)n2C2CC2)CC1;CN(CC1CCCN(C)C1c1cnn(C)c1)C(=O)NC1C=CCCC1;CN1CCN(CC2CCN(C(=O)NCCc3cccnc3)CC2)CC1;CC(C)(C)n1ncnc1CNC1CCN(C(=O)C2CC23CCC3)CC1;Cc1cnc(C)c(N2CCN(CC(=O)N3CC(C)CC(C)C3)CC2)n1;CN(C)CCN(C(=O)C1CCN(c2ncccn2)CC1)C1CCCC1;CC(=O)N1CCC(CN(C)Cc2cc(C)nc(N3CCCCC3)n2)C1;Cc1cc(N2CCCC(NC(=O)N3CCC4CCCCC43)C2)n(C)n1;CC(CNC(=O)N1CCN(Cc2ccccn2)CC1)CN1CCCC1;CC1CCCN(c2cc(NCCC(=O)N3CCCCCC3)ncn2)C1;Cc1cnc(N2CCN(C(C)C(=O)N3CCCCCC3)CC2)nc1C;CN(C)CC1CCN(C(=O)NC2CCN(Cc3ccncc3)CC2)C1;CCN1CCCCC1CNC(=O)N1CCN(Cc2cccnc2)CC1;Cn1cnnc1C1CCCN1C(=O)NC1CCC2(CCCCC2)CC1;c1cc(NC2CCN(CC3CCCC3)CC2)nc(N2CCOCC2)n1;CN(C)c1cc(N(C2CC2)C2CCN(C(=O)C(C)(C)C)CC2)ncn1;Cc1nc(C(=O)N2CCC(C)CC2)nc(N2CCC(N(C)C)C2)c1C;CCN1CCN(c2cc(CNC(=O)NC3CCCC3C)ccn2)CC1;Cc1cc(NC(=O)NCC2CCCNC2)cnc1N1CCCCC1C;CN1CCC(NC(=O)NC2CCN(CCc3ccncc3)CC2)CC1;CCN1CCN(c2cc(CNC(=O)NCCC3CCC3)ccn2)CC1
m_ec5045,Cc1c(NC(=O)CCN2CCCC2=O)noc1-c1ccccc1F;Cc1cc(NC(=O)C2CCN(C(=O)c3ccccc3F)CC2)no1;O=C(NCCCN1CCCC1=O)c1cc(-c2cccc(F)c2)no1;CC(=O)N1CCN(C(=O)Cc2cc(-c3ccc(F)cc3)on2)CC1;Cc1cc2cc(NC(=O)c3c(C)noc3-c3ccccc3)ccc2[nH]1;Cc1oc(-c2ccccc2F)nc1C(=O)N1CCCNC(=O)C1C;Cc1oc(-c2ccccc2F)nc1C(=O)NC1C(=O)NCCC1C;CN(C(=O)c1ccc(CN)o1)C1CCN(c2ccccc2F)C1=O;Cc1nocc1C(=O)N1CCC(NC(=O)c2ccc(F)cc2)CC1;NC(=O)C1CC(F)CN1C(=O)CCc1ncc(-c2ccccc2)o1;O=C(NC1CCC(C(=O)O)CC1)c1cc(-c2ccccc2F)n[nH]1;CNC(=O)C1CCCN1C(=O)Cc1coc(-c2ccc(F)cc2)n1;C=CC(C)(O)C(=O)N1CC(C)(c2nnc(-c3ccccc3F)o2)C1;CN1C(=O)[C@]2(CCN(C(=O)c3ccc(C#N)cc3)C2)c2ccccc21;Cn1ccnc1C1C(C(=O)O)CC(=O)N1CCc1ccccc1F;O=C(Cc1ccon1)N1CCCN(C(=O)c2ccc(F)cc2)CC1;OCCNc1ncnc2oc(-c3ccccc3)c(-c3ccccc3)c12;Cc1csc(C2CCCCN2C(=O)c2onc3c2CCCC3)n1;CC1(C)CC1(C(=O)Nc1ccn(CC(=O)O)n1)c1ccc(F)cc1;Cc1ccccc1-c1nnc(SCC(=O)N2CCC(C)CC2)o1;O=C(Cc1cccc(F)c1)N1CCCN(C(=O)c2ccon2)CC1;Cc1cc2cc(NC(=O)c3c(-c4ccccc4)noc3C)ccc2[nH]1;Cc1c(-c2ccccc2)[nH]c(SCCCC(=O)N(C)C)nc1=O;O=C(N1CCN(c2ccc(F)cn2)CC1)C1(C(F)(F)F)CCC1;Cc1ccccc1-c1noc(CSCC(=O)N2CCCCC2)n1
m_ec755b,CCN(Cc1ccoc1)C(=O)c1cc2c(c(S(N)(=O)=O)c1)CCC2;Cc1cc(C)c(S(N)(=O)=O)cc1C(=O)N(Cc1ccco1)C1CC1;CN(C(=O)c1coc(S(=O)(=O)N(C)C)c1)C1CCc2ccccc21;Cc1cc(S(N)(=O)=O)cc(C(=O)N2CCCC2c2ccco2)c1C;CNS(=O)(=O)c1cc(C(=O)N2CCC(c3ccccc3C)C2)co1;CNS(=O)(=O)c1cccc(C(C)NC(=O)c2ccc(C)c(O)c2)c1;CC(=O)N1c2ccc(S(=O)(=O)N(C)Cc3ccoc3)cc2CC1C;CCN(Cc1ccoc1)S(=O)(=O)c1ccc2c(c1)C(C)(C)C(=O)N2;Cc1ccnc(CNS(=O)(=O)c2cc(C(=O)O)ccc2C(C)C)c1;CC(C)(C)c1ccc2c(c1)CCN2C(=O)c1coc(S(N)(=O)=O)c1;CCc1cccnc1CNS(=O)(=O)c1cc(C(=O)O)cc(C)c1C;CNS(=O)(=O)c1cc(C(=O)NCC2(c3ccccc3)CC2)c(C)o1;Cc1occc1C(=O)N1CCCc2ccc(S(=O)(=O)N(C)C)cc21;COCC(C)(NC(=O)c1ccc(S(N)(=O)=O)cc1)c1ccccc1;CS(=O)(=O)NCc1ccc(C(=O)NCc2ccc3c(c2)CCC3)o1;Cc1occc1CN(C)S(=O)(=O)c1ccc2c(c1)C(C)(C)C(=O)N2;COc1ccc(CC(=O)NC(C)c2cccc(S(N)(=O)=O)c2)cc1;CC(NS(=O)(=O)c1ccccc1)C(=O)NC1CCCc2occc21;CCOc1ccccc1C(=O)NCCc1ccc(S(N)(=O)=O)cc1;Cc1ccoc1C(=O)N1CCCc2ccc(S(=O)(=O)N(C)C)cc21;CNS(=O)(=O)c1ccc(C(=O)NC2CCCCc3ccccc32)o1;Cc1ccc(C)c(S(=O)(=O)NCC(Cc2ccccn2)C(=O)O)c1;COCCn1cc(NS(=O)(=O)c2ccc3c(c2)CCC3)ccc1=O;COc1cc(C)c(S(=O)(=O)N(C)c2ccccc2C(N)=O)c(C)c1;Cc1ccoc1C(=O)N1CCCC(NS(=O)(=O)c2ccccc2)C1
m_ecbfb5,CC(NC(=O)c1cccc(N2CCCS2(=O)=O)c1)c1ccc(Cl)cc1;CCN1C(=O)CCc2cc(NS(=O)(=O)Cc3cccc(Cl)c3)ccc21;CC(=O)N1CCCc2cc(S(=O)(=O)Nc3cc(Cl)ccc3C)ccc21;CS(=O)(=O)NC1CCN(C(=O)c2cc(-c3ccccc3)ccc2Cl)C1;CC(=O)N1CCCc2cc(S(=O)(=O)Nc3cccc(Cl)c3C)ccc21;CN1C(=O)c2ccc(NC(=O)COc3cccc(C(F)(F)F)c3)cc2C1=O;CN1C(=O)c2ccc(NC(=O)COc3ccc(C(F)(F)F)cc3)cc2C1=O;CS(=O)(=O)c1ccc(Cl)c(NC(=O)CN2CCCc3ccccc32)c1;CC1Cc2ccccc2N1CC(=O)Nc1cc(S(C)(=O)=O)ccc1Cl;Cc1sc(C(=O)O)cc1CN(C)C1CCN(c2ccccc2Cl)C1=O;O=C(c1coc(C2CCOCC2)n1)N1CCCSc2ccc(Cl)cc21;O=C(O)CNC(=O)c1ccc(NCC(O)C(O)COP(=O)(O)O)cc1;CCn1cnnc1C1CCCN(c2cc(Br)cnc2C(N)=O)C1;CCOC(=O)c1c(NC(=O)Nc2cccc(Cl)c2)sc2c1CCCC2;CS(=O)(=O)N1C[C@H]2C[C@H](C1)c1ccc(-c3ccc(Cl)cc3)c(=O)n1C2;CN(CC(=O)O)C1CCN(S(=O)(=O)Cc2ccc(F)c(Cl)c2)CC1;COc1cc(/C=C(\C#N)c2nnc(NC(=O)c3ccccc3)s2)ccc1O;Cc1ccc(-c2nc3ncccc3o2)cc1NC(=S)NC(=O)c1ccco1;CC1CN(C)CC(C)N1C(=O)c1ccc(-n2cc(Br)cn2)nn1;Cc1cc2c(c(O)c1Br)C(=O)C(O)=CC1(C)CCC(C(C)C)C21;O=C(O)CCC1CCCN(C(=O)c2csc(-c3ccccc3Cl)n2)C1;CCN(CC(=O)O)C1CCN(S(=O)(=O)c2cccc(Cl)c2F)CC1;Cc1ncc(COP(=O)(O)O)c(CN[C@H](CCC(=O)O)C(=O)O)c1O;CN(C)CC1COC2(CCCC2)CN1S(=O)(=O)c1sccc1Cl;O=C1C=CC(=CNn2c(-c3ccco3)csc2=Nc2cccnc2)C(O)=C1
m_ed201b,Cc1cc(NC(=O)N2CCC(F)(F)C2)nn1C1CCCCC1;CCC(C)n1ncc(NC(=O)N2CCC(F)(F)C2)c1C1CC1;Cn1cc(NC(=O)N2CCC(F)(F)C2)c(C2CCCCC2)n1;CC(C1CC1)n1cc(NC(=O)N2CCC(F)(F)C(C)C2)cn1;Cn1ncc2c1CCCN(C(=O)NCC1CCCC1(F)F)C2;CC(C)(C)C1=CCN(C(=O)Nc2cnn(CC(F)F)c2)CC1;Cc1cc(C)n(CC2CCCN2Cc2ccc(F)cc2C#N)n1;CN(C)C(=O)C1c2cnn(C)c2CCN1CC1CC(F)(F)C1;Cc1ccc(N2CCCC(NC(=O)C(C)(C)C(F)F)C2)nn1;O=C(NC1CCC(F)(F)CC1)N1CCC(n2ccnc2)CC1;CC(C)n1cnnc1C1CCCN(C(=O)C2C(C)C2(F)F)C1;CC1(C)CCCN(CCNC(=O)c2cc(C(F)F)ncn2)C1;Fc1ccc2ncnc(N3CC(N4CC5CCCC5C4)C3)c2c1;Fc1ccc2c(C3CCN(CCn4ccnc4)CC3)c[nH]c2c1;Cc1ccc(S(=O)(=O)OCC[C@H](C)CCCC(C)C)cc1;CCCCCCC(CCCC)c1ccc(S(=O)(=O)O)cc1;CCCCCCCCCCCc1ccc(S(=O)(=O)O)cc1;OCCOCC(COCCO)(COCCO)COCCO
m_edaa12,COc1ccc(-n2c(CN3CCOCC3C)nc3ccccc32)cc1;COc1ccc(-n2c(CN3CCOC(C)C3)nc3ccccc32)cc1;Cn1c(CN2CCOC[C@H](Oc3ccccc3)C2)nc2ccccc21;CCn1c(CNC(C)c2ccc3c(c2)OCCO3)nc2ccccc21;Cn1c(CN[C@H]2[C@H](O)[C@H](O)C[C@@H]2c2ccccc2)nc2ccccc21;CC(=O)NCCc1nc2ccccc2n1CCCOc1ccccc1;COc1ccc(CN2CC[C@H](c3nc4ccc(OC)cc4[nH]3)C2)cc1;CCCn1c(CCNC(=O)c2ccccc2OC)nc2ccccc21;CCn1c(C(C)NC(=O)c2cccc(COC)c2)nc2ccccc21;COc1cccc(C2CC(O)CN2Cc2cnc3ccc(C)cn23)c1;COc1cccc(C2CC(O)CN2Cc2cn3c(C)cccc3n2)c1;O=c1[nH]c2ccccc2n1C1CCN(CCOc2ccccc2)CC1;O=C(c1nc2ccccc2nc1C1CC1)N1CCC(C2CCOC2)C1;Cc1cc(OCCN2CCOCC2)nn1-c1ccc2ccccc2c1;COc1ccc(C2CCCN2Cc2cn3ccccc3n2)c(OC)c1;O=C(c1ccc(-n2cc[nH]c2=O)cc1)N1CC(C2CC2)CC1C1CC1;COc1ccc2[nH]c3c(c2c1)CN(C(=O)Cn1c(C)ccc1C)CC3;O=C(NC1CCOC(C2CC2)C1)c1nc2ccccc2nc1C1CC1;Cc1cccc2c(CC(=O)N3CCOCC3c3cccn3C)c[nH]c12;COc1ccc(F)cc1CN1CCN(C(=O)C2COCCN2)CC1;CC(C)N1C[C@@H]2C[C@H]1C(=O)N(Cc1ccccn1)c1ccccc1O2;COc1ccc2[nH]c3c(c2c1)CN(C(=O)CCCn1cccc1)CC3;COc1ccc2cc(CNC3CCOC3c3ccnn3C)ccc2c1;CO[C@@H]1C(=O)N(Cc2ccccc2)[C@@H]2CN(Cc3ccccn3)C[C@H]12;CC1Cc2ccccc2CN1C(=O)c1cc(N2CCOCC2)ccn1
m_edccdd,Cc1nc(C)c(C(=O)N2CCNC(=O)C2C(C)C)nc1C;CC(C(=O)NC1CC1)N1CCN(C(=O)c2ccc[nH]2)CC1;Cc1nnccc1C(=O)N1CCN(CC(C)C)C(=O)C1C;Cc1cnc(C(=O)NCCCN2CCCCCC2=O)cn1;CC(C)(C)c1ncc(C(=O)N2CC(=O)NCC2(C)C)cn1;Cc1ccn(C)c1C(=O)N1CCC(N2CCNC2=O)CC1;Cc1ncncc1C(=O)N1CCCN(C(=O)C(C)C)CC1;CC1C(=O)NCCCN1C(=O)c1ccn(C2CCCC2)n1;CNC(=O)NC1CCN(C(=O)c2ncc(C)cc2C)CC1;Cc1nn(C)c(C)c1C(=O)N1CCCC2C(=O)N(C)CC21;CCC(NC(=O)c1cnc(C2CC2)nc1)(C(N)=O)C(C)C;CN(C(=O)c1cc(N2CCNC(=O)C2)ccn1)C(C)(C)C;C=CCNC(=O)C1(NC(=O)c2cc(C)n[nH]2)CCCCC1;CC(C)c1cc(C(=O)N2CCN(C(=O)C3CC3)CC2)n[nH]1;O=C(NCc1cnc2n1CCOC2)C1NCC12CCCC2;Cc1cc(C2CCCN(C(=O)C3CCC(=O)N3C)C2)n[nH]1;COCC1(C(N)=O)CCCN1Cc1cnc(C2CC2)nc1;COC1CC(CN2CCCC2)N(C(=O)c2ccnnc2)C1;CC(C)C(C(=O)Nc1cc(C2CC2)n[nH]1)N1CCCC1=O;CNc1nc(C)cc(C(=O)N2CCOC3CCCCC32)n1;COCCN1C[C@H]2CN(Cc3ccccn3)CCN2C1=O;Cn1cc(C(=O)N2CCN(C(=O)C3CCCC3)CC2)cn1;CC1CC(=O)NC(C(=O)NCc2[nH]nc3c2CCCC3)C1;Cc1ncccc1CNC(=O)NCC1CCN(C)C(=O)C1;O=C1CCCCN1CC(=O)N1CCCCC1c1ncc[nH]1
m_edd5cd,CCOC1CCCN(S(=O)(=O)c2ccc(C(F)(F)F)nc2)C1;CCN(CC1CCCO1)S(=O)(=O)c1ccc(C(F)(F)F)nc1;CC1CN(S(=O)(=O)c2ccc(C(F)(F)F)nc2)C(C)(C)CO1;CC1CCCN(S(=O)(=O)c2ccc(C(F)(F)F)nc2)C1CO;O=c1[nH]c2ccc(S(=O)(=O)N3CCOC4(CCCC4)C3)cc2o1;COC1CC(COc2cccnc2)N(S(=O)(=O)c2ccco2)C1;CNC1CCCN(S(=O)(=O)c2ccc(OC(F)(F)F)cc2)C1;CNCC1CCN(S(=O)(=O)c2ccc(OC(F)(F)F)cc2)C1;CNC1CCCN(S(=O)(=O)c2cccc(OC(F)(F)F)c2)C1;CNCC1CCN(S(=O)(=O)c2cccc(OC(F)(F)F)c2)C1;NCC1CCN(S(=O)(=O)c2ccccc2OC(F)(F)F)CC1;CNC1CCN(S(=O)(=O)c2ccccc2OC(F)(F)F)CC1;CCCC(NS(=O)(=O)c1ccc(OC)c2cccnc12)C(=O)O;CC(=O)N1CCc2ccc(S(=O)(=O)N3CCC(C(=O)O)C3)cc21;CCN(CC(=O)NC)S(=O)(=O)c1ccc(C)c(C(F)(F)F)c1;COc1ccc(S(=O)(=O)NC(C(=O)O)C(C)C)c2ncccc12;COc1c(C)cc(S(=O)(=O)N2CC3C(=O)NC(=O)C3C2)cc1C;Cc1cc(S(=O)(=O)N2CC(N3CCCC3=O)C2)ccc1C(=O)O;CN1C(=O)c2ccc(S(=O)(=O)NC3CCOC3(C)C)cc2C1=O;O=C(O)C1(C(=O)N2CCN(S(=O)(=O)c3ccccc3)CC2)CC1;CN1C(=O)c2ccc(S(=O)(=O)NC3CCC(O)CC3)cc2C1=O;Cc1c(C(=O)O)oc2ccc(S(=O)(=O)N3CCN(C)CC3)cc12;CCC(C)C(NS(=O)(=O)c1cccc(C(F)(F)F)c1)C(N)=O;CCN(c1ccc(O)cc1)S(=O)(=O)c1cc(C(=O)OC)n(C)c1;NC1CCCCC1NS(=O)(=O)c1ccc(OC(F)(F)F)cc1
m_eff2fa,CCC(C)NC(=O)c1cccc(CNC(=O)c2ccc3c(c2)NC(=O)C3(C)C)c1;CCC(C)NC(=O)c1cccc(CNC(=O)C2CC(=O)N(c3ccccc3)C2)c1;O=C1CCc2cc(C(=O)NCC3CN(Cc4ccccc4)CCCO3)ccc2N1;Cc1c(NC(=O)C(C)N2CCc3ccccc32)cccc1C(=O)N1CCOCC1;Cc1c(NCC(=O)N2c3ccccc3CC2C)cccc1C(=O)N1CCOCC1;CC(C)NC(=O)c1ccc(NC(=O)C2CCCN2C(=O)Cc2ccccc2)cc1;CC(C(=O)NCc1ccc(C(=O)N2CCOCC2)cc1)N1CCc2ccccc21;CCC(=O)N1CCc2c(C(=O)N3CCN(c4ccccc4OC)CC3)cccc21;Cc1ccc(C(=O)N2CCOCC2)cc1NCC(=O)N1CCCc2ccccc21;CC1(C)CN(CC(=O)NCc2cccc(C(=O)NC3CC3)c2)c2ccccc2O1;COc1cccc(CC(=O)N2CCC3(CC2)NC(=O)c2cc(C)ccc2N3C)c1;COc1ccc(CC(=O)N2CCC3(CC2)NC(=O)c2cc(C)ccc2N3C)cc1;CCC1CN(CC(=O)NCc2cccc(C(=O)NC3CC3)c2)c2ccccc2O1;CC(C)NC(=O)Cc1ccc(NC(=O)Cc2ccc(NC(=O)C3CC3)cc2)cc1;CCOc1ccccc1C(=O)N1CCN(C2CCc3ccccc3NC2=O)CC1;CC(C)c1ccc2c(c1)NC(=O)CN1CCN(C(=O)c3ccccc3)C[C@H]1CO2;CCN1c2ccccc2C(=O)NC12CCN(C(=O)Cc1ccc(OC)cc1)CC2;CCc1ccccc1N1CC(C(=O)Nc2ccc(CC(=O)N(C)C)cc2)CC1=O;CN(C)CC(=O)N1[C@@H](CO)[C@@H]2c3ccccc3N(C(=O)Cc3ccccc3)C[C@@H]21;Cc1ccc(N2CCC(Nc3cccc(C(=O)N4CCOCC4)c3C)C2=O)cc1;CCOc1ccc(C(=O)N2CCC3(CC2)NC(=O)c2cc(C)ccc2N3C)cc1;CCN1c2ccc(C)cc2C(=O)NC12CCN(C(=O)c1ccc(OC)cc1)CC2;CCN1c2ccc(C)cc2C(=O)NC12CCN(C(=O)c1cccc(OC)c1)CC2;C=CC(C)(C)[C@@H]1Nc2cc(CC=C(C)C)ccc2[C@H]1/C=C1\NC(=O)C(=O)NC1=O;CN(C)C(=O)c1cccc(NC(=O)CN2CCOC3(CCc4ccccc43)C2)c1
m_f0bee0,CC1CC(NC(=O)NCc2cccc(C(=O)NCc3ccco3)c2)C1;O=C(NCc1cccc(C(=O)NCc2ccco2)c1)NCC1CCC1;CN(C(=O)NCc1cccc(C(=O)NCc2ccco2)c1)C1CCC1;CC1CCN(C(=O)NCc2cccc(C(=O)NCc3ccco3)c2)C1;NC(=O)NCc1ccc(C(=O)N(Cc2ccco2)C2CCCC2)cc1;O=C(NCCNC(=O)c1ccco1)NC(c1ccccc1)C1CCC1;O=C(CNC(=O)N1CCC(Cc2ccccc2)C1)NCc1ccco1;Cc1ccccc1C1(CNC(=O)CNC(=O)NCc2ccco2)CC1;Cc1occc1C(=O)NC1CCN(C(=O)NCc2ccccc2)CC1;O=C(NCCNC(=O)N1CCC(Cc2ccccc2)C1)c1ccco1;O=C(NCCNC(=O)N1CCCC1Cc1ccccc1)c1ccco1;COCCN(Cc1ccccc1)C(=O)c1ccc(CNC(N)=O)cc1;Cc1ccc(C(CNC(=O)c2ccc(C(N)=O)cc2)N2CCCC2)o1;Cc1ccc(NC(=O)N2CCC(NC(=O)c3ccc(C)o3)CC2)cc1;Cc1ccoc1C(=O)NCC(=O)N1CCN(Cc2ccccc2)CC1;O=C1CCCCCN1CC(=O)N(Cc1cccnc1)Cc1ccco1;Cc1ccc(NC(=O)N2CCC(NC(=O)c3occc3C)CC2)cc1;O=CN(Cc1ccco1)C(C(=O)NC1CCCCC1)c1cccnc1;Cc1ccc(C(=O)N2CCCCC2CNC(=O)Nc2ccccc2)o1;CN(Cc1ccco1)C(=O)CN1CCNC(=O)CC1c1ccccc1;COc1cccc(CNC(=O)NCC(=O)Nc2c(C)cccc2C)c1;Cc1cc(C(=O)N2CCCC(NC(=O)c3c(C)cccc3C)C2)on1;N#CCc1cccc(C(=O)N2CCC(C3CCC(C(N)=O)O3)CC2)c1;CC(=O)N1CCN(Cc2cccc(NC(=O)c3occc3C)c2)CC1;O=C(c1ccnc(OC2CCC2)c1)N1CCN(Cc2ccco2)CC1
m_f10ba9,COC1CN(C(=O)c2c(C)coc2C)CC1c1cn(C)nn1;COC1CN(C(=O)c2oc(C)cc2C)CC1c1cn(C)nn1;Cc1cc(C(=O)N2CCCC(O)(Cn3ccnn3)C2)c(C)o1;CC(C)c1occc1C(=O)N1CCC(O)(Cn2ccnn2)C1;CCc1occc1C(=O)N1CCCC(O)(Cn2ccnn2)C1;CC(C)c1occc1C(=O)N1CCCC(c2nnc(N)o2)C1;Cc1cc(C)c(C(=O)N(C)CC2OCCC2c2ncn[nH]2)o1;Cc1n[nH]c(C2CCOC2CN(C)C(=O)c2occc2C)n1;Cc1cc(C(=O)N(C)CC2OCCC2c2ncn[nH]2)oc1C;COC1CC(c2nncn2C)N(C(=O)c2oc(C)cc2C)C1;CCc1oc(C(=O)N2CC(OC)CC2c2ncn[nH]2)cc1C;COCc1n[nH]c(C2CCCCN2C(=O)c2ccoc2C)n1;CCc1oc(C(=O)N2CCC(O)(Cn3ccnn3)C2)cc1C;CCc1cc(C)c(C(=O)N2CCOC(c3nncn3C)C2)o1;Cc1cc(C(=O)NCC2CC(c3nncn3C)CC2O)co1;COC1CC(c2nc(C)c(C)[nH]2)N(C(=O)c2ocnc2C)C1;CCc1ocnc1C(=O)N1CCCC(c2nnc(C)o2)C1C;CCc1nnc(C2CCCN(C(=O)c3ncoc3C)C2C)o1;Cc1nn(C)c(C)c1C1OCCC1NC(=O)c1ncoc1C;COC1CC(c2ncc[nH]2)N(C(=O)Cc2c(C)noc2C)C1;Cc1ocnc1C(=O)NCC1CCCOC1c1cnn(C)c1;COCc1nocc1C(=O)N1CCC(c2c[nH]nc2C)CC1;CCn1nccc1C1OCCC1CNC(=O)c1ncoc1C;COC(=O)c1cn(C2CCN(Cc3ccc(C)o3)CC2)nn1;Cc1nc(C(=O)NC2CCCC2Oc2cnn(C)c2)c(C)o1
m_f1a045,CC(C)n1ccc(C(=O)NC(Cc2ccncc2)C(=O)O)n1;CC(C)n1cc(C(=O)NC(Cc2ccncc2)C(=O)O)cn1;CCn1ccc(C(=O)NCC23CNCC2(C(F)(F)F)C3)n1;Cc1nn(C)cc1C1OCCC1NC(=O)c1ncccc1O;N[C@@H](Cc1c[nH]cn1)C(=O)N[C@@H](Cc1ccccc1)C(=O)O;N[C@@H](Cc1ccccc1)C(=O)N[C@@H](Cc1cnc[nH]1)C(=O)O;COC(=O)c1ccc(C(=O)NC(C)c2cnn(C)c2C)nc1;Cc1cnn(C)c1C(=O)NCC12CNCC1(C(F)(F)F)C2;CCC(C)C(NC(=O)c1cnn(-c2cccnc2)c1)C(=O)O;Cc1nc(O)ccc1C(=O)NC1CCOC1c1cnn(C)c1;COc1ncccc1C(=O)NC1CC(O)C1n1cc(C)cn1;CCc1cc(C(=O)NCC23CNCC2(C(F)(F)F)C3)n[nH]1;COc1nc(C)ccc1C(=O)NC1CC(O)C1n1cccn1;O=C(NCCCCCNC(=O)c1ccco1)c1cccnn1;Cn1nc(CNC(=O)C2CC(N)C3CC23)cc1C(F)(F)F;O=C(NC1COCC1Oc1cn[nH]c1)c1[nH]ccc1C1CC1;CC(C)n1cc(NC(=O)NCc2cccc(C(=O)O)c2)cn1;Cc1cc(C)n(CCOC(=O)c2ccc(NC(N)=O)cc2)n1;Cn1nc(CNC(=O)C23CCC2CNC3)cc1C(F)(F)F;O[C@@H]1[C@@H](n2cccn2)[C@@H]2OCC(O2)[C@H]1NCc1ccccn1;CCn1ccc(NC(=O)Nc2cccc(CCC(=O)O)c2)n1;COCCn1cc(C(=O)NC2CCc3c(O)cccc32)nn1;Cn1nc(C(F)(F)F)cc1CNC(=O)C1CC(N)C2CC12;COC1CC(CO)N(C(=O)c2cc(-n3cccn3)ccn2)C1;Cc1cc(C(=O)NC2CCOC2c2nccn2C)cc(O)n1
m_f22b14,CN(CC1CCCN(C)C1c1cncn1C)c1ccnc(C#N)c1;CN(CC1CCCN(C)C1c1cncn1C)c1ccc(C#N)nc1;CN(CC1CCCN(C)C1c1ccnn1C)c1ccnc(C#N)c1;Cc1cc(NC2CCN(c3ncnc4c3CCCC4)CC2)ncn1;CCc1cc(N2CC3CN(c4ncnc(C)c4C)CC3C2)ncn1;Cc1cnc(C)c(N2CC(c3nc(C4CC4)n[nH]3)C(C3CC3)C2)n1;Cc1cnc(N2CC(c3nc(C4CC4)n[nH]3)C(C3CC3)C2)nc1C;CC(C)(C)c1cc2c(N3CCCC(c4ccn[nH]4)C3)nccn2n1;Cc1cc(NC2CCN(c3cccnn3)CC2)nc(C2CCC2)n1;Cc1nc(C)n(CC2CCCN2Cc2nc3ccccc3n2C)n1;CC(C)c1nc2n(n1)CC(NCc1nc3ccccc3n1C)CC2;Cc1nc(-c2ccc(C)c(NCc3cn(C(C)C)nc3C)c2)n[nH]1;CC(C)(C)OCc1cc(C(=O)NCC2(O)CCCC2(C)C)no1;CCC(=O)NC[C@H]1O[C@H](Cc2cc(C(C)(C)C)on2)CC[C@@H]1O;CCCNc1nc(NCc2ccccc2)n2ncc(C(C)C)c2n1;CC(C)(C)OC(=O)N1CCCC(C(=O)N2CC3COCC3C2)C1;COc1ccc(CNCCCN2CCOCC2)c(OC)c1OC;COCCN1CC(C(=O)N2CCC3(CCOCC3)C2C)CC1=O;CCCCCc1cc(OC)c2c(c1)OC(C)(C)c1ccc(C)cc1-2;CC1CN(C(=O)CN2C(C(=O)O)CC3CCCCC32)CC(C)O1;Cc1ccc2c(c1C)CC[C@H]1[C@@H]2CC=C2C[C@@H](C(=O)O)CC[C@@]21C;COC(C(=O)N1CCN(C(=O)C(OC)C2CC2)C(C)C1)C1CC1;O=C(O)C[C@@H]1CCN(C(=O)C2CC2)C[C@@H]1CCN1CCOCC1;O=C(NC1CCCCC1)OCC1CN(C2CCCCC2)C(=O)O1;C=C1[C@H]2C[C@H]3CCC[C@]1(C)[C@@]3(C(=O)CCc1ccccc1)[C@H]2OC
m_f22bed,CCCn1nc(C(=O)N2CC(C)OC(c3ccccc3)C2)ccc1=O;CCOC1CCCN(C(=O)c2ccc(=O)n(Cc3ccccc3)n2)C1;CCCn1nc(C(=O)N2CCCC2c2cccc(OC)c2)ccc1=O;C=CCOc1ccc(CN(C)C(=O)c2ccc(=O)n(CCC)n2)cc1;CCCn1nc(C(=O)NC(c2ccc(OC)cc2)C2CC2)ccc1=O;COCCn1nc(C(=O)N2CCCC2c2cccc(C)c2)ccc1=O;COCCn1nc(C(=O)NC2CCCCc3ccccc32)ccc1=O;COc1ccc(C2CCCCCN2C(=O)c2ccc(=O)n(C)n2)cc1;CCNc1cccnc1C(=O)N1CCOC(c2cccc(OC)c2)C1;COC1(c2ccccc2)CN(C(=O)c2n[nH]c3c2CC(C)OC3C)C1;CC1CCC(C(=O)O)CN1C(=O)c1ccn(CCc2ccccc2)n1;Cc1ccc(CNC(=O)c2ccc(=O)n(C)n2)c(OC2CCCC2)c1;CCOc1ncccc1NC(=O)N1CC(C)OC(c2ccccc2)C1;COc1cccc2c1N(C(=O)c1ccc(=O)n(C)n1)C(C)(C)CC2C;Cn1nc2c(cc1=O)CN(C(=O)C(C)(O)CCc1ccccc1)CC2;Cc1nn(CC(=O)N(CC2CCOC2)C2CC2)c(=O)c2ccccc12;Cc1c(C(=O)N(Cc2ccc(O)cc2)CC2CC2)nn2c1OCCC2;CC(CNC(=O)c1ccnn1C1CCCC1)(C(=O)O)c1ccccc1;COC(=O)C1(c2ccccc2)CCN(C(=O)c2cc(C)nn2C)CC1;CC(C)Oc1ccc(C(=O)NC2CCc3nn(C)c(=O)cc3C2)cc1;Cc1nn(CC(=O)N2c3ccccc3CCC2C)c(=O)c(CO)c1C;Cn1nc(CC(=O)N(CC2CCOC2)C2CC2)c2ccccc2c1=O;CCOc1nc(C)ccc1C(=O)N(C)C1CCOC1c1cccnc1;COc1ccc2c(c1)OCCN(C(=O)c1ccnn1C1CCCC1)C2;Cc1cc(C)cc(OCCNC(=O)Cn2nc(C3CC3)ccc2=O)c1
m_f24d72,COc1ccc(C)cc1S(=O)(=O)NCCc1cccc(C(=O)O)n1;COc1ccc(C(=O)O)cc1S(=O)(=O)N(C)CCc1ccccn1;COc1ccc(C(=O)O)cc1S(=O)(=O)N(C)CCc1cccnc1;CNC(=O)COc1cccc(NS(=O)(=O)c2cc(C)ccc2O)c1;Cc1ccc(S(=O)(=O)Nc2cccc(C(=O)O)c2OC(C)C)cn1;COc1ccc(CC(=O)Nc2ccc(S(N)(=O)=O)cc2)cc1OC;COc1ccc(S(=O)(=O)N2CCC(C(=O)O)CC2)c2ncccc12;COc1ccc(C(=O)NCc2ccc(S(N)(=O)=O)cc2)cc1OC;COc1ccc(S(=O)(=O)N2CCCCC2C(=O)O)c2ncccc12;COc1cccc(S(=O)(=O)N2CCN(C(=O)c3ccco3)CC2)c1;COc1ccc(C(=O)NCc2ccc(S(N)(=O)=O)cc2)c(OC)c1;CCn1cccc(NS(=O)(=O)c2cc(C)c(C)c(C(=O)O)c2)c1=O;Cc1cc(S(=O)(=O)Nc2c(C)ccn(C)c2=O)cc(C(=O)O)c1C;Cc1ccc(S(=O)(=O)N(C)CC(=O)NC2CC2)cc1C(F)(F)F;COc1cc(OC)c(OC)cc1/C=N/c1ccc(S(N)(=O)=O)cc1;Cc1cc(C)c(S(=O)(=O)Nc2c(C)noc2C2CC2)cc1C(=O)O;O=C(NCC(F)(F)F)c1ccc(S(=O)(=O)NC2CCCC2)cc1;COc1ccc(NS(=O)(=O)c2ccc(NC(C)=O)cc2)cc1OC;CN(C)C(=O)C1CCCN1S(=O)(=O)c1cccc(C(F)(F)F)c1;COc1ccc(S(=O)(=O)Nc2ccc(C(C)(C)C(=O)O)cc2)cn1;CC(=O)Nc1ccc(S(=O)(=O)N(C)CCC(=O)O)c2ccccc12;CNS(=O)(=O)c1cc(C(=O)Nc2ccccc2OCC2CC2)co1;O=C(CN(CCO)S(=O)(=O)c1ccc(-c2ccccc2)cc1)NO;Cc1noc(C2CC2)c1NS(=O)(=O)c1ccc2c(c1)OCCCO2;CC(=O)N1CC(NS(=O)(=O)c2ccccc2)CCC1C(F)(F)F
m_f2d901,Cc1noc(C2COCCN2Cc2cccc(F)c2F)n1;Cc1noc(C2COCCN2Cc2cc(F)ccc2F)n1;Fc1ccc(F)c(NCc2noc(C3CCOCC3)n2)c1;N#Cc1ccc(CN2c3ccccc3CC2C(N)=O)c(F)c1;OCC1COC(Cn2cncn2)(c2ccc(F)cc2F)C1;CCc1ccnc(-c2noc(C3CC(OC(F)F)C3)n2)c1;O=C(CN1CCCc2cc(F)c(F)cc21)N1CCNC1=O;CC(C)(C(=O)N1CCOc2c(C#N)cncc2C1)C(F)F;OCC1CN(c2ncnc3c(F)c(F)ccc23)CCC1O;Cc1n[nH]c(-c2ccccc2)c1NC(=O)c1ccccc1F;CCC(C)[C@H](N)c1nnc(SCc2cccc(F)c2)o1;N#Cc1cc(F)c(NCC(O)CN2CCCC2=O)c(F)c1;CC1c2ccsc2CCN1c1nc2c(cc1C#N)CCC2;c1cncc(CN2CC[C@H](c3nc4ccccc4s3)C2)c1;c1ccc(CN2CC[C@H](c3nc4ccccc4s3)C2)nc1;Cc1ccc(-c2cc(C(=O)Nc3ccccc3F)[nH]n2)cc1;c1ccc2c(c1)N=C(N1CCNCC1)c1ccccc1S2;Cc1cc(C(=O)Nc2c[nH]nc2-c2ccccc2)ccc1F;O=C(Cc1n[nH]c2ccccc12)N1CCC(OC(F)F)C1;O=C(C1CSCN1)N1CCN(c2ccccc2F)CC1;O=C(NCCc1ccc(F)cc1)c1ccc2nccnc2c1;CC[C@]1(C)Cc2ccccc2-c2nnc(-c3cccs3)n21;CC(C)(C)c1nnc(SCCOc2ccccc2F)[nH]1;O=c1c2ccccc2nc(NC2CC(F)(F)C2)n1CCO;COc1c(F)cc(NC(=O)c2cc(C(C)C)[nH]n2)cc1F
m_f55e93,O=C(NCC1CCC(F)(F)C1)c1ccc(Cn2nnc3ccccc32)cc1;Cn1cnc2cc(C(=O)N(Cc3cc(F)ccc3F)C3CCCC3)cnc21;O=C(NCCc1c[nH]c2cc(F)cc(F)c12)c1ccc(NCC2CC2)nc1;Cc1csc2ncnc(N3CCC(CNC(=O)c4cnn(C)c4)CC3)c12;CN1CCC(=O)Nc2cc(C(=O)N3CCN(CC(F)(F)F)CC3)ccc21;CN1CCC(N2CCC(NC(=O)c3cncc(C(F)(F)F)c3)CC2)C1=O;CN1CCC(N2CCC(NC(=O)c3cccc(C(F)(F)F)n3)CC2)C1=O;NC(=O)NC1(C(=O)N2CCN(Cc3cccc(C(F)(F)F)c3)CC2)CC1;CN(Cc1nccc(N)n1)C1CCCN(C(=O)c2sccc2C#N)CC1;CCCc1cc(NC(=O)NC(c2ccc(OC)c(F)c2)C(F)F)n(C)n1;Cc1nc2cc(O)nn2c(C)c1CCC(=O)N1CCC(C(F)(F)F)CC1;Cc1nc2cc(O)nn2c(C)c1CCC(=O)N1CC(C)(CC(F)(F)F)C1;Cc1cc(C)n2nc(C)c(C(=O)NC3CCN(c4nccs4)CC3)c2n1;Cc1nn(C)c(OCC(F)(F)F)c1CN1CCC(Oc2cccnc2)C1;Cc1nc(NCC2CC(=O)N(C)C2c2cnn(C)c2)c2c(C)csc2n1;Cc1sc2ncnc(N3CCC(C(=O)Nc4ccn(C)n4)CC3)c2c1C;Cc1cc(C(=O)N2CCN(c3ncnc4ccsc34)CC2)nn1C(C)C;Cn1c(CN2CCOC(c3ccc(F)cc3F)C2)nnc1-c1ccccc1;Cc1cn2nc(NCCC(=O)N3CCN(c4ccccc4)CC3)sc2n1;Cc1sc2ncnc(N3CCC(C(=O)NCc4c[nH]cn4)CC3)c2c1C;CCc1nc(NCC2CC(=O)N(C)C2c2cnn(C)c2)c2ccsc2n1;Cc1cc2c(NCC3CC(=O)N(C)C3c3cnn(C)c3C)ncnc2s1;CC(C)c1ocnc1CN1CCC(Oc2nccc(C(F)(F)F)n2)CC1;Cc1nn(C)c(C)c1-c1cc(C(=O)Nc2nc3c(s2)CCCCC3)[nH]n1;CCc1cc2c(NCC3CC(=O)N(C)C3c3cnn(C)c3)ncnc2s1
m_f5c42c,Cc1ccccc1C1(CNC(=O)NCC2(O)CCC2)CC1;Cc1ccccc1C1(CNC(=O)NC2CCOCC2)CC1;O=C(NCC1(O)CCC1)NC(Cc1ccccc1)C1CC1;Cc1ccccc1C1(CNC(=O)C2NCCOC2C)CC1;CC1(O)CCN(C(=O)NCC2CC(c3ccccc3)C2)C1;CC1CC(O)CN(C(=O)NCC2CC2c2ccccc2)C1;O=C(NCCC1Cc2ccccc2C1)N1CCCC(O)C1;CC1CCC(O)CN1C(=O)NCC1CC1c1ccccc1;CC(NC(=O)NC1(C)Cc2ccccc2C1)C1CCOC1;CNC(=O)C1CN(CC2(c3ccccc3)CCC2)CCO1;NC(=O)CC1(O)CCCN(Cc2ccccc2C2CC2)C1;O=C(NCC1CCCO1)N1CCC(Cc2ccccc2)C1;Cc1cccc2c1CCC2NC(=O)NC(C)(CO)C1CC1;CC1COCCN1C(=O)NC(Cc1ccccc1)C1CC1;CCc1ccccc1CNC(=O)NCC1CC2CCC1O2;CC1CC1CNC(=O)NCC1CCOC1c1ccccc1;CC(O)C1CCN(C(=O)NCc2ccc3c(c2)CCC3)C1;CC(NC(=O)NC(c1ccccc1)C1CC1)C1CCCO1;CC1CCN(C(=O)NCc2ccc3c(c2)CCC3)C1CO;O=C(NC[C@@H]1N[C@@H](CO)[C@H]1c1ccccc1)C1CCCC1;CCN(CC)CCC1(c2ccccc2)CCC(=O)NC1=O;CC(NC(=O)N1CCOC(Cc2ccccc2)C1)C1CC1;CC(C)Cc1ccccc1C(=O)NCC(=O)NCC1CC1;O=C(NCCN1CCC(O)CC1)C1CC1c1ccccc1;CN(C(=O)NC1CCC(O)CC1)C1CCc2ccccc21
m_f7002e,O=C(NC1CCC(O)CC1)C1CC1c1cccc(Br)c1;O=C(NC1CCC(O)CC1)C1CC1c1ccc(Br)cc1;COCCC1(C(=O)NC2CC2c2ccccc2Br)CC1;O=C(Cc1ccc(Br)cc1)NC1CCC12CCOCC2;CC1(C)C(O)CC1CC(=O)N1Cc2ccc(Br)cc2C1;CNC(=O)[C@H](Cc1ccccc1)NC(=O)Nc1nnc(S)s1;O=C(CCOc1ccc(F)c(Cl)c1)N1CC(F)(F)CC1CO;O=C(CCOc1ccc(Cl)c(F)c1)N1CC(F)(F)CC1CO;O=C(CCOc1ccc(F)cc1Cl)N1CC(F)(F)CC1CO;COC1CC(CO)N(C(=O)c2ccc(C(F)(F)F)cc2Cl)C1;COC1CC(CO)N(C(=O)c2ccc(Cl)c(C(F)(F)F)c2)C1;COc1cc(Cl)ccc1C(=O)N1CCCC(O)(C(F)(F)F)C1;COC1CC(CO)N(C(=O)c2cc(Cl)cc(C(F)(F)F)c2)C1;COc1ccc(Cl)cc1CN1CC(C(=O)O)C(C(F)(F)F)C1;CC(Oc1cccc(Cl)c1)C(=O)N1CCC(O)(C(F)(F)F)C1;CCC1C(=O)NCCN1S(=O)(=O)c1ccc(C(F)(F)F)nc1;CC1C(=O)NCCN1C(=O)c1csc(-c2ccc(F)c(F)c2)n1;CCCCCCCc1c(Br)c(=O)c2ccccc2n1O;O=C(Cc1csc(N2CCCC2=O)n1)Nc1cc(F)ccc1F;Cc1csc(NC(=O)C2CCCN2C(=O)OCC(F)(F)F)n1;Cc1csc(C(NC(=O)N2CCC(C(=O)O)C2)C(F)(F)F)n1;CCOCCCNCc1ccc(-c2ccc(Br)cc2)o1;Nc1nc(=O)n([C@H]2C[C@H](O)[C@@H](COP(=O)(O)O)O2)cc1CO;CN(C(=O)C1CCCN1C(=O)OCC(F)(F)F)c1nccs1;Cc1cc(=O)n2c(n1)SCC2CC(=O)Nc1ccc(F)c(F)c1
m_f7302f,CC(C)n1ncc(C(=O)N2CCNCC2)c1C(F)(F)F;CCn1ncc(C(=O)N2CCCNCC2)c1C(F)(F)F;CN1CCCC1CNC(=O)c1cn(C)nc1C(F)(F)F;CCCn1cc(C(=O)N(C2CC2)C2CC(=O)NC2=O)cn1;CCn1ncc(NC(=O)NC(C)C2CC2)c1C(F)(F)F;Cc1cc(C(=O)N2CC(N)CCC2C(F)(F)F)n(C)n1;CCN1CCC(NC(=O)c2nc[nH]c2C(F)(F)F)CC1;CC(C)n1ccc(CC(=O)N2CC3C(=O)NC(=O)C3C2)n1;Cn1nccc1C(=O)NCC1CCN(CC(F)(F)F)C1;O=C(NCC1CCCNC1)c1ccn(CC(F)(F)F)n1;Cn1nc(C(C)(C)C)c2cc(C(=O)NCC(=O)O)cnc21;Cc1cc(C(=O)NC2CCOC2c2cnn(C)c2C)on1;CCn1cc(C2OCCCC2NC(=O)c2ccon2)cn1;CCn1cc(NC(=O)N2CCC(C(F)(F)F)CC2)cn1;Cc1cc(C(=O)NC2CCC(C(F)(F)F)N(C)C2)[nH]n1;Cc1c[nH]cc1C(=O)NC1COCC1Oc1cnn(C)c1;C[C@@H]1NC(=O)[C@@H]2CN(C(=O)c3cccn3C)CCN2C1=O;Cc1occc1C(=O)N1CCCC(O)(Cn2ccnn2)C1;Cc1cc(C(=O)N2CCC(O)(Cn3ccnn3)C2)c(C)o1;COC1CC(c2nnc(C)o2)N(C(=O)c2cc[nH]c2C)C1;CN1CC(NC(=O)c2cn(C)cn2)CCC1C(F)(F)F;Cc1cc(C(=O)N2CCOC(Cn3ccnn3)C2)c(C)o1;Cc1nnc(CC2CCC(NC(=O)c3conc3C)C2)o1;Cc1cc(C(=O)N(C)C2COCC2O)c2cnn(C)c2n1;Cc1coc(C)c1C(=O)N1CCC(O)(Cn2ccnn2)C1
m_f82743,Cn1cc(CC(=O)N2CCCC2(C)Cc2cccc(F)c2)cn1;Cn1cc(CCC(=O)N2CCCC2Cc2cccc(F)c2)cn1;Cn1cc(CCC(=O)N2CCCC2Cc2ccc(F)cc2)cn1;Cc1n[nH]c(C)c1CC(=O)NC1(Cc2cccc(F)c2)CCC1;Cc1cnn(CC2CCCCN2C(=O)Cc2cccc(F)c2)c1;CCc1cc(C(=O)N2CCCC2(C)Cc2cccc(F)c2)[nH]n1;Cn1nccc1C(=O)N(CCc1cccc(F)c1)C1CCCC1;Cc1n[nH]c(C)c1CC(=O)N1CCC(c2ccccc2F)CC1;Cc1n[nH]c(C)c1C(C)C(=O)N1CCc2cc(F)ccc2C1C;Cc1n[nH]c(C)c1CC(=O)NC1CCC(c2ccccc2F)C1;O=C(CCc1ccccc1F)N1CCCCC1Cn1cccn1;Cc1n[nH]c(C)c1C(C)C(=O)N1CCCC1c1ccc(F)cc1;Cc1ccc(F)c2c1N(C(=O)Cc1c(C)nn(C)c1C)CCC2;Fc1ccc(Cn2cc(CN3CCOCC34CCC4)cn2)cc1;CC1CN(C(=O)CCc2cncn2C)CCc2ccc(F)cc21;CC(CC(=O)NCc1cc2n(n1)CCC2)Cc1cccc(F)c1;Cc1nn(C)c(C)c1CCC(=O)N1CCCc2ccc(F)cc21;Cc1n[nH]c(C)c1C(C)C(=O)NC(c1ccc(F)cc1)C1CC1;O=C(NCC1CCN1C1CC1)NC1C2Cc3cc(F)ccc3C21;Cc1ccc(F)c(Cn2nc(C)c(C3CCCC(=O)N3)c2C)c1;CC(=O)N(CC1CCCN1Cc1ccc(C#N)cc1F)C1CC1;N#Cc1ccc(CN2CCCCC2CN2CCCC2=O)cc1F;Cc1ccc(CC(=O)NCc2ccc(CN(C)C)c(F)c2)cn1;CC(C)C(c1ccc(F)cc1)N(C)C(=O)c1cc2n(n1)CCC2;Cc1n[nH]c(C)c1CCC(=O)NCc1ccc(C2CC2)cc1F
m_f858ee,CCOc1nc(C(=O)N2CCCc3c2cccc3C(F)(F)F)co1;Cc1cc(C(=O)N2CC(C)(C)Oc3ccc(C(F)(F)F)cc32)no1;O=C(c1ncoc1C(F)(F)F)N1CCC(c2ccc(O)cc2)CC1;Cc1ocnc1C(=O)N1CCOC(c2ccc(C(F)(F)F)cc2)C1;O=C(O)C1CCCN1Cc1coc(-c2ccccc2C(F)(F)F)n1;Cc1cc(C(=O)N2CCOC(c3ccccc3C(F)(F)F)C2)no1;O=C(c1ccco1)N1CCC(Oc2ccc(C(F)(F)F)cn2)CC1;O=C1Nc2ccccc2[C@@]1(O)CC(=NO)c1ccc2c(c1)OCCO2;COC(=O)c1ccccc1NC(=O)[C@]1(OC)Nc2ccccc2C1=O;COC(Cc1ccccc1)C(=O)Nc1cc(C(F)(F)F)c[nH]c1=O;COc1ccc(OC)c(C(=O)N(CC(F)(F)F)c2ccccn2)c1;Cn1c(C(=O)N2CCC(C(=O)O)C2)cc2cc(C(F)(F)F)ccc21;Cn1c(C(=O)N(CC(=O)O)C2CC2)cc2cc(C(F)(F)F)ccc21;O=C(O)c1ccccc1NC(=O)N1Cc2ccccc2C[C@H]1C(=O)O;CC1COC(c2cccc(C(F)(F)F)c2)CN1C(=O)c1ccon1;O=C1COc2ccc(C(=O)NCCc3cccc(C(=O)O)c3)cc2N1;CCOC(C(=O)Nc1cc(C(F)(F)F)c[nH]c1=O)c1ccccc1;COC(=O)c1ccc(N2C(=O)[C@@H]3[C@H](C2=O)[C@@H]2C=C[C@@H]3C(=O)N2C)cc1;O=C(NCc1ccccc1CO)c1cccc(OCC(F)(F)F)n1;CN(Cc1cccc(O)c1)C(=O)c1cccc(OCC(F)(F)F)n1;CC(O)(CNC(=O)c1c[nH]c(=O)c(C(F)(F)F)c1)c1ccccc1;O=C1COc2cc(C(=O)NCC(C(=O)O)c3ccccc3)ccc2N1;CC1Oc2c(cccc2C(=O)NCc2cccc(C(=O)O)c2)NC1=O;O=C(O)COc1cccc(NC(=O)CN2Cc3ccccc3C2=O)c1;CC(=O)Oc1ccc(N2C(=O)[C@@H]3[C@@H](C2=O)[C@@H]2C=C[C@H]3C(=O)N2C)cc1
m_f866a0,Cn1nc2c(c1NC(=O)C1CCN(S(=O)(=O)c3cccs3)CC1)CCC2;Cc1cc(C)cc(NC(=O)c2cn(C)nc2S(=O)(=O)N2CCSCC2)c1;Cn1cc(C(=O)NCCc2ccccc2)c(S(=O)(=O)N2CCSCC2)n1;Cc1cnc(NC(=O)c2cc(S(=O)(=O)N(C)C)ccc2N2CCCC2)s1;COC(=O)C12CCC(=O)N1c1ccccc1C(=O)N2c1ccc2c(c1)OCCO2;CS(=O)(=O)N1CCc2c(ncn(Cc3csc(C4CCCC4)n3)c2=O)C1;CCN(C)CC1CCN(S(=O)(=O)c2ccc(C(=O)O)c(C(F)(F)F)c2)C1;CC[C@@]1(O)C(=O)OCc2c1cc1n(c2=O)[C@H](O)c2cc3c(OC)cccc3nc2-1;CCN(CC(=O)O)C1CCN(S(=O)(=O)c2ccccc2C(F)(F)F)CC1;Cc1cc(N2CCCS2(=O)=O)ccc1C(=O)Nc1nnc(C(C)(C)C)s1;O=S(=O)(NC(C1CCCO1)C1(CO)CCC1)c1cccnc1C(F)(F)F;COC(=O)c1ccccc1NC(=O)[C@@H]1CCC(=O)N1[C@H]1OC(=O)c2ccccc21;CC(C)C(NS(=O)(=O)c1ccc2c(c1)C(=O)NCC2)c1ccc(F)cc1F;CC(C)C(C(=O)Nc1ccc(S(=O)(=O)N(C)C)cc1)c1ccc(Cl)cc1;O=C1OC(N2C(=O)CC[C@H]2C(=O)Nc2ccc3c(c2)OCCO3)c2ccccc21;O=C(Nc1cc(NS(=O)(=O)c2cccc(F)c2)ccc1F)C1CCCCC1;CCOC(=O)Nn1c2c(c3ccc(OC)c(OC)c3c1=O)C(=O)c1ccccc1-2;COC(=O)N1CCc2ccc(F)cc2C1C(=O)Nc1cccc(OC(F)F)c1;CCCCN1Cc2cccc(NS(=O)(=O)c3cc(OC)ccc3Cl)c2C1;COc1ccccc1S(=O)(=O)NC1CCN(Cc2ccc(Cl)cc2)CC1;CCc1c(C)sc(NC(=O)CCCOc2ccc(Cl)cc2C)c1C(N)=O;NS(=O)(=O)c1cc(C(=O)N2CCCCC2Cc2ccc(F)cc2)ccc1F;COC1CNCCC1C(=O)NCc1cc(C(F)(F)F)cc(S(C)(=O)=O)c1;CC(C)c1ncc(Br)c(NCC2CC(c3nncn3C)CC2O)n1;COc1cc2c(cc1OC)-c1cc(Oc3ccc4c(c3)OCO4)nc(=O)n1CC2
m_f8bf38,COC1(C(=O)O)CCN(C(=O)c2cccc(C)n2)C1;CO[C@@H]1CO[C@H]2[C@@H]1OC[C@@H]2NC(=O)c1ccccn1;Cc1nc(C(=O)NC2(C)CCOC2)ccc1C(=O)O;COC(=O)c1cccc(C(=O)NC2CCOCC2)n1;COc1ccnc(C(=O)NC(CC2CC2)C(=O)O)c1;CC(Oc1cccnc1)C(=O)N1CCC(C(=O)O)C1;Cn1ccc(C(=O)N2CCCC(C(=O)O)C2)cc1=O;Cc1ccc(C(=O)N2CCCCC2C(=O)O)c(=O)[nH]1;Cn1ccc(C(=O)N2CCC(C(=O)O)CC2)cc1=O;CC1CC(C(=O)O)CCN1C(=O)c1cncc(O)c1;COc1ccc(C(=O)N2CCCC2CC(=O)O)cn1;O=C(NCC1(C(=O)O)CCOCC1)c1ccncc1;COc1nc(C)ccc1C(=O)NC1CC(C(=O)O)C1;Cn1ccc(C(=O)N2CCCCC2C(=O)O)cc1=O;Cc1cc(CC(=O)N2C3CCC2C(C(=O)O)C3)no1;O=C(O)C1CCN(C(=O)CCn2ccccc2=O)C1;O=C(O)CC1COCCN1C(=O)Cc1ccncc1;O=C(O)CC1COCCN1C(=O)Cc1cccnc1;COc1ncccc1C(=O)NC1(C(=O)O)CCCC1;COc1ncccc1C(=O)NC1CCC(C(=O)O)C1;COc1ncccc1C(=O)NC(C)(C(=O)O)C1CC1;O=C(NCC1CNCC1O)c1cccc2c1OCO2;NC(=O)C1CN(C(=O)Cc2ccccc2O)CCO1;O=C(NC(Cc1ccncc1)C(=O)O)C1CCOC1;CC(Oc1cccnc1)C(=O)N1CCCC1C(=O)O
m_f8d39e,CCCN(C(=O)c1cc(C)cc(O)n1)C1CCc2ccccc2C1;CCCN(Cc1ncccc1C(=O)O)C1CCc2ccccc2C1;Cc1cccc(C(=O)N2CCC(Oc3ccc(C)c(C)c3)CC2)n1;Cc1ccc(C)c(OC2CCN(C(=O)c3cccc(C)n3)CC2)c1;O=C(c1nccc2ccccc12)N1CCCC1C1CCCCC1O;Cc1ccc(C2CCCC2N(C)Cc2ncccc2C(=O)O)cc1;O=C(c1nccc2ccccc12)N1CCC(C2CCOCC2)CC1;Cc1ccc(CCC2CCN(C(=O)c3ccc(O)nc3)CC2)cc1;COc1ccc(C2CC(C)N(C(=O)c3ccc(CN)cc3)C2)cc1;Cc1ccc(C(=O)N2CCC(O)(Cc3ccccn3)CC2)cc1C;Cc1cccc(CC2(O)CCN(C(=O)c3ccnc(C)c3)CC2)c1;Cc1cc(C)cc(C2CCN(Cc3ncccc3C(=O)O)CC2)c1;CC1(CCc2ccccc2)CCN(Cc2ncccc2C(=O)O)C1;CC=C1CN2C3CC1C(CO)C2Cc1c3[nH]c2c(OC)cccc12;CC=C1CN2C3CC1C(CO)C2Cc1c3[nH]c2cc(OC)ccc12;C/C=C1/CN2[C@H]3C[C@@H]1[C@@H](CO)[C@@H]2Cc1c3[nH]c2ccc(OC)cc12;COc1cc(C(=O)N2CCC(Cc3cccnc3)CC2)ccc1C;C/C=C1/CN2[C@@H]3C[C@H]1[C@H](CO)[C@H]2Cc1c3n(C)c2ccc(O)cc12;COc1ccc(C(C)CC(=O)N(Cc2ccncc2)C2CC2)cc1;CCC1C2CC3c4[nH]c5ccccc5c4C(C(=O)C2CO)C1N3C;Cc1ccccc1C1(C(=O)NCc2ccc(O)nc2)CCCCC1;CCOc1ncccc1CNC(=O)Cc1ccc2c(c1)CCCC2;COc1ccc2c(c1)C(C(=O)NC(C)(C)c1ccc(C)nc1)CC2;COc1ccc(C2(C(=O)NCc3ccccn3)CCCCC2)cc1;C=C1CN2[C@H]3Cc4c(n(C)c5ccccc45)[C@@H]2C[C@@H]1C3(CO)CO
m_f8ef30,O=C(CCc1nccs1)N1CCN(CCO)CC1;O=C(NCCc1nccs1)N1CCCC(CO)C1;CCc1ncc(C(=O)NCCN2CCOCC2)s1;CCOCC1CCN(C(=O)NCc2nccs2)C1;Cc1ncc(C(=O)NCCN2CCOCC2C)s1;CC1(C)CN(C(=O)c2csc(CCN)n2)CCO1;Cc1cnc(CCNC(=O)NCC(O)C2CC2)s1;CCc1cnc(N2CCN(CCC(=O)O)CC2)s1;CCC1COCCN1C(=O)c1csc(CCN)n1;Cc1nc(CCNC(=O)N2CCOCC2C)cs1;O=C(NCCN1CCOCC1)NCc1cccs1;O=C(CCc1c(F)cccc1F)N(CCO)C1CC1;CC1CN(CC(=O)Nc2nccs2)CC(C)(C)O1;CCc1csc(C(C)NC(=O)C(C)NC(C)=O)n1;CCOC1CCCN(C(=O)c2csc(CN)n2)C1;CC(C(=O)Nc1nccs1)N1CCC(CO)CC1;Cc1ncc(CN(C)C(=O)NCC2CCCO2)s1;COC(=O)CN1CCN(c2nc(C)c(C)s2)CC1;Cc1ncsc1CN(C)C(=O)NCC1CCCO1;CC(C)(O)C(=O)N1CCC(c2c(F)cccc2F)C1;Cc1nc(C)c(C(=O)NCC(=O)NC(C)(C)C)s1;CC(C)(C)OC(=O)N1CCCC1c1csc(N)n1;CCN(C(=O)c1nnc(C(C)C)s1)C1CCOC1;CCc1nc(NC(=O)NCC2CCCO2)sc1C;CCc1csc(NC(=O)NC(C)C2CCCO2)n1
m_fb2bcc,CCOC1CC(CC(=O)Nc2c(C(=O)OC)n(C)c3ccccc23)C1;COC(=O)[C@@H](NC(=O)CCn1cc(C(C)=O)c2ccccc21)C(C)C;CCOC(=O)C1(O)CCN(C(=O)Cn2cc(C)c3ccccc32)CC1;COC(=O)[C@]1(CO)c2[nH]c3ccccc3c2[C@@H](C)[C@]2(O)CNCC[C@@H]21;CC[C@@H](C)[C@H](NC(=O)CCn1cc(C(C)=O)c2ccccc21)C(=O)O;CCOc1cc2nccc(N3CCC(C(=O)O)CC3)c2cc1OCC;COc1ccc2[nH]c(C(=O)N3CCOCC3C3CCCC3O)cc2c1;CC(=O)c1cn(CCC(=O)NC(CC(C)C)C(=O)O)c2ccccc12;CC(=O)c1cn(CCC(=O)NCCCCCC(=O)O)c2ccccc12;Cn1cc(CC(=O)N(CCC(=O)O)CC2CCCO2)c2ccccc21;COC(=O)CC1(CC(=O)Nc2cccc3c2CN(C)C3=O)CCCC1;CC(C)Cn1cc(C(=O)N2CCOC(CC(=O)O)C2)c2ccccc21;CC[C@H]1N[C@@H]2C[C@@]3(C(=O)N(OC)c4ccccc43)[C@@H]3OC[C@@H]2[C@@H]1[C@H]3O;COC(=O)[C@@H](NC(=O)c1cn(C(C)C)c(=O)c2ccccc12)C(C)C;CC[C@H]1N[C@@H]2C[C@@]3(C(=O)N(OC)c4ccccc43)[C@@H]3C[C@]1(O)[C@H]2CO3;COC(=O)c1cccc2c1CCCN2C(=O)CCNC(=O)C1CC1C;CCn1cc(CC(=O)N(CC(=O)O)C2CCOCC2)c2ccccc21;COC(=O)C1(NC(=O)CC2C(=O)Nc3ccccc32)CCCCCC1;CCOC(=O)C1CCCN(C(=O)C2CC(=O)N(C)c3ccccc32)C1;CCN1CCC2(CC1)OC(=O)C(C)=C2C(=O)Nc1ccccc1OC;CN1C(=O)CCc2cc(C(=O)NC3CCOC34CCOCC4)ccc21;COc1ccc2c(c1OC)[C@@]13CCN(C)[C@@]14C[C@@H]2OC(=O)[C@@]4(N)CC3;CCOC(=O)C1CCN(C(=O)C2CC(=O)N(CC)C2)c2ccccc21;COC(=O)C1CCN(C(=O)C2CCCN(C(C)=O)C2)c2ccccc21;CCc1cccc2c(CC(=O)NCC3(C(=O)O)CCOCC3)c[nH]c12
m_fb6996,CCOC(=O)c1ccc2c(c1)N(CC(=O)NC1CCN(C(C)=O)CC1)CCO2;CCOC(=O)N1CCC(NC(=O)C2CC(=O)N(c3ccccc3OC)C2)CC1;CN(C)c1ccc([N+](=O)[O-])cc1C(=O)OCC(=O)N1CCC[C@@H]2CCCC[C@H]21;CCNC(=O)C[C@H]1CC[C@H]2[C@@H](COc3ccc(NC(C)=O)cc3C(=O)N2C)O1;COCCN1CCC(N2CCCN(C(=O)c3ccc4c(c3)OCO4)CC2)C1=O;COc1cccc(NC(=O)N2C3CCC2CC2(C3)CN(C)C(=O)CO2)c1OC;CN(C)C(=O)CN1C(=O)CO[C@H](c2ccc(NC(=O)C3CCC3)cc2)[C@H]1CO;COC(=O)[C@@H]1CN(C(=O)C2CCNCC2)CCN1C(=O)c1ccc(OC)cc1;COC(=O)[C@H]1CN(C(=O)c2ccc(OC)cc2)CCN1C(=O)C1CCNCC1;COC(=O)CC[C@H]1CNC(=O)[C@@H]2[C@@H](CCN2Cc2ccc(C(=O)O)cc2)N1C;COc1ccc(CCN2C(=O)N[C@@H](CC(=O)NCC3CCOCC3)C2=O)cc1;COc1ccc(CCN2C(=O)N[C@@H](CCC(=O)N3CCCC3)C2=O)cc1OC;O=C1NCC2OC(CCOc3ccccc3C(=O)N3CCNCC13)CCC2O;O=C(O[C@H]1CCN2CC3CC(CN4C(=O)[C@@H](O)[C@H](O)C[C@H]34)[C@@H]2C1)c1ccc[nH]1;COCC(=O)N1C[C@@H]2COCCN2C2(C1)CN(C(=O)COc1ccccc1)C2;O=C(O)c1cccc(CN2C[C@@H]3C[C@@H](O)CN3C3(C2)CN(C(=O)CCO)C3)c1;COc1ccc(C(NC(=O)C2CCCN(C(=O)N3CCCC3)C2)C(=O)O)cc1;NC(=O)NC(=O)C1CCC(NC(=O)c2cccc(OCC3CCCO3)c2)CC1;C=CC(C)(C)C(=O)Nc1ccccc1C(=O)CCNC(=O)CC[C@H](N)C(=O)O;COc1cc2[nH]c(=O)c(C(=O)NCCCN3CCCCC3)c(O)c2cc1OC;COc1ccc2c(c1)cc(C(=O)N[C@@H](CC(C)C)C(=O)N[C@@H](C)C(=O)O)n2C;O=C(O)[C@H](CCc1ccccc1)N[C@H]1CCCN2CCC[C@@H](C(=O)O)N2C1=O;COc1ccc2c(c1O)C13CCN(C)C(C2)C1C[C@](NC(N)=O)(OC)C(=O)C3;COc1cc2nc(C)n(CC(=O)N[C@H]3CCOC(C)(C)C3)c(=O)c2cc1OC;Cc1ccc(N2CCCC(Nc3ccc(C(=O)Nc4ccccc4)nn3)C2)nn1
m_fbf20a,CC1(C(N)=O)CCCCN1CC(=O)NC1CCOCC1;CCNC(=O)[C@@H]1CCCN1C1(C(=O)NC)CCOCC1;CNC(=O)C(C)(C)N1CCC[C@H]1C(=O)N1CCOCC1;CNC(=O)C1(N2CCC[C@H]2C(=O)NC(C)(C)C)COC1;CCN(CC)C(=O)[C@@H]1CCCN1C1(C(=O)NC)COC1;CC1CCC(C(N)=O)CN1C(=O)CNCC1CCCO1;CNC(=O)[C@@H](C1CC1)N1CCC[C@H]1C(=O)NCCOC;CN1CCN(C(=O)CNCC2CCCO2)C(C)(C)C1=O;CNC(=O)CCN1CC(OC)CC1C(=O)N1CCCC1;CC(=O)NCC1CN(C(=O)C2(N)CCCCC2)CCO1;COC1CCC(NC(=O)NC2CCCN(C)C2=O)CC1;CNC(=O)C1CCCN(C(=O)CNCC2CCCO2)C1;CCC(C(=O)O)N1CCN(CC(=O)N2CCCC2)CC1;CC(C(=O)O)N1CCN(CC(=O)N2CCCCC2)CC1;CCN1CC2(C1)CN(C(=O)CCO)C[C@H]1C[C@@H](O)CN12;CC(C)N1C(=O)NC2CN(C(=O)CC(C)(C)O)CCC21;CC(=O)N1CC2(CN(CCCO)C[C@H]3C[C@@H](O)CN32)C1;CC(=O)N1CCN(C(=O)CN2CCOCC(C)C2)CC1;CN1CC(C(=O)NCCN2CCOCC2(C)C)CC1=O;COCCN1C[C@H]2CN(C3CCOCC3)CCN2C1=O;COCC(=O)N1CCC(NC(=O)NC2CCCC2)CC1;COCC(=O)N1CCN2[C@H](CN(C(C)=O)CC2(C)C)C1;CCCNC(=O)CCNC(=O)N1CCC2(CCOC2)C1;CCC1OCCC1NC(=O)N1CCC(C(=O)N(C)C)C1;COCCN1CN(C(=O)NC2CCCC(C)C2)CC1=O
m_fd4556,CN(C)c1ccncc1C(=O)NC1CCN(C2CCOCC2)C1=O;COc1ccc(C(=O)NC2CCN(C3CCN(C)C3=O)CC2)cn1;COc1cncc(C(=O)NC2CN(C3CCCN(C)C3=O)C2)c1C;Cc1nc(C(=O)N(C)C)ccc1C(=O)N1CCC(C)CC1C(N)=O;CC(C)[C@H]1NC(=O)[C@@H]2C[C@@H](NC(=O)c3cccn3C)CCN2C1=O;CC(C)Oc1ccc(C(=O)N2CCCC(N3CCNC3=O)C2)cn1;CC1OCCCC1C(=O)N1CCN(c2ncccc2C(N)=O)CC1;Cn1cc(C(=O)NC2CC(=O)N(C3CC3)C2)c(C2CCOCC2)n1;CCc1cnccc1C(=O)N1CCC2C(C1)NC(=O)N2CCOC;O=C(NC1CCCCC1)N1CCN(C(=O)c2ccc(O)nc2)CC1;CNC(=O)C12CCOCC1CN(C(=O)c1cc(N(C)C)ccn1)C2;CC1OCCCC1C(=O)N1CCN(c2ccc(C(N)=O)cn2)CC1;CCc1cccnc1C(=O)N1CCC2C(C1)NC(=O)N2CCOC;CNc1ccc(C(=O)N2CCC(C3CCC(C(N)=O)O3)CC2)cn1;COc1ccc(C(=O)N2CCN(C(=O)N3CCCCC3)CC2)cn1;Cc1ccc(N2CCC(C(=O)N3CCOCC3C(N)=O)CC2)nc1;Cc1cc(C(=O)N2CCC(N3CCCC3C(N)=O)CC2)cc(O)n1;CN(C)CCCNC(=O)C[C@@H]1NC(=O)N(Cc2ccccc2)C1=O;O=C1CCC(NC(=O)c2ccnn2C2CCOCC2)C(C2CC2)N1;CN(C)C(=O)c1ccc(CNC(=O)NC2CCCCNC2=O)cc1;CN(C)CCNC(=O)C[C@@H]1NC(=O)N(CCc2ccccc2)C1=O;CC(=O)N1CCOC(C(=O)N2CCN(c3cnccc3C)CC2)C1;CCCN(C(=O)C1CCCc2nn(C)cc21)C1CC(=O)N(C)C1=O;COc1ccc(N2CCN(C(=O)CC3CCC(=O)N3C)CC2)nc1;O=C(NC1CCC(O)CC1)N1CCN(C(=O)c2ccccn2)CC1
m_fd693e,CCN(C)C(=O)NCCOc1ccc(C(F)(F)F)cn1;COc1ccc(C(=O)NC2CC(=O)N(C(C)C)C2=O)cn1;COCC(=O)N1C[C@@H]2Oc3ncccc3C(=O)N(C)[C@@H]2C1;O=C(NCCc1cccc(F)c1F)NCc1cccnc1;COC(=O)[C@H]1CN(C(=O)c2cccnc2)CCN1C(C)=O;COC1CCN(c2ccc(OCC(F)(F)F)nn2)CC1;COC(=O)[C@H]1CN(C(C)=O)CCN1C(=O)c1cccnc1;Cc1cnccc1NC(=O)N1CC2COCC2(C(=O)O)C1;CC1CN(c2ccc(OCC(F)(F)F)nn2)CC1CO;CC(C)OC(=O)C(C)N(C)c1nccc(C(F)(F)F)n1;O=C(NCCNCCO)c1c(O)c2ccccc2[nH]c1=O;CNC(=O)C1CCCCN1C(=O)c1ccc(C(=O)O)nc1;CC(c1ccc(F)c(F)c1)N(C)C(=O)Nc1ccncc1;O=C(O)CNC(=O)N1C[C@H]2C[C@@H](C1)c1cccc(=O)n1C2;COc1ccc(NC(=O)N2CC3(CC(=O)N(C)O3)C2)cc1;O=C(NC1CCC(F)(F)CC1)c1cnc2cnccc2c1;COc1ncccc1OCc1nnc(C2CCCOC2)o1;COc1cc(C)nc(N2CCC(O)(C(F)(F)F)CC2)n1;COc1cccc(NC(=O)N2CC3(CC(=O)N(C)O3)C2)c1;COc1ccccc1NC(=O)N1CC2(CC(=O)N(C)O2)C1;Cc1[nH]nc(C(F)(F)F)c1C(=O)N1CCCOC(C)C1;O=C(NCC1CCCCC1O)c1nc[nH]c1C(F)(F)F;CC(C)OC1CC(NC(=O)c2nc[nH]c2C(F)(F)F)C1;Cc1[nH]nc(C(F)(F)F)c1C(=O)N1CCCC(C)(O)C1;Cc1nocc1NC(=O)N(CC1CCC1)CC(F)(F)F
m_fe6eaa,O=C(Nc1nnc(Cc2ccccc2)s1)N1CCCC1C(F)F;CC(C)CC1COCCN1C(=O)Nc1nnc(C(F)(F)F)s1;O=C(NCC1CCCc2ccccc21)Nc1nnc(C(F)F)s1;O=C(NCc1nc(-c2ccncc2)cs1)N1CCCC1C(F)F;COc1ccc(CN(CCO)C(=O)Nc2nncs2)c(OC)c1;COc1cnc(NC(=O)NCC2CCN(CC(F)(F)F)C2)s1;Cc1cc(C)cc(-c2nnc3sc(Cc4ccc(F)cc4)nn23)c1;CNCC1CCCN1C(=O)CC(C)c1ccccc1Br;CNC(=O)C1CCC(C(=O)O)N(C(=O)Cc2cccc(Cl)c2)C1;CNC(=O)C1CCC(C(=O)O)N(C(=O)Cc2ccccc2Cl)C1;CC(=O)N1CC(O)CC1C(=O)NCc1cc(Cl)cc2c1OCC2;CC(=O)NC(CC(=O)N1CCCC1C(=O)O)c1ccc(Cl)cc1;Cc1cc(CCC(=O)N2CCC(N)CC2C)ccc1Br;CNC(=O)C1CCC(C(=O)O)N(C(=O)c2cccc(Cl)c2C)C1;Cc1nsc(N2CCN(C(=O)c3cc(F)c(C)cc3F)CC2)n1;CNC(=O)C1CCC(C(=O)O)N(C(=O)c2cc(C)cc(Cl)c2)C1;CC1CC(NC(=O)CCc2ccc(Br)cc2)CCN1C;CNC1CCCN(C(=O)CCc2ccc(Br)c(C)c2)C1;CNC(=O)C1CCC(C(=O)O)N(C(=O)c2cc(Cl)ccc2C)C1;O=C(c1cccc(Cl)c1)N1CCN(C2(C(=O)O)CCOC2)CC1;O=C(c1ccncc1C(F)(F)F)N1CCC(c2ccc(F)cc2)C1;Cc1cc(S(=O)(=O)NC2CCN(c3ccn(C)n3)C2=O)c(C)o1;COCCN1CN(C(=O)C2CCOc3ccc(Cl)cc32)CC1=O;NC(=O)C1CCN(C(=O)Cc2cc(Cl)c3c(c2)OCCCO3)C1;NS(=O)(=O)c1cccnc1NCC1CCN(CC(F)(F)F)C1
m_fe9649,CN(C)C(CNc1cc(N2CCOCC2)ncn1)c1ccc(F)cc1;COC1CC(CN)N(c2cc(NCCc3cccc(F)c3)ncn2)C1;CCc1ncnc(N2CCCN(Cc3ccn(C)c(=O)c3)CC2)c1F;CCc1ncnc(N2CCC(Oc3ccnc(CN(C)C)c3)C2)c1F;CN(C)C(CNC(=O)NC1CC1c1ccc(F)cc1)c1cnn(C)c1;Cc1nc(C)n(CC2CCCCN2C(C(N)=O)c2ccc(F)cc2)n1;Cc1[nH]ncc1C(=O)NC(C)c1cc(F)ccc1N1CCN(C)CC1;CCN1CCN(c2ccc(C(=O)NCc3nccn3C)cc2F)CC1;CCN1CCN(c2ccc(F)cc2C(C)NC(=O)c2cc[nH]n2)CC1;CCN1CCN(c2ccc(C(=O)NCCn3ccnc3)cc2F)CC1;CN(C)C(CNC(=O)NC1CC1c1cccc(F)c1)c1cnn(C)c1;CC(c1ccccc1F)N1CCN(C(=O)CCCn2cncn2)CC1;Cc1nc(C)c(CN2CCN(c3ccc(C(C)(C)C)nn3)CC2)s1;CN1CCCN(C(=O)NC(c2ccc(F)cc2)c2nccn2C)CC1;Cc1cc(C(C)NC(=O)N2CCC(c3nnc[nH]3)CC2)cc(C)c1F;CC(C)c1n[nH]c(C2CN(c3cc(CO)c(F)cn3)CC2C2CC2)n1;N#Cc1nccnc1N1CC2CCC1C1CN(Cc3ccccc3)CC21;Cc1ccc(C(C)NC(=O)N2CCC(c3nncn3C)CC2)cc1F;N#Cc1cncc(N2CC3CCC2C2CN(Cc4ccccc4)CC32)n1;Fc1cccc(C2CCCN2Cc2nnnn2CC2CCOCC2)c1;Cc1ccc(N2CCCC(NCc3cnc(C(C)(C)C)s3)C2)nn1;Cc1nn(C)c(C)c1CNC(=O)N1CCN(c2ccccc2F)CC1;CN1CCCN(C(=O)NC(c2cccc(F)c2)c2nccn2C)CC1;Cc1nc(C2CCCCN2CC(=O)N(C)Cc2ccccc2F)n[nH]1;CCn1cnnc1C1CCCN(CC(=O)NCc2ccc(F)cc2)C1
m_fea652,Cc1ccc(-c2nc(CCNC(=O)N(C)Cc3ccco3)co2)cc1;Cc1ccc(-c2nnc([C@H]3CCN(Cc4ccc(CO)o4)C3)o2)cc1;COc1ccccc1-c1nnc([C@H]2CCN(Cc3ccc(C)o3)C2)o1;CCOc1ccccc1C(=O)NCCc1nc(-c2ccco2)cn1C;O=C(O)C1CCN(C(=O)NCc2cccc(-c3ccccn3)c2)CC1;Cc1ccc(CN(C)C(=O)c2ccc3c(c2)[nH]c(=O)n3CC2CC2)o1;COc1cc(-c2noc(CN3CCCc4occc4C3)n2)ccc1C;O=C(CCCc1c[nH]c2ccccc12)NCC(=O)NCc1ccco1;Cc1noc(C2CCCN2C(=O)c2oc3c(C)ccc(C)c3c2C)n1;O=C(NCc1ncc(-c2ccccc2)o1)C1CC(=O)N(CC2CC2)C1;O=C(NCCc1ccc2c(c1)OCO2)N1CCCC1c1ccncc1;CC(C)Oc1ccc(C(=O)NCc2cc(-c3ccco3)n(C)n2)cc1;Cc1nn(C)c(C)c1C1COCCN1C(=O)c1cc2ccccc2o1;NCC1CCN(C(=O)c2occc2CN2C(=O)Cc3ccccc32)C1;CC1Cc2ccccc2N1Cc1occc1C(=O)N1CCNC(=O)C1;CCc1c(C(=O)N2CC(OC)CC2c2ncc[nH]2)oc2ccccc12;Cc1ccoc1C(=O)NCC1CC(=O)N(C2CC2)C1c1cccnc1;Cc1c(C(NC(=O)c2ccc(=O)n(C)n2)C(C)C)oc2ccccc12;O=C(NCCc1ccccn1)C1COCC(=O)N1Cc1ccccc1;CCOC1(C)CN(C(=O)c2oc3ccccc3c2Cn2cccn2)C1;Cc1ccc(CNC(=O)N2CCC(C)(C)S(=O)(=O)CC2)nc1C;CC1CC(O)CCN1C(=O)c1oc2ccccc2c1Cn1cccn1;Cc1occc1-c1cc(NC(=O)CCc2ccccc2)n(CCO)n1;COc1ccc2oc(C(=O)NC3CCCC3n3ccnc3)c(C)c2c1;O=C(NCC1CCCC1O)c1oc2ccccc2c1Cn1cccn1
m_feb5c1,O=C(Nc1ccc(-c2ccc(Cl)s2)nc1)N1CCC2CCC(O)C21;O=C(NCc1ccc(Cl)s1)N1CC2CC(C1)c1cccc(=O)n1C2;O=C(c1cc2c(Cl)cccc2s1)N1CCCC(N2CCNC2=O)C1;O=C(O)C12CCCC1CN(c1nnc(Cc3ccc(Cl)cc3)s1)C2;CC(C)C(=O)Nc1nc(CC(=O)N2CCc3c(Cl)cccc32)cs1;Nc1ncnc2c1ncn2[C@@H]1OC2=C[C@](CC(=O)O)(C(=O)O)O[C@H]2[C@H]1O;O=C(NC(C(=O)O)c1ccc(Cl)c(F)c1)C1CCc2ncncc2C1;CC(C)C(=O)Nc1nc(CC(=O)N2CCc3ccc(Cl)cc32)cs1;Cc1c(Cl)cccc1NC(=O)CSc1nc(=O)[nH]c2c1CCCC2;CCN(CC)S(=O)(=O)c1ccc(-c2cn3cc(Cl)ccc3n2)cc1;NC(=O)C1(NC(=O)c2cn(C3CC3)c3cc(Cl)c(F)cc3c2=O)CC1;O=C(Nc1ccc(Nc2ncccn2)cc1)c1csc(-c2ccoc2)n1;COc1ccc(C(=O)Nc2cccc(F)c2Cl)cc1N1CCNC1=O;O=C(Cc1csc(N2CCCC2=O)n1)NCCc1ccc(Cl)cc1;C[S+]([O-])c1cccc(C(=O)N2CCN(c3ccc(Cl)cn3)CC2)c1;O=C(Cc1noc2ccccc12)NCC(=O)Nc1ccc(F)c(F)c1F;CC(NS(C)(=O)=O)C(=O)NC1CCN(c2ccc(F)c(Cl)c2)C1;O=C(O)C(c1ccc(Cl)c(Cl)c1)N1CCC(c2ccccc2)CC1;Cc1nscc1C(=O)N1CCN(C(=O)Cc2cccc(Cl)c2)CC1;Cc1ccc(-c2csc(/C(C#N)=N\Nc3cccc([N+](=O)[O-])c3)n2)cc1;Cc1ccc(O)c(NC(=O)c2ccc(-c3noc(C(F)(F)F)n3)cc2)c1;Cc1ccccc1S(=O)(=O)Nc1nc2nc3ccccc3n2cc1C#N
m_ff32bb,O=C(Nc1cnn(-c2ncccn2)c1)c1ccc(F)cc1;O=C(Nc1ccc(-n2cncn2)nc1)c1ccc(F)cc1;O=C(Nc1ccccc1F)c1ccc(-n2cncn2)nc1;N=c1c2c(F)cccc2ncn1NC(=O)c1ccncc1;O=C(Nc1cn[nH]c1)Nc1cccc(OCC(F)F)n1;COc1cc(C(=O)NC2CCOC2C(=O)O)ccc1F;C[C@@H](Nc1nc(Cl)nc2ccccc12)c1ccccc1;CC1c2ccccc2CCN1c1ncc(C#N)cc1Cl;Cc1nnc(NCc2cccc(Cl)c2)c2ccccc12;COc1ccc(C(=O)NC(CCSC)C(=O)O)cc1;Cc1ccc(C(=O)NC2CCOC2)cc1S(C)(=O)=O;Nc1nc2c(s1)CN(c1cnc3ccccc3n1)CC2;COc1ccccc1C(=O)NC(CCSC)C(=O)O;COc1cccc(C(=O)NC2CCS(=O)(=O)C2C)c1;CC1CCN(C(=O)CS(C)(=O)=O)c2c(O)cccc21;CC1CCN(S(=O)(=O)c2ccc(C(=O)O)cc2)CC1;O=C(O)c1ccc(S(=O)(=O)NC2CCCCC2)cc1;CC(C(=O)NC1c2ccccc2CC1O)S(C)(=O)=O;CN(Cc1ccc(C(=O)O)cc1)S(=O)(=O)CC1CC1;CC1CCCN(S(=O)(=O)c2ccc(C(=O)O)cc2)C1;Cc1ccc(C(=O)O)cc1S(=O)(=O)N1CCCCC1;CCc1cc(C(=O)N2CCOCC2C(=O)O)sc1C;CC1CCCCN1S(=O)(=O)c1ccccc1C(=O)O;O=C(O)c1cccc(S(=O)(=O)N2CCCCCC2)c1;CCc1sc(C(=O)N2CCOCC2C(=O)O)cc1C
m_ff4ed5,CCc1ccc(C(CO)NC(=O)c2ncccc2Br)cc1;Cc1cccc(CN(CCO)C(=O)c2ncccc2Br)c1;CC(C)OCc1cccc(NC(=O)c2ncccc2Br)c1;Cc1ccc(C(=O)N(CCO)Cc2cccnc2)c(Br)c1;Cc1cc(=O)c(C(=O)NC(C)(C)c2ccccc2Br)c[nH]1;COc1c(C)cnc(CNC(=O)c2ccccc2Br)c1C;Cc1ccc(Br)c(C(=O)N(CCO)Cc2cccnc2)c1;Cc1ccc(Br)c2[nH]c(C(=O)NC3CC4CCC3O4)cc12;CN(CCc1ccc(Br)cc1)Cc1ncccc1C(=O)O;O=C(NC(c1ccccn1)C1CCCC1)c1ccc(Br)o1;Cc1ccc(OCCNC(=O)c2cncc(Br)c2)cc1C;CCc1ncoc1C(=O)NC1(c2ccccc2Br)CCC1;CCN(C(=O)c1ccc(COC)cc1)c1ccc(Br)cn1;Cc1c(Br)cccc1CCNC(=O)c1ncoc1C1CC1;Cc1[nH]ccc1C(=O)N1CCOC(c2ccccc2Br)C1;Cc1cc(C)c(OCC(=O)NCc2cccnc2)c(Br)c1;CN(Cc1cccc(O)c1)C(C(N)=O)c1cccc(Br)c1;Cc1[nH]ccc1C(=O)N1CCOC(c2cccc(Br)c2)C1;CCc1nc(C(=O)NC2CC(c3ccc(Br)cc3)C2)co1;Cc1cc(C2(C(=O)NC(C)c3ccc(Br)cc3)CC2)on1;N#CC1(C(=O)NC2CCOc3c(Br)cccc32)CCCC1;CC(Cc1ccccc1Br)NC(=O)c1conc1C1CC1;Cc1cc(CC(=O)NC2(c3ccc(Br)cc3)CCC2)no1;COc1ccc(Br)c(CC(=O)N(C)c2cccc(C)n2)c1;Brc1cc(CNCc2cccnc2)cc2c1OCCCO2
m_ff5db9,Cc1n[nH]c(C2OCCC2NS(=O)(=O)c2ccc(F)cc2F)n1;O=S(=O)(NCC1CCC(c2ncn[nH]2)O1)c1ccc(F)cc1F;O=S(=O)(NCC1CCC(c2ncn[nH]2)O1)c1cccc(F)c1F;COC1CC(c2ncn[nH]2)N(S(=O)(=O)c2cccc(F)c2F)C1;COC1CN(S(=O)(=O)c2cccc(F)c2F)CC1c1c[nH]nn1;Cc1c(-c2nn3c(CSC(C)C)nnc3s2)oc2ccccc12;Cc1cn2c(n1)CCC(NC(=O)c1csc(-c3ccsc3)n1)C2;COc1c(O)c(O)c(O)c2c1[C@@H]1O[C@H](CO)[C@@H](O)[C@H](O)[C@H]1OC2=O;Cc1ccc2c(c1)ncn2[C@H]1O[C@H](COP(=O)(O)O)[C@@H](O)[C@H]1O;O=C(Cc1csc(-c2ccsc2)n1)NC1CCc2nccn2C1;O=C(O)C(=O)c1ccc(O)c([C@@H]2O[C@H](CO)[C@@H](O)[C@H](O)[C@H]2O)c1O;Cc1cc(NC(=O)C2CCCN2c2ncnc3sccc23)cs1;Cc1ncsc1C(=O)Nc1nnc(C(C)(C)c2ccccc2)s1;CC1CCc2c(sc3ncn(Cc4ccc(Cl)cc4)c(=O)c23)C1;O=C(c1csc(-c2cccs2)n1)N1CCCC1Cn1cccn1;c1ccc(-c2ccc(-c3nn4c(-c5ccccc5)nnc4s3)o2)cc1;O=C(c1ccccc1)c1nn(-c2ccccc2)c(=O)cc1C(F)(F)F;NC(=O)O[C@H]1[C@H](O)[C@@H](O)[C@H](OP(=O)(O)O)[C@@H](N=C(N)N)[C@@H]1O;O=C(CCSc1nnc(-c2ccncc2)o1)Nc1ccc(F)cc1;O=C(O)Cc1ccc(OC2OC(C(=O)O)C(O)C(O)C2O)c(O)c1;COCC1CN(C(=O)c2cc(Br)cn2C)CC(C)(C)O1;O=C(O)Cc1ccc(O)c(OC2OC(C(=O)O)C(O)C(O)C2O)c1;COc1cc(C(=O)OC2O[C@H](C(=O)O)[C@@H](O)[C@H](O)[C@H]2O)ccc1O;COc1ccc(C(=O)OC2O[C@H](C(=O)O)[C@@H](O)[C@H](O)[C@H]2O)cc1O;COc1cc(C(=O)O)ccc1O[C@@H]1O[C@H](C(=O)O)[C@@H](O)[C@H](O)[C@H]1O
m_ff7740,Cc1cnc(CCNS(=O)(=O)Cc2cc(Cl)ccc2F)s1;Cc1cnc(CCNS(=O)(=O)Cc2ccc(F)c(Cl)c2)s1;Cc1nc(CNS(=O)(=O)Cc2ccc(F)c(Cl)c2)sc1C;CCC(NS(=O)(=O)Cc1ccc(F)c(Cl)c1)c1nccs1;Cc1nc(C)c(S(=O)(=O)N(C)Cc2ccc(F)cc2Cl)s1;O=C(NCCc1csc(-c2ccc(Cl)cc2)n1)c1cccs1;Cc1noc(C2CC2)c1NS(=O)(=O)c1c(Cl)ccc(F)c1F;O=C(O)COc1ccc2c(c1)O/C(=C\c1c(F)cccc1Cl)C2=O;O=C(NCc1nc(-c2ccccn2)no1)c1ccc(Cl)c(Cl)c1;O=C(Nc1cc(-c2cc(Cl)cc(Cl)c2)[nH]n1)c1cccc(=O)[nH]1;O=C1C(COCc2cc(O)cc(Cl)c2O)=C[C@@H](O)[C@@H](O)[C@@H]1Cl;O=C(Cn1c(=O)cnc2ccccc21)Nc1cc(Cl)c(Cl)cn1;O=C(Nc1cccc(Cl)c1)Nc1nnc(-c2ccc(Cl)cc2)o1;COc1ccccc1Oc1c(Cl)nc(-c2ncccn2)nc1Cl;O=C1c2ccccc2C(c2ccc(Br)cc2)c2ccccc21
m_ff926d,CN(Cc1cccc2c1OC(C)(C)C2)Cc1ncnn1C;CN(Cc1cccc2c1OC(C)(C)C2)Cc1nncn1C;COc1ccccc1C(C)NCc1nnc(C2CC2)n1C;Cc1cccc(CN2CCOCC2c2ncnn2C)c1C;CCOc1ccc(C2CCCN2CCn2cncn2)cc1;CCc1ccccc1CN1CC(OC)CC1c1ncn[nH]1;Cc1ccc(C)c(CC(=O)NCc2nncn2C(C)C)c1;CCC(C)(C)c1ccc(C(=O)Nc2nc(C)n(C)n2)cc1;CC(NC(=O)c1ccccc1CC(C)(C)C)c1nc[nH]n1;CC(CCc1ccc(O)cc1)NC1CCc2ncnn2C1;COc1ccc(C2CCN(CCn3cncn3)CC2)cc1;COC1CN(Cc2ncnn2-c2ccccc2)CCC1C;CCN(C(=O)c1ncn(C(C)(C)C)n1)c1ccccc1C;CC(C)CNC(=O)NC(c1ccccc1)c1nccn1C;Cc1ccc(NC(=O)CC(C)n2nc(C)nc2C)c(C)c1;Cc1cc(CNC2CCOC2(C)C)ccc1-n1cncn1;CCn1nnc(C)c1CN1CCOC(c2ccccc2)C1;CCOC1CC(CNCc2nncn2-c2ccccc2)C1;COc1ccc(CN(CCN(C)C)c2ncccn2)cc1;Cc1ncccc1CNC1CCOC1c1cnn(C)c1C;Cc1cc(C)cc(CCNC(=O)NCc2nccn2C)c1;COC1CC(c2ncc[nH]2)N(Cc2cc(C)cc(C)n2)C1;CC(C)c1nnc(CN2CCN(C)c3ccccc3C2)o1;CCn1cnnc1NC(=O)c1ccc(C(C)(C)CC)cc1;CCC1CN(C)c2ccccc2CN1Cc1nnc(C)o1
