Rank,TeamId,TeamName,LastSubmissionDate,Score,SubmissionCount,TeamMemberUserNames
1,16898640,Ozymandias31415,"2026-09-25 00:00:57",0.425,50,ozymandias31415
2,16893685,pikachu,"2026-09-27 15:41:06",0.421,43,jzhpfn
3,16898387,"Udam Liyanage","2026-09-27 07:51:01",0.414,36,udamliyanage
4,16897131,Randy,"2026-09-28 00:01:33",0.411,34,rvndyerwin
5,16926646,"Shehab Alshehabi","2026-09-27 14:59:57",0.404,27,shehabalshehabi
6,16893904,Naoism,"2026-09-25 13:21:37",0.401,29,naoism
7,16947860,"Sho Saga","2026-09-27 07:16:15",0.401,18,shosaga
8,16907670,"Tra Crew","2026-09-27 20:33:11",0.400,28,tracrew
9,16945471,"Komil Parmar","2026-09-27 00:44:45",0.400,23,komilparmar
10,16952131,"Naman Singh","2026-09-27 20:51:17",0.395,18,namansingh15
11,16894828,"Aryan Yadav","2026-09-27 18:22:48",0.393,54,simplexcomplex
12,16918124,"Nguyễn Thế Minh Đức","2026-09-27 16:45:16",0.390,24,nguynthminhc
13,16924724,"Yousef Masad","2026-09-27 15:21:03",0.389,30,yousefmasad
14,16918648,PrizeHunter,"2026-09-27 11:40:24",0.386,13,sangminhong
15,16931672,"Kucing Garong","2026-09-27 12:53:25",0.385,28,syaugialkaf
16,16944450,"Yuuki Aikawa","2026-09-27 03:28:37",0.384,7,yuukiaikawa
17,16915030,DDM,"2026-09-27 16:48:53",0.383,37,gennexuslabsddm
18,16917683,NEU,"2026-09-27 06:08:48",0.382,55,"buihuynhgiahuy,kizhowl,ngdminh31"
19,16924423,"Jerry Park","2026-09-26 21:58:21",0.382,17,mecome
20,16916382,"michael duong","2026-09-27 06:04:57",0.380,36,sellside
21,16908093,"Azam Hussain","2026-09-27 15:19:57",0.379,25,azamhuss
22,16925133,"Alex #2","2026-09-28 00:03:04",0.375,50,alexferechin
23,16949245,Yashavika5,"2026-09-27 22:46:33",0.374,16,yashavika5
24,16914220,"Alperen Aydın","2026-09-25 17:40:52",0.374,31,alperen5252525
25,16915665,yuki0731,"2026-09-27 15:23:36",0.373,28,yuki0731
26,16947944,Zelpuz,"2026-09-27 00:10:23",0.372,8,zelpuz
27,16937168,Savko,"2026-09-26 18:23:32",0.372,28,savchenko
28,16912948,"Victor Sung","2026-09-27 18:11:43",0.371,35,noobmaster29
29,16927957,NicholasOOO,"2026-09-27 11:19:07",0.371,40,nicholasooo
30,16896989,pjmathematician,"2026-09-27 14:39:16",0.370,65,pjmathematician
31,16894063,Muku,"2026-09-27 23:40:44",0.369,49,ryosukesaito
32,16927380,xennygrimmato,"2026-09-28 00:15:43",0.369,34,xennygrimmato0
33,16908552,DrFranklinH,"2026-09-27 13:06:32",0.369,55,drfranklinh
34,16912774,kakuteki,"2026-09-26 11:56:25",0.369,35,kakuteki
35,16915768,asklepije,"2026-09-27 19:39:26",0.368,19,asklepije
36,16936325,Rezvan_gh92,"2026-09-28 00:16:26",0.366,16,rezvangh92
37,16901016,Tanuki_boosting,"2026-09-27 15:14:11",0.366,25,miyamotodaiya
38,16905181,"Cesare Rollo","2026-09-25 09:29:58",0.366,28,crollochaz
39,16921885,tax_free,"2026-09-26 09:08:31",0.366,31,taxfreepython
40,16913981,"Ahmed Berat Özer","2026-09-26 14:58:43",0.366,22,ahmedberatozer
41,16924961,"Bertan Sezgin","2026-09-27 10:15:15",0.366,33,bertansezgin
42,16931497,Bilibili,"2026-09-25 02:35:19",0.365,22,junkangwei
43,16896384,"Aleksandr Ulianin","2026-09-25 15:35:10",0.365,48,aleksandrulianin
44,16925718,Stefano,"2026-09-26 23:22:22",0.365,28,stefanojp
45,16966869,Andy1713,"2026-09-27 11:23:33",0.364,7,andy1713
46,16914859,Alfonso,"2026-09-27 19:49:32",0.364,30,dynmep
47,16941507,TDKM,"2026-09-26 22:01:11",0.364,12,kazumakagg
48,16968224,msp2901,"2026-09-27 18:06:21",0.364,6,msp2901
49,16915809,vasg69,"2026-09-27 17:21:25",0.364,7,vasg69
50,16907166,"Priyam Vyas","2026-09-27 13:24:27",0.364,34,priyamvyas
51,16949072,pianoangel,"2026-09-27 19:42:05",0.362,21,pianoangel
52,16894576,asdf,"2026-09-27 00:00:59",0.362,57,xolotlmictlan
53,16896885,Amaan,"2026-09-23 05:43:11",0.362,25,rainmaker29
54,16936605,"Farhan Tahsin Khan","2026-09-27 03:11:45",0.362,34,farhantahsinkhan
55,16898328,"Kiss Me, Benzene","2026-09-27 05:15:56",0.361,39,madarshbb
56,16910566,Krishna,"2026-09-27 04:13:30",0.361,26,kaori02
57,16925028,VyasG1,"2026-09-27 21:15:04",0.360,26,vyasg1
58,16916827,"Evan Harvey","2026-09-27 06:06:22",0.360,43,clearsounds
59,16898313,zigiella-nats,"2026-09-27 18:14:44",0.360,55,zigiella
60,16906799,Thomas,"2026-09-28 00:05:33",0.359,23,tommurakami
61,16937885,Nurdaulet,"2026-09-22 14:57:27",0.359,6,"akhanov,alemamenov"
62,16925941,yangxiao1999,"2026-09-27 10:49:47",0.359,21,yangxiao1999
63,16908784,"yves mouaha","2026-09-27 19:57:03",0.359,11,yvesmouaha
64,16939265,"Jinx JK","2026-09-22 17:27:28",0.358,4,jinxjk
65,16911995,Ilam,"2026-09-24 09:14:28",0.357,21,ilanthendralramesh
66,16912876,"James Y","2026-09-27 00:00:21",0.357,43,redoctopusk
67,16895774,"Anh-Vu Mai-Nguyen","2026-09-26 21:09:30",0.357,20,mainguyenanhvu
68,16895193,john,"2026-09-27 19:22:51",0.357,32,jaejohn
69,16906475,m3r1al,"2026-09-20 21:19:09",0.357,9,m3r1al
70,16915309,Mugabros,"2026-09-23 13:53:00",0.357,29,"drrocktotpalkonwarh,monjyotid"
71,16925313,"Asem Adnan","2026-09-26 20:44:34",0.356,12,asemadnan
72,16932457,Zorgeee,"2026-09-27 23:32:59",0.356,17,"forsmthnoithingtosay,zorgeee"
73,16898187,"Marco Ledda","2026-09-27 10:08:53",0.355,29,marcoledda29
74,16937414,Ryan,"2026-09-25 12:13:03",0.355,13,ryqn00
75,16914824,"Ike Vayansky","2026-09-27 02:43:22",0.355,34,ikevayansky
76,16925212,Nipah,"2026-09-23 22:32:09",0.355,12,nipah1
77,16963649,chocolat,"2026-09-27 00:06:29",0.354,10,chocolatnya999
78,16932600,"Andrew J Sanderson","2026-09-28 00:02:01",0.354,31,andrewjsanderson
79,16926323,"Salvatore Angelo Conza","2026-09-27 21:43:18",0.354,20,salvatoreangeloconza
80,16956271,GoooMan,"2026-09-28 00:07:17",0.354,22,goooman
81,16939084,zhangwenshegn,"2026-09-27 08:52:37",0.353,24,zhangwenshegn
82,16896002,LH-and-FPGA,"2026-09-27 01:55:00",0.353,37,lhandfpga
83,16916067,"Gustavo Mota","2026-09-27 22:30:29",0.353,29,gugacloud
84,16897936,"Ioannis Tzachristas","2026-09-24 12:10:05",0.352,24,ioannistzachristas
85,16932294,tomtom2026,"2026-09-28 00:03:49",0.352,13,tomtom2026
86,16895042,"ITMO IS THE BEST","2026-09-27 05:28:11",0.352,7,zoli800
87,16894362,ACoder,"2026-09-27 13:18:18",0.352,27,july7p
88,16899207,"Filip Strzałka","2026-09-27 01:34:57",0.351,48,snufkin77
89,16897485,Bomieee,"2026-09-27 16:03:00",0.351,25,bomieee
90,16911313,"Ominde Jeff","2026-09-25 04:54:59",0.351,21,omindejeff
91,16914822,"pedros cruise","2026-09-27 09:33:45",0.351,27,pedroscruise
92,16944505,"Mubin Shaikh","2026-09-27 20:18:46",0.351,10,shaikhmubin
93,16962916,chopper,"2026-09-27 13:32:56",0.351,6,mishrasiddhant
94,16943229,"Guillermo Perez G","2026-09-28 00:03:25",0.351,30,guillermoperezg
95,16911873,"Mark Diamond","2026-09-23 13:52:35",0.351,13,ponkle
96,16944045,"Roberto Manea","2026-09-27 21:33:10",0.351,20,robertomanea
97,16947555,"Khoi Ng","2026-09-27 05:46:41",0.351,15,khoingt
98,16916398,"Utku Orçun Gezici","2026-09-27 07:49:47",0.351,26,utkuorcun
99,16915857,Nkwabyte,"2026-09-27 17:45:49",0.350,37,nkwabyte
100,16910562,"Son Hoang","2026-09-25 03:12:26",0.350,19,sonhoang82
101,16910817,Yaojinming,"2026-09-21 04:47:51",0.350,16,yjm0905
102,16913654,ArArrr,"2026-09-25 04:06:08",0.350,15,mrbigdata
103,16899077,"Arya Arun","2026-09-27 22:45:10",0.350,25,aryaarun07
104,16911565,kohbanye,"2026-09-26 15:40:58",0.350,6,kohbanye
105,16913963,"Seyit kaan Gunes","2026-09-23 08:36:29",0.350,9,seyitkaangunes
106,16916229,milos,"2026-09-26 21:12:03",0.350,16,milosg
107,16895752,"selam ya","2026-09-25 17:38:36",0.350,22,selamya
108,16893736,"Kazuhiro Masuyama","2026-09-27 12:01:38",0.350,54,kazuhiromasuyama
109,16896649,"Ben Pepper","2026-09-27 05:45:24",0.349,65,bhpepper
110,16922222,"jacob OKOTH O","2026-09-20 13:43:16",0.349,3,jacobokotho
111,16896519,Faraz92,"2026-09-27 19:57:14",0.349,33,fafa92
112,16968096,HarveySmith10982,"2026-09-27 12:14:19",0.349,7,harveysmith10982
113,16908383,"Abdulmujeeb Onawole","2026-09-21 12:43:07",0.349,5,catenate
114,16948341,"Rezanur Rahman Tomal","2026-09-25 11:35:55",0.349,4,rezanurrahmantomal
115,16951682,"Arun Kumar Pucha","2026-09-27 09:50:44",0.349,19,"arunkumarpucha,charanteja04"
116,16940875,"Shashwat Bajpai","2026-09-26 06:42:01",0.349,20,shashwat1729
117,16914794,"Anna Pakhaliuk","2026-09-27 18:09:26",0.349,27,annapakhaliuk
118,16945922,HyperARC,"2026-09-23 16:33:13",0.349,4,shadowell888
119,16914547,"Akshar Nath Gorain","2026-09-25 12:41:17",0.349,11,aksharnathgorain
120,16908348,yesterdays_rebel,"2026-09-26 23:18:58",0.349,16,irfanparaniya
121,16895579,woldy,"2026-09-26 04:59:09",0.349,45,woldywei
122,16894004,siero,"2026-09-27 11:35:36",0.349,25,siero5335
123,16951697,"Oliver Ford","2026-09-28 00:01:52",0.349,17,oliness
124,16936939,"Kris Dreemurr","2026-09-27 15:07:30",0.349,8,krisdreemurr
125,16925365,kito_pl,"2026-09-27 22:30:52",0.349,14,kitopl
126,16958817,"Yodharin Monplub","2026-09-28 00:04:02",0.349,13,yodharinmonplub
127,16899232,wata,"2026-09-27 12:15:59",0.349,34,iwatahiroki
128,16905560,"David Wang","2026-09-24 07:46:29",0.348,15,renew66
129,16894991,RomulusQuirinus,"2026-09-25 09:57:27",0.348,16,roquirinus
130,16960259,Corar,"2026-09-27 20:31:24",0.348,7,vengaybanzai
131,16908709,Habibur_Rahman,"2026-09-27 02:18:06",0.348,35,habiburrahman15
132,16925918,"Timo Diehm","2026-09-26 04:51:11",0.348,17,timodiehm
133,16919371,"Emanuele Polizzotto","2026-09-27 11:35:03",0.348,25,emanuelepolizzotto
134,16908799,ArtAl,"2026-09-23 15:26:57",0.348,5,vicentjborrs
135,16943468,"Tamim Muhammad Rayeed","2026-09-24 22:57:14",0.348,13,tamimmuhammadrayeed
136,16896529,"Tarık Bacak","2026-09-27 22:49:50",0.348,4,tarikbacak
137,16915427,"Jonathan Roy","2026-09-24 16:14:49",0.348,28,jonathanroy7
138,16900469,"Michael O'Flaherty","2026-09-23 21:00:51",0.348,38,michaeloflaherty
139,16913741,AlexMoura2023,"2026-09-26 23:25:39",0.348,28,alexmoura2023
140,16906222,"Bharath Varma","2026-09-27 13:42:27",0.348,35,bharath111l
141,16897054,Sophie555,"2026-09-27 10:37:17",0.348,41,sophie555
142,16949237,"Rasmus Hulthe","2026-09-27 20:13:44",0.348,5,zazmuz
143,16918163,"Jwearia Hoque Nowrin","2026-09-26 05:42:41",0.347,13,jweariahoquenowrin
144,16908711,zoro9292,"2026-09-27 07:16:43",0.347,17,"mlndiaye0,zoro9292"
145,16922189,"Alex Li","2026-09-24 17:08:45",0.347,19,alexli1998
146,16935901,tenten,"2026-09-27 08:38:36",0.347,11,takatoyoshikawa
147,16898307,"Preechanon Chatthai","2026-09-17 16:35:17",0.347,10,saouza007
148,16906021,Camaro,"2026-09-27 12:50:40",0.347,44,bamps53
149,16947285,"Charan Teja Pampana","2026-09-27 17:38:19",0.346,20,charanteja0017
150,16908572,"Eleftheria 14","2026-09-27 20:43:55",0.346,11,eleftheria14
151,16946129,"Akito Maruo","2026-09-27 23:51:48",0.346,14,akitomaruo
152,16927306,Leo,"2026-09-27 12:08:35",0.346,26,ossurial
153,16914701,MINGHUN,"2026-09-23 16:02:55",0.346,29,jiyuhao1213
154,16937153,Asuka0131_LFG,"2026-09-26 07:03:45",0.346,13,whisperss
155,16954192,Ugnė,"2026-09-27 13:43:35",0.346,11,ugnmiklovait
156,16909379,sanju25,"2026-09-18 21:23:52",0.346,7,"rutujamore09,sanju25"
157,16921746,"Ahmet Yasin Tat","2026-09-25 00:48:27",0.346,27,ahmetyasin1
158,16910129,parkera,"2026-09-26 11:31:06",0.346,27,parkera
159,16917501,"Soichiro Mochizuki","2026-09-26 00:07:17",0.346,36,soichiromochizuki
160,16938286,"Jan Steindl-Starlinger","2026-09-27 08:58:51",0.346,24,jansteindlstarlinger
161,16915411,I.Tatsuya,"2026-09-26 21:18:01",0.346,9,tatuya44
162,16921842,tyz123456,"2026-09-27 13:47:41",0.345,36,tyz123456
163,16893754,"Quan Vu","2026-09-24 05:50:44",0.345,6,quan0095
164,16914313,RiyiVnzla,"2026-09-20 10:29:33",0.345,13,riyivnzla
165,16899245,"Pilkwang Kim","2026-09-27 12:00:02",0.344,6,pilkwang
166,16904425,xxiwosxx,"2026-09-23 15:12:04",0.344,10,xxiwosxx
167,16905607,taopy2,"2026-09-27 13:20:06",0.344,11,taopy2
168,16962367,"Xu Chenhan","2026-09-27 15:12:08",0.344,4,xuchenhan
169,16954283,Vec,"2026-09-27 20:41:40",0.344,17,vecetyp
170,16942862,Slomna,"2026-09-27 15:21:33",0.344,9,slomna
171,16949478,"Ishan Karnick","2026-09-26 22:12:31",0.344,10,ishankarnick
172,16933506,arman1o1,"2026-09-25 15:39:53",0.344,3,arman1o1
173,16894221,Tony,"2026-09-21 03:49:09",0.344,28,junvalue
174,16913687,"Thomas Foutrein","2026-09-27 18:22:43",0.344,15,thomasfoutrein
175,16893916,"Jacoby Jaeger","2026-09-22 08:38:49",0.344,2,jacobyjaeger
176,16947613,Alpha223,"2026-09-27 13:03:06",0.344,6,alpha223
177,16970252,ts,"2026-09-27 19:11:24",0.343,5,takehirosano
178,16916217,"Musa Tur Farazi","2026-09-27 21:39:56",0.343,20,musaturfarazi
179,16966380,lingyi01L,"2026-09-27 16:08:17",0.343,6,lingyi01l
180,16930711,"Suryansh Chattree","2026-09-27 19:03:41",0.343,3,suryanshchattree
181,16911591,IDEA,"2026-09-27 07:15:17",0.343,42,"kerberizer,n10705013,nikolaykochev,vedrinjeliazkov"
182,16930608,"Maher el Ouahabi","2026-09-28 00:00:42",0.343,35,maherelouahabi
183,16950482,"Dali Ben Jemaa","2026-09-27 04:19:04",0.343,18,dalibenjemaa
184,16916274,wqsh,"2026-09-27 04:00:54",0.343,43,xhhuang
185,16974227,"Netram Faran","2026-09-27 22:09:53",0.343,5,netramfaran
186,16950560,raramof,"2026-09-27 15:25:57",0.343,5,raramof
187,16904723,sixk_tagged,"2026-09-25 10:08:50",0.342,30,tagged7
188,16894937,greySnow,"2026-09-27 00:00:49",0.342,29,shlomoron
189,16936404,"Yeashu Semwal","2026-09-27 09:40:03",0.342,21,yeashusemwal
190,16893877,"Minal kharat123","2026-09-25 06:40:03",0.342,14,minalkharat123
191,16899216,gogogo,"2026-09-27 23:38:10",0.342,32,huzech
192,16971748,PuxxAI,"2026-09-27 17:38:17",0.342,5,nguynxunphc662
193,16917019,ZHAOGUIBIN,"2026-09-27 22:16:11",0.342,29,zhaoguibin
194,16898268,"alex chilton","2026-09-27 05:18:51",0.342,44,alexchilton
195,16909098,"Vũ Tuấn","2026-09-23 08:32:15",0.342,9,vtunksdlvnj6
196,16915916,"Hưng Trần","2026-09-27 00:02:47",0.342,35,hungtrabiz
197,16894512,"Octavi Grau","2026-09-24 18:41:32",0.342,23,octaviograu
198,16895960,"Дворкин Евгений Владимирович","2026-09-25 21:28:47",0.342,14,evgendvorkin
199,16893649,dynamic24,"2026-09-26 02:13:38",0.342,1,dynamic24
200,16912871,"Seok, Jeongeum","2026-09-27 05:41:45",0.342,20,seokjeongeum
201,16897687,"Ravi Ramakrishnan","2026-09-26 05:09:59",0.342,6,ravi20076
202,16965341,"Yen Hung1021","2026-09-26 13:58:11",0.342,4,yenhung1021
203,16893629,Matterhorn3838,"2026-09-26 06:14:49",0.342,4,matterhorn3838
204,16965251,EMACIRATOR,"2026-09-28 00:28:18",0.342,4,emacirator
205,16921957,"lin xiang sun1145","2026-09-26 07:29:18",0.342,7,linxiangsun1145
206,16894219,"Guru Prasaath S","2026-09-26 08:20:42",0.342,11,guruprasaathas111
207,16909095,SynthReaper,"2026-09-26 18:21:58",0.342,20,synthreaper
208,16893425,"Kita Renji","2026-09-26 21:29:06",0.342,7,champpattara
209,16914918,"Umair Zia","2026-09-26 14:03:55",0.342,2,stealthtechnologies
210,16937016,SibamSamanta07,"2026-09-26 14:11:27",0.342,4,sibamsamanta07
211,16967954,shoulderpain,"2026-09-26 15:11:03",0.342,1,horsepurve
212,16897277,"Raunak Dey","2026-09-26 18:22:45",0.342,6,raunakdey07
213,16925627,"Kainwang Roger","2026-09-26 22:50:14",0.342,17,kainwangroger
214,16950980,"Haoyuan Luo","2026-09-27 18:23:40",0.342,5,lucaluo925
215,16907598,Gronk,"2026-09-27 00:04:41",0.342,20,jianyicai
216,16906894,mass-hysteria,"2026-09-26 23:25:54",0.342,9,michaelsemenoff
217,16969341,CurveCowboy,"2026-09-28 00:05:23",0.342,11,curvecowboy
218,16908296,wasatch,"2026-09-27 01:50:19",0.342,3,wasatch
219,16944192,"Yi-Ting Li","2026-09-27 02:32:15",0.342,4,liyitingtom
220,16903884,NITISH5236GOEL,"2026-09-27 04:45:06",0.342,8,nitish5236goel
221,16896341,IchikaHoshino,"2026-09-27 04:05:44",0.342,16,htunkhi
222,16935690,"Narendra Sirvi","2026-09-27 04:17:40",0.342,2,narendras78
223,16905041,"Md. Hamid Hosen","2026-09-27 06:37:36",0.342,15,"esfersami50,hosen42"
224,16970498,"Howon Kang","2026-09-27 06:42:54",0.342,1,howonkang
225,16963228,Mariusz,"2026-09-27 20:38:38",0.342,12,mwalkiew
226,16927637,"Frost Cerberus","2026-09-27 09:44:18",0.342,3,frostcerberus
227,16898541,"Sōsuke Aizen","2026-09-27 11:03:29",0.342,14,"soukeaizenz,souvikdbiswas"
228,16921575,Ernie,"2026-09-27 11:45:51",0.342,3,ernie55ernie
229,16894245,FOYSAL,"2026-09-27 12:20:11",0.342,3,foysalemonshanto
230,16939464,fuad,"2026-09-27 12:24:56",0.342,4,fuadmuhammad
231,16894341,"Patrick Chan","2026-09-27 13:12:35",0.342,27,drpatrickchan
232,16911252,oct_path,"2026-09-27 17:04:10",0.342,12,octpath0302
233,16943886,"Mo Sharafi","2026-09-27 17:21:43",0.342,12,moesharafi
234,16972609,Briano,"2026-09-27 17:36:33",0.342,2,woominyo
235,16968510,"Jyot Shah","2026-09-27 17:36:39",0.342,3,jyotshah1595
236,16932730,"Kydyrbek Kozykorpesh","2026-09-27 17:43:21",0.342,10,kozykappa
237,16973422,"Vitor Hugo Barbedo","2026-09-28 00:27:43",0.342,4,vitorhugobarbedo
238,16971580,"Antriksh Arya","2026-09-27 19:02:47",0.342,2,antriksharya
239,16973837,victorriposati,"2026-09-27 19:58:55",0.342,1,victorriposati
240,16908449,Vaibhav,"2026-09-27 22:15:42",0.342,14,vaibhavpatel
241,16974615,ianchute,"2026-09-27 22:20:06",0.342,1,ianchute
242,16914499,Baligh,"2026-09-27 20:39:02",0.342,11,balighmehrez
243,16913412,"Cengizhan Tümer","2026-09-24 12:50:33",0.342,14,cengizhantmer
244,16944390,Ray_yang,"2026-09-27 18:46:40",0.341,20,rayyang723
245,16967234,"Mark Vologdin","2026-09-26 20:28:43",0.341,4,markvologdin
246,16953234,InsociEUP,"2026-09-27 12:12:02",0.341,10,santanubanerjee9
247,16921733,"Abdallah Ben Abdallah","2026-09-25 19:55:05",0.341,6,abdallahbenabdallah
248,16898027,"Santiago Maniches","2026-09-26 05:16:46",0.341,24,santmani
249,16925096,Kou111111,"2026-09-22 01:35:53",0.341,7,kou111111
250,16897108,PavelLiashkov,"2026-09-27 18:14:54",0.341,49,"bigbag1983,kagglebbgg"
251,16941776,LydiaCHEN,"2026-09-26 10:34:49",0.341,4,lydiachen2028
252,16911749,"Soon woo Kwon","2026-09-27 13:35:45",0.341,22,gold0827
253,16894081,"Dmitrii Gluzdov","2026-09-27 19:45:17",0.341,14,dmitriigluzdov
254,16899167,Jimbo,"2026-09-27 21:43:32",0.341,20,jimmybrown
255,16920037,"Atakan Aldemir","2026-09-25 08:24:37",0.341,8,atakanaldemir
256,16964481,"Oliver Guanyang Wang","2026-09-27 18:14:00",0.341,9,oliverguanyangwang
257,16898739,"MISIS CR7MENTALITY","2026-09-26 13:00:01",0.341,10,alanmuldashev
258,16922978,yun2026,"2026-09-27 08:07:10",0.341,19,yuny88
259,16897388,"Jiachen Li","2026-09-22 05:05:20",0.341,20,llccqq624
260,16906881,"Hsyn Kskn","2026-09-24 05:53:10",0.341,6,hsynkskn
261,16939713,tokawa2997,"2026-09-23 00:01:55",0.341,10,tokawa2997
262,16918869,Loren-wen,"2026-09-24 07:50:14",0.341,4,wofusituerte
263,16937136,sokovynki,"2026-09-22 07:36:58",0.341,1,"marynaborovska,yuriygreben"
264,16917875,GodGod3,"2026-09-22 08:04:09",0.341,1,godgod3
265,16932286,"ömer kiraz","2026-09-22 08:06:34",0.341,1,merkiraz
266,16939652,Dideas,"2026-09-27 08:17:20",0.341,12,dideas
267,16913021,"Malyshev Danil","2026-09-24 07:56:33",0.341,14,malyshevdanil
268,16906571,"MS-05 ざこ","2026-09-24 03:11:22",0.341,17,royalacecat
269,16911710,Ashwani,"2026-09-22 13:49:58",0.341,5,ashwanidhukra
270,16942107,Aamod06,"2026-09-27 12:08:15",0.341,5,aamod06
271,16941807,"green algeria","2026-09-22 14:40:59",0.341,1,greenalgeria
272,16910233,Khanh,"2026-09-23 00:20:03",0.341,8,khanhp142
273,16942836,"Pawan Rama Mali","2026-09-22 16:39:54",0.341,1,pawanmali
274,16935879,"Anhad Mahajan","2026-09-22 18:33:35",0.341,2,anhadmahajan06
275,16893572,"Tony Li","2026-09-22 20:18:10",0.341,4,tonylica
276,16915954,"Kumar Abhijeet","2026-09-22 23:27:05",0.341,4,krabhijeet
277,16915484,"Yash Mohan","2026-09-24 15:46:27",0.341,4,yashm917
278,16895299,anngle,"2026-09-23 03:30:05",0.341,11,anngle
279,16915522,"InChIKey Seekers","2026-09-27 15:49:47",0.341,14,"malikhammadfarooq,moazzimalibhatti,qasminumber"
280,16938062,GBM,"2026-09-27 15:09:59",0.341,18,gbmorris1
281,16946068,"Roy Erzurumluoğlu","2026-09-24 08:42:32",0.341,5,royerzurumluolu
282,16903855,k310,"2026-09-25 00:40:44",0.341,15,rabbitpeace310
283,16905542,"Nur Srijan","2026-09-26 19:04:19",0.341,6,nursrijan
284,16895097,"Mathurin Ache","2026-09-23 12:25:35",0.341,6,mathurinache
285,16916592,"Abhishek Jain","2026-09-24 07:27:41",0.341,16,vardhmanandorid2015
286,16897127,NP,"2026-09-27 15:32:50",0.341,37,nikolce
287,16948683,"Bob Jeff","2026-09-23 16:17:40",0.341,1,bobrg123
288,16907303,"Peter Warren","2026-09-23 18:02:31",0.341,6,peterwarren
289,16908316,dead_signals_lab,"2026-09-23 18:41:35",0.341,8,deadsignalslab
290,16949602,"Narahara Chari Dingari, Ph.D.","2026-09-23 20:18:57",0.341,1,ncdingari
291,16908021,"No Name","2026-09-25 14:58:29",0.341,8,ivanj0
292,16949880,"Anvith Pothula","2026-09-23 22:26:56",0.341,1,anvithpothula
293,16894366,"Jeki Wan Taufik","2026-09-24 00:44:28",0.341,7,jek1wantaufik
294,16949222,42,"2026-09-26 02:54:49",0.341,17,"ffy208,kefeiyan,yirenw11"
295,16937015,zzgtylors,"2026-09-24 08:38:54",0.341,2,zzgtylors
296,16912189,"Vu Tran Hoang","2026-09-25 08:14:23",0.341,3,hoangvux
297,16946477,luyuntao092,"2026-09-24 06:51:19",0.341,1,luyuntao092
298,16938645,"kwon yong deuk","2026-09-24 15:17:54",0.341,10,kwonyongdeuk
299,16916929,yogesh,"2026-09-26 01:54:38",0.341,22,yogeshkd
300,16893515,today,"2026-09-24 12:39:24",0.341,4,today55
301,16893497,really?,"2026-09-24 13:03:19",0.341,2,udaken10
302,16932909,NeckBeard,"2026-09-24 13:51:47",0.341,8,akihiroorita
303,16950947,kingsdomc,"2026-09-24 14:12:23",0.341,1,kingsdomc
304,16918921,"Shyam Shetty","2026-09-27 20:23:21",0.341,13,shyamshetty
305,16911964,"Kashish Khichi","2026-09-26 15:14:15",0.341,11,kasshisshkhichi1602
306,16918601,AADIGUPTA,"2026-09-24 16:46:50",0.341,10,aadigupta7686
307,16925294,Kabir_Verma01,"2026-09-24 17:42:20",0.341,5,kabirverma01
308,16894092,parthenos,"2026-09-24 21:56:20",0.341,5,nihilisticneuralnet
309,16950040,Chloe,"2026-09-24 22:24:47",0.341,1,baytree1238
310,16910884,laozc,"2026-09-27 06:12:49",0.341,22,chenzhao1028
311,16933305,"MAYANK KUMAWAT","2026-09-27 11:50:50",0.341,21,mayankk4123
312,16893602,"Dread Development","2026-09-25 07:06:36",0.341,35,"dreaddevelopment,seanornberg"
313,16894250,"Dr. Sandeep Das","2026-09-25 08:58:31",0.341,9,docdsandeep
314,16916834,"Amha Shiferaw","2026-09-25 05:10:35",0.341,10,amhashiferaw
315,16929888,Chellick,"2026-09-25 11:24:53",0.341,11,matweyisupov
316,16923469,Ma,"2026-09-25 09:46:45",0.341,7,congyingma
317,16914325,wajiha,"2026-09-25 10:33:26",0.341,13,vjchohan
318,16940645,"R Arjun Thilak","2026-09-27 10:18:50",0.341,17,"ramkumarmv7,rarjunthilak,thirulokeshalagar"
319,16934679,DragonDu,"2026-09-27 09:26:15",0.341,26,dragondu
320,16907003,"Cats Funny","2026-09-25 13:50:45",0.341,7,catsfunny
321,16961149,LeeDongHyuk,"2026-09-25 15:43:00",0.341,5,odyssey189
322,16959265,sindaehyeok,"2026-09-25 15:15:54",0.341,2,sindaehyeok
323,16896920,MJVinay,"2026-09-25 19:58:27",0.341,3,mallajayanthvinay
324,16906456,"Den Pugovkin","2026-09-27 07:49:11",0.341,25,denpugovkin
325,16908398,"ABHIRUP DAS","2026-09-26 12:03:18",0.341,22,abhirupdas10
326,16907046,"Menua Bedrosian","2026-09-26 10:28:03",0.341,12,menoobedrosian
327,16927401,"Kunal Aarse","2026-09-26 14:41:48",0.341,1,kunalinfinite
328,16941604,DovyDigital,"2026-09-26 18:43:41",0.341,13,dovydigital
329,16919665,"bobby kersh II","2026-09-26 19:33:37",0.341,9,bobbykershii
330,16909525,"Victor alexandre ","2026-09-27 01:39:46",0.341,55,victor120956
331,16894941,PL,"2026-09-27 05:49:03",0.341,3,"barnobarno,nahidhossainredom"
332,16971890,MY,"2026-09-27 18:01:01",0.341,5,mikhailyurasov
333,16947605,VicenteCardoso,"2026-09-27 23:34:20",0.341,5,vicentescardoso
334,16907275,Kurokawa,"2026-09-27 15:35:10",0.341,15,mkurokawa
335,16916238,"Khayrul Islam","2026-09-27 23:17:27",0.341,5,khayrulbuet13
336,16906024,"Bulşah Keçici","2026-09-27 21:33:53",0.341,13,bulsahkecici
337,16922568,"abhishek thakur","2026-09-27 17:58:15",0.341,9,abcode80
338,16973741,"Moran Zavdi","2026-09-27 22:08:01",0.341,2,moranzavdi
339,16914691,"Ercan Gurvit","2026-09-27 16:00:31",0.341,28,ercangurvit
340,16908854,TTANE,"2026-09-18 13:32:00",0.341,5,otmaneelmahdaouy
341,16907876,"Elazar fuchs","2026-09-22 03:00:07",0.340,32,elazarfuchs
342,16927294,MKhlystun,"2026-09-26 02:18:14",0.340,28,mkhlystun
343,16908968,"Farah Mohamed Ahmed","2026-09-27 03:12:08",0.340,9,farahmohamedahmed
344,16917144,"Ahmed Hesham","2026-09-27 17:27:20",0.340,25,ahmedhesham1000
345,16923787,Fujinawa,"2026-09-27 04:47:49",0.340,10,wasshoiwasshoi
346,16923636,qiuqiu,"2026-09-27 08:51:23",0.340,23,qiuqiuh
347,16958584,"Akshay Sharma2136","2026-09-27 11:10:58",0.340,12,akshaysharma2136
348,16920854,"Xulong Wei","2026-09-23 03:57:17",0.340,16,sta111
349,16908806,huytngo,"2026-09-25 05:14:49",0.340,15,huytngo
350,16915692,"Bardia Bahadori","2026-09-27 19:19:12",0.340,30,bardiabahadori
351,16915523,"infinite improbability","2026-09-27 14:57:18",0.339,16,brentthorne
352,16930484,"1% Salicylic Acid","2026-09-20 15:59:25",0.339,1,abhinavrathee
353,16934431,"Murtadha Abd abbas","2026-09-23 18:28:20",0.339,3,murtadhaabdabbas
354,16944770,jasonstillchasin,"2026-09-25 00:45:33",0.339,7,jasonstillchasin
355,16897121,test1,"2026-09-28 00:01:09",0.339,47,lvweibin
356,16893795,haideptry,"2026-09-27 10:15:11",0.339,28,haideptry
357,16909013,Ibrahem-A163,"2026-09-27 18:39:21",0.339,11,ibrahema163
358,16911709,ShoaibSSM,"2026-09-18 11:03:22",0.339,6,"hansikaaredla,naveenlx111249971939,shoaibssm"
359,16911705,thisArmin,"2026-09-17 06:01:34",0.339,1,thisarmin
360,16911768,"Xiangjiang Zhou","2026-09-17 06:08:30",0.339,1,xiangjiangzhou
361,16897647,lingyu07,"2026-09-17 06:17:29",0.339,1,lingyu07
362,16911973,"The Coder Geek Squad Leader","2026-09-17 06:40:03",0.339,1,soulemaneisissifou
363,16911050,"Robert Hessar","2026-09-20 04:23:59",0.339,14,robhess
364,16911555,"Sonu Kushwaha","2026-09-17 13:04:23",0.339,3,sonukushwaha124
365,16910453,"Zhilei Qiu","2026-09-21 08:28:41",0.339,18,amatlas
366,16903854,Fon1as,"2026-09-17 07:19:02",0.339,2,fon1as
367,16894716,"SOMSUBHRA NANDI","2026-09-22 17:22:43",0.339,4,somsubhranandi
368,16906410,suxing-star,"2026-09-17 07:23:17",0.339,5,suxingstar
369,16912704,"Uchechukwu Ajuzieogu","2026-09-17 07:42:37",0.339,1,uchechukwuajuzieogu
370,16894908,"Emre Cirak","2026-09-21 12:57:16",0.339,8,biohack44
371,16893667,"Charismatic Pizza Party🍕","2026-09-27 17:03:55",0.339,5,debugendless
372,16911904,"sixer srinath","2026-09-24 06:25:34",0.339,10,srinath2495
373,16912590,"Yashdeep Vashisht","2026-09-18 15:36:10",0.339,8,yashdeepvashisht
374,16895577,"Andreas Bisiadis","2026-09-17 09:09:32",0.339,3,andreasbis
375,16912528,AbhilashVJ,"2026-09-19 15:49:25",0.339,3,abh001
376,16905706,CLJY,"2026-09-24 14:31:52",0.339,18,cljy2026
377,16911667,KaimolBUAA,"2026-09-19 09:09:05",0.339,10,kaimolbuaa
378,16925878,itsuki-data,"2026-09-21 05:57:02",0.339,2,itsuki89
379,16916742,林聖諺,"2026-09-24 17:52:40",0.339,11,abcd805580
380,16918727,"RASHID M","2026-09-27 12:54:31",0.339,13,rashidmstar
381,16913026,DHKim0324,"2026-09-17 15:56:56",0.339,2,dhkim0324
382,16939630,"Krish Shah","2026-09-27 08:34:39",0.339,7,krshs90
383,16910369,Leslie,"2026-09-27 14:39:46",0.339,3,ctfxiao
384,16935497,"Violet Notes","2026-09-27 06:21:13",0.339,34,dominicjamil
385,16974277,native-MS,"2026-09-27 23:51:05",0.339,2,alan1x
386,16958493,samuelson,"2026-09-25 07:02:08",0.339,2,samuelson1004
387,16907905,uninhibited-scholar,"2026-09-26 07:59:09",0.339,35,uninhibitedscholar
388,16896536,"Ndabenhle Ngema","2026-09-25 11:10:56",0.339,28,"ndabenhlengema,nokubongangema"
389,16915201,"Ramon Velazquez","2026-09-26 00:44:38",0.339,18,ramonv83
390,16897248,"Boopathi Raja","2026-09-27 13:48:24",0.339,30,yanggod
391,16908736,"Harun Çetin","2026-09-27 23:51:50",0.339,19,harunthe1st
392,16904595,c-number,"2026-09-22 20:08:11",0.339,21,cnumber
393,16896947,William,"2026-09-23 21:57:22",0.339,25,wguesdon
394,16925019,"Stefan Dinu","2026-09-27 18:47:23",0.338,5,stefandinuuu
395,16946217,"Amit Gunjan","2026-09-27 23:29:34",0.338,16,"daydreamerthinks,simranthisside"
396,16907371,"Shreyash Mishra","2026-09-27 08:08:00",0.338,24,shreyashautomation
397,16895439,"SHENGHUI SONG","2026-09-25 11:33:04",0.338,18,shenghuisong
398,16927661,ParthDOOM,"2026-09-21 01:55:07",0.338,3,parthdoom
399,16963309,"wang penghua","2026-09-27 01:49:53",0.338,12,wangpenghua
400,16893853,senkin13,"2026-09-27 11:14:48",0.338,22,senkin13
401,16914246,"Francisco Angulo de Lafuente","2026-09-23 08:24:57",0.338,17,franciscoangulo
402,16912650,ll,"2026-09-27 16:01:39",0.338,40,lldois
403,16962579,"Joseph Ayanda","2026-09-27 13:52:57",0.338,12,josephayanda
404,16926546,"doğukan turan","2026-09-27 20:21:53",0.338,21,doukanturan
405,16893976,Wonderwall,"2026-09-27 14:42:35",0.338,32,yuxiang328
406,16894514,starkhushi,"2026-09-22 06:25:22",0.338,18,starkhushi
407,16931867,"Sanket Nandkumar Patil ","2026-09-27 11:21:37",0.338,7,sanketnandkumarpatil
408,16944253,hadidas,"2026-09-26 18:40:05",0.338,11,hadidas
409,16914221,"Whisper Last","2026-09-25 05:02:38",0.337,25,whisperlast
410,16908489,"John Taylor (AI)","2026-09-21 13:48:14",0.337,17,johntaylorai
411,16895304,Accelra,"2026-09-25 07:48:31",0.337,12,accelra
412,16915339,AM,"2026-09-27 16:14:44",0.337,20,adammekky
413,16926370,"Максим Бортник","2026-09-19 17:11:41",0.337,2,maxim2512
414,16913804,MRaffy,"2026-09-20 01:58:13",0.337,6,mraffy
415,16962851,"Mawra Musawar","2026-09-25 18:27:29",0.337,1,mawramusawwar
416,16899280,easonyanyan,"2026-09-25 23:48:03",0.337,6,easonyanyan
417,16895526,cclim,"2026-09-26 02:06:26",0.337,13,jamesl8
418,16915657,"Shin Nakamura","2026-09-27 16:43:08",0.337,10,sh1n1230
419,16911983,Luoeran,"2026-09-27 06:26:31",0.337,12,luoeran
420,16909515,"Evsprakash ","2026-09-27 18:20:23",0.337,19,evsprakash
421,16968643,OptAI,"2026-09-26 19:07:10",0.337,1,opticalai
422,16923355,"Rogers Johnson","2026-09-27 07:13:56",0.337,10,rogersjohnson
423,16939090,MoYulyt,"2026-09-27 17:46:59",0.337,15,moyulyt
424,16931003,Beta,"2026-09-27 13:17:19",0.337,4,ste1nsgate
425,16899191,tamref,"2026-09-28 00:02:21",0.337,30,tamreff3290
426,16910864,krikimaru,"2026-09-27 17:24:41",0.337,33,kentarorikimaru
427,16915205,liviasimoes,"2026-09-27 23:35:43",0.337,10,liviasimoes
428,16912701,"Bernard Okoth","2026-09-25 09:19:05",0.337,42,okothb
429,16898264,"Neko E","2026-09-21 01:05:51",0.337,5,nekoeorg
430,16939553,"Diptyajit Das","2026-09-27 04:21:12",0.337,19,"aritradeiitkgp,diptyajitdas,pechakgp"
431,16909132,GrasshopperGuy,"2026-09-24 11:43:04",0.337,6,michaelascott
432,16934769,"Константин Кроха","2026-09-22 09:53:52",0.337,7,gistreg
433,16904755,"인공저능연구소( Artificial Idiocy Lab )","2026-09-20 20:51:10",0.337,20,megayak
434,16929701,CCS,"2026-09-22 12:31:53",0.337,3,"hiro5916,tomoyam"
435,16897683,GUAM,"2026-09-19 06:43:24",0.337,16,kmmmvs
436,16961452,Y_Yuri,"2026-09-27 15:00:51",0.337,4,yukimo05
437,16909392,"Syed Toubur","2026-09-27 11:51:03",0.337,11,syedtoubur
438,16922393,Bruhabcdfg,"2026-09-19 14:41:58",0.337,4,bruhabcdfg
439,16929649,Fateyongheng,"2026-09-22 11:17:15",0.337,6,fateyongheng
440,16915863,"Anton Shaniuk","2026-09-27 10:14:40",0.337,9,antonshaniuk
441,16926070,localAI,"2026-09-27 20:18:21",0.337,10,matteo123383iend
442,16915926,Vincent1960,"2026-09-25 05:55:42",0.336,24,vincent1960
443,16908850,mkai1981,"2026-09-17 11:37:19",0.336,3,mkai1981
444,16914307,"Orere Israel","2026-09-22 13:07:17",0.336,11,orereisrael
445,16904490,"Alejandro Rivas Espa","2026-09-18 15:32:56",0.336,5,alrjandrorivasespa
446,16935537,宗宗没有英文名,"2026-09-27 11:52:08",0.336,15,iver666
447,16907728,"Haowei Xu","2026-09-26 02:52:29",0.336,19,haoweixustupkueducn
448,16940464,1st_Principles_Potato,"2026-09-27 05:56:33",0.336,11,akashdeepo
449,16914008,"Gaurav Kushwaha","2026-09-22 15:36:08",0.336,9,fridaycode
450,16904311,"Roman Vinogradov","2026-09-24 14:30:42",0.336,12,romanvinogradov
451,16893620,yunghuncho,"2026-09-23 07:45:32",0.336,37,"psd369,yunghuncho"
452,16895632,Nikolenko_Sergei,"2026-09-27 23:15:07",0.336,16,nikolenkosergei
453,16932690,死,"2026-09-22 05:16:28",0.336,6,"atharvranjan,krishnaadimatyam,shreyasgandhe,siddharth9077"
454,16915292,"Igor Zharov","2026-09-26 14:52:02",0.335,20,flexonafft
455,16946370,9Hash,"2026-09-26 11:04:22",0.335,3,hashimrazi
456,16924969,lveshi,"2026-09-22 21:05:47",0.335,6,lveshi
457,16908261,wadakz,"2026-09-25 03:47:58",0.335,14,wadakz
458,16908971,"Cyber Cypher Ninja ","2026-09-28 00:51:05",0.335,18,cybercypherninja
459,16893749,HiroyukiSasaki,"2026-09-24 05:02:42",0.335,14,hiroyukisasaki815
460,16893704,devsungyeon,"2026-09-22 04:26:01",0.335,11,devsungyeon
461,16910856,"SUBHASH B","2026-09-17 05:49:30",0.335,1,subhashb21022
462,16911362,"Prashant Kikani","2026-09-17 06:29:19",0.335,1,prashantkikani
463,16897468,prvsiyan,"2026-09-21 20:59:41",0.335,21,prvsiyan
464,16910555,"Oluwatobi Olatunji","2026-09-17 16:18:23",0.335,2,oluwatobitobeski
465,16912989,"Burhan Çalık","2026-09-20 09:42:28",0.335,12,burhanalk
466,16909200,"Li Siyuan","2026-09-19 04:24:24",0.335,2,jumpjumpsuger
467,16916421,Lukas,"2026-09-27 05:12:34",0.335,16,lukasbuck
468,16907220,"Álvaro García","2026-09-27 09:30:54",0.335,30,luxidor
469,16898160,"Rakib Ansary Saikot","2026-09-27 18:49:41",0.335,5,ansaryfantastic
470,16898925,"Rayan Babur","2026-09-26 12:45:37",0.335,31,rayanbabur
471,16919091,Mycelis,"2026-09-27 11:58:20",0.335,28,"johnmoncel,neronrx"
472,16962034,Rheinmetall,"2026-09-27 04:18:16",0.335,2,rheinmetall
473,16944817,"rozgar sanghatan","2026-09-24 13:32:25",0.335,7,vedaya
474,16917408,vishu_01_a,"2026-09-21 06:12:00",0.335,10,vishu01a
475,16916657,EyobAleB,"2026-09-27 23:52:12",0.335,14,eyobaleb
476,16926109,KashimoUpscale,"2026-09-27 14:51:49",0.335,27,"giakvashilava,nikolozzviadadze"
477,16911722,"Sr aivante","2026-09-18 04:39:06",0.335,7,sraivante
478,16913735,"Nukala Devi Sai Ganesh","2026-09-26 11:50:53",0.334,13,nukaladevisaiganesh
479,16906904,BobtheBot369,"2026-09-25 13:12:33",0.334,10,bobthebot369
480,16895040,sigmaborov,"2026-09-26 09:11:53",0.334,9,sigmaborov
481,16899141,"Djamila Benchikh","2026-09-23 16:39:10",0.334,19,djamilabenchikh
482,16913512,"Ghazaros Barseghyan","2026-09-26 05:47:14",0.334,29,ghazarosbarseghyan91
483,16920084,Samtham,"2026-09-26 14:07:57",0.334,15,"prathamaditya,sameergoyal125"
484,16967649,"Bao Tran","2026-09-27 05:52:32",0.334,5,solirus
485,16909124,"Freeman Hui","2026-09-23 17:13:56",0.334,24,freemanhui
486,16904512,"Sida Zuo","2026-09-24 09:01:28",0.334,5,sidazuo
487,16931940,"Hernan Greco","2026-09-27 21:00:21",0.334,17,hgreco85
488,16927580,nekokaeru,"2026-09-27 00:37:57",0.334,28,nekokaeru
489,16915241,"Daud Sibanda","2026-09-25 14:04:06",0.334,7,daudsibanda
490,16894378,akshuga,"2026-09-27 22:00:31",0.334,19,akshuga
491,16893534,SC,"2026-09-20 23:20:54",0.334,3,ryosketchbook2007
492,16961341,MoreanP,"2026-09-28 00:02:03",0.334,11,moreanp
493,16908187,"Rashad Wattu","2026-09-22 10:58:27",0.334,17,rashadwattu
494,16917087,akahane,"2026-09-27 10:28:30",0.333,2,shuheiakahane
495,16914592,"Nanjul James Bali","2026-09-21 14:08:22",0.333,6,nanjuljamesbali
496,16908843,exaucedossou,"2026-09-18 20:17:47",0.333,9,exaucdossou
497,16924342,ShogxZaRd,"2026-09-23 12:01:34",0.333,14,shogxzard
498,16905872,"Musab Ahmed","2026-09-21 15:00:56",0.333,3,musabyagoub
499,16915255,"sissoko cheick","2026-09-21 00:05:02",0.333,13,sissokocheick
500,16914846,"tobi joshua","2026-09-19 14:53:01",0.333,10,tobijoshua
501,16906388,"peizhen qiu","2026-09-20 15:12:17",0.333,8,peizhenqiu
502,16918391,"Someswararao Tellakula","2026-09-24 15:13:06",0.333,5,someshtellakula
503,16894803,"Md Waquar Ahmad","2026-09-18 10:39:54",0.333,6,mohdwaquarahmad
504,16913049,Ciportne,"2026-09-26 14:13:48",0.333,11,ciportne
505,16912992,"khang nguyen","2026-09-25 06:24:25",0.333,15,niraitoo
506,16908274,"PRASAD YARRA","2026-09-26 15:03:40",0.333,5,prasadyarra
507,16924684,"Tahsin Arafat","2026-09-26 10:53:56",0.333,13,tahsinarafat
508,16897983,0STG0T,"2026-09-25 21:53:23",0.333,6,oostg0t
509,16920620,"Shankha Suvro Mullick","2026-09-19 10:12:08",0.333,3,shankhasuvromullick
510,16916368,Naji,"2026-09-22 17:19:41",0.333,7,najiama
511,16951369,Somnathab3,"2026-09-24 13:02:21",0.333,1,somnathab3
512,16914445,"Hiếu Hoàng Việt","2026-09-19 10:38:30",0.333,8,hiuhongvit
513,16918949,komcee,"2026-09-19 00:47:36",0.333,5,komcee
514,16955302,"Vineet Kumar","2026-09-25 12:33:35",0.333,3,vineetk1998
515,16941437,"Adrian Phillips","2026-09-22 16:09:03",0.332,2,adrianphillips00
516,16912464,"interface kotian","2026-09-25 06:56:43",0.332,12,interfacekotian333
517,16941153,"ernesto rafael perez","2026-09-27 12:20:31",0.332,20,ernestorafaelperez
518,16961642,"Konstantinos Papa","2026-09-27 21:53:09",0.332,11,konstantinospapa
519,16918747,"Antoine Passemiers","2026-09-27 23:45:52",0.332,35,antoinepassemiers
520,16919452,"Alex Schouleur","2026-09-22 12:09:21",0.332,13,alexschouleur
521,16914258,"Meet Mendapara","2026-09-24 13:09:13",0.332,12,mendaparameet
522,16897502,"Kaggle Agent","2026-09-20 19:11:02",0.332,26,jiweiliu
523,16932526,"Joe Young","2026-09-26 21:41:24",0.332,12,jsphyg
524,16918657,YFrite,"2026-09-27 12:28:11",0.332,26,yfrite
525,16906709,khursani,"2026-09-19 23:26:36",0.332,13,khursani8
526,16913689,"Mansour A. S. Ataa","2026-09-19 02:40:29",0.332,4,profmansoor
527,16908563,HY,"2026-09-27 00:20:47",0.332,28,higayuki
528,16893735,"Ng Juin Ron","2026-09-24 16:28:18",0.332,13,ngjuinron
529,16908927,"Alexandre Valente001","2026-09-21 17:53:05",0.332,8,alexandrevalente001
530,16944278,"Teddy Tennant","2026-09-23 08:13:49",0.332,3,thtennant
531,16915701,"Shimaa El-Zaidey","2026-09-17 18:54:13",0.332,2,shimaaelzaidey
532,16921474,Demons,"2026-09-22 07:58:16",0.332,17,"deshik05,shaikumran"
533,16940841,"Jalen ShiAo","2026-09-23 11:10:14",0.332,5,jalenshi
534,16944168,NoJokes,"2026-09-25 13:04:50",0.332,7,kirillkholkin
535,16920180,"Jeff Xue","2026-09-19 07:17:25",0.332,4,jeffxue3
536,16952253,Nyassy,"2026-09-27 05:15:09",0.332,12,ka4869
537,16934731,"Nicolas Krusche","2026-09-28 00:01:47",0.332,20,nicolaskrusche
538,16912005,karims,"2026-09-27 18:51:00",0.331,10,spiraldesign
539,16927507,"RJ Choco.py","2026-09-20 07:06:43",0.331,2,"andnyu,bryansouribio"
540,16905615,ChrisVas123,"2026-09-24 01:09:09",0.331,3,chrisvas123
541,16914133,GakuImamura,"2026-09-17 18:14:29",0.331,5,gakuimamura
542,16915672,gmobaz,"2026-09-21 23:03:53",0.331,5,gmobaz
543,16927718,"Saim Sultan","2026-09-24 08:45:28",0.331,21,saimsultan
544,16967545,"Noah Öksüz","2026-09-26 14:45:49",0.331,1,noahksz
545,16893753,jazivxt,"2026-09-27 08:52:56",0.331,20,jazivxt
546,16908718,"Arnie Jimenez","2026-09-23 12:26:48",0.330,7,arniejimenez
547,16908750,Nathan,"2026-09-19 22:12:05",0.330,17,nathanpradostapia
548,16936430,"Ruben R.","2026-09-26 22:07:43",0.330,21,rubenvr
549,16910154,"Zach G. ","2026-09-27 18:24:31",0.330,8,zachg247
550,16937319,Khafidin,"2026-09-22 03:04:01",0.330,2,khafidin
551,16938605,zama,"2026-09-27 19:35:04",0.330,4,zamami
552,16941183,"Igor (Yehuda) Itkin","2026-09-26 18:52:07",0.330,6,yehudaitkin
553,16946017,"Varadaraj Borkar","2026-09-23 09:46:52",0.330,1,varadarajborkar
554,16944769,ZEE,"2026-09-25 10:51:57",0.330,3,randyzhang666
555,16917612,ctree4113,"2026-09-24 23:09:08",0.330,11,yitree
556,16911308,zaemon1251-hesty,"2026-09-24 15:37:36",0.330,2,zaemon1251hesty
557,16958257,"Ram Pragadish","2026-09-25 09:23:59",0.330,3,rampragadish
558,16954543,"chuanyu chang bio","2026-09-26 22:41:26",0.330,2,chuanyuchangbio
559,16965109,"tokuda yujiro","2026-09-27 08:52:16",0.330,10,tokudayujiro
560,16957444,"Avineesh Arora","2026-09-26 09:49:08",0.330,1,avndope
561,16919019,zimingttkx,"2026-09-26 22:04:41",0.330,4,zimingttkx
562,16971440,"havid aqoma","2026-09-27 21:30:13",0.330,2,havidaqoma
563,16966405,satofi,"2026-09-27 13:41:55",0.330,5,satofi
564,16962541,"fabio olival","2026-09-27 19:12:05",0.330,6,fabioolival
565,16970342,"Kohei Morozumi","2026-09-27 23:10:43",0.330,1,koheimorozumi
566,16907528,"Hilmi Tuna Sayın","2026-09-21 00:55:49",0.330,15,hilmitunasayn
567,16916091,Abhishekpal26,"2026-09-18 17:45:44",0.330,3,abhishekpal26
568,16896702,Numari,"2026-09-27 08:42:44",0.330,11,numaritaisei
569,16914417,"Diana Daher","2026-09-18 05:57:54",0.330,1,dianadaher
570,16895564,"Sayaka Kitahara","2026-09-18 11:24:06",0.330,12,sayakakitahara
571,16912455,TechNerds,"2026-09-27 18:31:31",0.330,37,"ajshellby,shashankjadhav123"
572,16904850,"Sangram Patil","2026-09-17 16:54:22",0.330,7,sangrampatil5150
573,16907468,Alish-0x,"2026-09-22 14:51:38",0.330,20,alish0x
574,16898927,"Luke Stafford","2026-09-23 18:53:15",0.330,12,luketstafford
575,16893604,hirune924,"2026-09-26 08:00:27",0.329,18,hirune924
576,16940811,WUDEXING,"2026-09-24 10:54:50",0.329,15,wudexing
577,16898136,disgusted_barbie,"2026-09-26 01:16:00",0.329,34,"chinoxyz,ivanablaenovi"
578,16907790,Aevion-Labs,"2026-09-22 02:29:03",0.329,10,aevionlabs
579,16922595,"Alessandro Pezzali","2026-09-19 20:48:07",0.329,4,alessandropezzali
580,16898877,"Carlos Daniel","2026-09-23 23:43:14",0.329,9,carlospolanco00
581,16912907,"Andrew Ren Lin","2026-09-21 19:35:57",0.329,8,andrewrenlin
582,16916052,dvv_ram,"2026-09-20 00:53:22",0.329,8,ddvram
583,16936816,JowinJ3,"2026-09-22 05:32:11",0.329,6,jowinj3
584,16916309,"Dobos Tristan","2026-09-21 20:24:06",0.329,1,dobostristan
585,16928501,Arunodhayan,"2026-09-22 03:37:18",0.329,1,arunodhayan
586,16928705,vamos_field,"2026-09-27 05:19:29",0.329,18,kotaroosako
587,16950318,Harsh,"2026-09-27 20:04:21",0.329,4,harshsinha
588,16937087,minedmap,"2026-09-25 10:12:32",0.329,8,minedmap
589,16943501,ayyaz-azeem,"2026-09-27 17:02:40",0.328,6,rockon399
590,16914519,"Nguyen Trong Nghia","2026-09-22 08:56:51",0.328,10,trongnghia7171
591,16898248,"[Deleted] 2ce58dea-be3a-4150-8461-7a2a5ce19024","2026-09-19 16:22:33",0.328,9,nathaeldias
592,16894199,hikahika,"2026-09-27 06:38:40",0.328,9,naganohikaru
593,16913464,soul,"2026-09-17 09:06:01",0.328,1,soul80
594,16914084,"Zbida Amine","2026-09-19 11:28:44",0.328,8,zbidaamine
595,16897465,Yusuraume,"2026-09-25 16:05:14",0.328,11,sugitatomohiko
596,16909517,"Mike Anderson","2026-09-24 10:45:07",0.328,8,manderson240
597,16898683,"Felipe Ferreira","2026-09-27 21:13:42",0.328,30,felipeporcher
598,16894909,"wofi poria","2026-09-18 01:06:27",0.328,16,wofiporia
599,16913367,"Aniket Mandal","2026-09-18 00:03:07",0.328,6,aniketmandal2006
600,16944144,53un,"2026-09-24 22:48:05",0.328,7,ojeleye53un
601,16923141,dGermen,"2026-09-25 10:11:33",0.328,23,dgermen
602,16934192,"Lawrence Katongole","2026-09-24 23:48:43",0.328,7,lawrencekatongole
603,16938877,lll,"2026-09-27 14:50:46",0.328,4,lghlgh001
604,16967639,"Rimsha Kanwal #2","2026-09-26 20:19:39",0.328,1,rimsha234
605,16920365,codezzzsleep,"2026-09-19 05:57:38",0.328,4,codezzzsleep
606,16950044,"Devansh Desai","2026-09-27 00:00:44",0.328,7,devanshdesai45
607,16937945,Surajy1402,"2026-09-23 18:26:11",0.328,4,surajy1402
608,16923656,"Alireza Ghalavand","2026-09-23 19:53:26",0.328,12,cybertechdev
609,16905714,"Mizero Lucky Gall","2026-09-19 12:39:19",0.328,12,mizeroluckygall
610,16923470,truegiga,"2026-09-20 15:26:19",0.328,8,truegiga
611,16912828,Bonkoturyu,"2026-09-19 07:00:23",0.328,6,bonkoturyu
612,16897464,Leander,"2026-09-20 12:17:29",0.328,14,lenny2905
613,16922643,"Gautier Marti","2026-09-21 06:35:30",0.328,6,gautiermarti
614,16940302,QQ2593124087,"2026-09-22 12:36:48",0.328,1,badboiriri
615,16937132,"Rahul Shettigar","2026-09-22 13:31:36",0.328,5,rahulshettigar
616,16907009,"Tze Wei Lim","2026-09-27 04:19:23",0.328,8,tzeweilim
617,16916605,"baron lu","2026-09-27 23:10:09",0.328,3,baronlu
618,16930917,viecon,"2026-09-22 09:25:52",0.328,6,"cloveyc,viecon"
619,16937379,"Amar Merabti","2026-09-27 20:25:25",0.328,18,amarmerabti
620,16896393,"Pavel Pavlov","2026-09-25 17:58:01",0.328,4,akakii
621,16909417,"Søren Ravn Andersen","2026-09-17 11:48:28",0.328,1,sorenravn
622,16914089,"Maram Ali","2026-09-17 12:32:46",0.328,2,msama01
623,16908849,MK7DS7,"2026-09-17 12:45:17",0.328,2,mk7ds7
624,16908821,"Pratham Jain","2026-09-19 17:17:43",0.328,3,kindasomethin
625,16897005,Janvi_ch,"2026-09-26 11:25:25",0.328,5,janvich
626,16893909,"YePing Lin","2026-09-17 13:57:16",0.328,5,linyeping
627,16914856,"THIRUPATHI KANNAN K","2026-09-20 16:44:29",0.328,7,thirupathikannank
628,16915357,JackGong,"2026-09-17 14:14:29",0.328,1,jackgong
629,16910576,"Devesh Poojary","2026-09-17 14:23:24",0.328,2,dvpoojary
630,16915770,"Joanna C.","2026-09-17 15:27:07",0.328,1,joannaciesielski
631,16894954,xsong2020,"2026-09-17 17:12:52",0.328,1,xstargate
632,16913643,"Daniyal Atta","2026-09-17 17:26:33",0.328,1,daniyalatta
633,16898484,"KUO JEN WEI","2026-09-17 18:35:08",0.328,4,kuojenwei
634,16908392,"Branden J Bryant","2026-09-19 02:26:59",0.328,3,brandenjbryant
635,16894093,GUOHAOYANG,"2026-09-21 03:35:49",0.328,7,pkuszboi
636,16908998,Revo,"2026-09-17 21:01:38",0.328,1,maikajusu
637,16908950,"Ronit Agarwal","2026-09-18 02:07:45",0.328,4,ronitagarwal1
638,16909533,"Elfina Karima","2026-09-18 02:24:50",0.328,1,elfinakarima
639,16903804,"Baidalin Adilzhan [dsmlkz]","2026-09-18 02:25:23",0.328,2,baidalinadilzhan
640,16914542,GeHaohua,"2026-09-18 03:44:22",0.328,3,gehaohua
641,16913960,"sunil kumar","2026-09-18 03:46:21",0.328,2,sunil123kumar
642,16894343,Shadow,"2026-09-19 08:28:10",0.328,2,chetanagrawall
643,16918101,"Cam-Luan Truong","2026-09-18 05:20:24",0.328,1,luantruong
644,16894977,AbhiniveshSharma5354,"2026-09-18 07:06:25",0.328,2,abhiniveshsharma5354
645,16914177,Kalypheus,"2026-09-18 07:27:09",0.328,1,kalypheus
646,16896382,"Grzegorz Sionkowski","2026-09-18 10:41:22",0.328,4,sionek
647,16914764,"Ben van Dugteren","2026-09-21 14:17:07",0.328,4,benvandugteren
648,16898334,"Diogo R. Ferreira","2026-09-18 12:54:03",0.328,2,diogoff
649,16916328,"K.THARUN KUMAR","2026-09-18 13:24:51",0.328,3,tharunkumar369
650,16918523,"Victor De Jesús","2026-09-19 04:15:57",0.328,3,victordejesus2026
651,16914249,Nf4d1l,"2026-09-18 13:52:26",0.328,1,nf4d1l
652,16921584,Diganta,"2026-09-18 16:03:00",0.328,1,digantabhattacharya
653,16921756,"Sebastian Mateus","2026-09-18 16:23:02",0.328,1,sebastianmateus
654,16897278,OverfitOracle,"2026-09-19 11:42:54",0.328,3,alisalmanrana
655,16916651,vdthcmus123,"2026-09-18 18:21:23",0.328,1,envyy23120093
656,16916075,"Kamal Das","2026-09-20 15:53:24",0.328,2,kmldas
657,16921248,"Michelle Peltier","2026-09-19 01:25:59",0.328,3,michellepeltier
658,16907980,DancingLumberjack,"2026-09-22 19:58:49",0.328,18,jamesmcgarryiv
659,16908653,"julian andres viejo garrido","2026-09-19 06:56:55",0.328,9,salmaviejo
660,16912064,"Yug Parikh","2026-09-23 06:26:53",0.328,11,yugparikh
661,16894871,Nut_RJ,"2026-09-19 08:48:28",0.328,11,rjings
662,16914465,"Sourodyuti Biswas Sanyal","2026-09-19 07:21:46",0.328,13,sourodyutibiswas
663,16893525,yuki16,"2026-09-19 08:37:35",0.328,5,yuki16
664,16925029,"Akhilesh godugu","2026-09-19 10:33:06",0.328,1,akhileshgodugu
665,16924945,"Md Arafat","2026-09-24 15:34:35",0.328,12,arafat362
666,16903609,"The Litis","2026-09-19 11:42:03",0.328,7,thelindortis
667,16922271,"Sangeet Sharma","2026-09-19 16:01:57",0.328,1,sangiits
668,16906715,"Gaurav Vyas","2026-09-20 08:33:29",0.328,4,ctogaurav
669,16923781,EISLab_hwlee,"2026-09-20 01:43:45",0.328,3,leeheewon01
670,16904661,Garv88,"2026-09-20 12:25:59",0.328,2,garv88
671,16910549,qiuyiran,"2026-09-23 13:38:16",0.328,3,jimeiqiuyiran
672,16931632,"Vicens Gaitan","2026-09-20 17:09:04",0.328,1,vicensgaitan
673,16911288,"Nihal Vellaramkallingal Sulaiman","2026-09-24 22:26:43",0.328,8,vsnihal
674,16933088,F.A.Nina,"2026-09-21 07:28:37",0.328,2,nina2025
675,16927378,lime0001,"2026-09-21 04:24:13",0.328,1,lime0001
676,16926208,"Fernando Faria","2026-09-21 07:30:51",0.328,2,fernandoadefaria
677,16919439,"Bowen Jin","2026-09-21 06:31:17",0.328,1,bowen0715
678,16935383,"Kragglenote2 Forwork","2026-09-21 13:43:38",0.328,4,kragglenote2forwork
679,16935512,"Sailor Ren","2026-09-21 09:43:25",0.328,1,sailorren
680,16914884,Glider,"2026-09-21 11:55:00",0.328,2,"cztianchao,gliderx"
681,16936390,haodou092,"2026-09-21 12:49:11",0.328,1,haodou092
682,16932970,KYG,"2026-09-23 01:38:14",0.328,2,kyung1
683,16936138,直言bu,"2026-09-21 14:31:28",0.328,5,bunamese
684,16929435,"NAVALE MANASI","2026-09-22 17:24:23",0.328,5,navalemanasi
685,16908639,"Joakim Eklund","2026-09-24 12:40:59",0.328,7,joakimeklund
686,16931194,"Takayuki Michishita","2026-09-23 14:17:34",0.328,5,takayukimichishita
687,16917692,"YULIN PENG","2026-09-24 00:50:20",0.328,7,"wuaiwai6662,yulinpeng121"
688,16930953,"Aaryan Pawar","2026-09-23 13:08:24",0.328,6,aaryanpawar16
689,16939546,TTTT1ax,"2026-09-22 09:09:56",0.328,2,tttt1ax
690,16917338,FrumsM,"2026-09-22 12:21:44",0.328,1,frumsm
691,16911154,"Mowriss Mg","2026-09-23 14:49:50",0.328,5,mowrissmg
692,16911985,fenger001,"2026-09-23 06:22:53",0.328,7,fenger001
693,16893777,"samuel tan","2026-09-25 02:30:55",0.328,8,simingtan
694,16922106,"Ankit Kumar #2","2026-09-26 11:47:20",0.328,6,imankit57
695,16944236,Arooran,"2026-09-23 16:06:20",0.328,2,arooransivakarunai
696,16950380,xinghe0124,"2026-09-24 02:24:29",0.328,1,xinghe0124
697,16950467,kennex,"2026-09-24 03:40:35",0.328,3,kennex
698,16909137,stunningvn,"2026-09-27 08:07:51",0.328,14,dedquoc
699,16937771,Martin,"2026-09-27 13:20:48",0.328,17,martinwasswakalema
700,16942639,"Vijay Kumar 229","2026-09-25 19:24:17",0.328,2,vijaykumar229
701,16951194,"julien g","2026-09-27 04:35:52",0.328,7,juliengaza
702,16952595,hitori.studio,"2026-09-25 17:24:07",0.328,6,hitoristudio
703,16943268,"Umaid Hussain","2026-09-25 19:25:51",0.328,6,umaidhussain
704,16967189,kaggle_白,"2026-09-27 04:40:05",0.328,2,asdfghasdf
705,16963465,AddictedtoAI,"2026-09-26 18:14:03",0.328,1,addictedtoai
706,16968097,Yufo,"2026-09-27 16:48:13",0.328,5,yufotest
707,16970009,"Jeffery Jerome Harris","2026-09-27 17:17:02",0.328,1,jefferyjeromeharris
708,16971599,"dev gautam ","2026-09-27 20:36:14",0.328,1,devgautam007
709,16918140,susannajoseph,"2026-09-27 16:27:09",0.328,9,susannajoseph
710,16960727,KalyanG17,"2026-09-27 03:18:05",0.328,15,kalyang17
711,16921150,"Aayan Shabbir","2026-09-20 04:04:38",0.328,5,aayanshabbir
712,16928163,okok_jy,"2026-09-22 06:54:17",0.328,3,kjy666
713,16897455,"Abiram Bharathi S.A","2026-09-20 09:55:34",0.328,14,abirambharathisa
714,16915946,"Alpay Abbaszade","2026-09-20 15:54:39",0.328,7,alpayabbaszade
715,16929839,"SAIF MODAN","2026-09-27 18:08:54",0.328,3,modansaif
716,16931204,"Stephen Whitcomb","2026-09-21 20:04:58",0.328,5,stephenwhitcomb
717,16909938,ممدوح,"2026-09-24 02:28:36",0.328,18,mamdouhbarkat
718,16921139,M.yaswanth999,"2026-09-22 09:22:47",0.328,9,myaswanth999
719,16906838,nekoha,"2026-09-21 09:28:09",0.328,5,nekoha
720,16906829,"Busya PRIME","2026-09-21 10:58:49",0.328,4,busyaprime
721,16936232,"Rafael Gomes","2026-09-21 22:58:50",0.328,3,grafael
722,16911104,"Patrick Deutsch","2026-09-22 04:31:26",0.328,10,patrickdeutsch
723,16933001,"Claude Whisperer","2026-09-26 20:40:46",0.328,6,stevewatson999
724,16931881,"Diego Cheib Hirsch","2026-09-23 17:31:46",0.328,13,diegocheibhirsch
725,16929861,"haoyang li","2026-09-24 09:58:07",0.328,8,dionet2
726,16922575,"Sven Dumain","2026-09-27 14:07:16",0.328,28,darkgobelin
727,16962205,"Kacey Kelley","2026-09-27 21:29:43",0.328,8,kaceykelley
728,16896108,HZM,"2026-09-22 11:49:17",0.327,5,leehann
729,16918490,"Araik Tamazian","2026-09-18 06:45:53",0.327,1,atamazian
730,16944319,"Salah Ibrahiemu","2026-09-26 16:10:49",0.327,9,salahibrahiemu
731,16943062,"Ziad Ahmed","2026-09-27 19:36:32",0.327,8,ziadahmeddd
732,16908491,"Joseph Mancinelli","2026-09-25 23:34:46",0.327,13,josephmancinelli
733,16921376,"Raja Rajak","2026-09-26 09:12:20",0.327,13,rajrajak99
734,16896398,shawncsx,"2026-09-22 01:52:19",0.327,24,shawncsx
735,16922700,"jorge fabian avila","2026-09-18 23:10:36",0.327,1,jorgefabianavila
736,16916633,"F. Hernan Ledesma","2026-09-27 14:44:33",0.326,12,"fhernanledesma,maramercedesfiora"
737,16926517,arnavgoel26,"2026-09-24 08:43:37",0.326,14,arnavgoel26
738,16917180,VincentX20072,"2026-09-27 12:37:34",0.326,12,vincentx20072
739,16908772,"Cosmin Mirel Budeanu","2026-09-24 22:38:30",0.325,28,cosmicbe
740,16922760,"Rohan Jangam","2026-09-20 05:36:27",0.325,9,lostdecimal27
741,16904989,infamemconculcemus,"2026-09-27 19:42:57",0.325,17,jcgweb
742,16909049,"Jue Wang","2026-09-26 22:59:03",0.325,17,juewang1123
743,16911977,"Dmitrii Khizbullin","2026-09-27 12:20:07",0.325,33,dmitriikhizbullin
744,16932466,"Jack Hsu","2026-09-23 23:39:21",0.324,2,jackhsupf
745,16937424,"Yingli Rao","2026-09-27 19:59:27",0.324,20,yinglirao
746,16933968,"Manish Kumar Panday","2026-09-23 14:12:45",0.324,4,manishcs076
747,16941442,moshanyou,"2026-09-26 16:14:45",0.324,2,moshanyou
748,16894334,X.X,"2026-09-17 06:46:27",0.324,5,mikeintokyo
749,16922904,Excellencedev,"2026-09-20 14:16:01",0.324,6,excellencedev
750,16925533,Cacinie,"2026-09-27 22:13:10",0.324,3,cacinie
751,16948233,"青葉 涼風","2026-09-27 20:28:17",0.324,18,suzukaze
752,16961204,Nineyoyoyo,"2026-09-27 22:05:00",0.323,15,nineyoyoyo2
753,16913716,spark328,"2026-09-17 13:13:09",0.323,5,spark328
754,16907780,"Mathieu W","2026-09-18 08:52:45",0.323,5,mathieuw
755,16926788,Engulfing,"2026-09-21 00:00:25",0.323,8,engulfing
756,16969713,explise,"2026-09-27 07:41:24",0.323,3,explise
757,16908311,"Ranjan Mishra","2026-09-19 15:02:03",0.323,3,rjmishra
758,16918142,"Пётр П","2026-09-26 03:08:53",0.322,1,petrinvest
759,16956219,AndreyKvachov,"2026-09-27 09:38:29",0.322,9,akvachov
760,16921830,"Hoi Fu Chou","2026-09-27 16:25:04",0.322,22,"hoifuchou,wangyuchen057"
761,16894549,"Hongbin Gu","2026-09-20 09:42:12",0.322,11,guhongbin
762,16938107,"Adrian Dubois","2026-09-26 02:21:56",0.321,3,adriandubois
763,16917549,"Shricharan Srinivasan","2026-09-22 16:21:17",0.321,1,assassin83295327
764,16894144,Debmalya,"2026-09-27 03:13:28",0.321,8,debmalya84
765,16956613,"A.H kashani","2026-09-28 00:15:18",0.320,12,amirkashani
766,16916974,"Alejandro Lopez-Rincon","2026-09-22 17:45:34",0.319,6,alejandrolopezrincon
767,16913750,alexmart1ns,"2026-09-18 16:00:54",0.319,5,alexmart1ns
768,16898758,"Berat Erol ÇELİK","2026-09-20 16:52:53",0.319,7,beraterolelk
769,16946510,qaq7864,"2026-09-27 14:36:55",0.319,8,qaq7864
770,16972213,MassDecoder,"2026-09-28 00:02:36",0.318,9,nacl3084
771,16927993,takahiro,"2026-09-25 00:40:30",0.317,12,takahirookayama
772,16910924,Fancy,"2026-09-22 04:01:59",0.317,5,fancyinkaggle
773,16894987,"oz chemicalers","2026-09-19 07:00:25",0.317,15,"notakes,shatoryzx"
774,16912378,"Alejandro Hernández Mairal","2026-09-27 14:11:58",0.317,14,alherma7
775,16905596,"Maman Salto","2026-09-18 03:03:23",0.317,7,saddamaditya
776,16920441,Abd-alrhman,"2026-09-27 19:51:40",0.317,12,abdalrhman2212
777,16960029,Eric,"2026-09-25 10:24:02",0.317,3,chengren01
778,16894249,Soham,"2026-09-21 06:44:00",0.316,25,soham308
779,16903803,unibody,"2026-09-26 16:58:04",0.316,14,cxcxcxcx
780,16913088,"URA MODI ","2026-09-24 04:12:57",0.316,5,uramodi
781,16908726,"Rishi Upmanyu","2026-09-18 21:23:41",0.316,5,rishiu
782,16914057,"Alexandar Balevsky","2026-09-18 16:32:16",0.316,3,alexandarbalevsky
783,16923889,"Ilya Makarov","2026-09-23 17:11:45",0.316,6,imakarov
784,16938617,"HIDEYO CHIBA","2026-09-28 00:00:43",0.315,18,hideyochiba
785,16930909,"Aliya Badmaeva","2026-09-27 01:14:35",0.315,10,aliyabadmaeva
786,16906707,Neko,"2026-09-27 11:54:08",0.315,15,ootake
787,16897150,"Prem Gandhi","2026-09-18 18:39:39",0.314,14,gprem352
788,16915529,"SUBHASRI  S","2026-09-20 06:56:02",0.314,2,subhasri2007
789,16938267,Yuri,"2026-09-25 13:04:58",0.314,13,yurimayer
790,16918613,Shizuku,"2026-09-27 22:24:33",0.314,3,kokishinbara
791,16971016,neilan,"2026-09-27 09:17:16",0.314,2,abhijithneilabraham
792,16943259,"Soyebuzaman Naim","2026-09-26 09:36:18",0.314,10,soyebuzamannaim
793,16916756,"Benjamin Beaujard","2026-09-19 20:12:36",0.314,7,benjaminbeaujard
794,16911295,KiKi,"2026-09-20 10:04:14",0.314,3,kingkiller2164
795,16938909,"Haoyu Wang","2026-09-27 21:14:57",0.314,30,whycs123
796,16907994,destroyer@123787,"2026-09-16 18:59:27",0.313,1,destroyer123787
797,16908118,"Marc Silveira","2026-09-25 13:17:00",0.313,12,marcsilveira
798,16914333,"Kamran Heydarov","2026-09-23 22:55:26",0.313,15,kamranheydarov
799,16908284,STIVEN020,"2026-09-28 00:46:49",0.313,38,stiven020
800,16898584,CrazyML,"2026-09-17 05:10:52",0.312,10,sorcererbi
801,16913169,"Duong Thanh Tran","2026-09-21 11:26:30",0.312,8,duongtran1909
802,16914584,"Ghulam Mohiudin4444","2026-09-17 15:47:58",0.312,3,ghulammohiudin4444
803,16913405,"Andreas Leonardo","2026-09-25 01:33:08",0.312,15,andreasleonardo
804,16914697,"Taufiqul Islam","2026-09-21 21:11:57",0.311,8,taufiqulislam12
805,16897463,"Abu Kayyisah Basyid","2026-09-28 00:04:53",0.310,17,abukayyisahbasyid
806,16960937,"Артём Гусаров","2026-09-26 13:15:48",0.310,5,artemgusarov
807,16911778,"An Jiho_322","2026-09-27 14:57:08",0.310,2,anjiho322
808,16893434,sukirman,"2026-09-25 14:57:22",0.310,5,"fikribudianto,kronosdp,rakbidb,yesayarudolf"
809,16957544,"Rodrigo Batista da Silva","2026-09-25 10:00:11",0.309,1,eurodrigobatista
810,16925215,"Marcin Wojciechowski","2026-09-27 07:53:36",0.309,16,marcinwojciechowski
811,16967757,"Khaled Yousef","2026-09-27 19:57:54",0.309,3,recochet96
812,16950937,"HONGLIE ZHANG","2026-09-26 09:03:44",0.309,10,hongliezhang
813,16945399,"Senanur Çetin","2026-09-27 21:27:24",0.309,14,senanuretin
814,16931259,JIAWEILI0001,"2026-09-27 14:26:45",0.308,21,jiaweili0001
815,16932894,"Aman Atar","2026-09-21 12:59:58",0.308,2,amanatar
816,16914640,Arlene,"2026-09-19 02:49:06",0.308,2,lynnsakurai
817,16898097,"Will Rice","2026-09-27 19:53:07",0.308,23,willrice
818,16917836,kaluadecode,"2026-09-27 13:00:04",0.308,13,daylighth
819,16959625,"Opus 5.5","2026-09-27 08:16:48",0.307,9,hibana2077
820,16914201,Emmy,"2026-09-26 07:28:25",0.306,6,emmyone
821,16894368,3V,"2026-09-27 22:11:53",0.306,10,ghaisank
822,16893993,Taisei7,"2026-09-25 17:16:37",0.306,4,taisei7
823,16904348,"Lim Ba Su","2026-09-20 07:16:07",0.305,21,limbasu
824,16908761,"Tirth Kanani","2026-09-25 14:47:13",0.304,9,tirth1402
825,16914124,銅メダルくれくれくれくれくれくれくれくれくれくれくれくれくれ,"2026-09-20 13:55:17",0.304,12,konbu17
826,16914659,"Deepak Mahajan","2026-09-20 06:23:20",0.304,18,xdipzz
827,16897204,"Jacobo Martin","2026-09-25 15:53:44",0.304,18,jacobomartin
828,16921553,"Pathik Patel","2026-09-21 15:34:00",0.303,5,pathik1511
829,16908941,"junseok lee","2026-09-17 22:43:03",0.303,3,jaslee2
830,16909684,"Joao gabriel alves g","2026-09-18 00:03:35",0.303,7,joaogabrielalvesg
831,16918583,goodpjw2008,"2026-09-22 00:44:56",0.303,1,goodpjw2008
832,16931109,kirill,"2026-09-20 17:26:41",0.302,1,kirishafpv
833,16910731,DerfansyahGk,"2026-09-25 10:30:09",0.302,13,derfansyahgk
834,16958791,pterojacktyl,"2026-09-27 02:39:14",0.302,4,pterojacktyl
835,16954170,"Thomas Tschinkel","2026-09-24 17:09:29",0.302,5,thomastschinkel
836,16909425,guqinying,"2026-09-21 08:36:21",0.300,12,guqinying
837,16942719,"Corrado Pancotti","2026-09-24 13:32:51",0.299,4,corradopancotti
838,16899019,"Roland Luethy","2026-09-27 19:02:36",0.299,18,rluethy
839,16915244,"Teja Potu","2026-09-23 18:15:31",0.299,5,tejpotu
840,16926938,"Darío Ávalos","2026-09-25 15:46:31",0.299,18,darovalos
841,16932258,"Ali Ghandi","2026-09-27 09:33:14",0.297,13,aligh474
842,16895177,"Pardheev Krishna","2026-09-16 09:13:15",0.297,10,pardheev
843,16903900,chizuchizu,"2026-09-22 13:19:47",0.297,16,chizuchizu
844,16932651,"M Sato","2026-09-22 08:23:50",0.297,10,masasato1999
845,16914259,"Aung Khaing Htun","2026-09-27 12:05:48",0.297,24,aungkhainghtun
846,16923016,khj1222,"2026-09-20 07:58:14",0.297,2,khj1222
847,16908721,frogsilverberryleoi,"2026-09-18 06:58:37",0.297,10,frogsilverberryleoi
848,16940656,"Erna Alfin","2026-09-27 22:37:41",0.297,8,ernaalfin
849,16896990,alijs,"2026-09-27 13:00:03",0.296,27,alijs1
850,16899131,"Dimitrios Giannoulis","2026-09-17 06:52:59",0.296,9,plagiagia
851,16911333,"Carlos J Oliveira","2026-09-26 08:42:59",0.296,20,carlosjoliveira
852,16936415,MikoFractMichael,"2026-09-27 09:17:40",0.295,23,mikofractmichael
853,16935965,Fishmans,"2026-09-27 08:36:39",0.295,8,oygdri
854,16920603,Thalles.Mota,"2026-09-24 18:54:53",0.295,16,thallesmota
855,16904940,epigene,"2026-09-23 05:32:34",0.295,5,nadhu59648
856,16910756,IceyScorpion,"2026-09-26 07:47:07",0.293,18,iceyscorpion
857,16949706,"Vatsal ","2026-09-25 12:57:03",0.292,1,vmtailor
858,16915981,"Roberto Capparelli","2026-09-27 17:40:03",0.292,13,robertocapparelli
859,16906585,Aiden-Kwak,"2026-09-20 08:59:51",0.292,10,aidenkwak
860,16918635,"CrankyOldManKK ","2026-09-27 14:45:32",0.292,17,crankyoldmankk
861,16917315,"Paul Villagra","2026-09-28 00:00:24",0.292,30,paulvillagra
862,16912641,"Shigeru Kondou","2026-09-17 13:43:32",0.291,2,shigerukondou
863,16927590,"An Dao","2026-09-22 07:17:04",0.291,15,andao94
864,16927765,databreaker,"2026-09-22 02:30:19",0.291,9,databreaker
865,16924345,kiro,"2026-09-27 00:10:44",0.290,19,kirosamurai
866,16965622,Ymori,"2026-09-28 00:40:16",0.290,14,yasunorim
867,16935496,"Luchezar Sutulov","2026-09-25 12:39:19",0.290,10,luchezarsutulov1111
868,16910624,"Thái Văn Tài","2026-09-23 09:55:47",0.290,14,thivnti
869,16914831,"Taneti Sanjay","2026-09-17 13:13:15",0.290,1,tanetisanjay
870,16913400,"M Farrel Aditya","2026-09-18 08:12:03",0.290,7,mfarreladitya
871,16894356,"Mark Cooper","2026-09-18 09:55:04",0.290,15,markjcooper
872,16901591,"Dariush Afshar","2026-09-21 07:30:40",0.290,2,dariushafshar
873,16935296,Tanzania,"2026-09-24 09:22:12",0.290,2,saidmohamedomary
874,16922406,Francisco,"2026-09-22 14:21:21",0.290,2,cheneblanc
875,16943241,Sutee,"2026-09-26 18:09:59",0.290,14,lszlst
876,16906443,"Clement Ling","2026-09-23 01:21:00",0.289,6,clementling
877,16958846,"Siu Beom","2026-09-27 19:02:25",0.289,11,siubeom
878,16912191,jiangninglu,"2026-09-17 14:50:46",0.288,5,jiangninglu
879,16921722,Fourge,"2026-09-27 02:01:30",0.287,9,"bushrasolangi,mahnoorsolangi"
880,16896181,GlaV1,"2026-09-27 09:08:40",0.286,10,"asircanaslan,babayaga123412,grkemmutlu,oruc74,sadkcanelik"
881,16932646,TalhaBacak,"2026-09-22 06:49:19",0.286,3,talhabacak
882,16922992,"Khalifa Nabil","2026-09-23 22:02:57",0.285,10,khalifanabil
883,16922472,"Homin Park","2026-09-24 13:12:20",0.285,9,powersimmani
884,16923195,EricWang,"2026-09-26 14:02:04",0.284,9,ericwang915
885,16893609,"Ludwig Agurto Contador","2026-09-27 01:38:40",0.284,7,ludwigagurtocontador
886,16965030,"stephen yao","2026-09-27 01:50:12",0.284,3,cheekysy
887,16943710,"Melkozerov Leonid","2026-09-25 09:26:55",0.284,4,danmer414
888,16928461,Regulus,"2026-09-26 20:51:09",0.283,19,hudsonlin
889,16924100,"Ooie Rikuto","2026-09-24 03:37:31",0.282,16,ooierikuto
890,16893934,Volkopat,"2026-09-27 23:29:10",0.282,5,volkopat
891,16918157,"Meenu Thakur","2026-09-25 11:43:58",0.281,3,thakurmeenukumari
892,16907869,Diana,"2026-09-27 15:48:56",0.281,27,dziyanavalenta
893,16910410,"Tom Petty","2026-09-20 05:53:48",0.280,14,qmot66
894,16914000,"Pricop Tudor","2026-09-24 15:46:36",0.280,4,pricoptudor
895,16903916,"Иван Шивалов","2026-09-16 16:23:18",0.279,5,ivan070708
896,16959596,haribo_jelri,"2026-09-27 02:13:11",0.279,11,haribojelri
897,16913318,kinga,"2026-09-26 13:57:58",0.279,35,kinga0
898,16913816,"Sayandeep Ghosh","2026-09-18 16:11:13",0.279,1,sayandeepghosh
899,16912874,"Niaz Mahmud","2026-09-26 23:24:54",0.278,2,niazmahmud0201
900,16942859,蛤密呱,"2026-09-27 21:22:27",0.278,14,"sheeransun,strengle2357"
901,16898081,copasta,"2026-09-25 05:24:53",0.278,8,copasta
902,16928195,Proffesor&King,"2026-09-24 16:11:58",0.278,17,aarryyaannnnnn
903,16899928,"Yassine Chritt","2026-09-17 08:04:25",0.278,9,yassinechritt
904,16905755,bhundreds,"2026-09-27 12:36:12",0.277,5,hundreds1103
905,16915366,"Afnan Darga ","2026-09-28 00:05:26",0.277,7,afnandarga
906,16909440,"Odim David Chukwuemeka","2026-09-21 18:40:21",0.276,3,odimdavidchukwuemeka
907,16894778,haya,"2026-09-18 06:51:25",0.276,12,yhay81
908,16918608,Veerakrishna,"2026-09-25 09:27:05",0.276,4,veerukhannan
909,16914231,"Jiawei Zhao","2026-09-28 00:15:37",0.275,7,c789a123
910,16935847,Giussepe,"2026-09-25 16:15:53",0.275,8,giussepe
911,16942584,dev.asad67,"2026-09-23 15:07:09",0.273,3,devasad67
912,16941283,Vi,"2026-09-27 13:14:40",0.272,16,viktoriiazvonarova
913,16917093,Yoyoo94,"2026-09-27 17:56:14",0.272,7,yoyoo94
914,16926571,Jinxmcg,"2026-09-22 10:04:18",0.272,10,jinxmcg
915,16956669,"Nada Youssef Amrawy","2026-09-26 18:14:12",0.272,3,nadayoussefamrawy
916,16893590,seven,"2026-09-26 09:29:40",0.271,25,morikawatakeshi
917,16897087,15509,"2026-09-27 11:38:20",0.271,8,"mei2828,yubisaki"
918,16916214,"Nathan Jacob","2026-09-26 13:22:53",0.271,13,nathanjacob
919,16957955,nynyny67,"2026-09-27 23:59:24",0.270,5,nynyny67
920,16918481,Azkiradam,"2026-09-21 14:05:14",0.270,10,azkiradam
921,16933296,UJINOK,"2026-09-27 14:53:48",0.270,7,takumikon
922,16908404,Codrin18,"2026-09-20 12:35:36",0.270,12,codrin18
923,16939411,"ABHISHEK KUMAR","2026-09-27 00:50:04",0.269,20,abhishek6545
924,16916445,"Negin Orouji","2026-09-22 18:22:18",0.268,1,neginorouji
925,16907911,Kudo,"2026-09-17 14:58:54",0.267,5,nguyenchicuong
926,16898708,Lupw,"2026-09-20 12:53:02",0.266,17,patrykwolny
927,16938827,zhk_567,"2026-09-27 07:20:22",0.265,29,zhk567
928,16968470,"Marcus Vinicius","2026-09-27 11:07:06",0.265,1,marcux777
929,16899251,"Nick Styles","2026-09-15 23:21:12",0.264,2,styles
930,16930566,"Jven Deepak","2026-09-22 15:18:58",0.264,3,jvendeepak
931,16917285,"Barbara Samantha Craig","2026-09-24 10:54:32",0.264,21,dakotakoi
932,16926120,"Akhil Kosuri","2026-09-20 15:57:54",0.263,2,akhil838
933,16931159,"Seungbeom Baek","2026-09-27 20:47:01",0.263,2,seungbeombaek
934,16893495,"ISAKA Tsuyoshi","2026-09-19 01:34:16",0.262,23,isakatsuyoshi
935,16916356,"Saroj Kumar Jha","2026-09-18 08:53:55",0.262,6,sarojkumarjha
936,16913408,KARANAMMADHAVARAO,"2026-09-19 18:26:40",0.262,5,karanam12345
937,16910389,Vidraft_lab,"2026-09-17 20:06:06",0.261,3,aiopenfree
938,16926050,"Khoa Le","2026-09-21 05:45:15",0.261,1,bryanle2025
939,16950083,"Tommaso Chiaronzi","2026-09-24 10:39:24",0.261,3,tommasochiaronzi
940,16914632,"jean-thomas Dauchel","2026-09-18 23:20:36",0.261,3,jeanthomasdauchel
941,16954353,"Chris Thomas","2026-09-27 16:36:06",0.261,3,christh0mas
942,16938879,"Dean Hart","2026-09-27 16:34:29",0.260,4,deanhart586546
943,16922911,"Alex Maggard","2026-09-22 16:42:22",0.260,6,alexmaggard
944,16925226,"SHUBHOJIT NASKAR","2026-09-27 19:17:28",0.259,9,shubhojitnaskar
945,16897113,"Hira Norm","2026-09-19 15:48:14",0.259,12,hiranorm
946,16909139,"Carolina Gomes de Souza","2026-09-23 18:08:05",0.258,6,carolinagomesdesouza
947,16970088,elegans,"2026-09-28 00:33:45",0.258,8,elegans
948,16920911,"Ertuğrul Özer","2026-09-20 00:40:11",0.257,11,ozertuu
949,16914176,dirhq88,"2026-09-27 11:14:23",0.257,21,dirhq88
950,16917040,Rand0m_Unkn0wn,"2026-09-18 11:48:29",0.256,5,satvikhardat
951,16937980,"Marek Nurzynski","2026-09-23 15:05:42",0.255,1,marek3000
952,16927654,xxxx0314,"2026-09-27 16:05:23",0.255,1,xxxx0314
953,16948664,"Mike F","2026-09-27 19:25:22",0.254,12,mikef111
954,16942802,Rashpile,"2026-09-27 09:12:45",0.253,2,rashpile
955,16907695,"Hıdır Demir","2026-09-26 19:57:11",0.252,8,hdrdmr
956,16893448,"codex rybaka","2026-09-16 09:47:47",0.252,10,yuriplot
957,16914513,"Ahmad Abdou Malick Diop","2026-09-22 18:21:34",0.252,16,ahmadabdoumalickdiop
958,16897063,Martyanov_ivan,"2026-09-24 18:28:06",0.251,9,martyanovivan
959,16922916,"Tanay Anand","2026-09-24 00:03:17",0.250,2,tanay1608
960,16930786,Bertholdt,"2026-09-27 14:17:00",0.250,7,bertholdt
961,16916856,"Manny Peiso","2026-09-27 18:30:48",0.250,3,mannypeiso
962,16908960,"AKASH MITTAL","2026-09-18 00:45:38",0.250,1,thecielo
963,16906346,"rock paper scissors","2026-09-16 13:19:10",0.250,1,downbythesallygarden
964,16933092,Kyosshi,"2026-09-22 14:16:45",0.249,3,kyokayoshioka
965,16922745,Buse,"2026-09-20 20:02:06",0.248,5,olllli
966,16929485,HWKIM,"2026-09-27 12:59:34",0.248,3,kimkami2
967,16894407,"Rushank Choksi","2026-09-16 09:23:19",0.248,4,rushankchoksi
968,16938747,habakan,"2026-09-22 05:03:53",0.247,4,kansukehabano
969,16969387,"José Cláudio da Silva Junior","2026-09-27 04:07:06",0.246,2,josecaludiosjunior
970,16909527,"Rob Sartin","2026-09-25 00:38:38",0.246,7,robsartin
971,16893729,"Aderian Setiawan","2026-09-17 01:16:57",0.246,5,aderiannovito
972,16942786,"Chi Wai wan","2026-09-27 17:31:07",0.246,23,chiwaiwan
973,16914169,"Natalia Jaśkowska","2026-09-25 11:40:13",0.244,4,nataliajakowska
974,16906870,tf,"2026-09-22 04:58:16",0.244,9,tfukuhara
975,16896230,"Mohammad Yaser Hussain","2026-09-19 21:36:09",0.244,5,mohammadyaserhussain
976,16897586,Holar,"2026-09-24 21:48:26",0.244,18,holar9
977,16905042,GG-bond,"2026-09-20 10:43:09",0.243,18,wyhwyh123
978,16910392,linmumu009,"2026-09-24 09:02:48",0.243,9,linmumu009
979,16897645,"MD. Nazmus Sakib Anik","2026-09-27 10:29:30",0.243,4,beyondlogic
980,16899192,Ikeda0516,"2026-09-16 03:44:50",0.243,2,ikeda0516
981,16934408,StarsMoon,"2026-09-23 09:11:14",0.243,7,wangmingye0829
982,16916937,Bluepeach,"2026-09-24 16:57:10",0.242,2,bluepeach
983,16963139,kerai,"2026-09-27 08:44:19",0.242,2,primalhost
984,16917744,"Juliano Batistim","2026-09-27 16:37:23",0.241,20,julianobatistim
985,16906217,"Masaki Shiraishi","2026-09-21 01:18:52",0.240,6,masakishiraishi
986,16904954,"Qiumiao Cao","2026-09-26 14:42:52",0.240,7,qiumiaocao
987,16925907,FarhanAzhaan,"2026-09-20 13:47:44",0.240,3,farhanazhaan
988,16895713,"Tamerlan Omralinov","2026-09-16 15:53:38",0.239,5,tamerlanomralinov
989,16896923,DhanaLakshmiMalla,"2026-09-16 12:24:48",0.239,1,dhanalakshmimalla
990,16901405,"Mingzhang Hu","2026-09-23 12:13:30",0.239,14,nnpaopao
991,16912208,"MD. Meraz Hossain","2026-09-25 08:37:13",0.239,15,near0009348845
992,16927205,BSam79,"2026-09-24 05:45:56",0.238,1,bsam79
993,16908260,"Quang Tran","2026-09-27 00:17:44",0.238,5,quangtran9801
994,16913519,"Rafi Hai","2026-09-27 20:01:42",0.238,35,rafiko1
995,16893684,"Fernando Rodrigues","2026-09-24 00:12:56",0.238,24,fernandosr85
996,16932696,VynoDePal,"2026-09-24 08:01:04",0.238,3,kvynodjo
997,16924291,kif,"2026-09-27 10:27:16",0.238,6,echigobran
998,16908702,"Nathan Humphrey","2026-09-26 15:34:44",0.238,3,goodluckhavefun4
999,16897357,"Rohan John Ashok","2026-09-21 06:42:38",0.237,4,rohanjohnashok
1000,16916668,"very fuzzy logic ","2026-09-23 03:34:57",0.237,4,fuzzylogic
1001,16937921,"Zaid Wali","2026-09-27 19:03:19",0.237,2,zaid216
1002,16941334,"T.-C. Chang","2026-09-27 02:35:29",0.237,7,newlooker
1003,16894079,"Francisco Mendez","2026-09-25 01:44:38",0.236,8,bigmantingz
1004,16939089,"Santiago de La Plata","2026-09-27 03:44:37",0.236,9,sanjmen
1005,16921467,cccyou,"2026-09-23 05:50:03",0.236,6,cccyou
1006,16925301,"Aman Jha","2026-09-20 07:04:58",0.236,7,aman000001
1007,16927517,Dong,"2026-09-23 00:59:34",0.236,1,meraks
1008,16946125,Irabala,"2026-09-25 13:54:55",0.235,2,irabala1
1009,16917990,"Matthew Khan","2026-09-18 18:15:55",0.234,1,matthewkhan
1010,16927329,"Apoorv Saraogee","2026-09-27 00:36:15",0.234,34,apoorvsara
1011,16924058,"Ziyue Yang","2026-09-24 00:10:39",0.233,2,zyang2k
1012,16922601,Z5h4ng,"2026-09-20 20:28:34",0.233,1,z5h4ng
1013,16904324,Sensee,"2026-09-22 02:01:37",0.233,7,yuuuuuuuuchu
1014,16939378,ingenuityagent,"2026-09-23 09:15:16",0.233,2,ingenuityagent
1015,16943434,"Itan Ruiz","2026-09-26 04:20:07",0.232,5,itanruiz
1016,16927611,"Anthony Egan","2026-09-22 02:48:03",0.231,6,"eganegan,mengzhenwang1"
1017,16913416,"Isaack Joshua","2026-09-23 10:29:34",0.230,9,isaackjoshua
1018,16921250,"David Adekanmi","2026-09-25 10:57:38",0.230,9,davidadekanmi
1019,16911128,"Arturo Gutiérrez Aguilar","2026-09-18 00:56:28",0.230,2,jarturo
1020,16899169,Suda,"2026-09-22 04:58:45",0.229,11,chaneyma
1021,16960817,NM12,"2026-09-25 21:40:47",0.229,2,mnathic
1022,16909453,wyananwyanan,"2026-09-23 05:20:09",0.226,5,wyananwyanan
1023,16918876,YaoCipher,"2026-09-20 23:30:54",0.226,1,yaocipher
1024,16910486,"Samuel Oludare","2026-09-22 11:48:39",0.225,4,samueloludare
1025,16918603,J1aliangX,"2026-09-21 09:16:33",0.225,1,j1aliangx
1026,16915055,"sven weidenmann","2026-09-18 13:25:10",0.225,2,svenweidenmann
1027,16914476,"Cõ Tuấn","2026-09-17 13:09:14",0.225,1,ctun12
1028,16924466,Kalibras,"2026-09-20 14:41:17",0.224,6,mehmetaltayunal
1029,16959916,"Nils Schlatter","2026-09-27 08:31:13",0.224,15,nilsschlatter
1030,16924535,kinowwww,"2026-09-25 13:37:03",0.223,10,kinowwww
1031,16924213,yshinok,"2026-09-27 05:51:22",0.223,11,yukishinohara0114
1032,16937718,avg,"2026-09-25 13:38:32",0.223,1,alexgagloev
1033,16956431,"Anna Wood","2026-09-25 07:47:08",0.222,4,annawood1
1034,16904395,Kronki,"2026-09-24 13:41:25",0.222,9,kronki
1035,16955200,"P BARROSO RODRIGUEZ","2026-09-27 16:37:21",0.222,18,pbarrosorodriguez
1036,16914808,soumya309,"2026-09-25 05:34:06",0.221,1,soumya309
1037,16897230,"Affriza Wildan Fauzan","2026-09-16 02:04:01",0.221,2,affrizawildanfauzan
1038,16921401,blousy,"2026-09-19 15:55:42",0.220,1,blousy
1039,16921593,rincha,"2026-09-27 14:40:40",0.220,3,satrin
1040,16916525,"Yasuhiro Manai","2026-09-18 07:43:55",0.218,4,yasu01
1041,16921690,H1Y,"2026-09-27 10:38:13",0.218,17,honeyjr
1042,16904659,Ni123456&,"2026-09-19 14:55:58",0.217,6,bingdongni
1043,16903814,"HyeongSeok Lee_KR","2026-09-16 16:37:04",0.217,2,hyeongseokleekr
1044,16917731,PUPAPU,"2026-09-27 13:47:48",0.217,32,pupapu
1045,16918134,"Matt graham","2026-09-25 04:27:07",0.216,6,mooseml
1046,16897978,"Tomo Oga","2026-09-18 17:38:47",0.216,5,tomooga1
1047,16924032,"Galiveeti Poornima","2026-09-21 14:47:42",0.215,12,galiveetipoornima
1048,16913383,"Rishikesh Jani","2026-09-27 07:12:11",0.214,1,rishikeshjani
1049,16911865,"Trần Võ Lâm Trường","2026-09-27 15:32:23",0.213,15,lamtruong1594
1050,16893569,Juyong,"2026-09-27 10:02:16",0.212,6,kimdoong
1051,16913380,马牛逼,"2026-09-20 16:02:30",0.210,4,"haoziji,isaq233,yuyanqzqdz"
1052,16916481,"Satoshi Nguyen","2026-09-18 15:46:23",0.210,4,satoshinguyenai
1053,16895747,"yuanli li","2026-09-18 08:26:23",0.209,4,yuanlili123321
1054,16941667,"Sihle Kekana","2026-09-23 02:35:15",0.209,3,skekana
1055,16912305,"Neeraj Bhartiya","2026-09-17 12:18:43",0.208,3,neerajbhartiya121
1056,16905864,"David Duffy 86","2026-09-17 16:01:49",0.208,8,davidduffy86
1057,16917278,M0h4m3d-Byte,"2026-09-27 20:55:28",0.208,38,dev3mohamed
1058,16956770,AdamJonesJohnson,"2026-09-27 21:57:53",0.207,3,adamjonesjohnson
1059,16905877,tomo2677,"2026-09-27 11:07:56",0.207,18,tomo1314
1060,16894580,liuzewen123,"2026-09-27 15:59:55",0.206,14,liuzewen123
1061,16898333,"Arda Orcun","2026-09-15 18:32:48",0.205,3,ardaorcun
1062,16898201,"Rahul S.","2026-09-26 21:27:51",0.205,8,rsiyanwal
1063,16898489,MIFMS,"2026-09-17 14:41:56",0.205,1,manojmandal
1064,16942741,"Tuna Xiao","2026-09-26 22:47:18",0.205,10,tunaxiao
1065,16895390,"Diego Luis","2026-09-15 21:27:51",0.205,5,dilu2701
1066,16943528,"PC Jimmmy","2026-09-25 09:38:01",0.205,10,pcjimmmy
1067,16895313,AidenSong123,"2026-09-15 12:10:07",0.204,3,aidensong123
1068,16903914,"Priyanshu Sinha","2026-09-23 04:18:18",0.204,16,pri2si17
1069,16914420,"Phan Thanh Trung","2026-09-27 16:47:08",0.204,9,primeexcalibur
1070,16898810,"Andreas Palmgren","2026-09-16 17:18:30",0.204,2,andreaspalmgren
1071,16933507,Forliq,"2026-09-21 16:01:16",0.203,1,forliq
1072,16928373,Cthulhu2255,"2026-09-23 16:42:45",0.203,10,cthulhu2255
1073,16930802,"Klim Novikov","2026-09-25 20:30:43",0.203,4,klimnovikov
1074,16925713,"Kinshuk Aggarwal","2026-09-21 19:44:32",0.202,9,kinshukaggarwal
1075,16937435,"Wan Heath","2026-09-23 02:52:06",0.201,4,wanheath
1076,16897484,MaciejAutuch,"2026-09-27 19:28:44",0.201,17,maciejautuch
1077,16896716,"nk for work","2026-09-20 04:12:47",0.200,3,nkforwork
1078,16912331,"G. Tarun Reddy","2026-09-25 10:59:38",0.200,10,tarunwiz
1079,16923885,"Guido Tapia","2026-09-25 01:58:12",0.199,3,guidotapia
1080,16911219,"Diego Imbriani","2026-09-22 11:00:46",0.198,2,quartostato
1081,16904674,"Swayam Singh","2026-09-20 03:29:08",0.197,2,swayamsingh48
1082,16934908,vijai-team,"2026-09-27 18:58:11",0.197,23,vijaikm
1083,16917177,"Christoffer Thimsen","2026-09-20 00:45:34",0.197,3,lowasitgoes
1084,16893530,Maxim,"2026-09-16 06:23:12",0.194,6,ektarr
1085,16912374,"Nguyễn Lương Nam Anh","2026-09-25 08:56:55",0.194,5,nguynlngnamanh
1086,16915795,"Vaibhav verma","2026-09-26 06:13:51",0.193,2,babatheboss
1087,16937129,"Oleh RCL","2026-09-27 14:01:12",0.192,4,olehrcl
1088,16911262,Zero,"2026-09-20 13:40:59",0.191,5,"benjason,zhao4459"
1089,16972610,WQAAAA,"2026-09-27 15:54:20",0.191,1,wqaaaa
1090,16917434,"Paul Abrams","2026-09-24 16:13:09",0.191,8,paulabrams
1091,16945947,"Nawap Bastola","2026-09-27 21:10:25",0.191,1,nawapbastola
1092,16894067,ubunbun18,"2026-09-16 15:52:14",0.191,8,ubunbun18
1093,16916116,rahulsoni,"2026-09-24 17:53:15",0.191,8,rahulsoni10496
1094,16925855,jfhjfgjhfj,"2026-09-26 13:37:12",0.189,8,jigsawpuzzle
1095,16927352,casua132,"2026-09-20 07:24:28",0.189,1,casua132
1096,16898237,"Vishnu vardhan 8055","2026-09-17 04:57:55",0.189,7,"kanukuganesh,vishnuvardhan8055"
1097,16904435,"kitory Yeah やきとり","2026-09-21 04:20:31",0.188,7,kitoryyeah
1098,16904914,xuchentao,"2026-09-27 14:14:14",0.188,10,xuchentao
1099,16942124,nagissan,"2026-09-24 01:59:58",0.188,11,nagissan
1100,16918364,"Saravana Rajan B","2026-09-20 05:57:18",0.187,3,saravanarajanb
1101,16922910,duresh08,"2026-09-26 03:10:15",0.186,5,duresh08
1102,16959029,LL_Taiyaki,"2026-09-27 08:54:06",0.186,3,lltaiyaki
1103,16898306,zhuzhenghao-max,"2026-09-20 06:34:01",0.186,5,zhuzhenghaomax
1104,16922126,PUN,"2026-09-22 05:27:52",0.185,7,pshikk
1105,16894405,Vu,"2026-09-15 16:24:28",0.185,2,vuxxxx
1106,16932481,Tenchi-t,"2026-09-27 20:16:21",0.184,12,tenchit
1107,16894025,therppx,"2026-09-15 14:16:25",0.184,4,"kewinsantos,viniciusraupp"
1108,16909544,"Table Feng","2026-09-22 08:44:04",0.182,2,tablefeng
1109,16908830,joethanyoung,"2026-09-27 17:55:26",0.181,5,zeoyoungy
1110,16950411,Naveen,"2026-09-25 11:17:50",0.179,2,naveentayal
1111,16914452,"Nihal l.suvarna","2026-09-27 09:46:52",0.178,18,nihallsuvarna
1112,16929937,"Panagiotis Toloudis","2026-09-25 11:14:21",0.178,8,panagiotistoloudis
1113,16896818,"SeshuRaju 🧘‍♂️","2026-09-27 04:03:11",0.177,3,seshurajup
1114,16915706,"Miles Morales","2026-09-22 03:50:23",0.176,3,abhijeethasvin
1115,16927764,"Naomi Xiaang","2026-09-24 11:44:54",0.176,7,naomixiaang
1116,16908349,Aegon,"2026-09-27 08:59:36",0.176,16,tukhoatran
1117,16957470,"yicheng lu","2026-09-27 10:49:59",0.176,4,giaok246
1118,16917265,"Marco Pereira","2026-09-27 15:04:55",0.175,6,marcofpereira
1119,16930478,"liuyang Mei","2026-09-21 10:46:26",0.175,1,liuyangmei
1120,16916774,Kizabgd123,"2026-09-19 17:47:43",0.174,12,kiza123123
1121,16927364,"Daniel Hernández Mota","2026-09-22 08:50:03",0.174,1,dhdzmota
1122,16927360,Sanjay,"2026-09-27 09:24:38",0.174,8,sanjay09singh
1123,16926953,TTHollis,"2026-09-27 04:39:56",0.173,4,tthollis
1124,16947668,Simplex32,"2026-09-24 22:35:26",0.172,3,simplex32
1125,16910941,"Vamshi VA7","2026-09-19 11:11:43",0.172,2,vamshiva7
1126,16912427,"zaaaaaaaa Yan","2026-09-17 09:46:56",0.172,2,zaaaaaaaayan
1127,16957860,"Christopher Barkey","2026-09-25 21:54:17",0.172,1,christopherbarkey
1128,16933855,odgael,"2026-09-21 15:09:06",0.171,3,odgael
1129,16911890,"Huzaifa Sidhpurwala","2026-09-17 11:39:28",0.171,2,huzaifasidhpurwala
1130,16940270,emilg94,"2026-09-27 18:03:58",0.171,2,emilg94
1131,16898565,"Vyacheslav Zimovsky","2026-09-19 18:40:43",0.170,6,vyacheslavzimovsky
1132,16913807,"Saran Subramanian","2026-09-19 11:24:02",0.170,2,subramaniansaran
1133,16910597,Kameshmox,"2026-09-26 05:51:31",0.169,1,kameshomox
1134,16922823,"Jacek Poplawski","2026-09-22 22:34:00",0.168,6,jacekpoplawski
1135,16908769,bfors4,"2026-09-22 16:52:53",0.167,1,bfors4
1136,16961323,JiZ,"2026-09-26 12:56:35",0.167,2,zhoujiachen
1137,16912023,"syouya tobita","2026-09-17 12:26:03",0.167,1,syouyatobita
1138,16905412,"Marko Rupnik","2026-09-24 17:06:27",0.166,3,markorupnik
1139,16923312,"Rio Adhitama","2026-09-26 06:22:00",0.166,5,rioadhitama
1140,16923305,"Taishiro Wakamiya","2026-09-19 22:52:34",0.165,4,taishirowakamiya
1141,16944671,"son min hyeok","2026-09-24 12:03:55",0.164,4,sonminhyeoks
1142,16894129,kglctf,"2026-09-27 07:06:05",0.163,63,kglctf
1143,16896631,"Danielle Lesin","2026-09-15 12:11:30",0.163,1,ladyfaye
1144,16896992,Cyrus,"2026-09-15 12:44:49",0.163,1,jamalsaeedi
1145,16896186,"Ashok Gaire","2026-09-15 12:59:56",0.163,1,ashokgaire
1146,16896726,tamminhvu,"2026-09-16 03:12:10",0.163,1,tamminhvu
1147,16910634,"Sadam Torres","2026-09-17 22:10:14",0.163,1,sadamtorres
1148,16910985,"Muhammad RIZWAN","2026-09-25 11:07:55",0.163,17,mrsarrizwan
1149,16942130,"Murilo Salem","2026-09-22 16:22:57",0.163,1,murilocostasalem
1150,16916072,juzz4vijay,"2026-09-24 09:35:20",0.162,1,juzz4vijay
1151,16919370,Natsume,"2026-09-27 14:40:52",0.162,21,minatoyukinaxlisa
1152,16948196,"Nethul Nanayakkara","2026-09-24 17:22:36",0.161,4,nethulnanayakkara
1153,16895185,"Krizsó Gergely","2026-09-16 11:03:37",0.160,8,lucifer19
1154,16974715,"George Daniel Gherasim","2026-09-28 00:24:31",0.160,2,georgedanielgherasim
1155,16925888,"Mohammed Rayanuddin","2026-09-19 18:32:54",0.160,5,rayanuddinmohammed
1156,16921813,"Viraj Sanghavi007","2026-09-20 00:02:57",0.160,2,virajsanghavi007
1157,16941201,1m0ke,"2026-09-27 08:50:59",0.160,26,smokelate
1158,16898443,"Dinesh kumar Thiyagarajan","2026-09-20 16:57:34",0.160,6,dineshkumar0705
1159,16915600,Polyboy,"2026-09-23 09:18:29",0.159,9,abhishekbharathib
1160,16932674,"Rushi Chaudhari","2026-09-23 02:10:07",0.159,4,rushic24
1161,16897244,Tasmim,"2026-09-17 13:33:24",0.159,7,tasmim
1162,16920246,"Hemant Kumar","2026-09-19 13:42:02",0.158,1,hemantrajputt
1163,16909091,"Vrishank R","2026-09-23 23:21:49",0.158,3,vrishankr
1164,16893573,RT,"2026-09-18 12:00:31",0.158,3,zaiwubian
1165,16911549,Jagjeet_Singh,"2026-09-27 11:57:14",0.158,2,jagjeetsingh23
1166,16907124,CavaradØssi,"2026-09-20 08:43:20",0.158,4,hoowoo
1167,16921166,z,"2026-09-18 23:20:08",0.158,2,holybx
1168,16913632,"Basma Almashari","2026-09-18 11:10:28",0.158,5,basmaalmashari
1169,16930725,ASOP,"2026-09-20 13:27:05",0.158,1,amansahuop
1170,16911099,"Vaishnavi Kodamala","2026-09-22 05:43:30",0.158,9,vaishnavikodamala
1171,16914563,"Kunal Desale","2026-09-22 05:09:25",0.158,5,kunaldesale2408
1172,16915144,HubaBuba2001,"2026-09-27 15:23:19",0.158,3,hubabuba2001
1173,16911641,bhu-101,"2026-09-22 08:39:00",0.157,7,bhu101
1174,16911216,"Amanuel Bantidagn","2026-09-18 08:03:00",0.157,6,amanuelbantidagn
1175,16916156,"leon ford","2026-09-27 20:54:06",0.157,7,leonford
1176,16898007,hongan,"2026-09-16 19:03:58",0.157,2,honganzhu
1177,16932397,"Carol Jenkins","2026-09-21 21:12:25",0.157,3,cjenkins050965
1178,16909750,"Dhe Yeong","2026-09-22 13:45:18",0.156,4,dheyeong
1179,16950509,"EMMANUEL WANDJI","2026-09-25 14:18:36",0.156,2,emmanuelwandji
1180,16895336,ALkkGame,"2026-09-24 07:22:11",0.156,5,alkkgame
1181,16914776,"Om Neekhra","2026-09-17 13:53:20",0.156,2,omneekhra
1182,16914101,holamigohello,"2026-09-18 12:14:16",0.156,5,holamigohello
1183,16911249,"Ananya Malleswamy","2026-09-18 07:07:55",0.156,1,ananyamalleswamy
1184,16931965,Acccu,"2026-09-20 19:44:27",0.156,1,acccdc
1185,16948029,应岂池,"2026-09-24 11:15:58",0.156,5,qichiying
1186,16958948,sksjdh,"2026-09-25 05:57:00",0.156,1,sksjdh
1187,16912968,"Divyanshu Raj","2026-09-26 13:32:48",0.156,1,luckyviral
1188,16973284,"Nikita Moiseew","2026-09-27 15:54:30",0.156,1,nikitamoiseew
1189,16918356,"Aman Dubal","2026-09-19 06:47:23",0.156,9,amandubal
1190,16936253,kshivam22,"2026-09-22 06:35:56",0.156,2,kshivam22
1191,16949447,"Guohao Li","2026-09-24 13:00:03",0.156,3,guohaoli4
1192,16972886,"Yusaku Muroya","2026-09-27 18:54:53",0.156,1,ymuroya47
1193,16897629,Seungchan,"2026-09-15 20:46:51",0.156,4,seungchaa
1194,16966513,"Manu Ghulyani","2026-09-27 10:43:21",0.155,3,manughulyani
1195,16911340,"Win Ko Aung","2026-09-25 05:19:45",0.155,1,winkoaung
1196,16904095,KABILAN_27,"2026-09-18 06:37:21",0.155,15,kabilan27
1197,16893731,PengWc,"2026-09-17 03:46:00",0.155,8,pengwc
1198,16944624,"Jiang Guang","2026-09-25 05:29:49",0.154,2,jiangguang
1199,16970515,Raosaheb,"2026-09-27 14:56:13",0.154,4,raosahebmore
1200,16897182,oftenpoppo,"2026-09-27 14:23:37",0.154,6,oftenpoppo
1201,16910428,"Parth Maniar","2026-09-24 00:29:10",0.154,5,theteacoder
1202,16912839,"Roy Zhu","2026-09-17 19:38:55",0.154,5,roy0zhu0
1203,16917575,"Justin Trout","2026-09-23 21:57:01",0.154,2,justintrout
1204,16896117,"Shoroogh Ahmadi","2026-09-21 16:08:23",0.153,7,shorooghahmadi
1205,16893407,Hermengardo,"2026-09-16 18:08:52",0.153,2,hermengardo
1206,16940472,CardPilotLab,"2026-09-22 11:32:10",0.153,1,EldieEnfiel
1207,16918755,"George Liuxxx","2026-09-23 03:49:08",0.153,10,georgeliuxxx
1208,16908524,"Harshit Rana","2026-09-23 10:39:00",0.153,1,harshitranaa
1209,16914326,"Anish Kumar","2026-09-20 15:52:54",0.153,7,anishhkumarr28
1210,16898263,DhawalModi,"2026-09-17 02:08:24",0.153,2,daveconnor
1211,16914767,Parsa,"2026-09-26 20:28:52",0.153,15,parsahriri
1212,16973508,"Ignasi Alemany","2026-09-27 19:04:57",0.153,1,ignasialemany
1213,16909144,HongYongGi,"2026-09-17 04:55:00",0.152,1,hongyonggi
1214,16921360,"Pratyush Rao","2026-09-18 18:56:33",0.152,3,pratyushrao
1215,16938283,BCS-IITK,"2026-09-25 12:20:35",0.152,1,"granthchoudhary,monishamza,sohamnandi012"
1216,16912405,鍵山勇太,"2026-09-17 07:48:32",0.152,1,kagiyama0730
1217,16906768,Vaibhav_486,"2026-09-17 20:03:45",0.152,3,vaibhav486
1218,16910449,"Anamika Singh","2026-09-22 15:01:35",0.152,4,anamikasing12
1219,16917363,"Annafi Islam","2026-09-19 04:46:15",0.152,3,annafiislam
1220,16918940,"Christian Cadiou","2026-09-19 07:30:16",0.152,7,christiancadiou
1221,16913653,batman_labs,"2026-09-21 07:50:33",0.152,4,aagneye
1222,16912685,"Weichu Zheng","2026-09-27 14:12:02",0.152,2,weichuzheng
1223,16938572,21f1005431,"2026-09-25 05:05:14",0.151,4,rrd21f1005431
1224,16969872,ksj00610,"2026-09-27 21:59:38",0.151,5,ksj00610
1225,16893702,"Hiểu Vy","2026-09-15 09:19:47",0.151,1,thangnm1
1226,16934873,"Sergi Bas","2026-09-26 12:13:28",0.151,5,sergibas
1227,16906561,"ferjani med amine","2026-09-27 21:05:42",0.151,4,ferjanimedamine
1228,16910344,TngMai20042005,"2026-09-23 08:30:59",0.151,3,tngmai20042005
1229,16967200,jackykchan,"2026-09-26 20:40:13",0.151,2,jackykchan
1230,16894453,"Bong Tran","2026-09-15 15:50:36",0.151,3,vdmttt
1231,16926748,"Omar Boukherys 1","2026-09-21 11:38:35",0.151,2,omarboukherys1
1232,16931952,"Hirokazu Kuwabara","2026-09-26 12:09:09",0.151,24,hirokazukuwabara
1233,16894777,kdpawar,"2026-09-16 11:58:19",0.151,1,kdpawar
1234,16909454,XZXZZX,"2026-09-27 14:28:53",0.151,9,xzxzzx
1235,16914439,"Daniil Domnin","2026-09-17 21:10:52",0.150,5,domnindaniil
1236,16947586,ybh2018,"2026-09-27 23:56:59",0.150,4,ybh2018
1237,16948508,Mr.Domino,"2026-09-26 06:47:29",0.150,2,linxinshihuang
1238,16916830,Tigers,"2026-09-26 11:36:26",0.150,5,"alanwiiliams,riyadahal,yash202609"
1239,16912790,aryan_soni1,"2026-09-17 19:46:09",0.150,2,aryansoni1
1240,16942490,"Sachin Budania","2026-09-22 21:36:26",0.150,2,sachinbudania885
1241,16893748,honjousetuna,"2026-09-15 06:40:37",0.149,5,honjousetuna
1242,16893456,Lonnie,"2026-09-15 03:01:15",0.149,1,lonnieqin
1243,16911669,"Woongjae Jung","2026-09-17 15:16:21",0.149,3,woongjaejung
1244,16899010,Kelp1k,"2026-09-15 22:34:29",0.149,1,doktorkelp
1245,16895431,Zelzy,"2026-09-16 17:28:21",0.149,1,zelza0
1246,16940102,"Vadim Pashkov","2026-09-24 22:05:38",0.149,2,vpashkov
1247,16908281,Akeem__Bakar,"2026-09-17 04:06:10",0.148,4,akeembakar
1248,16928697,"Hao Yang","2026-09-21 00:03:16",0.148,1,datasutudent
1249,16917878,"Maahira Begum","2026-09-27 14:51:50",0.148,20,maahirabegum
1250,16938882,"Victor Zhong","2026-09-24 21:14:50",0.148,3,victorzhong0110
1251,16946405,ashwinambatwar,"2026-09-24 05:04:55",0.148,1,ashvinambatwar
1252,16899096,HC,"2026-09-26 00:30:05",0.148,2,henryc24
1253,16922558,"Yassine Barhoumi","2026-09-26 05:06:02",0.148,3,yassinebarhoumi
1254,16916006,"Chandan Dasgupta","2026-09-20 11:28:36",0.148,1,chandandasgupta
1255,16951381,"Pieter van der Linden","2026-09-25 06:46:29",0.148,1,pietervanderlinden
1256,16896868,Rainfun,"2026-09-16 02:51:05",0.148,3,afterrain42
1257,16940553,"Subodh Mhaske","2026-09-27 10:46:29",0.148,11,subodhmhaske
1258,16893798,Kaiser,"2026-09-23 03:35:15",0.148,1,kaiserm
1259,16917395,"Igor Albuquerque","2026-09-26 00:21:15",0.147,6,igor2370
1260,16974116,"Shuvam Swapnil Dash","2026-09-27 20:54:29",0.147,1,shuvamswapnildash
1261,16903635,Huskkky,"2026-09-18 01:03:53",0.147,6,huskkky
1262,16911945,Da-P,"2026-09-20 01:20:36",0.147,3,mazusakit
1263,16895243,"Ilakk manoharan","2026-09-27 22:18:09",0.147,21,ilakkmanoharan
1264,16966033,mkmkmk1,"2026-09-27 14:03:33",0.147,1,mkmkmk1
1265,16938343,"Bell Abrao","2026-09-24 23:13:48",0.147,6,bellabrao
1266,16924440,"Evgeny Nevodnich","2026-09-21 08:08:37",0.147,2,evgenynevodnich
1267,16947517,"Kuwait Mie","2026-09-25 11:17:18",0.147,3,"hancewang,kuwaitmie"
1268,16893680,"Clark Kitchen","2026-09-15 18:22:54",0.147,4,clarkkitchen
1269,16925908,"Bektur Bekboev","2026-09-19 19:36:10",0.146,2,bekturbekboev
1270,16894326,"Chaitanya Jamble","2026-09-15 06:25:31",0.146,3,chaitanyajamble
1271,16908833,"Clyde Villacrusis","2026-09-17 03:04:44",0.146,1,clydevillacrusis
1272,16927818,"Syntropy Digital","2026-09-20 15:31:00",0.146,1,syntropydigital
1273,16913358,"Dinesh Naveen Kumar Samudrala","2026-09-25 13:28:39",0.146,12,dnkumars
1274,16950831,"Madcon Nadirov","2026-09-24 04:33:00",0.146,1,ronyclarton
1275,16958022,imaimai17468,"2026-09-25 02:26:09",0.146,1,imaitoshiki
1276,16945142,coder738,"2026-09-23 10:15:00",0.146,1,coder738
1277,16952652,"Arush Kumar Vishwakarma","2026-09-27 22:35:33",0.146,1,varush70
1278,16911932,"Rain Chew","2026-09-23 01:50:35",0.146,3,rainchewls
1279,16894285,POLYTECH,"2026-09-28 00:30:56",0.145,9,"madjidd,mouhamadoumsouvare"
1280,16954906,"Krishna Handa","2026-09-25 08:55:55",0.145,2,krishnahanda01234
1281,16914275,tuannm3812,"2026-09-23 15:37:07",0.145,1,tuannm3812
1282,16948183,GT-Changkai,"2026-09-27 08:01:20",0.145,4,gtchangkai
1283,16913661,"shanhkar kharat","2026-09-23 10:56:13",0.145,2,shankarkharat96
1284,16894141,dongfangdaguo,"2026-09-16 03:10:58",0.145,2,dongfangdaguo
1285,16911077,"Abhilash S Hathwar","2026-09-22 05:26:41",0.145,8,abhilash437
1286,16921989,"Frenio Redeker","2026-09-25 21:16:42",0.145,5,frenio
1287,16926276,"Grun Beld","2026-09-20 13:07:11",0.145,4,grunbeld
1288,16945000,"Atharva Shewale","2026-09-23 07:38:53",0.145,4,asphaltproat
1289,16908665,"Ari Nakos","2026-09-18 15:15:35",0.144,1,aristides
1290,16911951,Anabasis,"2026-09-26 15:22:32",0.144,1,tcristea
1291,16961266,王崇简WangChongjian,"2026-09-27 03:26:17",0.144,12,wangchongjian
1292,16932476,Sigma,"2026-09-27 21:59:21",0.144,3,"jeanlpf,kawanduarte"
1293,16917412,pseudoscopic,"2026-09-26 16:19:38",0.144,3,pseudoscopic
1294,16909827,"MP Gamimg","2026-09-25 11:14:52",0.144,5,okadahiroshi
1295,16910491,AVATAR3905,"2026-09-27 22:08:01",0.143,11,avatar3905
1296,16921044,"vinob chander","2026-09-19 10:54:05",0.143,3,vinobchander
1297,16897423,"Roman Rozen","2026-09-15 15:26:20",0.143,2,romanrozen
1298,16936264,"Pradhyumnaa G","2026-09-21 14:45:34",0.143,2,pradhyumnaag
1299,16914381,"Azumah Joshua","2026-09-17 19:15:48",0.143,1,azumahjoshua
1300,16943856,"Samuel martinez perez","2026-09-23 19:11:45",0.143,2,"hernandodeavila,samuelmartinezperez"
1301,16898200,renji_starfall,"2026-09-17 17:48:10",0.143,3,degnonguidi
1302,16913477,"Allen Peter","2026-09-17 20:55:49",0.142,3,allen141
1303,16906432,solo,"2026-09-16 17:02:18",0.142,1,eminkh
1304,16939877,"PARK HYUNSIK","2026-09-22 09:10:19",0.142,1,hyunsikpark
1305,16952810,"Andre Guimaraes Aragon","2026-09-27 10:31:08",0.142,1,andreguimaraesaragon
1306,16934992,"wen ruo","2026-09-24 06:00:04",0.142,3,wenruo12
1307,16959922,"NAM NGUYỄN CÔNG","2026-09-27 13:26:04",0.142,7,namnguyenhcmut
1308,16920345,"Dirce Pineda Vazquez","2026-09-26 15:20:34",0.142,6,dircepineda
1309,16897316,"Misha Shikhov","2026-09-15 14:37:39",0.142,2,mishashikhov
1310,16974660,MaruanBOttoni,"2026-09-27 23:15:58",0.141,2,maruanbottoni
1311,16897237,"Semih Ovaz","2026-09-16 01:25:50",0.141,7,semihovaz
1312,16909997,"zhou zhou","2026-09-22 14:09:47",0.141,3,zhou0304
1313,16970251,Dakshraj,"2026-09-27 14:53:25",0.141,1,daxel12345
1314,16898809,AdamBelniak,"2026-09-16 21:25:12",0.141,3,adamos581
1315,16923308,"Ahmet Abdullah Gültekin","2026-09-19 08:19:37",0.141,3,abdullahgultekin
1316,16931831,"Emmanuel Olorunyomi","2026-09-21 18:47:48",0.141,1,emmanuelolorunyomi
1317,16956629,"Daniel Sauer Soria","2026-09-24 20:34:26",0.141,1,danielsauersoria
1318,16919760,"serhan eker","2026-09-21 09:39:03",0.141,5,serhaneker
1319,16893939,"kislate kis","2026-09-15 08:03:08",0.141,1,kislatekis
1320,16897466,Shibungi,"2026-09-27 20:40:23",0.141,2,shibungi
1321,16910898,"Optimistic ツ","2026-09-17 08:09:12",0.141,2,optimistico010
1322,16913178,"Bijay Prusty","2026-09-17 11:00:04",0.141,5,bijayprusty
1323,16927154,CarterMcClellan,"2026-09-19 21:54:56",0.141,1,cartermcclellan
1324,16947741,Charan_S,"2026-09-24 17:45:16",0.141,3,charans007
1325,16895009,"Avik Das","2026-09-16 09:09:24",0.140,4,avikdas567
1326,16925596,"Emre Bayram","2026-09-20 17:00:43",0.140,1,emrebayram
1327,16964968,"Napster Y","2026-09-27 09:25:35",0.140,1,napstery
1328,16929761,kinakomochi,"2026-09-21 17:58:41",0.140,1,kinakomochi
1329,16899306,"Josue Argaña","2026-09-25 19:40:03",0.140,25,josueargaa
1330,16932271,"Jordi Corbilla","2026-09-21 07:59:50",0.140,2,jordicorbilla
1331,16894712,yeao奈、wohe^,"2026-09-17 00:51:23",0.140,3,"lsh666888,yeaowohe"
1332,16908675,"Lucas De Jesus cândido","2026-09-23 20:09:32",0.140,11,lucasdejesuscndido
1333,16957883,Ashish,"2026-09-27 17:51:30",0.140,6,ashish975
1334,16908300,"joshi malav","2026-09-17 10:37:59",0.140,2,joshimalav
1335,16947767,NoeLauras,"2026-09-26 11:34:40",0.140,5,noelauras
1336,16914241,"Muhammad Ameen Bohio","2026-09-25 13:51:07",0.140,2,muhammadameenbohio
1337,16950279,"Aakash Kavuru","2026-09-24 06:39:07",0.140,2,aakashkavuru
1338,16914118,__Siddhqefarth_gupta____,"2026-09-25 15:24:07",0.139,17,siddhqefarthgupta
1339,16937196,"Yihan Guo","2026-09-27 10:46:37",0.139,3,kagglebushswill
1340,16948166,"Vasyl Chumachenko","2026-09-27 10:30:12",0.139,3,vasylchumachenko
1341,16907823,"Jingqi Liu","2026-09-19 05:15:27",0.139,2,liujingqi
1342,16912507,"Subham Sarkar 0808","2026-09-17 14:41:05",0.139,1,subhamsarkar0808
1343,16930332,Gongman,"2026-09-27 15:42:14",0.139,1,"leegongman,minjaechoics"
1344,16910845,"Coder X","2026-09-24 05:38:45",0.139,6,"shreyanshsingh7777,siddhartha3939"
1345,16923091,"md habibulla misba (BloodCoder)","2026-09-25 06:07:55",0.138,6,mdhabibullamisba
1346,16939936,"igeo kK","2026-09-22 11:04:48",0.138,1,igeokk
1347,16897425,"Cailum Stienstra","2026-09-16 21:12:59",0.138,2,cailumstienstra
1348,16903042,508shuto,"2026-09-16 08:16:43",0.138,1,goyashuto
1349,16933673,hana_c,"2026-09-21 12:43:18",0.138,2,hanacreation
1350,16913884,beatrizbfb,"2026-09-27 16:55:26",0.138,1,beatrizbfb
1351,16923285,wander6,"2026-09-19 05:17:06",0.138,4,wander6
1352,16915236,"Aman Vishwakarma","2026-09-17 18:15:02",0.138,1,amanvishwakarma01
1353,16936917,punkse,"2026-09-27 17:17:39",0.138,4,hoanghuuminhphuc
1354,16920852,"Victor Ananaba","2026-09-27 15:57:31",0.138,9,victorananaba
1355,16931415,ASTROID-H12,"2026-09-22 14:31:08",0.137,5,hariprasadneupane
0,16857189,simple_benchmark,"2026-09-08 23:47:33",0.137,1,
1356,16905021,"Helmi Misbahuddin","2026-09-21 03:41:15",0.137,2,helmimisbahuddin
1357,16893829,"Zairi Amine","2026-09-15 04:05:07",0.137,4,zairiamine
1358,16907242,"Labh Khatke","2026-09-17 16:08:01",0.137,8,labhkhatke
1359,16923097,Philippe,"2026-09-19 05:24:28",0.137,3,phil2020
1360,16928495,__kei__,"2026-09-23 09:53:12",0.136,1,dhue123
1361,16916571,"Divyanshu Sharma","2026-09-21 20:24:45",0.136,1,divyanshusharma9
1362,16947137,Ryo,"2026-09-23 12:39:37",0.136,1,ryosukekurakami
1363,16931167,sarathchi,"2026-09-23 15:37:06",0.136,5,sarathchi
1364,16953504,syunsuke,"2026-09-25 15:48:53",0.136,1,syunsuke1024
1365,16931756,"Erik Tavares","2026-09-27 22:45:04",0.135,1,eriktavares
1366,16913166,Gravity-x73d,"2026-09-18 15:41:30",0.135,1,gravityx73d
1367,16913907,Abianbaba,"2026-09-17 14:26:05",0.135,1,abianbaba
1368,16919823,"Darren Amadeus Martin","2026-09-18 11:01:17",0.135,1,darrenamadeusmartin
1369,16938118,"Umar Tabbsum","2026-09-22 02:32:48",0.135,6,umartabbsum
1370,16926202,"Mohammed Afreed Pasha","2026-09-26 09:53:42",0.135,14,mohammedafreedpasha
1371,16916269,"harsh raj","2026-09-18 07:28:46",0.134,1,harshraj2789
1372,16907254,"Rick Clauser","2026-09-22 16:14:02",0.134,2,rickclauser
1373,16935643,"Fikri Kurnia","2026-09-21 10:36:46",0.134,1,nauvidscience
1374,16918516,"sandeep talluri 007","2026-09-22 09:59:30",0.134,6,sandeeptalluri007
1375,16957357,"Greg Spitz","2026-09-25 16:00:45",0.134,2,gregspitz
1376,16916551,"Ishank Gupta","2026-09-17 19:00:30",0.134,2,ishankgpt02
1377,16927669,Olunte,"2026-09-21 17:37:41",0.133,2,olunte
1378,16925698,"David Weaver","2026-09-22 12:13:20",0.133,2,david1958
1379,16927932,kakate,"2026-09-27 06:38:15",0.133,4,kakate
1380,16893785,LoveFishO,"2026-09-18 04:51:03",0.133,5,mingshenlovefish
1381,16914473,wenbodai,"2026-09-23 02:12:57",0.133,1,wenbodai
1382,16909165,szyulian,"2026-09-21 05:35:26",0.132,4,szyulian
1383,16916607,DurgaPrasadManukonDa,"2026-09-20 07:52:19",0.132,2,mdp0999
1384,16911880,"Fateme Nazary Abrbekoh","2026-09-19 23:11:38",0.132,4,fatemenazaryabrbekoh
1385,16914901,Shash,"2026-09-17 14:59:33",0.132,2,shashcoder
1386,16909655,Enzo_03,"2026-09-19 03:15:28",0.132,6,enzo03
1387,16966566,Remagen,"2026-09-27 18:20:40",0.132,5,"paperly,remagen"
1388,16925934,"Trajko Todosov","2026-09-22 02:35:05",0.131,3,trajkotodosov
1389,16907133,Meleea,"2026-09-27 18:18:27",0.131,3,"mazuong2k7,meleea"
1390,16922184,"luis minier","2026-09-18 19:50:31",0.131,2,luisminier
1391,16931408,"Ankan Naskar","2026-09-21 09:20:46",0.131,2,ankannaskar1912
1392,16959151,"Aliy Elbekov","2026-09-25 07:01:56",0.131,1,aliyelbekov
1393,16908592,"Tussar Sarkar","2026-09-18 20:57:02",0.131,1,tussarsarkar
1394,16916339,"Benjamin Nigjeh","2026-09-19 05:13:46",0.131,4,benjaminnigjeh
1395,16908396,"Hugo Martínez Estévez","2026-09-17 15:10:49",0.130,5,hugomartinezhme
1396,16934205,"ning gu","2026-09-22 04:03:14",0.130,3,morninggu
1397,16928146,"Asad Shar","2026-09-20 11:56:52",0.130,3,asadshar
1398,16909520,"Ashfakur Rahman","2026-09-23 22:49:10",0.130,2,ashfakurrahman
1399,16930847,bsenst,"2026-09-21 09:34:01",0.129,2,bnzn261029
1400,16960415,leaonblue,"2026-09-25 17:00:48",0.129,2,leaonblue
1401,16915601,"Nguyễn Văn Vượng","2026-09-27 04:21:46",0.129,11,kindoos
1402,16925721,ListenJ,"2026-09-21 20:16:13",0.129,5,listenj
1403,16914929,"Phil Mohrman","2026-09-26 09:37:13",0.129,6,philmohrman
1404,16937527,KaGGLeLGGaKaGGLe123,"2026-09-27 13:43:33",0.128,3,kagglelggakaggle123
1405,16920823,"Sabreen Elkamash","2026-09-27 20:19:35",0.128,22,sabreenelkamash
1406,16912967,"TEJS Parmar","2026-09-17 10:09:55",0.128,5,tejsparmar
1407,16941685,"Vignesh s Iyer :","2026-09-23 10:33:02",0.128,3,"barundash,vigneshsiyer"
1408,16915943,"Enrique Conde Pereira","2026-09-24 10:12:06",0.128,9,atresa
1409,16929629,nomechka,"2026-09-20 10:16:58",0.128,3,nomechka
1410,16923215,"Kruskal Mashiro","2026-09-19 13:32:48",0.127,2,kruskalm996541
1411,16939774,"Md.Mahfujul Karim Sheikh","2026-09-24 05:00:30",0.127,9,mdmahfujulkarim
1412,16896009,"Raiyana Rufaida","2026-09-20 10:12:01",0.127,2,shes1r
1413,16919868,"ISAAC B EMMANUEL","2026-09-19 04:18:34",0.127,1,isaacbemmanuel
1414,16921413,YuXiangPeng,"2026-09-20 08:13:24",0.127,3,yuxiangpen
1415,16914074,"murali dhar 5613","2026-09-18 03:14:44",0.127,1,muralidhar5613
1416,16946000,"Chirapathleo Saelim","2026-09-24 11:43:14",0.127,8,chirapathleosaelim
1417,16925700,automatylicza,"2026-09-20 00:01:31",0.126,6,automatylicza
1418,16922935,"Johan BONILLA MENDIETA","2026-09-26 22:49:42",0.126,3,johanbonillamendieta
1419,16920841,"Ye Naing","2026-09-18 14:46:23",0.126,3,yenaing
1420,16930472,"Sarthak Mishra","2026-09-25 06:50:24",0.126,2,sarthak25b15310182
1421,16914745,"AsRama ","2026-09-27 20:08:09",0.125,41,asrama
1422,16908594,"Dan Hart AI","2026-09-20 01:03:29",0.125,5,danhartai
1423,16916491,"Zyad Mohamed","2026-09-20 07:08:26",0.125,4,zyadmohamed65
1424,16915545,"cheikh kandji","2026-09-25 00:56:35",0.125,12,cheikhkandji
1425,16905813,TowerDes,"2026-09-16 13:13:58",0.125,1,towerdes
1426,16917235,"Marcus Guedes","2026-09-21 22:38:48",0.125,5,marcusguedes
1427,16936398,"Alhassan Fedawy","2026-09-22 14:01:16",0.124,3,alhassanfedawy
1428,16965867,dehong,"2026-09-27 12:00:15",0.124,1,zhangdehong
1429,16914150,"Shishir Adhikari","2026-09-25 10:46:09",0.124,3,shishiradhikari11
1430,16916413,Rubén,"2026-09-17 23:00:29",0.124,2,rucamaba
1431,16894053,Orion,"2026-09-16 00:57:18",0.123,1,fastthanh78
1432,16916566,"Rohan Shankar","2026-09-27 03:25:10",0.123,1,rohanshankar10
1433,16916443,amolwani2,"2026-09-18 15:46:32",0.123,2,amolwani2
1434,16921758,"Suraj Mirpuri","2026-09-21 10:03:53",0.123,1,surajmirpuri
1435,16910138,Raju067,"2026-09-17 04:14:46",0.123,1,raju067
1436,16948874,"Gundeti Sai Sharath Chandranand Netha","2026-09-24 17:10:03",0.123,1,sainetha
1437,16938542,JosephErikRibeiro,"2026-09-27 23:35:35",0.122,6,josepherikribeiro
1438,16937012,HarryZHAO189,"2026-09-27 16:23:08",0.122,4,harryzhao189
1439,16904514,"Lu Mingming","2026-09-22 02:42:09",0.122,4,mming0430
1440,16911448,Qamar048,"2026-09-22 19:29:41",0.122,4,qamar048
1441,16917068,Aman_Jha1234,"2026-09-17 21:35:18",0.121,2,amanjha1234
1442,16908534,fabio5050,"2026-09-18 04:44:15",0.121,1,fabio5050
1443,16922821,AnRyisReal,"2026-09-19 21:21:38",0.121,1,anryisreal
1444,16936463,"Mallupeddi Vamsi Krishna","2026-09-24 09:47:09",0.121,1,vamsikrishna22
1445,16906848,"Mikhail Kakanov","2026-09-21 15:59:58",0.121,3,mikhailkakanov
1446,16935542,"HanZaw Win","2026-09-27 05:34:10",0.120,31,hanzawwin
1447,16909584,"Mun-Kyu Kim","2026-09-21 07:32:22",0.119,14,munkyukim
1448,16897815,"Maksim Zhdanov","2026-09-17 05:36:46",0.119,5,alyrine
1449,16913406,"Tiger Wang","2026-09-27 16:05:35",0.119,25,hecool108
1450,16940802,"Đông Hà","2026-09-25 03:26:51",0.118,1,phapsucongu
1451,16913606,"Simon Josiah","2026-09-23 18:46:42",0.117,1,simonjosiah
1452,16928290,Pratham,"2026-09-27 20:32:56",0.117,3,v8god01
1453,16922264,"M chetin","2026-09-24 09:46:51",0.117,7,cetin95
1454,16904365,"RAJVEER KHARADEPATIL","2026-09-16 06:08:12",0.116,1,rajveerkharadepatil
1455,16931804,Shourya,"2026-09-22 15:45:42",0.115,2,shourya0702
1456,16926756,"Gloria Mbilinyi (Pretty glory)","2026-09-22 15:52:59",0.115,3,prettyglory
1457,16937208,"Kerem Celik","2026-09-23 08:20:46",0.114,1,keremelik
1458,16971633,"Christian Goltz","2026-09-27 18:34:00",0.114,3,christiangoltz
1459,16911401,Vulum,"2026-09-19 14:38:47",0.113,2,cvulum
1460,16898242,"LAHOUCINE BOUSMENE","2026-09-27 12:55:49",0.113,7,fadmadahouz
1461,16929503,"walusimbi Isiah","2026-09-20 19:01:32",0.113,3,walusimbiisiah
1462,16910328,"36-Lê Đức Lương","2026-09-17 07:42:55",0.112,1,okeydokey0805
1463,16927709,JY,"2026-09-20 11:15:21",0.111,3,junyihjy
1464,16926031,"Abdelrahman Ihab","2026-09-26 22:21:31",0.111,3,abdelrahmanihab
1465,16937199,Bilal,"2026-09-27 19:04:14",0.111,1,bilal1907
1466,16895453,"Alexey Kuznetsov","2026-09-27 01:22:02",0.110,28,legtarrr
1467,16911499,"Sainath Maynale","2026-09-21 14:26:36",0.110,2,sainathmaynale
1468,16936077,"Jimmy Erickson","2026-09-27 18:57:09",0.109,2,jimmyerickson
1469,16912322,"Bishoy Hanna","2026-09-22 03:49:46",0.108,1,bkamel
1470,16895482,"(ノ◡ <)","2026-09-15 13:52:09",0.108,3,nawfeelrahman1124444
1471,16919149,"William Han","2026-09-24 04:16:02",0.107,1,williamhan123123
1472,16925295,100rabh,"2026-09-21 09:02:30",0.106,2,saurabhkumar234
1473,16925724,"Mustafa Soomro","2026-09-21 14:13:44",0.106,3,mustafasoomr0q
1474,16915111,XiaomengXuNJU,"2026-09-17 20:25:54",0.105,2,xiaomengxunju
1475,16912245,"Rahul Goswami(DATASET)","2026-09-26 14:33:09",0.103,1,rahulgoswamidataset
1476,16908014,zhangxiangyu12138,"2026-09-18 12:46:59",0.103,3,zhangxiangyu12138
1477,16930977,"Filip Chladek","2026-09-23 15:06:10",0.103,1,filipchladek
1478,16937215,Zen_0910,"2026-09-24 06:34:21",0.103,1,zendeptrai
1479,16914191,"Maneek Mohan","2026-09-19 14:43:52",0.103,2,maneekmohan
1480,16967348,"Kramich Aliaksei","2026-09-27 21:00:30",0.103,2,kramichaliaksei
1481,16945207,"Abdullah Ahmed saeed","2026-09-27 19:02:53",0.102,6,abdullahahmedsaeed
1482,16935204,"Mohammed Hasafy","2026-09-25 00:15:19",0.102,4,mohammedhasafy
1483,16919584,"Phan Anh Nguyen","2026-09-19 13:07:34",0.100,1,phananhzebra
1484,16956717,"Shrish Manglik","2026-09-25 03:30:52",0.099,2,shrishmanglik
1485,16904862,"VIVEK JAMI","2026-09-21 14:10:53",0.099,1,vivekjami
1486,16894171,a14iiiii,"2026-09-16 00:13:28",0.099,4,a14iiiii
1487,16933802,"Whyme Labs","2026-09-27 02:39:57",0.098,8,whymelabs
1488,16914772,"Jean-Paul ","2026-09-22 04:35:50",0.098,2,adoglijeanpaul
1489,16917009,Neelgreev,"2026-09-19 23:50:02",0.097,1,neelgreev
1490,16905164,"Indra Narayan Shrestha","2026-09-27 07:26:27",0.097,17,innshrestha
1491,16924622,"mayuresh vinod  wadile","2026-09-21 08:48:57",0.096,3,mayureshvinodwadile
1492,16913808,"A good inductive bias is all you need","2026-09-17 21:49:16",0.096,1,habibbayo93
1493,16921642,MoeCode,"2026-09-25 14:59:08",0.095,1,syrianeagle
1494,16913504,"Amr Khalid Mohammed Ahmed","2026-09-27 19:40:11",0.095,6,amrkhalid124
1495,16915914,"Ranjith Ch","2026-09-21 15:52:39",0.095,5,ranjithch
1496,16894409,"Darshan Makwana","2026-09-15 15:12:41",0.095,1,ellipticaloranges
1497,16909989,"mohd sadik","2026-09-20 06:53:26",0.094,12,mohammad51
1498,16956761,"Srabon Paul","2026-09-24 21:41:33",0.094,1,srabonpaul
1499,16947355,中嶋高郁,"2026-09-26 08:51:38",0.092,2,takafuminakashimajp
1500,16909111,"Partridge Zackariah","2026-09-28 00:52:42",0.090,36,partridgezackariah
1501,16908046,"Vincent Dekeyser","2026-09-24 17:16:29",0.090,10,vincentdekeyser
1502,16896445,"Vladimir Lisitskiy","2026-09-27 06:10:10",0.090,16,vfoxvo
1503,16921337,"GHYasiru Sanjaya","2026-09-22 08:27:59",0.090,8,ghyasirusanjaya
1504,16923345,"Aiswarya N M","2026-09-19 04:29:04",0.090,1,aiswaryanm
1505,16921967,"Krishna Adhikary","2026-09-18 18:49:00",0.089,2,krishnaadhikary
1506,16945641,FM-CHEM,"2026-09-24 08:01:55",0.088,1,ivanloyui
1507,16906919,HellFire57,"2026-09-17 12:04:47",0.088,1,hellfire57
1508,16903961,"Menelik Zafir","2026-09-16 13:52:05",0.087,3,monibeefudgekins
1509,16915785,"Roni Mia","2026-09-18 15:26:18",0.086,4,ronymia67
1510,16950267,cshara,"2026-09-25 13:30:44",0.086,3,cshara
1511,16899434,"Mohamed Amine Dhuibi","2026-09-16 19:01:21",0.086,1,mohamedamine12
1512,16904056,jerryeni,"2026-09-19 23:30:07",0.085,2,jerryeni
1513,16969771,"Jon Blanchard","2026-09-28 00:25:59",0.085,1,jonblanchard
1514,16915859,"Gaurab Baral","2026-09-17 15:56:17",0.083,1,itzgauurab
1515,16922257,"HARDAC INDUSTRIES LLC","2026-09-20 15:19:36",0.082,4,hardacindustriesllc
1516,16948258,godminhkhoa,"2026-09-27 00:16:15",0.081,1,godminhkhoa
1517,16893929,"Sachit Bansal","2026-09-19 11:46:42",0.080,5,sachitbansal2006
1518,16924995,"Safi ullah wajid","2026-09-27 06:42:04",0.080,6,safiullahwajid
1519,16920721,"Running Bots Lichess","2026-09-25 11:09:03",0.080,22,runningbotslichess
1520,16943391,"Franco Saavedra","2026-09-23 15:30:31",0.080,2,francosaavedra
1521,16912085,"Prakash Shah","2026-09-17 16:10:39",0.079,3,prakashshah1
1522,16948174,"AJ Calica","2026-09-26 15:48:32",0.079,3,abduljabbarcalica
1523,16916337," Ashir Rabbani","2026-09-19 20:25:06",0.078,10,ashirrabbani
1524,16932298,"Evelia Veldrine","2026-09-26 20:56:21",0.078,6,eveliaveldrine
1525,16917038,"ETTouhari khaled","2026-09-18 22:39:46",0.078,3,touharikhaled
1526,16969472,"Long Phongthien","2026-09-27 08:15:30",0.077,5,longphongthien
1527,16919208,Thomson_Descendants,"2026-09-23 13:42:33",0.076,7,"mohanthippireddy,pavan9938"
1528,16949144,"Circe N.","2026-09-26 18:49:21",0.076,6,illya2412
1529,16927366,Baimakanov,"2026-09-21 11:25:41",0.076,6,baimakanov
1530,16916078,LIH.YUN,"2026-09-23 14:01:35",0.074,2,"fxlcee,remusswift"
1531,16916567,"Jorge Luiz Susin Rodrigues","2026-09-24 13:34:43",0.072,1,jorgelsrodrigues
1532,16895004,"Batuhan Özdemir","2026-09-16 12:18:48",0.070,4,iamnotindangerskyler
1533,16915042,madcap,"2026-09-17 20:46:12",0.070,2,madcap
1534,16954843,"OBSTACLE DEVELOPER","2026-09-27 18:28:27",0.069,1,obstacledeveloper
1535,16949668,RuiFSPinto,"2026-09-24 12:51:02",0.068,3,ruifspinto
1536,16933005,"Jun-ichi Kushida","2026-09-23 06:33:56",0.068,12,junichikushida
1537,16896101,あなまか,"2026-09-18 15:06:53",0.067,1,arakish
1538,16906067,"Jahid Hasan","2026-09-17 15:11:28",0.066,1,jahidhsn
1539,16911293,Thayumanpillai,"2026-09-26 12:44:41",0.066,8,thayumanpillai
1540,16907529,Flilax,"2026-09-16 18:52:56",0.065,1,xflilax
1541,16946001,queyuecanyang,"2026-09-27 08:10:43",0.064,7,queyuecanyang
1542,16950457,"KOUSHIK KUMAR DINDA","2026-09-24 06:47:49",0.064,4,koushikkumardinda
1543,16926537,"Otis Hunt","2026-09-19 19:54:01",0.063,1,otishunt
1544,16909171,AxiomAI,"2026-09-17 01:42:35",0.062,1,greenflazh
1545,16933030,"Ziye Wang","2026-09-23 14:50:45",0.062,2,wangziyejason
1546,16917021,"Junior DOSSA","2026-09-17 23:04:55",0.057,5,juniordossa
1547,16908878,"Rafiur Rahman","2026-09-24 10:03:02",0.057,3,rafiurrahman01
1548,16946122,"Tagore Sai Kanuri","2026-09-24 17:53:56",0.057,1,tagoresaikanuri
1549,16915549,"pain in the mass","2026-09-26 01:12:30",0.056,2,"christianherman,fraugygax"
1550,16914342,"Post Spinel","2026-09-17 18:36:47",0.055,2,postspinel
1551,16917186,"Sumara latif ","2026-09-28 00:50:03",0.055,29,sumaralatif
1552,16931527,crawlers,"2026-09-26 05:22:23",0.054,10,amjaths
1553,16912206,Hope,"2026-09-20 14:07:36",0.053,18,hendraleonar
1554,16950579,桂棹兮兰桨,"2026-09-25 00:57:15",0.053,10,hdhsjdjd
1555,16896377,"Denis Foripost","2026-09-19 04:00:12",0.053,2,denisforipost
1556,16908483,"ML Learner26","2026-09-18 09:10:17",0.050,2,mllearner26
1557,16915139,Hun731r,"2026-09-19 11:15:33",0.049,2,hun731rkooki
1558,16918130,"Abhinav Kumar","2026-09-20 16:01:35",0.049,1,abhinavkumar93
1559,16937001,"Berkutay Asan","2026-09-22 09:15:24",0.047,2,berkutayasan
1560,16925686,AngelBB,"2026-09-24 12:46:40",0.047,20,angelbb
1561,16908231,"Shivangi Pandey","2026-09-19 16:03:26",0.046,7,shivi2114
1562,16939941,CHCV,"2026-09-27 11:37:10",0.043,1,chcvpz
1563,16909152,"Aiman Al-Shalfi","2026-09-23 11:17:59",0.040,13,"abdullahalshalfi,aimanalshalfi"
1564,16911715,"Ahmed Atia","2026-09-27 23:25:02",0.039,8,ahatia
1565,16922024,Fysna,"2026-09-27 21:34:40",0.039,7,feminew
1566,16913835,"Jaurel Tabou","2026-09-17 13:43:05",0.039,1,jaureltabou
1567,16922519,"Shair Khan","2026-09-20 09:50:26",0.038,1,datascikhan
1568,16910514,"Naresh babu Potla","2026-09-25 12:40:19",0.035,16,nareshbabupotla
1569,16913710,"Lợi Trần Bảo","2026-09-17 16:26:37",0.033,1,litrnbo
1570,16957192,"La Ode Aman","2026-09-27 09:51:13",0.027,1,laodeaman2024
1571,16943534,"Viktor betker","2026-09-26 08:57:54",0.023,8,viktorbetker
1572,16906471,xia0910,"2026-09-27 12:03:24",0.022,1,xia0910
1573,16896067,"Ιωάννης Σταμελιάς","2026-09-24 11:02:08",0.022,14,giannhsstamelias
1574,16950350,Ritesh-2006,"2026-09-24 02:36:38",0.022,1,ritesh2006
1575,16910388,"Venkatesh A","2026-09-20 10:43:34",0.022,1,venki7975
1576,16912277,"Badboy Danger","2026-09-18 19:59:50",0.020,2,badboydanger
1577,16918426,"Pavan Krishna.N","2026-09-21 16:37:15",0.020,6,pavankrishnan
1578,16911903,"Malik Anwar Zia","2026-09-19 20:53:09",0.020,15,malikanwarzia
1579,16908713,Sahil00001,"2026-09-16 23:13:44",0.019,1,sahil00001
1580,16940542,"Valencia Mouster","2026-09-22 10:53:23",0.010,1,valenciamouster
1581,16908738,"José Veraldo (José Neto)","2026-09-17 02:02:27",0.008,4,josveraldojosneto
1582,16962749,wadgek,"2026-09-26 07:29:03",0.004,2,wadgek
1583,16924050,higaki,"2026-09-28 00:15:15",0.004,5,higaki
1584,16913615,ahmedn,"2026-09-18 11:16:58",0.003,1,ahmedn1989
1585,16896983,"Huixin Wang","2026-09-23 03:33:27",0.003,3,huixinwang
1586,16913714,muyouqian4,"2026-09-20 00:27:51",0.003,1,muyouqian4
1587,16917857,"Yuki Watanabe_y","2026-09-25 04:06:35",0.002,1,yukiwatanabey
1588,16909543,"Rishav Yadav","2026-09-21 12:58:59",0.002,3,rishavae
1589,16924021,LI_HuaM87,"2026-09-26 15:37:42",0.002,4,lihuam87
1590,16943830,"Lindo Nkambule","2026-09-27 20:01:38",0.001,1,lindonkambule
1591,16921892,ML_Learner,"2026-09-20 08:55:00",0.001,1,somparnamukhopadhyay
1592,16939222,"Jacob Cascone","2026-09-25 02:28:22",0.001,5,jacobcascone
1593,16932764,"feng sui","2026-09-22 05:50:53",0.000,1,fullmagic
1594,16856728,inversion,"2026-09-14 20:18:29",0.000,2,inversion
1595,16894811,ali_abidi_2357,"2026-09-15 06:53:04",0.000,1,aliabidi2357
1596,16894849,"navazsh fathi","2026-09-15 16:45:24",0.000,3,navazshfathi
1597,16897057,jontix,"2026-09-17 11:21:35",0.000,3,jontix
1598,16906016,"George Megre","2026-09-16 17:00:13",0.000,5,georgemegre
1599,16906924,"Sanjok Thapa","2026-09-24 05:56:50",0.000,6,sanjokthapa909
1600,16908072,"DIBYA RANJAN GHADEI","2026-09-17 22:07:00",0.000,4,dibyaranjanghadei
1601,16909526,Vishwa,"2026-09-17 02:20:42",0.000,1,vtechcoder
1602,16910839,"Kostas Tsolis","2026-09-17 06:03:28",0.000,1,tkostas
1603,16908413,Chabira,"2026-09-18 08:42:10",0.000,10,abderrraouf
1604,16912824,flashthunder,"2026-09-17 07:55:10",0.000,1,thunderflash
1605,16912849,_gpa_JvV_,"2026-09-17 08:29:34",0.000,1,gpabna
1606,16913160,"Abdulwahab Miftaudeen Ogirima","2026-09-17 10:05:55",0.000,5,mifzal01
1607,16912385,"Tyree Jones393","2026-09-18 00:15:21",0.000,7,tyreejones393
1608,16909932,LokYS_AI,"2026-09-17 09:40:13",0.000,1,lokysai
1609,16912541,"Subrato Dutta","2026-09-20 05:26:26",0.000,9,subratodutta05
1610,16913914,Kajo,"2026-09-17 10:55:41",0.000,2,kajarnaklokossou
1611,16914804,Anushahs2026,"2026-09-17 15:42:38",0.000,2,anushahs2026
1612,16915001,"Abinash Chaudhary1","2026-09-17 14:22:03",0.000,1,abinashchaudhary1
1613,16915688,"Manahil Noor","2026-09-17 17:49:46",0.000,5,manahilnoor189
1614,16916480,OMN1V3R53,"2026-09-26 06:22:09",0.000,3,omn1v3r53
1615,16909523,BrijeshKumarSingh,"2026-09-17 20:13:16",0.000,2,willbrij
1616,16911805,"Dr.Eldirdiri Fadol ","2026-09-17 21:04:48",0.000,1,dreldirdirifadol
1617,16910569,zyc777689,"2026-09-18 06:22:08",0.000,2,zyc777689
1618,16914718,"Snehal bellamkonda","2026-09-20 09:16:28",0.000,6,snehalbellamkonda
1619,16910479,"张 清泉","2026-09-26 02:33:04",0.000,5,zhuoshuiai
1620,16916143,"Carlos Jaime","2026-09-19 12:29:23",0.000,4,cjaime708
1621,16914061,adoroado,"2026-09-18 10:49:05",0.000,4,adoroado
1622,16915166,"Harmeet Kaur","2026-09-18 12:11:00",0.000,1,harmeetkaur24
1623,16921384,"Thurshwin C","2026-09-23 04:57:08",0.000,12,thurshwinc
1624,16917892,"Erdem Esa","2026-09-20 09:30:37",0.000,6,erdemesa
1625,16915874,turing-abe,"2026-09-19 00:33:14",0.000,1,turingabe
1626,16920652,"xie daoyun","2026-09-20 12:55:33",0.000,2,xiedaoyun
1627,16908125,"Toushif Ansari","2026-09-19 07:25:48",0.000,1,toushifansari
1628,16924270,"DataPurifier Office","2026-09-19 14:32:23",0.000,3,datapurifieroffice
1629,16922089,udaykumarmethre,"2026-09-19 17:13:06",0.000,1,udaykumarmethre
1630,16922762,"yakhaldy 01EDU_MA_03_2026","2026-09-19 18:00:01",0.000,1,yakhaldyma032026
1631,16923673,"Rawya Hussein","2026-09-20 05:23:48",0.000,9,rawyahussein
1632,16923763,"Al Mamun Rifat","2026-09-20 07:55:34",0.000,1,almamunrifat
1633,16909234,"Wrong Department","2026-09-20 11:42:54",0.000,1,"darylryanchong,hazmannaim"
1634,16928408,"Innocent Okiror","2026-09-20 13:55:36",0.000,4,innocentokiror
1635,16925254,"Kirill Lazutkin","2026-09-20 13:59:34",0.000,1,"kirilllazutkin,plut0n"
1636,16923363,XiaoKing,"2026-09-20 14:15:55",0.000,1,xiaoking
1637,16913513,"Bagus Rafiq","2026-09-20 15:05:38",0.000,3,bagusrafiq
1638,16922044,"vudattu maniteja","2026-09-20 16:03:22",0.000,2,vudattumaniteja
1639,16931406,"Md Riadul Islam","2026-09-20 18:20:02",0.000,1,mdriadulislam
1640,16932314,wakawakawakawaka,"2026-09-21 04:55:41",0.000,1,wakawakawaka
1641,16931447,"chaotong gao","2026-09-21 06:31:49",0.000,4,chaotonggao
1642,16921945,ChisChis,"2026-09-21 06:12:06",0.000,1,chischis
1643,16911714,"casey blanche","2026-09-21 06:38:07",0.000,6,caseyblanche
1644,16926741,"s broomfi","2026-09-21 10:27:06",0.000,1,sbroomfi
1645,16924320,Mashiyat_Prapty,"2026-09-21 12:30:25",0.000,2,mashiyatprapty
1646,16908762,SWN,"2026-09-23 12:25:55",0.000,9,sarahnjunge
1647,16913427,"David Beckham","2026-09-22 22:18:26",0.000,12,davidmachinelearning
1648,16933340,zhoujinxin996,"2026-09-22 01:08:51",0.000,6,zhoujinxin996
1649,16929962,"Ososanwo Idris Olaitan","2026-09-22 10:05:27",0.000,1,ososanwoidrisolaitan
1650,16919441,Astra,"2026-09-22 13:08:33",0.000,2,astra2
1651,16941674,Anzutobi,"2026-09-26 08:30:14",0.000,2,xierunwen
1652,16936635,"farah al-turki","2026-09-24 11:31:22",0.000,4,farahalturki
1653,16940864,炼铜守银摄金,"2026-09-22 13:59:44",0.000,1,tanpowasd
1654,16938064,"Jero Lemos","2026-09-22 14:09:41",0.000,1,jerolemos
1655,16917443,"Steven Harper","2026-09-22 15:40:58",0.000,2,shwesh
1656,16938199,"Enrique Gurdiel","2026-09-22 15:48:18",0.000,1,gurdiel
1657,16894239,takuya008,"2026-09-23 09:49:40",0.000,5,takuya008
1658,16933190,H4I2I2Y,"2026-09-23 02:49:51",0.000,1,h4i2i2y
1659,16944276,atula,"2026-09-23 02:55:06",0.000,1,tagore15
1660,16914793,"Chikkam Sandeep Munna","2026-09-23 08:29:42",0.000,1,chikkamsandeepmunna
1661,16903760,gaofengli,"2026-09-23 08:37:26",0.000,1,gaofengli
1662,16907070,"James Mills","2026-09-23 17:08:06",0.000,1,jamesmills1975
1663,16906287,Grozd,"2026-09-23 18:26:51",0.000,1,"lokofanko,markshnaider,masvelll,pavelgurevich,zarama9514"
1664,16911960,"Nguyen Van Kiet","2026-09-24 06:58:59",0.000,2,kitnguynvn
1665,16942911,"Sarath Panicker","2026-09-24 07:31:32",0.000,1,sarathstark
1666,16923182,Jin,"2026-09-24 11:15:55",0.000,1,js20181010
1667,16954120,TonF,"2026-09-24 15:55:37",0.000,2,tonf3195
1668,16899061,chocolate,"2026-09-26 00:33:26",0.000,2,keithx
1669,16915301,"Yuichi Matsuo","2026-09-25 07:20:36",0.000,1,yuichimatsuo9
1670,16915839,"Gila Monster","2026-09-25 17:46:47",0.000,1,ethanmick
1671,16944844,"velugu yoshith","2026-09-25 19:32:13",0.000,1,veluguyoshith
1672,16950131,"Madeleine van Zuylen","2026-09-25 20:59:03",0.000,1,madeleinevanzuylen
1673,16913865,Yaohui,"2026-09-26 02:33:15",0.000,6,yaohui85
1674,16893529,"Y0ussef Khaled","2026-09-26 15:07:35",0.000,9,m0delcrafter
1675,16952276,xxtong02,"2026-09-27 04:20:29",0.000,2,xxtong02
1676,16968001,"Trandict Ellegus","2026-09-26 18:45:43",0.000,3,trandictellegus
1677,16966306,"Vishal Patil","2026-09-27 04:41:34",0.000,10,vishalpatil7860
1678,16914962,"Takumu Hata","2026-09-27 23:01:50",0.000,6,takumuhata
1679,16963051,"Gunratna borkar","2026-09-27 06:09:16",0.000,5,gunratnaborkar
1680,16899109,"🐢 Jun Koda","2026-09-27 07:54:35",0.000,2,junkoda
1681,16974217,"Mousa Aboubaker Hamed","2026-09-27 21:29:01",0.000,2,mousaaboubakerhamed
